pos,test_idx,db_id_gold,db_id_used,broker_pick,broker_correct,re_picked,retries,exec_success,difficulty,model_used,masked_sql,real_sql
0,0,soccer_3,soccer_3,,,False,0,True,,llama3.1-8b,SELECT COUNT(DISTINCT DESCRIPTIVE_ATTRIBUTE_2) FROM T1,SELECT COUNT(DISTINCT Name) FROM club
1,1,soccer_3,soccer_3,,,False,0,True,,llama3.1-8b,SELECT COUNT(DISTINCT DESCRIPTIVE_ATTRIBUTE_2) FROM T1,SELECT COUNT(DISTINCT Name) FROM club
2,2,soccer_3,soccer_3,,,False,0,True,,llama3.1-8b,SELECT DESCRIPTIVE_ATTRIBUTE_2 FROM T1 ORDER BY DESCRIPTIVE_ATTRIBUTE_2 ASC,SELECT Name FROM club ORDER BY Name ASC
3,3,soccer_3,soccer_3,,,False,0,True,,llama3.1-8b,SELECT DESCRIPTIVE_ATTRIBUTE_2 FROM T1 ORDER BY DESCRIPTIVE_ATTRIBUTE_2 ASC,SELECT Name FROM club ORDER BY Name ASC
4,6,soccer_3,soccer_3,,,False,0,True,,llama3.1-8b,SELECT DESCRIPTIVE_ATTRIBUTE_2 FROM T1 WHERE TEXT_FIELD_3 != 'Nike',SELECT Name FROM club WHERE Manager != 'Nike'
5,7,soccer_3,soccer_3,,,False,0,True,,llama3.1-8b,SELECT DESCRIPTIVE_ATTRIBUTE_2 FROM T1 WHERE IDENTIFIER_PRIMARY_1 NOT IN (SELECT IDENTIFIER_REFERENCE_13 FROM T2 WHERE DESCRIPTIVE_ATTRIBUTE_9 = 'Nike'),SELECT Name FROM club WHERE Club_ID NOT IN (SELECT Club_ID FROM player WHERE Country = 'Nike')
6,8,soccer_3,soccer_3,,,False,3,False,,llama3.1-8b,SELECT DESCRIPTIVE_ATTRIBUTE_2 FROM T1 ORDER BY MEASUREMENT_VALUE_12 ASC,SELECT Name FROM club ORDER BY Wins_count ASC
7,9,soccer_3,soccer_3,,,False,0,True,,llama3.1-8b,SELECT DESCRIPTIVE_ATTRIBUTE_2 FROM T1 WHERE IDENTIFIER_PRIMARY_1 IN ( SELECT IDENTIFIER_REFERENCE_13 FROM T2 GROUP BY IDENTIFIER_REFERENCE_13 ORDER BY COUNT(IDENTIFIER_REFERENCE_13) ASC ),SELECT Name FROM club WHERE Club_ID IN ( SELECT Club_ID FROM player GROUP BY Club_ID ORDER BY COUNT(Club_ID) ASC )
8,12,soccer_3,soccer_3,,,False,0,True,,llama3.1-8b,SELECT DISTINCT T1.DESCRIPTIVE_ATTRIBUTE_2 FROM T1 JOIN T2 ON T1.IDENTIFIER_PRIMARY_1 = T2.IDENTIFIER_REFERENCE_13 WHERE T2.NUMERIC_FIELD_10 > 1200000,SELECT DISTINCT club.Name FROM club JOIN player ON club.Club_ID = player.Club_ID WHERE player.Earnings > 1200000
9,13,soccer_3,soccer_3,,,False,0,True,,llama3.1-8b,SELECT T1.DESCRIPTIVE_ATTRIBUTE_2 FROM T1 JOIN T2 ON T1.IDENTIFIER_PRIMARY_1 = T2.IDENTIFIER_REFERENCE_13 WHERE T2.MEASUREMENT_VALUE_11 > 1200000,SELECT club.Name FROM club JOIN player ON club.Club_ID = player.Club_ID WHERE player.Events_number > 1200000
10,28,soccer_3,soccer_3,,,False,0,True,,llama3.1-8b,SELECT T1.DESCRIPTIVE_ATTRIBUTE_2 FROM T1 JOIN T2 ON T1.IDENTIFIER_PRIMARY_1 = T2.IDENTIFIER_REFERENCE_13 GROUP BY T1.DESCRIPTIVE_ATTRIBUTE_2 HAVING COUNT(T2.IDENTIFIER_REFERENCE_13) > 1,SELECT club.Name FROM club JOIN player ON club.Club_ID = player.Club_ID GROUP BY club.Name HAVING COUNT(player.Club_ID) > 1
11,29,soccer_3,soccer_3,,,False,0,True,,llama3.1-8b,SELECT DISTINCT T1.DESCRIPTIVE_ATTRIBUTE_2 FROM T1 JOIN T2 ON T1.IDENTIFIER_PRIMARY_1 = T2.IDENTIFIER_REFERENCE_13 GROUP BY T1.DESCRIPTIVE_ATTRIBUTE_2 HAVING COUNT(T2.IDENTIFIER_REFERENCE_13) > 1,SELECT DISTINCT club.Name FROM club JOIN player ON club.Club_ID = player.Club_ID GROUP BY club.Name HAVING COUNT(player.Club_ID) > 1
12,30,soccer_3,soccer_3,,,False,0,True,,llama3.1-8b,SELECT DISTINCT T1.DESCRIPTIVE_ATTRIBUTE_2 FROM T1 INNER JOIN T2 ON T1.IDENTIFIER_PRIMARY_1 = T2.IDENTIFIER_REFERENCE_13 GROUP BY T1.DESCRIPTIVE_ATTRIBUTE_2 HAVING COUNT(T2.IDENTIFIER_REFERENCE_13) > 1,SELECT DISTINCT club.Name FROM club INNER JOIN player ON club.Club_ID = player.Club_ID GROUP BY club.Name HAVING COUNT(player.Club_ID) > 1
13,31,soccer_3,soccer_3,,,False,0,True,,llama3.1-8b,SELECT DISTINCT DESCRIPTIVE_ATTRIBUTE_8 FROM T2 WHERE IDENTIFIER_REFERENCE_13 IN (SELECT IDENTIFIER_PRIMARY_1 FROM T1 GROUP BY IDENTIFIER_PRIMARY_1 HAVING COUNT(IDENTIFIER_PRIMARY_1) > 1),SELECT DISTINCT Name FROM player WHERE Club_ID IN (SELECT Club_ID FROM club GROUP BY Club_ID HAVING COUNT(Club_ID) > 1)
14,36,soccer_3,soccer_3,,,False,0,True,,llama3.1-8b,SELECT COUNT(DISTINCT DESCRIPTIVE_ATTRIBUTE_8) FROM T2,SELECT COUNT(DISTINCT Name) FROM player
15,37,soccer_3,soccer_3,,,False,0,True,,llama3.1-8b,SELECT COUNT(DISTINCT DESCRIPTIVE_ATTRIBUTE_8) FROM T2,SELECT COUNT(DISTINCT Name) FROM player
16,78,e_commerce,e_commerce,,,False,0,True,,llama3.1-8b,SELECT COUNT(T1.IDENTIFIER_PRIMARY_1) FROM T1 INNER JOIN T6 ON T1.IDENTIFIER_PRIMARY_1 = T6.IDENTIFIER_REFERENCE_31 INNER JOIN T5 ON T6.IDENTIFIER_REFERENCE_32 = T5.IDENTIFIER_PRIMARY_26,SELECT COUNT(Products.product_id) FROM Products INNER JOIN Order_Items ON Products.product_id = Order_Items.product_id INNER JOIN Orders ON Order_Items.order_id = Orders.order_id
17,79,e_commerce,e_commerce,,,False,0,True,,llama3.1-8b,SELECT COUNT(DISTINCT T1.IDENTIFIER_PRIMARY_1) FROM T1 INNER JOIN T6 ON T1.IDENTIFIER_PRIMARY_1 = T6.IDENTIFIER_REFERENCE_31 INNER JOIN T5 ON T6.IDENTIFIER_REFERENCE_32 = T5.IDENTIFIER_PRIMARY_26 INNER JOIN T2 ON T5.IDENTIFIER_REFERENCE_27 = T2.IDENTIFIER_PRIMARY_8,SELECT COUNT(DISTINCT Products.product_id) FROM Products INNER JOIN Order_Items ON Products.product_id = Order_Items.product_id INNER JOIN Orders ON Order_Items.order_id = Orders.order_id INNER JOIN Customers ON Orders.customer_id = Customers.customer_id
18,80,e_commerce,e_commerce,,,False,0,True,,llama3.1-8b,SELECT COUNT(T2.DESCRIPTIVE_ATTRIBUTE_9) FROM T1 INNER JOIN T6 ON T1.IDENTIFIER_PRIMARY_1 = T6.IDENTIFIER_REFERENCE_31 INNER JOIN T5 ON T6.IDENTIFIER_REFERENCE_32 = T5.IDENTIFIER_PRIMARY_26 INNER JOIN T2 ON T5.IDENTIFIER_REFERENCE_27 = T2.IDENTIFIER_PRIMARY_8,SELECT COUNT(Customers.gender_code) FROM Products INNER JOIN Order_Items ON Products.product_id = Order_Items.product_id INNER JOIN Orders ON Order_Items.order_id = Orders.order_id INNER JOIN Customers ON Orders.customer_id = Customers.customer_id
19,81,e_commerce,e_commerce,,,False,0,True,,llama3.1-8b,SELECT COUNT(DISTINCT T2.DESCRIPTIVE_ATTRIBUTE_9) FROM T1 INNER JOIN T5 ON T1.IDENTIFIER_PRIMARY_1 = T5.IDENTIFIER_REFERENCE_27 INNER JOIN T2 ON T5.IDENTIFIER_REFERENCE_27 = T2.IDENTIFIER_PRIMARY_8,SELECT COUNT(DISTINCT Customers.gender_code) FROM Products INNER JOIN Orders ON Products.product_id = Orders.customer_id INNER JOIN Customers ON Orders.customer_id = Customers.customer_id
20,82,e_commerce,e_commerce,,,False,0,True,,llama3.1-8b,SELECT COUNT(DISTINCT T2.DESCRIPTIVE_ATTRIBUTE_9) FROM T1 INNER JOIN T6 ON T1.IDENTIFIER_PRIMARY_1 = T6.IDENTIFIER_REFERENCE_31 INNER JOIN T5 ON T6.IDENTIFIER_REFERENCE_32 = T5.IDENTIFIER_PRIMARY_26 INNER JOIN T2 ON T5.IDENTIFIER_REFERENCE_27 = T2.IDENTIFIER_PRIMARY_8,SELECT COUNT(DISTINCT Customers.gender_code) FROM Products INNER JOIN Order_Items ON Products.product_id = Order_Items.product_id INNER JOIN Orders ON Order_Items.order_id = Orders.order_id INNER JOIN Customers ON Orders.customer_id = Customers.customer_id
21,83,e_commerce,e_commerce,,,False,0,True,,llama3.1-8b,SELECT COUNT(DISTINCT T2.DESCRIPTIVE_ATTRIBUTE_9) FROM T1 INNER JOIN T6 ON T1.IDENTIFIER_PRIMARY_1 = T6.IDENTIFIER_REFERENCE_31 INNER JOIN T5 ON T6.IDENTIFIER_REFERENCE_32 = T5.IDENTIFIER_PRIMARY_26 INNER JOIN T2 ON T5.IDENTIFIER_REFERENCE_27 = T2.IDENTIFIER_PRIMARY_8,SELECT COUNT(DISTINCT Customers.gender_code) FROM Products INNER JOIN Order_Items ON Products.product_id = Order_Items.product_id INNER JOIN Orders ON Order_Items.order_id = Orders.order_id INNER JOIN Customers ON Orders.customer_id = Customers.customer_id
22,100,e_commerce,e_commerce,,,False,3,False,,llama3.1-8b,SELECT COUNT(T2.DESCRIPTIVE_ATTRIBUTE_9) FROM T2 INNER JOIN T5 ON T2.IDENTIFIER_PRIMARY_8 = T5.IDENTIFIER_REFERENCE_27 INNER JOIN T7 ON T5.IDENTIFIER_PRIMARY_26 = T7.IDENTIFIER_REFERENCE_35 WHERE T7.DESCRIPTIVE_ATTRIBUTE_14 = 'shipped',SELECT COUNT(Customers.gender_code) FROM Customers INNER JOIN Orders ON Customers.customer_id = Orders.customer_id INNER JOIN Shipments ON Orders.order_id = Shipments.order_id WHERE Shipments.login_name = 'shipped'
23,101,e_commerce,e_commerce,,,False,1,True,,llama3.1-8b,SELECT COUNT(T1.IDENTIFIER_PRIMARY_1) FROM T1 INNER JOIN T5 ON T1.IDENTIFIER_PRIMARY_1 = T5.IDENTIFIER_REFERENCE_27 INNER JOIN T7 ON T5.IDENTIFIER_PRIMARY_26 = T7.IDENTIFIER_REFERENCE_35 WHERE T7.MEASUREMENT_VALUE_37 = 'shipped',SELECT COUNT(Products.product_id) FROM Products INNER JOIN Orders ON Products.product_id = Orders.customer_id INNER JOIN Shipments ON Orders.order_id = Shipments.order_id WHERE Shipments.shipment_tracking_number = 'shipped'
24,102,e_commerce,e_commerce,,,False,0,True,,llama3.1-8b,SELECT AVG(T1.CURRENCY_AMOUNT_4) FROM T1 INNER JOIN T5 ON T1.IDENTIFIER_PRIMARY_1 = T5.IDENTIFIER_REFERENCE_27 INNER JOIN T7 ON T5.IDENTIFIER_PRIMARY_26 = T7.IDENTIFIER_REFERENCE_35,SELECT AVG(Products.product_price) FROM Products INNER JOIN Orders ON Products.product_id = Orders.customer_id INNER JOIN Shipments ON Orders.order_id = Shipments.order_id
25,103,e_commerce,e_commerce,,,False,0,True,,llama3.1-8b,SELECT AVG(T1.CURRENCY_AMOUNT_4) FROM T1 INNER JOIN T6 ON T1.IDENTIFIER_PRIMARY_1 = T6.IDENTIFIER_REFERENCE_31 INNER JOIN T5 ON T6.IDENTIFIER_REFERENCE_32 = T5.IDENTIFIER_PRIMARY_26,SELECT AVG(Products.product_price) FROM Products INNER JOIN Order_Items ON Products.product_id = Order_Items.product_id INNER JOIN Orders ON Order_Items.order_id = Orders.order_id
26,104,e_commerce,e_commerce,,,False,3,False,,llama3.1-8b,SELECT AVG(T1.CURRENCY_AMOUNT_4) FROM T1 INNER JOIN T6 ON T1.IDENTIFIER_PRIMARY_1 = T6.IDENTIFIER_REFERENCE_31 INNER JOIN T5 ON T6.IDENTIFIER_REFERENCE_32 = T5.IDENTIFIER_PRIMARY_26 WHERE T5.DESCRIPITIVE_ATTRIBUTE_28 = 'product',SELECT AVG(Products.product_price) FROM Products INNER JOIN Order_Items ON Products.product_id = Order_Items.product_id INNER JOIN Orders ON Order_Items.order_id = Orders.order_id WHERE Orders.DESCRIPITIVE_ATTRIBUTE_28 = 'product'
27,105,e_commerce,e_commerce,,,False,0,True,,llama3.1-8b,SELECT AVG(T1.CURRENCY_AMOUNT_4) FROM T1 INNER JOIN T6 ON T1.IDENTIFIER_PRIMARY_1 = T6.IDENTIFIER_REFERENCE_31 INNER JOIN T5 ON T6.IDENTIFIER_REFERENCE_32 = T5.IDENTIFIER_PRIMARY_26,SELECT AVG(Products.product_price) FROM Products INNER JOIN Order_Items ON Products.product_id = Order_Items.product_id INNER JOIN Orders ON Order_Items.order_id = Orders.order_id
28,123,bbc_channels,bbc_channels,,,False,0,True,,llama3.1-8b,SELECT COUNT(DISTINCT T1.DESCRIPTIVE_ATTRIBUTE_2) FROM T1 INNER JOIN T4 ON T1.IDENTIFIER_PRIMARY_1 = T4.IDENTIFIER_REFERENCE_15 INNER JOIN T2 ON T4.IDENTIFIER_REFERENCE_15 = T2.IDENTIFIER_PRIMARY_6,SELECT COUNT(DISTINCT channel.Name) FROM channel INNER JOIN director_admin ON channel.Channel_ID = director_admin.Channel_ID INNER JOIN director ON director_admin.Channel_ID = director.Director_ID
29,124,bbc_channels,bbc_channels,,,False,0,True,,llama3.1-8b,SELECT T1.DESCRIPTIVE_ATTRIBUTE_2 FROM T1 JOIN T4 ON T1.IDENTIFIER_PRIMARY_1 = T4.IDENTIFIER_REFERENCE_15 JOIN T2 ON T4.IDENTIFIER_REFERENCE_15 = T2.IDENTIFIER_PRIMARY_6 ORDER BY T2.MEASUREMENT_VALUE_8 DESC,SELECT channel.Name FROM channel JOIN director_admin ON channel.Channel_ID = director_admin.Channel_ID JOIN director ON director_admin.Channel_ID = director.Director_ID ORDER BY director.Age DESC
30,133,bbc_channels,bbc_channels,,,False,0,True,,llama3.1-8b,SELECT T1.DESCRIPTIVE_ATTRIBUTE_2 FROM T1 JOIN T3 ON T1.IDENTIFIER_PRIMARY_1 = T3.IDENTIFIER_REFERENCE_13 JOIN T2 ON T3.IDENTIFIER_REFERENCE_12 = T2.IDENTIFIER_PRIMARY_6 WHERE T2.MEASUREMENT_VALUE_8 BETWEEN 30 AND 60,SELECT channel.Name FROM channel JOIN program ON channel.Channel_ID = program.Channel_ID JOIN director ON program.Director_ID = director.Director_ID WHERE director.Age BETWEEN 30 AND 60
31,136,tv_shows,tv_shows,,,False,0,True,,llama3.1-8b,SELECT COUNT(DISTINCT T1.IDENTIFIER_PRIMARY_1) FROM T1 INNER JOIN T5 ON T1.IDENTIFIER_PRIMARY_1 = T5.IDENTIFIER_PRIMARY_21 WHERE T5.DESCRIPTIVE_ATTRIBUTE_23 = 'radio',SELECT COUNT(DISTINCT city_channel.ID) FROM city_channel INNER JOIN city_channel_tv_show ON city_channel.ID = city_channel_tv_show.City_channel_ID WHERE city_channel_tv_show.Is_online = 'radio'
32,137,tv_shows,tv_shows,,,False,0,True,,llama3.1-8b,SELECT T3.DESCRIPTIVE_ATTRIBUTE_14 FROM T3 JOIN T5 ON T3.IDENTIFIER_PRIMARY_13 = T5.IDENTIFIER_REFERENCE_22 JOIN T1 ON T5.IDENTIFIER_PRIMARY_21 = T1.IDENTIFIER_PRIMARY_1 ORDER BY T3.DESCRIPTIVE_ATTRIBUTE_16 ASC,SELECT tv_show.tv_show_name FROM tv_show JOIN city_channel_tv_show ON tv_show.tv_show_ID = city_channel_tv_show.tv_show_ID JOIN city_channel ON city_channel_tv_show.City_channel_ID = city_channel.ID ORDER BY tv_show.Next_show_name ASC
33,139,tv_shows,tv_shows,,,False,0,True,,llama3.1-8b,SELECT T2.TEXT_FIELD_7 FROM T2 JOIN T4 ON T2.IDENTIFIER_PRIMARY_6 = T4.IDENTIFIER_REFERENCE_19 JOIN T1 ON T4.IDENTIFIER_PRIMARY_18 = T1.IDENTIFIER_PRIMARY_1 WHERE T1.DESCRIPTIVE_ATTRIBUTE_2 != 'ABC',SELECT radio.Transmitter FROM radio JOIN city_channel_radio ON radio.Radio_ID = city_channel_radio.Radio_ID JOIN city_channel ON city_channel_radio.City_channel_ID = city_channel.ID WHERE city_channel.City != 'ABC'
34,142,tv_shows,tv_shows,,,False,0,True,,llama3.1-8b,SELECT AVG(T5.DESCRIPTIVE_ATTRIBUTE_23) FROM T5 INNER JOIN T3 ON T5.IDENTIFIER_REFERENCE_22 = T3.IDENTIFIER_PRIMARY_13,SELECT AVG(city_channel_tv_show.Is_online) FROM city_channel_tv_show INNER JOIN tv_show ON city_channel_tv_show.tv_show_ID = tv_show.tv_show_ID
35,145,tv_shows,tv_shows,,,False,0,True,,llama3.1-8b,SELECT T4.DESCRIPTIVE_ATTRIBUTE_20 FROM T4 JOIN T2 ON T4.IDENTIFIER_REFERENCE_19 = T2.IDENTIFIER_PRIMARY_6 GROUP BY T4.DESCRIPTIVE_ATTRIBUTE_20 HAVING COUNT(T2.TEXT_FIELD_7) > 3,SELECT city_channel_radio.Is_online FROM city_channel_radio JOIN radio ON city_channel_radio.Radio_ID = radio.Radio_ID GROUP BY city_channel_radio.Is_online HAVING COUNT(radio.Transmitter) > 3
36,153,vehicle_driver,vehicle_driver,,,False,0,True,,llama3.1-8b,SELECT T2.TEXT_FIELD_10 FROM T2 INNER JOIN T3 ON T2.IDENTIFIER_PRIMARY_8 = T3.IDENTIFIER_PRIMARY_12 INNER JOIN T1 ON T3.IDENTIFIER_REFERENCE_13 = T1.IDENTIFIER_PRIMARY_1 WHERE T2.DESCRIPTIVE_ATTRIBUTE_9 = 'citizenship' AND T1.TEXT_FIELD_2 = 'United States',SELECT driver.Citizenship FROM driver INNER JOIN vehicle_driver ON driver.Driver_ID = vehicle_driver.Driver_ID INNER JOIN vehicle ON vehicle_driver.Vehicle_ID = vehicle.Vehicle_ID WHERE driver.Name = 'citizenship' AND vehicle.Model = 'United States'
37,154,vehicle_driver,vehicle_driver,,,False,0,True,,llama3.1-8b,SELECT T2.TEXT_FIELD_10 FROM T2 INNER JOIN T3 ON T2.IDENTIFIER_PRIMARY_8 = T3.IDENTIFIER_PRIMARY_12 INNER JOIN T1 ON T3.IDENTIFIER_REFERENCE_13 = T1.IDENTIFIER_PRIMARY_1 WHERE T1.TEXT_FIELD_2 = 'United States',SELECT driver.Citizenship FROM driver INNER JOIN vehicle_driver ON driver.Driver_ID = vehicle_driver.Driver_ID INNER JOIN vehicle ON vehicle_driver.Vehicle_ID = vehicle.Vehicle_ID WHERE vehicle.Model = 'United States'
38,167,vehicle_driver,vehicle_driver,,,False,0,True,,llama3.1-8b,SELECT COUNT(DISTINCT T1.IDENTIFIER_PRIMARY_1) FROM T1 JOIN T3 ON T1.IDENTIFIER_PRIMARY_1 = T3.IDENTIFIER_REFERENCE_13 JOIN T2 ON T3.IDENTIFIER_PRIMARY_12 = T2.IDENTIFIER_PRIMARY_8 WHERE T2.DESCRIPTIVE_ATTRIBUTE_9 = 'driver' AND T2.TEXT_FIELD_10 = 'NASCAR',SELECT COUNT(DISTINCT vehicle.Vehicle_ID) FROM vehicle JOIN vehicle_driver ON vehicle.Vehicle_ID = vehicle_driver.Vehicle_ID JOIN driver ON vehicle_driver.Driver_ID = driver.Driver_ID WHERE driver.Name = 'driver' AND driver.Citizenship = 'NASCAR'
39,168,vehicle_driver,vehicle_driver,,,False,0,True,,llama3.1-8b,SELECT COUNT(T1.IDENTIFIER_PRIMARY_1) FROM T1 INNER JOIN T3 ON T1.IDENTIFIER_PRIMARY_1 = T3.IDENTIFIER_REFERENCE_13 WHERE T1.TEXT_FIELD_2 = 'NASCAR',SELECT COUNT(vehicle.Vehicle_ID) FROM vehicle INNER JOIN vehicle_driver ON vehicle.Vehicle_ID = vehicle_driver.Vehicle_ID WHERE vehicle.Model = 'NASCAR'
40,169,vehicle_driver,vehicle_driver,,,False,0,True,,llama3.1-8b,SELECT AVG(NUMERIC_FIELD_5) FROM T1 WHERE TEXT_FIELD_6 = 'vehicles',SELECT AVG(Power) FROM vehicle WHERE Builder = 'vehicles'
41,170,vehicle_driver,vehicle_driver,,,False,0,True,,llama3.1-8b,SELECT AVG(T1.NUMERIC_FIELD_5) FROM T1 INNER JOIN T3 ON T1.IDENTIFIER_PRIMARY_1 = T3.IDENTIFIER_REFERENCE_13,SELECT AVG(vehicle.Power) FROM vehicle INNER JOIN vehicle_driver ON vehicle.Vehicle_ID = vehicle_driver.Vehicle_ID
42,185,vehicle_driver,vehicle_driver,,,False,0,True,,llama3.1-8b,SELECT T2.DESCRIPTIVE_ATTRIBUTE_9 FROM T2 INNER JOIN T3 ON T2.IDENTIFIER_PRIMARY_8 = T3.IDENTIFIER_PRIMARY_12,SELECT driver.Name FROM driver INNER JOIN vehicle_driver ON driver.Driver_ID = vehicle_driver.Driver_ID
43,186,vehicle_driver,vehicle_driver,,,False,0,True,,llama3.1-8b,SELECT TEXT_FIELD_10 FROM T2 WHERE DESCRIPTIVE_ATTRIBUTE_9 = 'drivers' ORDER BY TEXT_FIELD_10 ASC,SELECT Citizenship FROM driver WHERE Name = 'drivers' ORDER BY Citizenship ASC
44,193,online_exams,online_exams,,,False,0,True,,llama3.1-8b,SELECT COUNT(DISTINCT T2.IDENTIFIER_PRIMARY_10) FROM T2 INNER JOIN T5 ON T2.IDENTIFIER_PRIMARY_10 = T5.IDENTIFIER_REFERENCE_20 INNER JOIN T7 ON T5.IDENTIFIER_PRIMARY_19 = T7.IDENTIFIER_REFERENCE_31 WHERE T7.TEXT_FIELD_32 = 'exams',SELECT COUNT(DISTINCT Questions.Question_ID) FROM Questions INNER JOIN Valid_Answers ON Questions.Question_ID = Valid_Answers.Question_ID INNER JOIN Student_Assessments ON Valid_Answers.Valid_Answer_ID = Student_Assessments.Valid_Answer_ID WHERE Student_Assessments.Student_Answer_Text = 'exams'
45,194,online_exams,online_exams,,,False,0,True,,llama3.1-8b,SELECT COUNT(T6.IDENTIFIER_PRIMARY_22) FROM T6 INNER JOIN T4 ON T6.IDENTIFIER_REFERENCE_23 = T4.IDENTIFIER_PRIMARY_17 INNER JOIN T3 ON T4.IDENTIFIER_PRIMARY_17 = T3.IDENTIFIER_PRIMARY_13 WHERE T3.DESCRIPTIVE_ATTRIBUTE_16 = 'exams',SELECT COUNT(Student_Answers.Student_Answer_ID) FROM Student_Answers INNER JOIN Questions_in_Exams ON Student_Answers.Exam_ID = Questions_in_Exams.Exam_ID INNER JOIN Exams ON Questions_in_Exams.Exam_ID = Exams.Exam_ID WHERE Exams.Exam_Name = 'exams'
46,195,online_exams,online_exams,,,False,0,True,,llama3.1-8b,SELECT DISTINCT DESCRIPTIVE_ATTRIBUTE_2 FROM T1,SELECT DISTINCT First_Name FROM Students
47,196,online_exams,online_exams,,,False,0,True,,llama3.1-8b,SELECT DISTINCT T2.DESCRIPTIVE_ATTRIBUTE_11 FROM T2 INNER JOIN T4 ON T2.IDENTIFIER_PRIMARY_10 = T4.IDENTIFIER_REFERENCE_18 INNER JOIN T6 ON T4.IDENTIFIER_PRIMARY_17 = T6.IDENTIFIER_REFERENCE_23 INNER JOIN T1 ON T6.IDENTIFIER_REFERENCE_25 = T1.IDENTIFIER_PRIMARY_1 ORDER BY T2.DESCRIPTIVE_ATTRIBUTE_11,SELECT DISTINCT Questions.Type_of_Question_Code FROM Questions INNER JOIN Questions_in_Exams ON Questions.Question_ID = Questions_in_Exams.Question_ID INNER JOIN Student_Answers ON Questions_in_Exams.Exam_ID = Student_Answers.Exam_ID INNER JOIN Students ON Student_Answers.Student_ID = Students.Student_ID ORDER BY Questions.Type_of_Question_Code
48,203,online_exams,online_exams,,,False,0,True,,llama3.1-8b,SELECT DISTINCT T5.TEXT_FIELD_21 FROM T5 JOIN T2 ON T5.IDENTIFIER_REFERENCE_20 = T2.IDENTIFIER_PRIMARY_10 JOIN T4 ON T2.IDENTIFIER_PRIMARY_10 = T4.IDENTIFIER_REFERENCE_18 JOIN T3 ON T4.IDENTIFIER_PRIMARY_17 = T3.IDENTIFIER_PRIMARY_13 WHERE T3.DESCRIPTIVE_ATTRIBUTE_16 = 'Normal',SELECT DISTINCT Valid_Answers.Valid_Answer_Text FROM Valid_Answers JOIN Questions ON Valid_Answers.Question_ID = Questions.Question_ID JOIN Questions_in_Exams ON Questions.Question_ID = Questions_in_Exams.Question_ID JOIN Exams ON Questions_in_Exams.Exam_ID = Exams.Exam_ID WHERE Exams.Exam_Name = 'Normal'
49,204,online_exams,online_exams,,,False,0,True,,llama3.1-8b,SELECT DISTINCT T5.TEXT_FIELD_21 FROM T5 JOIN T2 ON T5.IDENTIFIER_REFERENCE_20 = T2.IDENTIFIER_PRIMARY_10 JOIN T4 ON T2.IDENTIFIER_PRIMARY_10 = T4.IDENTIFIER_REFERENCE_18 JOIN T3 ON T4.IDENTIFIER_PRIMARY_17 = T3.IDENTIFIER_PRIMARY_13 WHERE T3.DESCRIPTIVE_ATTRIBUTE_16 = 'Normal',SELECT DISTINCT Valid_Answers.Valid_Answer_Text FROM Valid_Answers JOIN Questions ON Valid_Answers.Question_ID = Questions.Question_ID JOIN Questions_in_Exams ON Questions.Question_ID = Questions_in_Exams.Question_ID JOIN Exams ON Questions_in_Exams.Exam_ID = Exams.Exam_ID WHERE Exams.Exam_Name = 'Normal'
50,205,online_exams,online_exams,,,False,0,True,,llama3.1-8b,SELECT COUNT(DISTINCT T7.TEXT_FIELD_32) FROM T7 INNER JOIN T5 ON T7.IDENTIFIER_REFERENCE_31 = T5.IDENTIFIER_PRIMARY_19 INNER JOIN T2 ON T5.IDENTIFIER_REFERENCE_20 = T2.IDENTIFIER_PRIMARY_10,SELECT COUNT(DISTINCT Student_Assessments.Student_Answer_Text) FROM Student_Assessments INNER JOIN Valid_Answers ON Student_Assessments.Valid_Answer_ID = Valid_Answers.Valid_Answer_ID INNER JOIN Questions ON Valid_Answers.Question_ID = Questions.Question_ID
51,206,online_exams,online_exams,,,False,0,True,,llama3.1-8b,SELECT COUNT(DISTINCT T2.DESCRIPTIVE_ATTRIBUTE_11) FROM T2 INNER JOIN T5 ON T2.IDENTIFIER_PRIMARY_10 = T5.IDENTIFIER_REFERENCE_20 INNER JOIN T7 ON T5.IDENTIFIER_PRIMARY_19 = T7.IDENTIFIER_REFERENCE_31,SELECT COUNT(DISTINCT Questions.Type_of_Question_Code) FROM Questions INNER JOIN Valid_Answers ON Questions.Question_ID = Valid_Answers.Question_ID INNER JOIN Student_Assessments ON Valid_Answers.Valid_Answer_ID = Student_Assessments.Valid_Answer_ID
52,219,online_exams,online_exams,,,False,0,True,,llama3.1-8b,SELECT T2.DESCRIPTIVE_ATTRIBUTE_11 FROM T2 INNER JOIN T4 ON T2.IDENTIFIER_PRIMARY_10 = T4.IDENTIFIER_REFERENCE_18 INNER JOIN T6 ON T4.IDENTIFIER_PRIMARY_17 = T6.IDENTIFIER_REFERENCE_23 INNER JOIN T1 ON T6.IDENTIFIER_REFERENCE_25 = T1.IDENTIFIER_PRIMARY_1 WHERE T1.DESCRIPTIVE_ATTRIBUTE_2 != 'M',SELECT Questions.Type_of_Question_Code FROM Questions INNER JOIN Questions_in_Exams ON Questions.Question_ID = Questions_in_Exams.Question_ID INNER JOIN Student_Answers ON Questions_in_Exams.Exam_ID = Student_Answers.Exam_ID INNER JOIN Students ON Student_Answers.Student_ID = Students.Student_ID WHERE Students.First_Name != 'M'
53,220,online_exams,online_exams,,,False,0,True,,llama3.1-8b,SELECT T2.DESCRIPTIVE_ATTRIBUTE_11 FROM T2 INNER JOIN T4 ON T2.IDENTIFIER_PRIMARY_10 = T4.IDENTIFIER_REFERENCE_18 INNER JOIN T6 ON T4.IDENTIFIER_PRIMARY_17 = T6.IDENTIFIER_REFERENCE_23 INNER JOIN T1 ON T6.IDENTIFIER_REFERENCE_25 = T1.IDENTIFIER_PRIMARY_1 WHERE T1.DESCRIPTIVE_ATTRIBUTE_2 != 'M',SELECT Questions.Type_of_Question_Code FROM Questions INNER JOIN Questions_in_Exams ON Questions.Question_ID = Questions_in_Exams.Question_ID INNER JOIN Student_Answers ON Questions_in_Exams.Exam_ID = Student_Answers.Exam_ID INNER JOIN Students ON Student_Answers.Student_ID = Students.Student_ID WHERE Students.First_Name != 'M'
54,229,online_exams,online_exams,,,False,0,True,,llama3.1-8b,SELECT DISTINCT DESCRIPTIVE_ATTRIBUTE_2 FROM T1 WHERE IDENTIFIER_PRIMARY_1 IN (SELECT IDENTIFIER_REFERENCE_25 FROM T6 GROUP BY IDENTIFIER_REFERENCE_25 HAVING COUNT(IDENTIFIER_REFERENCE_25) >= 3),SELECT DISTINCT First_Name FROM Students WHERE Student_ID IN (SELECT Student_ID FROM Student_Answers GROUP BY Student_ID HAVING COUNT(Student_ID) >= 3)
55,230,online_exams,online_exams,,,False,0,True,,llama3.1-8b,SELECT T2.DESCRIPTIVE_ATTRIBUTE_11 FROM T2 JOIN T4 ON T2.IDENTIFIER_PRIMARY_10 = T4.IDENTIFIER_REFERENCE_18 JOIN T6 ON T4.IDENTIFIER_PRIMARY_17 = T6.IDENTIFIER_REFERENCE_23 WHERE T6.IDENTIFIER_REFERENCE_25 IN (SELECT IDENTIFIER_PRIMARY_1 FROM T1 GROUP BY IDENTIFIER_PRIMARY_1 HAVING COUNT(IDENTIFIER_PRIMARY_1) >= 3),SELECT Questions.Type_of_Question_Code FROM Questions JOIN Questions_in_Exams ON Questions.Question_ID = Questions_in_Exams.Question_ID JOIN Student_Answers ON Questions_in_Exams.Exam_ID = Student_Answers.Exam_ID WHERE Student_Answers.Student_ID IN (SELECT Student_ID FROM Students GROUP BY Student_ID HAVING COUNT(Student_ID) >= 3)
56,231,online_exams,online_exams,,,False,0,True,,llama3.1-8b,"SELECT T1.DESCRIPTIVE_ATTRIBUTE_2, T1.DESCRIPTIVE_ATTRIBUTE_3, T1.DESCRIPTIVE_ATTRIBUTE_4, T1.DESCRIPTIVE_ATTRIBUTE_5, T1.DESCRIPTIVE_ATTRIBUTE_6, T1.DESCRIPTIVE_ATTRIBUTE_7, T1.DESCRIPTIVE_ATTRIBUTE_8, T1.DESCRIPTIVE_ATTRIBUTE_9, T2.DESCRIPTIVE_ATTRIBUTE_11, T2.TEXT_FIELD_12, T6.TEXT_FIELD_27, T6.TEXT_FIELD_28, T6.TEXT_FIELD_29 FROM T1 INNER JOIN T6 ON T1.IDENTIFIER_PRIMARY_1 = T6.IDENTIFIER_REFERENCE_25 INNER JOIN T4 ON T6.IDENTIFIER_REFERENCE_23 = T4.IDENTIFIER_PRIMARY_17 INNER JOIN T2 ON T4.IDENTIFIER_REFERENCE_18 = T2.IDENTIFIER_PRIMARY_10","SELECT Students.First_Name, Students.Middle_Name, Students.Last_Name, Students.Gender_MFU, Students.Student_Address, Students.Email_Adress, Students.Cell_Mobile_Phone, Students.Home_Phone, Questions.Type_of_Question_Code, Questions.Question_Text, Student_Answers.Comments, Student_Answers.Satisfactory_YN, Student_Answers.Student_Answer_Text FROM Students INNER JOIN Student_Answers ON Students.Student_ID = Student_Answers.Student_ID INNER JOIN Questions_in_Exams ON Student_Answers.Exam_ID = Questions_in_Exams.Exam_ID INNER JOIN Questions ON Questions_in_Exams.Question_ID = Questions.Question_ID"
57,232,online_exams,online_exams,,,False,1,True,,llama3.1-8b,"SELECT T1.DESCRIPTIVE_ATTRIBUTE_2, T1.DESCRIPTIVE_ATTRIBUTE_3, T1.DESCRIPTIVE_ATTRIBUTE_4, T1.DESCRIPTIVE_ATTRIBUTE_5, T1.DESCRIPTIVE_ATTRIBUTE_6, T1.DESCRIPTIVE_ATTRIBUTE_7, T1.DESCRIPTIVE_ATTRIBUTE_8, T1.DESCRIPTIVE_ATTRIBUTE_9, T2.DESCRIPTIVE_ATTRIBUTE_11, T2.TEXT_FIELD_12, T3.TEXT_FIELD_14, T3.CHRONOLOGICAL_MARKER_15, T3.DESCRIPTIVE_ATTRIBUTE_16, T4.IDENTIFIER_PRIMARY_17, T4.IDENTIFIER_REFERENCE_18, T5.IDENTIFIER_PRIMARY_19, T5.IDENTIFIER_REFERENCE_20, T5.TEXT_FIELD_21, T6.IDENTIFIER_PRIMARY_22, T6.IDENTIFIER_REFERENCE_23, T6.IDENTIFIER_REFERENCE_24, T6.IDENTIFIER_REFERENCE_25, T6.CHRONOLOGICAL_MARKER_26, T6.TEXT_FIELD_27, T6.TEXT_FIELD_28, T6.TEXT_FIELD_29, T7.IDENTIFIER_PRIMARY_30, T7.IDENTIFIER_REFERENCE_31, T7.TEXT_FIELD_32, T7.TEXT_FIELD_33, T7.TEXT_FIELD_34 FROM T1 INNER JOIN T4 ON T1.IDENTIFIER_PRIMARY_1 = T4.IDENTIFIER_REFERENCE_18 INNER JOIN T6 ON T4.IDENTIFIER_PRIMARY_17 = T6.IDENTIFIER_REFERENCE_23 INNER JOIN T2 ON T6.IDENTIFIER_REFERENCE_23 = T2.IDENTIFIER_PRIMARY_10 INNER JOIN T5 ON T2.IDENTIFIER_PRIMARY_10 = T5.IDENTIFIER_REFERENCE_20 INNER JOIN T7 ON T5.IDENTIFIER_PRIMARY_19 = T7.IDENTIFIER_REFERENCE_31 INNER JOIN T3 ON T4.IDENTIFIER_PRIMARY_17 = T3.IDENTIFIER_PRIMARY_13","SELECT Students.First_Name, Students.Middle_Name, Students.Last_Name, Students.Gender_MFU, Students.Student_Address, Students.Email_Adress, Students.Cell_Mobile_Phone, Students.Home_Phone, Questions.Type_of_Question_Code, Questions.Question_Text, Exams.Subject_Code, Exams.Exam_Date, Exams.Exam_Name, Questions_in_Exams.Exam_ID, Questions_in_Exams.Question_ID, Valid_Answers.Valid_Answer_ID, Valid_Answers.Question_ID, Valid_Answers.Valid_Answer_Text, Student_Answers.Student_Answer_ID, Student_Answers.Exam_ID, Student_Answers.Question_ID, Student_Answers.Student_ID, Student_Answers.Date_of_Answer, Student_Answers.Comments, Student_Answers.Satisfactory_YN, Student_Answers.Student_Answer_Text, Student_Assessments.Student_Answer_ID, Student_Assessments.Valid_Answer_ID, Student_Assessments.Student_Answer_Text, Student_Assessments.Satisfactory_YN, Student_Assessments.Assessment FROM Students INNER JOIN Questions_in_Exams ON Students.Student_ID = Questions_in_Exams.Question_ID INNER JOIN Student_Answers ON Questions_in_Exams.Exam_ID = Student_Answers.Exam_ID INNER JOIN Questions ON Student_Answers.Exam_ID = Questions.Question_ID INNER JOIN Valid_Answers ON Questions.Question_ID = Valid_Answers.Question_ID INNER JOIN Student_Assessments ON Valid_Answers.Valid_Answer_ID = Student_Assessments.Valid_Answer_ID INNER JOIN Exams ON Questions_in_Exams.Exam_ID = Exams.Exam_ID"
58,233,customers_and_orders,customers_and_orders,,,False,3,False,,llama3.1-8b,SELECT COUNT(DISTINCT T3.DESCRIPTIVE_ATTRIBUTE_6) FROM T3 INNER JOIN T2 ON T3.IDENTIFIER_CODE_8 = T2.IDENTIFIER_PRIMARY_5,SELECT COUNT(DISTINCT Customers.address_details) FROM Customers INNER JOIN Addresses ON Customers.address_id = Addresses.address_id
59,234,customers_and_orders,customers_and_orders,,,False,0,True,,llama3.1-8b,SELECT COUNT(T3.IDENTIFIER_PRIMARY_7) FROM T3,SELECT COUNT(Customers.customer_id) FROM Customers
60,237,customers_and_orders,customers_and_orders,,,False,0,True,,llama3.1-8b,SELECT COUNT(DISTINCT T1.IDENTIFIER_PRIMARY_1) FROM T1 INNER JOIN T5 ON T5.IDENTIFIER_REFERENCE_21 = T1.IDENTIFIER_PRIMARY_1,SELECT COUNT(DISTINCT Products.product_id) FROM Products INNER JOIN Order_Items ON Order_Items.product_id = Products.product_id
61,238,customers_and_orders,customers_and_orders,,,False,0,True,,llama3.1-8b,SELECT COUNT(T1.IDENTIFIER_PRIMARY_1) FROM T1 INNER JOIN T5 ON T1.IDENTIFIER_PRIMARY_1 = T5.IDENTIFIER_REFERENCE_21,SELECT COUNT(Products.product_id) FROM Products INNER JOIN Order_Items ON Products.product_id = Order_Items.product_id
62,241,customers_and_orders,customers_and_orders,,,False,3,False,,llama3.1-8b,SELECT T1.CURRENCY_AMOUNT_4 FROM T1 JOIN T5 ON T1.IDENTIFIER_PRIMARY_1 = T5.IDENTIFIER_REFERENCE_21 JOIN T4 ON T5.IDENTIFIER_REFERENCE_20 = T4.IDENTIFIER_PRIMARY_15 JOIN T3 ON T4.IDENTIFIER_REFERENCE_16 = T3.IDENTIFIER_PRIMARY_7 WHERE T3.DESCRIPTIVE_ATTRIBUTE_6 = 'Monitor',SELECT Products.product_price FROM Products JOIN Order_Items ON Products.product_id = Order_Items.product_id JOIN Customer_Orders ON Order_Items.order_id = Customer_Orders.order_id JOIN Customers ON Customer_Orders.customer_id = Customers.customer_id WHERE Customers.address_details = 'Monitor'
63,242,customers_and_orders,customers_and_orders,,,False,0,True,,llama3.1-8b,SELECT T1.CURRENCY_AMOUNT_4 FROM T1 JOIN T5 ON T1.IDENTIFIER_PRIMARY_1 = T5.IDENTIFIER_REFERENCE_21 JOIN T3 ON T5.IDENTIFIER_REFERENCE_20 = T3.IDENTIFIER_PRIMARY_7 WHERE T3.DESCRIPTIVE_ATTRIBUTE_13 = 'Monitor',SELECT Products.product_price FROM Products JOIN Order_Items ON Products.product_id = Order_Items.product_id JOIN Customers ON Order_Items.order_id = Customers.customer_id WHERE Customers.customer_phone = 'Monitor'
64,245,customers_and_orders,customers_and_orders,,,False,0,True,,llama3.1-8b,SELECT AVG(T1.CURRENCY_AMOUNT_4) FROM T1 INNER JOIN T5 ON T1.IDENTIFIER_PRIMARY_1 = T5.IDENTIFIER_REFERENCE_21 INNER JOIN T4 ON T5.IDENTIFIER_REFERENCE_20 = T4.IDENTIFIER_PRIMARY_15 WHERE T4.DESCRIPTIVE_ATTRIBUTE_18 = 'Clothes',SELECT AVG(Products.product_price) FROM Products INNER JOIN Order_Items ON Products.product_id = Order_Items.product_id INNER JOIN Customer_Orders ON Order_Items.order_id = Customer_Orders.order_id WHERE Customer_Orders.order_status_code = 'Clothes'
65,246,customers_and_orders,customers_and_orders,,,False,0,True,,llama3.1-8b,SELECT AVG(T1.CURRENCY_AMOUNT_4) FROM T1 INNER JOIN T5 ON T1.IDENTIFIER_PRIMARY_1 = T5.IDENTIFIER_REFERENCE_21 WHERE T5.IDENTIFIER_CODE_19 = 8,SELECT AVG(Products.product_price) FROM Products INNER JOIN Order_Items ON Products.product_id = Order_Items.product_id WHERE Order_Items.order_item_id = 8
66,247,customers_and_orders,customers_and_orders,,,False,0,True,,llama3.1-8b,SELECT COUNT(T3.IDENTIFIER_PRIMARY_7) FROM T3 INNER JOIN T5 ON T3.IDENTIFIER_PRIMARY_7 = T5.IDENTIFIER_REFERENCE_20 WHERE T3.DESCRIPTIVE_ATTRIBUTE_13 = 'hardware type',SELECT COUNT(Customers.customer_id) FROM Customers INNER JOIN Order_Items ON Customers.customer_id = Order_Items.order_id WHERE Customers.customer_phone = 'hardware type'
67,248,customers_and_orders,customers_and_orders,,,False,0,True,,llama3.1-8b,SELECT COUNT(T1.IDENTIFIER_PRIMARY_1) FROM T1 INNER JOIN T5 ON T1.IDENTIFIER_PRIMARY_1 = T5.IDENTIFIER_REFERENCE_21 INNER JOIN T4 ON T5.IDENTIFIER_REFERENCE_20 = T4.IDENTIFIER_PRIMARY_15 WHERE T4.DESCRIPTIVE_ATTRIBUTE_18 = 'Hardware',SELECT COUNT(Products.product_id) FROM Products INNER JOIN Order_Items ON Products.product_id = Order_Items.product_id INNER JOIN Customer_Orders ON Order_Items.order_id = Customer_Orders.order_id WHERE Customer_Orders.order_status_code = 'Hardware'
68,257,customers_and_orders,customers_and_orders,,,False,0,True,,llama3.1-8b,SELECT T3.DESCRIPTIVE_ATTRIBUTE_11 FROM T3 INNER JOIN T5 ON T3.IDENTIFIER_PRIMARY_7 = T5.IDENTIFIER_REFERENCE_20 INNER JOIN T1 ON T5.IDENTIFIER_REFERENCE_21 = T1.IDENTIFIER_PRIMARY_1 ORDER BY T1.CURRENCY_AMOUNT_4 DESC,SELECT Customers.customer_name FROM Customers INNER JOIN Order_Items ON Customers.customer_id = Order_Items.order_id INNER JOIN Products ON Order_Items.product_id = Products.product_id ORDER BY Products.product_price DESC
69,258,customers_and_orders,customers_and_orders,,,False,0,True,,llama3.1-8b,SELECT T3.DESCRIPTIVE_ATTRIBUTE_11 FROM T3 INNER JOIN T5 ON T3.IDENTIFIER_PRIMARY_7 = T5.IDENTIFIER_REFERENCE_20 INNER JOIN T1 ON T5.IDENTIFIER_REFERENCE_21 = T1.IDENTIFIER_PRIMARY_1 ORDER BY T1.CURRENCY_AMOUNT_4 DESC,SELECT Customers.customer_name FROM Customers INNER JOIN Order_Items ON Customers.customer_id = Order_Items.order_id INNER JOIN Products ON Order_Items.product_id = Products.product_id ORDER BY Products.product_price DESC
70,265,customers_and_orders,customers_and_orders,,,False,0,True,,llama3.1-8b,SELECT T3.IDENTIFIER_CODE_8 FROM T3 JOIN T4 ON T3.IDENTIFIER_PRIMARY_7 = T4.IDENTIFIER_REFERENCE_16 JOIN T5 ON T4.IDENTIFIER_PRIMARY_15 = T5.IDENTIFIER_REFERENCE_20 GROUP BY T3.IDENTIFIER_CODE_8 HAVING COUNT(T5.IDENTIFIER_REFERENCE_21) >= 2,SELECT Customers.address_id FROM Customers JOIN Customer_Orders ON Customers.customer_id = Customer_Orders.customer_id JOIN Order_Items ON Customer_Orders.order_id = Order_Items.order_id GROUP BY Customers.address_id HAVING COUNT(Order_Items.product_id) >= 2
71,266,customers_and_orders,customers_and_orders,,,False,0,True,,llama3.1-8b,SELECT T3.IDENTIFIER_CODE_8 FROM T3 JOIN T4 ON T3.IDENTIFIER_PRIMARY_7 = T4.IDENTIFIER_REFERENCE_16 JOIN T5 ON T4.IDENTIFIER_PRIMARY_15 = T5.IDENTIFIER_REFERENCE_20 GROUP BY T3.IDENTIFIER_CODE_8 HAVING COUNT(T5.IDENTIFIER_REFERENCE_21) >= 2,SELECT Customers.address_id FROM Customers JOIN Customer_Orders ON Customers.customer_id = Customer_Orders.customer_id JOIN Order_Items ON Customer_Orders.order_id = Order_Items.order_id GROUP BY Customers.address_id HAVING COUNT(Order_Items.product_id) >= 2
72,269,customers_and_orders,customers_and_orders,,,False,0,True,,llama3.1-8b,SELECT COUNT(DISTINCT T2.DESCRIPTIVE_ATTRIBUTE_6) FROM T2,SELECT COUNT(DISTINCT Addresses.address_details) FROM Addresses
73,270,customers_and_orders,customers_and_orders,,,False,0,True,,llama3.1-8b,SELECT COUNT(T1.IDENTIFIER_PRIMARY_1) FROM T1 INNER JOIN T5 ON T1.IDENTIFIER_PRIMARY_1 = T5.IDENTIFIER_REFERENCE_21 INNER JOIN T4 ON T5.IDENTIFIER_REFERENCE_20 = T4.IDENTIFIER_PRIMARY_15,SELECT COUNT(Products.product_id) FROM Products INNER JOIN Order_Items ON Products.product_id = Order_Items.product_id INNER JOIN Customer_Orders ON Order_Items.order_id = Customer_Orders.order_id
74,283,customers_and_orders,customers_and_orders,,,False,0,True,,llama3.1-8b,SELECT DISTINCT T3.DESCRIPTIVE_ATTRIBUTE_11 FROM T3 JOIN T4 ON T3.IDENTIFIER_PRIMARY_7 = T4.IDENTIFIER_REFERENCE_16 JOIN T5 ON T4.IDENTIFIER_PRIMARY_15 = T5.IDENTIFIER_REFERENCE_20,SELECT DISTINCT Customers.customer_name FROM Customers JOIN Customer_Orders ON Customers.customer_id = Customer_Orders.customer_id JOIN Order_Items ON Customer_Orders.order_id = Order_Items.order_id
75,284,customers_and_orders,customers_and_orders,,,False,0,True,,llama3.1-8b,SELECT DISTINCT T3.DESCRIPTIVE_ATTRIBUTE_11 FROM T3 JOIN T4 ON T3.IDENTIFIER_PRIMARY_7 = T4.IDENTIFIER_REFERENCE_16 JOIN T5 ON T4.IDENTIFIER_PRIMARY_15 = T5.IDENTIFIER_REFERENCE_20,SELECT DISTINCT Customers.customer_name FROM Customers JOIN Customer_Orders ON Customers.customer_id = Customer_Orders.customer_id JOIN Order_Items ON Customer_Orders.order_id = Order_Items.order_id
76,289,customers_and_orders,customers_and_orders,,,False,0,True,,llama3.1-8b,SELECT COUNT(T1.IDENTIFIER_PRIMARY_1) FROM T1 INNER JOIN T5 ON T1.IDENTIFIER_PRIMARY_1 = T5.IDENTIFIER_REFERENCE_21,SELECT COUNT(Products.product_id) FROM Products INNER JOIN Order_Items ON Products.product_id = Order_Items.product_id
77,290,customers_and_orders,customers_and_orders,,,False,0,True,,llama3.1-8b,SELECT COUNT(T1.IDENTIFIER_PRIMARY_1) FROM T1 INNER JOIN T5 ON T1.IDENTIFIER_PRIMARY_1 = T5.IDENTIFIER_REFERENCE_21 INNER JOIN T4 ON T5.IDENTIFIER_REFERENCE_20 = T4.IDENTIFIER_PRIMARY_15,SELECT COUNT(Products.product_id) FROM Products INNER JOIN Order_Items ON Products.product_id = Order_Items.product_id INNER JOIN Customer_Orders ON Order_Items.order_id = Customer_Orders.order_id
78,309,customers_and_orders,customers_and_orders,,,False,0,True,,llama3.1-8b,SELECT COUNT(T1.IDENTIFIER_PRIMARY_1) FROM T1 INNER JOIN T5 ON T1.IDENTIFIER_PRIMARY_1 = T5.IDENTIFIER_REFERENCE_21,SELECT COUNT(Products.product_id) FROM Products INNER JOIN Order_Items ON Products.product_id = Order_Items.product_id
79,310,customers_and_orders,customers_and_orders,,,False,0,True,,llama3.1-8b,SELECT COUNT(DISTINCT T1.IDENTIFIER_PRIMARY_1) FROM T1 INNER JOIN T5 ON T1.IDENTIFIER_PRIMARY_1 = T5.IDENTIFIER_REFERENCE_21 INNER JOIN T4 ON T5.IDENTIFIER_REFERENCE_20 = T4.IDENTIFIER_PRIMARY_15,SELECT COUNT(DISTINCT Products.product_id) FROM Products INNER JOIN Order_Items ON Products.product_id = Order_Items.product_id INNER JOIN Customer_Orders ON Order_Items.order_id = Customer_Orders.order_id
80,4,soccer_3,soccer_3,,,False,3,False,,llama3.1-8b,"SELECT T1.DESCRIPITIVE_ATTRIBUTE_2, T2.DESCRIPITIVE_ATTRIBUTE_9 FROM T1 INNER JOIN T2 ON T1.IDENTIFIER_PRIMARY_1 = T2.IDENTIFIER_REFERENCE_13 WHERE T2.DESCRIPITIVE_ATTRIBUTE_9 IN ('Manager', 'Captain')","SELECT club.DESCRIPITIVE_ATTRIBUTE_2, player.DESCRIPITIVE_ATTRIBUTE_9 FROM club INNER JOIN player ON club.Club_ID = player.Club_ID WHERE player.DESCRIPITIVE_ATTRIBUTE_9 IN ('Manager', 'Captain')"
81,5,soccer_3,soccer_3,,,False,3,False,,llama3.1-8b,"SELECT T1.DESCRIPITIVE_ATTRIBUTE_2, T2.DESCRIPITIVE_ATTRIBUTE_9 FROM T1 JOIN T2 ON T1.IDENTIFIER_PRIMARY_1 = T2.IDENTIFIER_REFERENCE_13 WHERE T2.DESCRIPITIVE_ATTRIBUTE_9 IN ('Manager', 'Captain')","SELECT club.DESCRIPITIVE_ATTRIBUTE_2, player.DESCRIPITIVE_ATTRIBUTE_9 FROM club JOIN player ON club.Club_ID = player.Club_ID WHERE player.DESCRIPITIVE_ATTRIBUTE_9 IN ('Manager', 'Captain')"
82,10,soccer_3,soccer_3,,,False,0,True,,llama3.1-8b,SELECT DESCRIPTIVE_ATTRIBUTE_2 FROM T1 WHERE IDENTIFIER_PRIMARY_1 = ( SELECT IDENTIFIER_REFERENCE_13 FROM T2 ORDER BY MEASUREMENT_VALUE_11 DESC LIMIT 1 ),SELECT Name FROM club WHERE Club_ID = ( SELECT Club_ID FROM player ORDER BY Events_number DESC LIMIT 1 )
83,11,soccer_3,soccer_3,,,False,0,True,,llama3.1-8b,SELECT T1.DESCRIPTIVE_ATTRIBUTE_2 FROM T1 INNER JOIN T2 ON T1.IDENTIFIER_PRIMARY_1 = T2.IDENTIFIER_REFERENCE_13 ORDER BY T2.MEASUREMENT_VALUE_11 DESC LIMIT 1,SELECT club.Name FROM club INNER JOIN player ON club.Club_ID = player.Club_ID ORDER BY player.Events_number DESC LIMIT 1
84,16,soccer_3,soccer_3,,,False,3,False,,llama3.1-8b,"SELECT T1.DESCRIPITIVE_ATTRIBUTE_2, T2.DESCRIPITIVE_ATTRIBUTE_9 FROM T1 INNER JOIN T2 ON T1.IDENTIFIER_PRIMARY_1 = T2.IDENTIFIER_REFERENCE_13","SELECT club.DESCRIPITIVE_ATTRIBUTE_2, player.DESCRIPITIVE_ATTRIBUTE_9 FROM club INNER JOIN player ON club.Club_ID = player.Club_ID"
85,17,soccer_3,soccer_3,,,False,3,False,,llama3.1-8b,"SELECT T1.DESCRIPITIVE_ATTRIBUTE_2, T2.DESCRIPITIVE_ATTRIBUTE_8 FROM T1 INNER JOIN T2 ON T1.IDENTIFIER_PRIMARY_1 = T2.IDENTIFIER_REFERENCE_13","SELECT club.DESCRIPITIVE_ATTRIBUTE_2, player.DESCRIPITIVE_ATTRIBUTE_8 FROM club INNER JOIN player ON club.Club_ID = player.Club_ID"
86,18,soccer_3,soccer_3,,,False,0,True,,llama3.1-8b,SELECT T1.DESCRIPTIVE_ATTRIBUTE_2 FROM T1 JOIN T2 ON T1.IDENTIFIER_PRIMARY_1 = T2.IDENTIFIER_REFERENCE_13 GROUP BY T1.DESCRIPTIVE_ATTRIBUTE_2 HAVING COUNT(T2.MEASUREMENT_VALUE_11) > 2,SELECT club.Name FROM club JOIN player ON club.Club_ID = player.Club_ID GROUP BY club.Name HAVING COUNT(player.Events_number) > 2
87,19,soccer_3,soccer_3,,,False,0,True,,llama3.1-8b,SELECT DISTINCT T1.DESCRIPTIVE_ATTRIBUTE_2 FROM T1 JOIN T2 ON T1.IDENTIFIER_PRIMARY_1 = T2.IDENTIFIER_REFERENCE_13 WHERE T2.MEASUREMENT_VALUE_11 > 2,SELECT DISTINCT club.Name FROM club JOIN player ON club.Club_ID = player.Club_ID WHERE player.Events_number > 2
88,20,soccer_3,soccer_3,,,False,1,True,,llama3.1-8b,SELECT T1.DESCRIPTIVE_ATTRIBUTE_2 FROM T1 INNER JOIN T2 ON T1.IDENTIFIER_PRIMARY_1 = T2.IDENTIFIER_REFERENCE_13 WHERE T2.DESCRIPTIVE_ATTRIBUTE_9 = 'Sam Allardyce',SELECT club.Name FROM club INNER JOIN player ON club.Club_ID = player.Club_ID WHERE player.Country = 'Sam Allardyce'
89,21,soccer_3,soccer_3,,,False,0,True,,llama3.1-8b,SELECT DESCRIPTIVE_ATTRIBUTE_2 FROM T1 WHERE TEXT_FIELD_3 LIKE '%Sam Allardyce%',SELECT Name FROM club WHERE Manager LIKE '%Sam Allardyce%'
90,24,soccer_3,soccer_3,,,False,0,True,,llama3.1-8b,"SELECT DISTINCT T1.DESCRIPTIVE_ATTRIBUTE_2, COUNT(T2.IDENTIFIER_PRIMARY_7) FROM T1 INNER JOIN T2 ON T1.IDENTIFIER_PRIMARY_1 = T2.IDENTIFIER_REFERENCE_13 GROUP BY T1.DESCRIPTIVE_ATTRIBUTE_2","SELECT DISTINCT club.Name, COUNT(player.Player_ID) FROM club INNER JOIN player ON club.Club_ID = player.Club_ID GROUP BY club.Name"
91,25,soccer_3,soccer_3,,,False,0,True,,llama3.1-8b,"SELECT T2.DESCRIPTIVE_ATTRIBUTE_8, COUNT(T2.DESCRIPTIVE_ATTRIBUTE_8) FROM T2 INNER JOIN T1 ON T2.IDENTIFIER_REFERENCE_13 = T1.IDENTIFIER_PRIMARY_1 GROUP BY T2.DESCRIPTIVE_ATTRIBUTE_8","SELECT player.Name, COUNT(player.Name) FROM player INNER JOIN club ON player.Club_ID = club.Club_ID GROUP BY player.Name"
92,38,soccer_3,soccer_3,,,False,0,True,,llama3.1-8b,"SELECT T2.NUMERIC_FIELD_10 FROM T2 INNER JOIN T1 ON T2.IDENTIFIER_REFERENCE_13 = T1.IDENTIFIER_PRIMARY_1 WHERE T1.DESCRIPTIVE_ATTRIBUTE_2 IN ('Australia', 'Zimbabwe')","SELECT player.Earnings FROM player INNER JOIN club ON player.Club_ID = club.Club_ID WHERE club.Name IN ('Australia', 'Zimbabwe')"
93,39,soccer_3,soccer_3,,,False,0,True,,llama3.1-8b,SELECT TEXT_FIELD_3 FROM T1 WHERE DESCRIPTIVE_ATTRIBUTE_2 = 'Australia' OR DESCRIPTIVE_ATTRIBUTE_2 = 'Zimbabwe',SELECT Manager FROM club WHERE Name = 'Australia' OR Name = 'Zimbabwe'
94,42,e_commerce,e_commerce,,,False,0,True,,llama3.1-8b,"SELECT T1.IDENTIFIER_PRIMARY_1, T2.DESCRIPTIVE_ATTRIBUTE_9, COUNT(T6.IDENTIFIER_PRIMARY_30) FROM T1 JOIN T6 ON T1.IDENTIFIER_PRIMARY_1 = T6.IDENTIFIER_REFERENCE_31 JOIN T5 ON T6.IDENTIFIER_REFERENCE_32 = T5.IDENTIFIER_PRIMARY_26 JOIN T2 ON T5.IDENTIFIER_REFERENCE_27 = T2.IDENTIFIER_PRIMARY_8 GROUP BY T1.IDENTIFIER_PRIMARY_1, T2.DESCRIPTIVE_ATTRIBUTE_9","SELECT Products.product_id, Customers.gender_code, COUNT(Order_Items.order_item_id) FROM Products JOIN Order_Items ON Products.product_id = Order_Items.product_id JOIN Orders ON Order_Items.order_id = Orders.order_id JOIN Customers ON Orders.customer_id = Customers.customer_id GROUP BY Products.product_id, Customers.gender_code"
95,43,e_commerce,e_commerce,,,False,0,True,,llama3.1-8b,"SELECT T1.IDENTIFIER_PRIMARY_1, COUNT(T5.IDENTIFIER_PRIMARY_26) AS products_count, T2.DESCRIPTIVE_ATTRIBUTE_9, T2.DESCRIPTIVE_ATTRIBUTE_10 FROM T1 JOIN T6 ON T1.IDENTIFIER_PRIMARY_1 = T6.IDENTIFIER_REFERENCE_31 JOIN T5 ON T6.IDENTIFIER_REFERENCE_32 = T5.IDENTIFIER_PRIMARY_26 JOIN T2 ON T5.IDENTIFIER_REFERENCE_27 = T2.IDENTIFIER_PRIMARY_8 GROUP BY T1.IDENTIFIER_PRIMARY_1, T2.DESCRIPTIVE_ATTRIBUTE_9, T2.DESCRIPTIVE_ATTRIBUTE_10","SELECT Products.product_id, COUNT(Orders.order_id) AS products_count, Customers.gender_code, Customers.customer_first_name FROM Products JOIN Order_Items ON Products.product_id = Order_Items.product_id JOIN Orders ON Order_Items.order_id = Orders.order_id JOIN Customers ON Orders.customer_id = Customers.customer_id GROUP BY Products.product_id, Customers.gender_code, Customers.customer_first_name"
96,50,e_commerce,e_commerce,,,False,0,True,,llama3.1-8b,"SELECT T1.IDENTIFIER_PRIMARY_1, T4.DESCRIPTIVE_ATTRIBUTE_24 FROM T1 JOIN T6 ON T1.IDENTIFIER_PRIMARY_1 = T6.IDENTIFIER_REFERENCE_31 JOIN T5 ON T6.IDENTIFIER_REFERENCE_32 = T5.IDENTIFIER_PRIMARY_26 JOIN T4 ON T5.IDENTIFIER_REFERENCE_27 = T4.IDENTIFIER_PRIMARY_23 JOIN T7 ON T5.IDENTIFIER_PRIMARY_26 = T7.IDENTIFIER_REFERENCE_35 WHERE T7.IDENTIFIER_REFERENCE_36 IS NOT NULL AND T6.IDENTIFIER_REFERENCE_32 IS NOT NULL GROUP BY T1.IDENTIFIER_PRIMARY_1 HAVING COUNT(T6.IDENTIFIER_REFERENCE_32) >= 2","SELECT Products.product_id, Invoices.invoice_status_code FROM Products JOIN Order_Items ON Products.product_id = Order_Items.product_id JOIN Orders ON Order_Items.order_id = Orders.order_id JOIN Invoices ON Orders.customer_id = Invoices.invoice_number JOIN Shipments ON Orders.order_id = Shipments.order_id WHERE Shipments.invoice_number IS NOT NULL AND Order_Items.order_id IS NOT NULL GROUP BY Products.product_id HAVING COUNT(Order_Items.order_id) >= 2"
97,51,e_commerce,e_commerce,,,False,0,True,,llama3.1-8b,"SELECT T1.IDENTIFIER_PRIMARY_1, T4.CHRONOLOGICAL_MARKER_25 FROM T1 JOIN T6 ON T1.IDENTIFIER_PRIMARY_1 = T6.IDENTIFIER_REFERENCE_31 JOIN T5 ON T6.IDENTIFIER_REFERENCE_32 = T5.IDENTIFIER_PRIMARY_26 JOIN T4 ON T5.IDENTIFIER_REFERENCE_27 = T4.IDENTIFIER_PRIMARY_23 GROUP BY T1.IDENTIFIER_PRIMARY_1, T4.CHRONOLOGICAL_MARKER_25 HAVING COUNT(T5.IDENTIFIER_PRIMARY_26) >= 2","SELECT Products.product_id, Invoices.invoice_date FROM Products JOIN Order_Items ON Products.product_id = Order_Items.product_id JOIN Orders ON Order_Items.order_id = Orders.order_id JOIN Invoices ON Orders.customer_id = Invoices.invoice_number GROUP BY Products.product_id, Invoices.invoice_date HAVING COUNT(Orders.order_id) >= 2"
98,60,e_commerce,e_commerce,,,False,0,True,,llama3.1-8b,"SELECT T1.DESCRIPTIVE_ATTRIBUTE_3, COUNT(T5.IDENTIFIER_PRIMARY_26) FROM T1 JOIN T5 ON T1.IDENTIFIER_PRIMARY_1 = T5.IDENTIFIER_REFERENCE_27 JOIN T2 ON T5.IDENTIFIER_REFERENCE_27 = T2.IDENTIFIER_PRIMARY_8 GROUP BY T1.DESCRIPTIVE_ATTRIBUTE_3","SELECT Products.product_name, COUNT(Orders.order_id) FROM Products JOIN Orders ON Products.product_id = Orders.customer_id JOIN Customers ON Orders.customer_id = Customers.customer_id GROUP BY Products.product_name"
99,61,e_commerce,e_commerce,,,False,0,True,,llama3.1-8b,"SELECT T1.DESCRIPTIVE_ATTRIBUTE_3, COUNT(T5.IDENTIFIER_PRIMARY_26) FROM T1 JOIN T5 ON T1.IDENTIFIER_PRIMARY_1 = T5.IDENTIFIER_REFERENCE_27 JOIN T2 ON T5.IDENTIFIER_REFERENCE_27 = T2.IDENTIFIER_PRIMARY_8 GROUP BY T1.DESCRIPTIVE_ATTRIBUTE_3","SELECT Products.product_name, COUNT(Orders.order_id) FROM Products JOIN Orders ON Products.product_id = Orders.customer_id JOIN Customers ON Orders.customer_id = Customers.customer_id GROUP BY Products.product_name"
100,62,e_commerce,e_commerce,,,False,3,False,,llama3.1-8b,"SELECT T1.DESCRIPTIVE_ATTRIBUTE_3, T1.DESCRIPTIVE_ATTRIBUTE_17, T1.DESCRIPTIVE_ATTRIBUTE_18, T2.DESCRIPTIVE_ATTRIBUTE_9 FROM T1 INNER JOIN T6 ON T1.IDENTIFIER_PRIMARY_1 = T6.IDENTIFIER_REFERENCE_31 INNER JOIN T5 ON T6.IDENTIFIER_REFERENCE_32 = T5.IDENTIFIER_PRIMARY_26 INNER JOIN T2 ON T5.IDENTIFIER_REFERENCE_27 = T2.IDENTIFIER_PRIMARY_8","SELECT Products.product_name, Products.address_line_1, Products.town_city, Customers.gender_code FROM Products INNER JOIN Order_Items ON Products.product_id = Order_Items.product_id INNER JOIN Orders ON Order_Items.order_id = Orders.order_id INNER JOIN Customers ON Orders.customer_id = Customers.customer_id"
101,63,e_commerce,e_commerce,,,False,0,True,,llama3.1-8b,"SELECT T2.DESCRIPTIVE_ATTRIBUTE_9, T2.DESCRIPTIVE_ATTRIBUTE_10, T2.DESCRIPTIVE_ATTRIBUTE_13, T2.DESCRIPTIVE_ATTRIBUTE_14 FROM T2 JOIN T5 ON T2.IDENTIFIER_PRIMARY_8 = T5.IDENTIFIER_REFERENCE_27 JOIN T1 ON T1.IDENTIFIER_PRIMARY_1 = T5.IDENTIFIER_REFERENCE_27","SELECT Customers.gender_code, Customers.customer_first_name, Customers.email_address, Customers.login_name FROM Customers JOIN Orders ON Customers.customer_id = Orders.customer_id JOIN Products ON Products.product_id = Orders.customer_id"
102,64,e_commerce,e_commerce,,,False,0,True,,llama3.1-8b,"SELECT T5.DESCRIPTIVE_ATTRIBUTE_28, T4.CHRONOLOGICAL_MARKER_25, T7.CHRONOLOGICAL_MARKER_38 FROM T5 JOIN T4 ON T5.IDENTIFIER_REFERENCE_27 = T4.IDENTIFIER_PRIMARY_23 JOIN T7 ON T5.IDENTIFIER_PRIMARY_26 = T7.IDENTIFIER_REFERENCE_35","SELECT Orders.order_status_code, Invoices.invoice_date, Shipments.shipment_date FROM Orders JOIN Invoices ON Orders.customer_id = Invoices.invoice_number JOIN Shipments ON Orders.order_id = Shipments.order_id"
103,65,e_commerce,e_commerce,,,False,0,True,,llama3.1-8b,"SELECT T2.DESCRIPTIVE_ATTRIBUTE_9, T4.CHRONOLOGICAL_MARKER_25, T5.CHRONOLOGICAL_MARKER_29 FROM T1 INNER JOIN T6 ON T1.IDENTIFIER_PRIMARY_1 = T6.IDENTIFIER_REFERENCE_31 INNER JOIN T5 ON T6.IDENTIFIER_REFERENCE_32 = T5.IDENTIFIER_PRIMARY_26 INNER JOIN T4 ON T5.IDENTIFIER_REFERENCE_27 = T4.IDENTIFIER_PRIMARY_23 INNER JOIN T2 ON T5.IDENTIFIER_REFERENCE_27 = T2.IDENTIFIER_PRIMARY_8","SELECT Customers.gender_code, Invoices.invoice_date, Orders.date_order_placed FROM Products INNER JOIN Order_Items ON Products.product_id = Order_Items.product_id INNER JOIN Orders ON Order_Items.order_id = Orders.order_id INNER JOIN Invoices ON Orders.customer_id = Invoices.invoice_number INNER JOIN Customers ON Orders.customer_id = Customers.customer_id"
104,68,e_commerce,e_commerce,,,False,0,True,,llama3.1-8b,"SELECT T2.DESCRIPTIVE_ATTRIBUTE_9, T3.TEXT_FIELD_22 FROM T1 JOIN T5 ON T1.IDENTIFIER_PRIMARY_1 = T5.IDENTIFIER_REFERENCE_27 JOIN T2 ON T5.IDENTIFIER_REFERENCE_27 = T2.IDENTIFIER_PRIMARY_8 JOIN T3 ON T2.IDENTIFIER_PRIMARY_8 = T3.IDENTIFIER_REFERENCE_21","SELECT Customers.gender_code, Customer_Payment_Methods.payment_method_code FROM Products JOIN Orders ON Products.product_id = Orders.customer_id JOIN Customers ON Orders.customer_id = Customers.customer_id JOIN Customer_Payment_Methods ON Customers.customer_id = Customer_Payment_Methods.customer_id"
105,69,e_commerce,e_commerce,,,False,0,True,,llama3.1-8b,"SELECT T2.DESCRIPTIVE_ATTRIBUTE_9, T3.TEXT_FIELD_22 FROM T1 JOIN T5 ON T1.IDENTIFIER_PRIMARY_1 = T5.IDENTIFIER_REFERENCE_27 JOIN T3 ON T5.IDENTIFIER_REFERENCE_27 = T3.IDENTIFIER_REFERENCE_21 JOIN T2 ON T3.IDENTIFIER_REFERENCE_21 = T2.IDENTIFIER_PRIMARY_8","SELECT Customers.gender_code, Customer_Payment_Methods.payment_method_code FROM Products JOIN Orders ON Products.product_id = Orders.customer_id JOIN Customer_Payment_Methods ON Orders.customer_id = Customer_Payment_Methods.customer_id JOIN Customers ON Customer_Payment_Methods.customer_id = Customers.customer_id"
106,84,e_commerce,e_commerce,,,False,0,True,,llama3.1-8b,"SELECT T2.DESCRIPTIVE_ATTRIBUTE_9, T2.DESCRIPTIVE_ATTRIBUTE_10 FROM T2 JOIN T3 ON T2.IDENTIFIER_PRIMARY_8 = T3.IDENTIFIER_REFERENCE_21 JOIN T1 ON T3.IDENTIFIER_REFERENCE_21 = T1.IDENTIFIER_PRIMARY_1 WHERE T1.MEASUREMENT_VALUE_6 LIKE '+12%'","SELECT Customers.gender_code, Customers.customer_first_name FROM Customers JOIN Customer_Payment_Methods ON Customers.customer_id = Customer_Payment_Methods.customer_id JOIN Products ON Customer_Payment_Methods.customer_id = Products.product_id WHERE Products.product_size LIKE '+12%'"
107,85,e_commerce,e_commerce,,,False,3,False,,llama3.1-8b,"SELECT TEXT_FIELD_5, TEXT_FIELD_11 FROM T1 INNER JOIN T6 ON T1.IDENTIFIER_PRIMARY_1 = T6.IDENTIFIER_REFERENCE_31 INNER JOIN T5 ON T6.IDENTIFIER_REFERENCE_32 = T5.IDENTIFIER_PRIMARY_26 WHERE TEXT_FIELD_5 LIKE '+12%'","SELECT product_color, customer_middle_initial FROM Products INNER JOIN Order_Items ON Products.product_id = Order_Items.product_id INNER JOIN Orders ON Order_Items.order_id = Orders.order_id WHERE product_color LIKE '+12%'"
108,86,e_commerce,e_commerce,,,False,0,True,,llama3.1-8b,SELECT T2.DESCRIPTIVE_ATTRIBUTE_9 FROM T1 JOIN T2 ON T1.IDENTIFIER_PRIMARY_1 = T2.IDENTIFIER_PRIMARY_8 WHERE T1.DESCRIPTIVE_ATTRIBUTE_3 LIKE '%Dell%',SELECT Customers.gender_code FROM Products JOIN Customers ON Products.product_id = Customers.customer_id WHERE Products.product_name LIKE '%Dell%'
109,87,e_commerce,e_commerce,,,False,0,True,,llama3.1-8b,SELECT T1.DESCRIPTIVE_ATTRIBUTE_3 FROM T1 INNER JOIN T6 ON T1.IDENTIFIER_PRIMARY_1 = T6.IDENTIFIER_REFERENCE_31 INNER JOIN T5 ON T6.IDENTIFIER_REFERENCE_32 = T5.IDENTIFIER_PRIMARY_26 WHERE T1.DESCRIPTIVE_ATTRIBUTE_3 LIKE '%Dell%',SELECT Products.product_name FROM Products INNER JOIN Order_Items ON Products.product_id = Order_Items.product_id INNER JOIN Orders ON Order_Items.order_id = Orders.order_id WHERE Products.product_name LIKE '%Dell%'
110,94,e_commerce,e_commerce,,,False,0,True,,llama3.1-8b,"SELECT T2.DESCRIPTIVE_ATTRIBUTE_9, T4.CHRONOLOGICAL_MARKER_25 FROM T1 JOIN T6 ON T1.IDENTIFIER_PRIMARY_1 = T6.IDENTIFIER_REFERENCE_31 JOIN T5 ON T6.IDENTIFIER_REFERENCE_32 = T5.IDENTIFIER_PRIMARY_26 JOIN T4 ON T5.IDENTIFIER_REFERENCE_27 = T4.IDENTIFIER_PRIMARY_23 JOIN T2 ON T5.IDENTIFIER_REFERENCE_27 = T2.IDENTIFIER_PRIMARY_8","SELECT Customers.gender_code, Invoices.invoice_date FROM Products JOIN Order_Items ON Products.product_id = Order_Items.product_id JOIN Orders ON Order_Items.order_id = Orders.order_id JOIN Invoices ON Orders.customer_id = Invoices.invoice_number JOIN Customers ON Orders.customer_id = Customers.customer_id"
111,95,e_commerce,e_commerce,,,False,0,True,,llama3.1-8b,"SELECT T2.DESCRIPTIVE_ATTRIBUTE_9, T4.CHRONOLOGICAL_MARKER_25 FROM T1 JOIN T6 ON T1.IDENTIFIER_PRIMARY_1 = T6.IDENTIFIER_REFERENCE_31 JOIN T5 ON T6.IDENTIFIER_REFERENCE_32 = T5.IDENTIFIER_PRIMARY_26 JOIN T4 ON T5.IDENTIFIER_REFERENCE_27 = T4.IDENTIFIER_PRIMARY_23 JOIN T2 ON T5.IDENTIFIER_REFERENCE_27 = T2.IDENTIFIER_PRIMARY_8","SELECT Customers.gender_code, Invoices.invoice_date FROM Products JOIN Order_Items ON Products.product_id = Order_Items.product_id JOIN Orders ON Order_Items.order_id = Orders.order_id JOIN Invoices ON Orders.customer_id = Invoices.invoice_number JOIN Customers ON Orders.customer_id = Customers.customer_id"
112,96,e_commerce,e_commerce,,,False,0,True,,llama3.1-8b,"SELECT T2.DESCRIPTIVE_ATTRIBUTE_9, T2.DESCRIPTIVE_ATTRIBUTE_10, T2.DESCRIPTIVE_ATTRIBUTE_12 FROM T2 JOIN T5 ON T2.IDENTIFIER_PRIMARY_8 = T5.IDENTIFIER_REFERENCE_27 JOIN T1 ON T1.IDENTIFIER_PRIMARY_1 = T5.IDENTIFIER_REFERENCE_27 WHERE T1.DESCRIPTIVE_ATTRIBUTE_3 LIKE '%USA%'","SELECT Customers.gender_code, Customers.customer_first_name, Customers.customer_last_name FROM Customers JOIN Orders ON Customers.customer_id = Orders.customer_id JOIN Products ON Products.product_id = Orders.customer_id WHERE Products.product_name LIKE '%USA%'"
113,97,e_commerce,e_commerce,,,False,0,True,,llama3.1-8b,"SELECT T2.DESCRIPTIVE_ATTRIBUTE_9, T2.DESCRIPTIVE_ATTRIBUTE_10, T2.DESCRIPTIVE_ATTRIBUTE_12 FROM T1 JOIN T5 ON T1.IDENTIFIER_PRIMARY_1 = T5.IDENTIFIER_REFERENCE_27 JOIN T2 ON T5.IDENTIFIER_REFERENCE_27 = T2.IDENTIFIER_PRIMARY_8 WHERE T1.DESCRIPTIVE_ATTRIBUTE_3 = 'United States'","SELECT Customers.gender_code, Customers.customer_first_name, Customers.customer_last_name FROM Products JOIN Orders ON Products.product_id = Orders.customer_id JOIN Customers ON Orders.customer_id = Customers.customer_id WHERE Products.product_name = 'United States'"
114,112,e_commerce,e_commerce,,,False,0,True,,llama3.1-8b,"SELECT T1.IDENTIFIER_PRIMARY_1, T1.DESCRIPTIVE_ATTRIBUTE_3 FROM T1 JOIN T5 ON T1.IDENTIFIER_PRIMARY_1 = T5.IDENTIFIER_REFERENCE_27 JOIN T7 ON T5.IDENTIFIER_PRIMARY_26 = T7.IDENTIFIER_REFERENCE_35 WHERE T7.MEASUREMENT_VALUE_37 * 3 < T1.CURRENCY_AMOUNT_4","SELECT Products.product_id, Products.product_name FROM Products JOIN Orders ON Products.product_id = Orders.customer_id JOIN Shipments ON Orders.order_id = Shipments.order_id WHERE Shipments.shipment_tracking_number * 3 < Products.product_price"
115,113,e_commerce,e_commerce,,,False,0,True,,llama3.1-8b,"SELECT T1.IDENTIFIER_PRIMARY_1, T1.DESCRIPTIVE_ATTRIBUTE_3 FROM T1 JOIN T6 ON T1.IDENTIFIER_PRIMARY_1 = T6.IDENTIFIER_REFERENCE_31 JOIN T5 ON T6.IDENTIFIER_REFERENCE_32 = T5.IDENTIFIER_PRIMARY_26 GROUP BY T1.IDENTIFIER_PRIMARY_1 HAVING COUNT(T5.IDENTIFIER_PRIMARY_26) > 3","SELECT Products.product_id, Products.product_name FROM Products JOIN Order_Items ON Products.product_id = Order_Items.product_id JOIN Orders ON Order_Items.order_id = Orders.order_id GROUP BY Products.product_id HAVING COUNT(Orders.order_id) > 3"
116,114,e_commerce,e_commerce,,,False,0,True,,llama3.1-8b,"SELECT T4.DESCRIPTIVE_ATTRIBUTE_24, T5.IDENTIFIER_PRIMARY_26 FROM T5 JOIN T7 ON T5.IDENTIFIER_PRIMARY_26 = T7.IDENTIFIER_REFERENCE_35 JOIN T4 ON T7.IDENTIFIER_REFERENCE_36 = T4.IDENTIFIER_PRIMARY_23 JOIN T6 ON T5.IDENTIFIER_PRIMARY_26 = T6.IDENTIFIER_REFERENCE_32 JOIN T1 ON T6.IDENTIFIER_REFERENCE_31 = T1.IDENTIFIER_PRIMARY_1 GROUP BY T5.IDENTIFIER_PRIMARY_26 HAVING COUNT(T7.IDENTIFIER_PRIMARY_34) >= 2","SELECT Invoices.invoice_status_code, Orders.order_id FROM Orders JOIN Shipments ON Orders.order_id = Shipments.order_id JOIN Invoices ON Shipments.invoice_number = Invoices.invoice_number JOIN Order_Items ON Orders.order_id = Order_Items.order_id JOIN Products ON Order_Items.product_id = Products.product_id GROUP BY Orders.order_id HAVING COUNT(Shipments.shipment_id) >= 2"
117,115,e_commerce,e_commerce,,,False,0,True,,llama3.1-8b,"SELECT T4.CHRONOLOGICAL_MARKER_25, T1.IDENTIFIER_PRIMARY_1 FROM T1 JOIN T6 ON T1.IDENTIFIER_PRIMARY_1 = T6.IDENTIFIER_REFERENCE_31 JOIN T5 ON T6.IDENTIFIER_REFERENCE_32 = T5.IDENTIFIER_PRIMARY_26 JOIN T4 ON T5.IDENTIFIER_REFERENCE_27 = T4.IDENTIFIER_PRIMARY_23 JOIN T7 ON T5.IDENTIFIER_PRIMARY_26 = T7.IDENTIFIER_REFERENCE_35 WHERE T7.IDENTIFIER_REFERENCE_36 = T4.IDENTIFIER_PRIMARY_23 GROUP BY T1.IDENTIFIER_PRIMARY_1 HAVING COUNT(T1.IDENTIFIER_PRIMARY_1) >= 2","SELECT Invoices.invoice_date, Products.product_id FROM Products JOIN Order_Items ON Products.product_id = Order_Items.product_id JOIN Orders ON Order_Items.order_id = Orders.order_id JOIN Invoices ON Orders.customer_id = Invoices.invoice_number JOIN Shipments ON Orders.order_id = Shipments.order_id WHERE Shipments.invoice_number = Invoices.invoice_number GROUP BY Products.product_id HAVING COUNT(Products.product_id) >= 2"
118,116,e_commerce,e_commerce,,,False,0,True,,llama3.1-8b,"SELECT T3.TEXT_FIELD_22, T4.DESCRIPTIVE_ATTRIBUTE_24, T4.CHRONOLOGICAL_MARKER_25 FROM T3 JOIN T2 ON T3.IDENTIFIER_REFERENCE_21 = T2.IDENTIFIER_PRIMARY_8 JOIN T5 ON T2.IDENTIFIER_PRIMARY_8 = T5.IDENTIFIER_REFERENCE_27 JOIN T7 ON T5.IDENTIFIER_PRIMARY_26 = T7.IDENTIFIER_REFERENCE_35 JOIN T4 ON T7.IDENTIFIER_REFERENCE_36 = T4.IDENTIFIER_PRIMARY_23 JOIN T6 ON T7.IDENTIFIER_REFERENCE_35 = T6.IDENTIFIER_REFERENCE_31 JOIN T8 ON T6.IDENTIFIER_PRIMARY_30 = T8.IDENTIFIER_REFERENCE_40","SELECT Customer_Payment_Methods.payment_method_code, Invoices.invoice_status_code, Invoices.invoice_date FROM Customer_Payment_Methods JOIN Customers ON Customer_Payment_Methods.customer_id = Customers.customer_id JOIN Orders ON Customers.customer_id = Orders.customer_id JOIN Shipments ON Orders.order_id = Shipments.order_id JOIN Invoices ON Shipments.invoice_number = Invoices.invoice_number JOIN Order_Items ON Shipments.order_id = Order_Items.product_id JOIN Shipment_Items ON Order_Items.order_item_id = Shipment_Items.order_item_id"
119,117,e_commerce,e_commerce,,,False,0,True,,llama3.1-8b,"SELECT T3.TEXT_FIELD_22, T4.CHRONOLOGICAL_MARKER_25 FROM T3 JOIN T2 ON T3.IDENTIFIER_REFERENCE_21 = T2.IDENTIFIER_PRIMARY_8 JOIN T5 ON T2.IDENTIFIER_PRIMARY_8 = T5.IDENTIFIER_REFERENCE_27 JOIN T7 ON T5.IDENTIFIER_PRIMARY_26 = T7.IDENTIFIER_REFERENCE_35 JOIN T4 ON T7.IDENTIFIER_REFERENCE_36 = T4.IDENTIFIER_PRIMARY_23 JOIN T6 ON T7.IDENTIFIER_REFERENCE_35 = T6.IDENTIFIER_REFERENCE_31 JOIN T8 ON T6.IDENTIFIER_PRIMARY_30 = T8.IDENTIFIER_REFERENCE_40","SELECT Customer_Payment_Methods.payment_method_code, Invoices.invoice_date FROM Customer_Payment_Methods JOIN Customers ON Customer_Payment_Methods.customer_id = Customers.customer_id JOIN Orders ON Customers.customer_id = Orders.customer_id JOIN Shipments ON Orders.order_id = Shipments.order_id JOIN Invoices ON Shipments.invoice_number = Invoices.invoice_number JOIN Order_Items ON Shipments.order_id = Order_Items.product_id JOIN Shipment_Items ON Order_Items.order_item_id = Shipment_Items.order_item_id"
120,121,bbc_channels,bbc_channels,,,False,0,True,,llama3.1-8b,SELECT T3.DESCRIPTIVE_ATTRIBUTE_11 FROM T3 INNER JOIN T2 ON T3.IDENTIFIER_REFERENCE_12 = T2.IDENTIFIER_PRIMARY_6 ORDER BY T2.MEASUREMENT_VALUE_8 LIMIT 1,SELECT program.Title FROM program INNER JOIN director ON program.Director_ID = director.Director_ID ORDER BY director.Age LIMIT 1
121,122,bbc_channels,bbc_channels,,,False,0,True,,llama3.1-8b,SELECT COUNT(DISTINCT T1.IDENTIFIER_PRIMARY_1) FROM T1 INNER JOIN T4 ON T1.IDENTIFIER_PRIMARY_1 = T4.IDENTIFIER_REFERENCE_15 WHERE T1.TEXT_FIELD_3 LIKE '%bbc%',SELECT COUNT(DISTINCT channel.Channel_ID) FROM channel INNER JOIN director_admin ON channel.Channel_ID = director_admin.Channel_ID WHERE channel.Analogue_terrestrial_channel LIKE '%bbc%'
122,127,bbc_channels,bbc_channels,,,False,0,True,,llama3.1-8b,SELECT T1.DESCRIPTIVE_ATTRIBUTE_2 FROM T3 AS T3 INNER JOIN T1 AS T1 ON T3.IDENTIFIER_REFERENCE_13 = T1.IDENTIFIER_PRIMARY_1 ORDER BY T3.CHRONOLOGICAL_MARKER_10 DESC LIMIT 1,SELECT channel.Name FROM program AS program INNER JOIN channel AS channel ON program.Channel_ID = channel.Channel_ID ORDER BY program.Start_Year DESC LIMIT 1
123,128,bbc_channels,bbc_channels,,,False,0,True,,llama3.1-8b,"SELECT T1.DESCRIPTIVE_ATTRIBUTE_2, T1.TEXT_FIELD_4 FROM T1 JOIN T4 ON T1.IDENTIFIER_PRIMARY_1 = T4.IDENTIFIER_REFERENCE_15 GROUP BY T1.IDENTIFIER_PRIMARY_1 HAVING COUNT(T4.IDENTIFIER_PRIMARY_14) > 1","SELECT channel.Name, channel.Digital_terrestrial_channel FROM channel JOIN director_admin ON channel.Channel_ID = director_admin.Channel_ID GROUP BY channel.Channel_ID HAVING COUNT(director_admin.Director_ID) > 1"
124,129,bbc_channels,bbc_channels,,,False,0,True,,llama3.1-8b,"SELECT T2.DESCRIPTIVE_ATTRIBUTE_7, COUNT(T4.IDENTIFIER_PRIMARY_14) FROM T4 JOIN T1 ON T4.IDENTIFIER_REFERENCE_15 = T1.IDENTIFIER_PRIMARY_1 JOIN T2 ON T4.IDENTIFIER_PRIMARY_14 = T2.IDENTIFIER_PRIMARY_6 GROUP BY T2.DESCRIPTIVE_ATTRIBUTE_7","SELECT director.Name, COUNT(director_admin.Director_ID) FROM director_admin JOIN channel ON director_admin.Channel_ID = channel.Channel_ID JOIN director ON director_admin.Director_ID = director.Director_ID GROUP BY director.Name"
125,131,bbc_channels,bbc_channels,,,False,0,True,,llama3.1-8b,SELECT T1.DESCRIPTIVE_ATTRIBUTE_2 FROM T3 JOIN T1 ON T3.IDENTIFIER_REFERENCE_13 = T1.IDENTIFIER_PRIMARY_1 WHERE T3.DESCRIPTIVE_ATTRIBUTE_11 = 'Dracula',SELECT channel.Name FROM program JOIN channel ON program.Channel_ID = channel.Channel_ID WHERE program.Title = 'Dracula'
126,138,tv_shows,tv_shows,,,False,0,True,,llama3.1-8b,"SELECT T2.TEXT_FIELD_7, T2.TEXT_FIELD_8 FROM T2 INNER JOIN T4 ON T2.IDENTIFIER_PRIMARY_6 = T4.IDENTIFIER_REFERENCE_19 INNER JOIN T1 ON T4.IDENTIFIER_PRIMARY_18 = T1.IDENTIFIER_PRIMARY_1","SELECT radio.Transmitter, radio.Radio_MHz FROM radio INNER JOIN city_channel_radio ON radio.Radio_ID = city_channel_radio.Radio_ID INNER JOIN city_channel ON city_channel_radio.City_channel_ID = city_channel.ID"
127,140,tv_shows,tv_shows,,,False,0,True,,llama3.1-8b,SELECT T1.DESCRIPTIVE_ATTRIBUTE_2 FROM T1 JOIN T5 ON T1.IDENTIFIER_PRIMARY_1 = T5.IDENTIFIER_PRIMARY_21 JOIN T3 ON T5.IDENTIFIER_REFERENCE_22 = T3.IDENTIFIER_PRIMARY_13 WHERE T3.DESCRIPTIVE_ATTRIBUTE_16 > 150 OR T3.DESCRIPTIVE_ATTRIBUTE_16 < 30,SELECT city_channel.City FROM city_channel JOIN city_channel_tv_show ON city_channel.ID = city_channel_tv_show.City_channel_ID JOIN tv_show ON city_channel_tv_show.tv_show_ID = tv_show.tv_show_ID WHERE tv_show.Next_show_name > 150 OR tv_show.Next_show_name < 30
128,141,tv_shows,tv_shows,,,False,1,True,,llama3.1-8b,SELECT T3.DESCRIPTIVE_ATTRIBUTE_14 FROM T3 JOIN T5 ON T3.IDENTIFIER_PRIMARY_13 = T5.IDENTIFIER_REFERENCE_22 JOIN T1 ON T5.IDENTIFIER_PRIMARY_21 = T1.IDENTIFIER_PRIMARY_1 JOIN T2 ON T1.IDENTIFIER_PRIMARY_1 = T2.IDENTIFIER_PRIMARY_6 ORDER BY T2.TEXT_FIELD_7 DESC LIMIT 1,SELECT tv_show.tv_show_name FROM tv_show JOIN city_channel_tv_show ON tv_show.tv_show_ID = city_channel_tv_show.tv_show_ID JOIN city_channel ON city_channel_tv_show.City_channel_ID = city_channel.ID JOIN radio ON city_channel.ID = radio.Radio_ID ORDER BY radio.Transmitter DESC LIMIT 1
129,143,tv_shows,tv_shows,,,False,0,True,,llama3.1-8b,"SELECT T2.TEXT_FIELD_7, COUNT(T2.IDENTIFIER_PRIMARY_6) FROM T2 INNER JOIN T4 ON T2.IDENTIFIER_PRIMARY_6 = T4.IDENTIFIER_REFERENCE_19 GROUP BY T2.TEXT_FIELD_7","SELECT radio.Transmitter, COUNT(radio.Radio_ID) FROM radio INNER JOIN city_channel_radio ON radio.Radio_ID = city_channel_radio.Radio_ID GROUP BY radio.Transmitter"
130,146,tv_shows,tv_shows,,,False,0,True,,llama3.1-8b,"SELECT T2.TEXT_FIELD_7, T3.TEXT_FIELD_15 FROM T3 JOIN T5 ON T3.IDENTIFIER_PRIMARY_13 = T5.IDENTIFIER_REFERENCE_22 JOIN T1 ON T5.IDENTIFIER_PRIMARY_21 = T1.IDENTIFIER_PRIMARY_1 JOIN T2 ON T1.IDENTIFIER_PRIMARY_1 = T2.IDENTIFIER_PRIMARY_6 ORDER BY T3.TEXT_FIELD_15 ASC","SELECT radio.Transmitter, tv_show.Sub_tittle FROM tv_show JOIN city_channel_tv_show ON tv_show.tv_show_ID = city_channel_tv_show.tv_show_ID JOIN city_channel ON city_channel_tv_show.City_channel_ID = city_channel.ID JOIN radio ON city_channel.ID = radio.Radio_ID ORDER BY tv_show.Sub_tittle ASC"
131,147,tv_shows,tv_shows,,,False,0,True,,llama3.1-8b,"SELECT T3.DESCRIPTIVE_ATTRIBUTE_14, T2.TEXT_FIELD_8 FROM T3 INNER JOIN T5 ON T3.IDENTIFIER_PRIMARY_13 = T5.IDENTIFIER_REFERENCE_22 INNER JOIN T1 ON T1.IDENTIFIER_PRIMARY_1 = T5.IDENTIFIER_PRIMARY_21 INNER JOIN T2 ON T2.IDENTIFIER_PRIMARY_6 = T1.IDENTIFIER_PRIMARY_1","SELECT tv_show.tv_show_name, radio.Radio_MHz FROM tv_show INNER JOIN city_channel_tv_show ON tv_show.tv_show_ID = city_channel_tv_show.tv_show_ID INNER JOIN city_channel ON city_channel.ID = city_channel_tv_show.City_channel_ID INNER JOIN radio ON radio.Radio_ID = city_channel.ID"
132,149,tv_shows,tv_shows,,,False,0,True,,llama3.1-8b,"SELECT T3.DESCRIPTIVE_ATTRIBUTE_14, COUNT(T4.IDENTIFIER_PRIMARY_18) FROM T3 JOIN T5 ON T3.IDENTIFIER_PRIMARY_13 = T5.IDENTIFIER_REFERENCE_22 JOIN T1 ON T5.IDENTIFIER_PRIMARY_21 = T1.IDENTIFIER_PRIMARY_1 JOIN T4 ON T1.IDENTIFIER_PRIMARY_1 = T4.IDENTIFIER_PRIMARY_18 GROUP BY T3.DESCRIPTIVE_ATTRIBUTE_14","SELECT tv_show.tv_show_name, COUNT(city_channel_radio.City_channel_ID) FROM tv_show JOIN city_channel_tv_show ON tv_show.tv_show_ID = city_channel_tv_show.tv_show_ID JOIN city_channel ON city_channel_tv_show.City_channel_ID = city_channel.ID JOIN city_channel_radio ON city_channel.ID = city_channel_radio.City_channel_ID GROUP BY tv_show.tv_show_name"
133,157,vehicle_driver,vehicle_driver,,,False,0,True,,llama3.1-8b,"SELECT MAX(T1.NUMERIC_FIELD_4), AVG(T1.NUMERIC_FIELD_4) FROM T1 JOIN T3 ON T1.IDENTIFIER_PRIMARY_1 = T3.IDENTIFIER_REFERENCE_13 JOIN T2 ON T3.IDENTIFIER_PRIMARY_12 = T2.IDENTIFIER_PRIMARY_8 WHERE T2.DESCRIPTIVE_ATTRIBUTE_9 = 'Zhuzhou'","SELECT MAX(vehicle.Top_Speed), AVG(vehicle.Top_Speed) FROM vehicle JOIN vehicle_driver ON vehicle.Vehicle_ID = vehicle_driver.Vehicle_ID JOIN driver ON vehicle_driver.Driver_ID = driver.Driver_ID WHERE driver.Name = 'Zhuzhou'"
134,158,vehicle_driver,vehicle_driver,,,False,0,True,,llama3.1-8b,"SELECT MAX(T1.NUMERIC_FIELD_4) AS max_power, AVG(T1.NUMERIC_FIELD_4) AS avg_power FROM T1 JOIN T3 ON T1.IDENTIFIER_PRIMARY_1 = T3.IDENTIFIER_REFERENCE_13 JOIN T2 ON T3.IDENTIFIER_PRIMARY_8 = T2.IDENTIFIER_PRIMARY_8 WHERE T2.DESCRIPTIVE_ATTRIBUTE_9 = 'Zhuzhou'","SELECT MAX(vehicle.Top_Speed) AS max_power, AVG(vehicle.Top_Speed) AS avg_power FROM vehicle JOIN vehicle_driver ON vehicle.Vehicle_ID = vehicle_driver.Vehicle_ID JOIN driver ON vehicle_driver.Driver_ID = driver.Driver_ID WHERE driver.Name = 'Zhuzhou'"
135,161,vehicle_driver,vehicle_driver,,,False,0,True,,llama3.1-8b,"SELECT T1.NUMERIC_FIELD_5, T1.NUMERIC_FIELD_4 FROM T1 JOIN T3 ON T1.IDENTIFIER_PRIMARY_1 = T3.IDENTIFIER_REFERENCE_13 JOIN T2 ON T3.IDENTIFIER_PRIMARY_12 = T2.IDENTIFIER_PRIMARY_8 WHERE T2.DESCRIPTIVE_ATTRIBUTE_9 = 'year' AND T2.TEXT_FIELD_10 = '1996' AND T1.CHRONOLOGICAL_MARKER_3 = 'top speed'","SELECT vehicle.Power, vehicle.Top_Speed FROM vehicle JOIN vehicle_driver ON vehicle.Vehicle_ID = vehicle_driver.Vehicle_ID JOIN driver ON vehicle_driver.Driver_ID = driver.Driver_ID WHERE driver.Name = 'year' AND driver.Citizenship = '1996' AND vehicle.Build_Year = 'top speed'"
136,162,vehicle_driver,vehicle_driver,,,False,0,True,,llama3.1-8b,"SELECT T1.NUMERIC_FIELD_5, T1.NUMERIC_FIELD_4 FROM T1 JOIN T3 ON T1.IDENTIFIER_PRIMARY_1 = T3.IDENTIFIER_REFERENCE_13 JOIN T2 ON T3.IDENTIFIER_PRIMARY_12 = T2.IDENTIFIER_PRIMARY_8 WHERE T1.CHRONOLOGICAL_MARKER_3 LIKE '1996%'","SELECT vehicle.Power, vehicle.Top_Speed FROM vehicle JOIN vehicle_driver ON vehicle.Vehicle_ID = vehicle_driver.Vehicle_ID JOIN driver ON vehicle_driver.Driver_ID = driver.Driver_ID WHERE vehicle.Build_Year LIKE '1996%'"
137,163,vehicle_driver,vehicle_driver,,,False,0,True,,llama3.1-8b,"SELECT T2.DESCRIPTIVE_ATTRIBUTE_9, T2.TEXT_FIELD_10, T2.TEXT_FIELD_11 FROM T2 JOIN T3 ON T2.IDENTIFIER_PRIMARY_8 = T3.IDENTIFIER_PRIMARY_12 JOIN T1 ON T3.IDENTIFIER_REFERENCE_13 = T1.IDENTIFIER_PRIMARY_1","SELECT driver.Name, driver.Citizenship, driver.Racing_Series FROM driver JOIN vehicle_driver ON driver.Driver_ID = vehicle_driver.Driver_ID JOIN vehicle ON vehicle_driver.Vehicle_ID = vehicle.Vehicle_ID"
138,164,vehicle_driver,vehicle_driver,,,False,0,True,,llama3.1-8b,"SELECT T2.DESCRIPTIVE_ATTRIBUTE_9, T2.TEXT_FIELD_10, T2.TEXT_FIELD_11 FROM T2 JOIN T3 ON T2.IDENTIFIER_PRIMARY_8 = T3.IDENTIFIER_PRIMARY_12 JOIN T1 ON T3.IDENTIFIER_REFERENCE_13 = T1.IDENTIFIER_PRIMARY_1","SELECT driver.Name, driver.Citizenship, driver.Racing_Series FROM driver JOIN vehicle_driver ON driver.Driver_ID = vehicle_driver.Driver_ID JOIN vehicle ON vehicle_driver.Vehicle_ID = vehicle.Vehicle_ID"
139,165,vehicle_driver,vehicle_driver,,,False,3,False,,llama3.1-8b,SELECT COUNT(DISTINCT T2.IDENTIFIER_PRIMARY_8) FROM T3 JOIN T1 ON T3.IDENTIFIER_REFERENCE_13 = T1.IDENTIFIER_PRIMARY_1 WHERE T1.CHRONOLOGICAL_MARKER_3 = '2012',SELECT COUNT(DISTINCT driver.Driver_ID) FROM vehicle_driver JOIN vehicle ON vehicle_driver.Vehicle_ID = vehicle.Vehicle_ID WHERE vehicle.Build_Year = '2012'
140,166,vehicle_driver,vehicle_driver,,,False,0,True,,llama3.1-8b,SELECT COUNT(DISTINCT T1.IDENTIFIER_PRIMARY_1) FROM T1 INNER JOIN T3 ON T1.IDENTIFIER_PRIMARY_1 = T3.IDENTIFIER_REFERENCE_13 WHERE T1.CHRONOLOGICAL_MARKER_3 = '2012',SELECT COUNT(DISTINCT vehicle.Vehicle_ID) FROM vehicle INNER JOIN vehicle_driver ON vehicle.Vehicle_ID = vehicle_driver.Vehicle_ID WHERE vehicle.Build_Year = '2012'
141,173,vehicle_driver,vehicle_driver,,,False,0,True,,llama3.1-8b,SELECT T2.DESCRIPTIVE_ATTRIBUTE_9 FROM T2 JOIN T3 ON T2.IDENTIFIER_PRIMARY_8 = T3.IDENTIFIER_PRIMARY_12 JOIN T1 ON T3.IDENTIFIER_REFERENCE_13 = T1.IDENTIFIER_PRIMARY_1 WHERE (T1.NUMERIC_FIELD_4 > 100 OR T1.NUMERIC_FIELD_5 > 150),SELECT driver.Name FROM driver JOIN vehicle_driver ON driver.Driver_ID = vehicle_driver.Driver_ID JOIN vehicle ON vehicle_driver.Vehicle_ID = vehicle.Vehicle_ID WHERE (vehicle.Top_Speed > 100 OR vehicle.Power > 150)
142,174,vehicle_driver,vehicle_driver,,,False,0,True,,llama3.1-8b,"SELECT T2.DESCRIPTIVE_ATTRIBUTE_9, T2.TEXT_FIELD_10, T2.TEXT_FIELD_11 FROM T2 JOIN T3 ON T2.IDENTIFIER_PRIMARY_8 = T3.IDENTIFIER_PRIMARY_12 JOIN T1 ON T3.IDENTIFIER_REFERENCE_13 = T1.IDENTIFIER_PRIMARY_1 WHERE (T1.NUMERIC_FIELD_4 + T1.NUMERIC_FIELD_5) > 100 OR T1.NUMERIC_FIELD_5 > 150","SELECT driver.Name, driver.Citizenship, driver.Racing_Series FROM driver JOIN vehicle_driver ON driver.Driver_ID = vehicle_driver.Driver_ID JOIN vehicle ON vehicle_driver.Vehicle_ID = vehicle.Vehicle_ID WHERE (vehicle.Top_Speed + vehicle.Power) > 100 OR vehicle.Power > 150"
143,175,vehicle_driver,vehicle_driver,,,False,0,True,,llama3.1-8b,"SELECT T2.DESCRIPTIVE_ATTRIBUTE_9, T1.NUMERIC_FIELD_4 FROM T1 JOIN T3 ON T1.IDENTIFIER_PRIMARY_1 = T3.IDENTIFIER_REFERENCE_13 JOIN T2 ON T3.IDENTIFIER_PRIMARY_12 = T2.IDENTIFIER_PRIMARY_8 WHERE T2.TEXT_FIELD_10 LIKE '%DJ%'","SELECT driver.Name, vehicle.Top_Speed FROM vehicle JOIN vehicle_driver ON vehicle.Vehicle_ID = vehicle_driver.Vehicle_ID JOIN driver ON vehicle_driver.Driver_ID = driver.Driver_ID WHERE driver.Citizenship LIKE '%DJ%'"
144,176,vehicle_driver,vehicle_driver,,,False,0,True,,llama3.1-8b,"SELECT T2.DESCRIPTIVE_ATTRIBUTE_9, T2.TEXT_FIELD_10 FROM T2 JOIN T3 ON T2.IDENTIFIER_PRIMARY_8 = T3.IDENTIFIER_PRIMARY_12 JOIN T1 ON T3.IDENTIFIER_REFERENCE_13 = T1.IDENTIFIER_PRIMARY_1 WHERE T1.TEXT_FIELD_2 LIKE '%DJ%'","SELECT driver.Name, driver.Citizenship FROM driver JOIN vehicle_driver ON driver.Driver_ID = vehicle_driver.Driver_ID JOIN vehicle ON vehicle_driver.Vehicle_ID = vehicle.Vehicle_ID WHERE vehicle.Model LIKE '%DJ%'"
145,187,vehicle_driver,vehicle_driver,,,False,0,True,,llama3.1-8b,"SELECT T2.DESCRIPTIVE_ATTRIBUTE_9, COUNT(T3.IDENTIFIER_PRIMARY_12) FROM T3 INNER JOIN T2 ON T3.IDENTIFIER_PRIMARY_12 = T2.IDENTIFIER_PRIMARY_8 GROUP BY T2.DESCRIPTIVE_ATTRIBUTE_9","SELECT driver.Name, COUNT(vehicle_driver.Driver_ID) FROM vehicle_driver INNER JOIN driver ON vehicle_driver.Driver_ID = driver.Driver_ID GROUP BY driver.Name"
146,188,vehicle_driver,vehicle_driver,,,False,0,True,,llama3.1-8b,"SELECT T2.DESCRIPTIVE_ATTRIBUTE_9, COUNT(T3.IDENTIFIER_PRIMARY_12) FROM T3 INNER JOIN T2 ON T3.IDENTIFIER_PRIMARY_12 = T2.IDENTIFIER_PRIMARY_8 GROUP BY T2.DESCRIPTIVE_ATTRIBUTE_9","SELECT driver.Name, COUNT(vehicle_driver.Driver_ID) FROM vehicle_driver INNER JOIN driver ON vehicle_driver.Driver_ID = driver.Driver_ID GROUP BY driver.Name"
147,197,online_exams,online_exams,,,False,0,True,,llama3.1-8b,"SELECT T6.TEXT_FIELD_27, T6.CHRONOLOGICAL_MARKER_26 FROM T6 JOIN T4 ON T6.IDENTIFIER_REFERENCE_23 = T4.IDENTIFIER_PRIMARY_17 JOIN T3 ON T4.IDENTIFIER_REFERENCE_18 = T3.IDENTIFIER_PRIMARY_13 WHERE T3.DESCRIPTIVE_ATTRIBUTE_16 != 'Database'","SELECT Student_Answers.Comments, Student_Answers.Date_of_Answer FROM Student_Answers JOIN Questions_in_Exams ON Student_Answers.Exam_ID = Questions_in_Exams.Exam_ID JOIN Exams ON Questions_in_Exams.Question_ID = Exams.Exam_ID WHERE Exams.Exam_Name != 'Database'"
148,198,online_exams,online_exams,,,False,0,True,,llama3.1-8b,"SELECT T6.TEXT_FIELD_27, T6.CHRONOLOGICAL_MARKER_26 FROM T6 JOIN T4 ON T6.IDENTIFIER_REFERENCE_23 = T4.IDENTIFIER_PRIMARY_17 JOIN T3 ON T4.IDENTIFIER_PRIMARY_17 = T3.IDENTIFIER_PRIMARY_13 WHERE T6.IDENTIFIER_REFERENCE_25 NOT IN (SELECT IDENTIFIER_PRIMARY_1 FROM T1 WHERE DESCRIPTIVE_ATTRIBUTE_2 = 'Database')","SELECT Student_Answers.Comments, Student_Answers.Date_of_Answer FROM Student_Answers JOIN Questions_in_Exams ON Student_Answers.Exam_ID = Questions_in_Exams.Exam_ID JOIN Exams ON Questions_in_Exams.Exam_ID = Exams.Exam_ID WHERE Student_Answers.Student_ID NOT IN (SELECT Student_ID FROM Students WHERE First_Name = 'Database')"
149,201,online_exams,online_exams,,,False,0,True,,llama3.1-8b,"SELECT T2.DESCRIPTIVE_ATTRIBUTE_11, COUNT(T2.DESCRIPTIVE_ATTRIBUTE_11) FROM T2 INNER JOIN T4 ON T2.IDENTIFIER_PRIMARY_10 = T4.IDENTIFIER_REFERENCE_18 INNER JOIN T6 ON T4.IDENTIFIER_PRIMARY_17 = T6.IDENTIFIER_REFERENCE_23 INNER JOIN T1 ON T6.IDENTIFIER_REFERENCE_25 = T1.IDENTIFIER_PRIMARY_1 GROUP BY T2.DESCRIPTIVE_ATTRIBUTE_11","SELECT Questions.Type_of_Question_Code, COUNT(Questions.Type_of_Question_Code) FROM Questions INNER JOIN Questions_in_Exams ON Questions.Question_ID = Questions_in_Exams.Question_ID INNER JOIN Student_Answers ON Questions_in_Exams.Exam_ID = Student_Answers.Exam_ID INNER JOIN Students ON Student_Answers.Student_ID = Students.Student_ID GROUP BY Questions.Type_of_Question_Code"
150,202,online_exams,online_exams,,,False,0,True,,llama3.1-8b,"SELECT T2.DESCRIPTIVE_ATTRIBUTE_11, COUNT(T2.DESCRIPTIVE_ATTRIBUTE_11) FROM T2 INNER JOIN T4 ON T2.IDENTIFIER_PRIMARY_10 = T4.IDENTIFIER_REFERENCE_18 INNER JOIN T6 ON T4.IDENTIFIER_PRIMARY_17 = T6.IDENTIFIER_REFERENCE_23 INNER JOIN T1 ON T6.IDENTIFIER_REFERENCE_25 = T1.IDENTIFIER_PRIMARY_1 GROUP BY T2.DESCRIPTIVE_ATTRIBUTE_11","SELECT Questions.Type_of_Question_Code, COUNT(Questions.Type_of_Question_Code) FROM Questions INNER JOIN Questions_in_Exams ON Questions.Question_ID = Questions_in_Exams.Question_ID INNER JOIN Student_Answers ON Questions_in_Exams.Exam_ID = Student_Answers.Exam_ID INNER JOIN Students ON Student_Answers.Student_ID = Students.Student_ID GROUP BY Questions.Type_of_Question_Code"
151,207,online_exams,online_exams,,,False,0,True,,llama3.1-8b,SELECT TEXT_FIELD_21 FROM T5 GROUP BY TEXT_FIELD_21 ORDER BY COUNT(TEXT_FIELD_21) DESC,SELECT Valid_Answer_Text FROM Valid_Answers GROUP BY Valid_Answer_Text ORDER BY COUNT(Valid_Answer_Text) DESC
152,208,online_exams,online_exams,,,False,0,True,,llama3.1-8b,SELECT TEXT_FIELD_21 FROM T5 GROUP BY TEXT_FIELD_21 ORDER BY COUNT(TEXT_FIELD_21) DESC,SELECT Valid_Answer_Text FROM Valid_Answers GROUP BY Valid_Answer_Text ORDER BY COUNT(Valid_Answer_Text) DESC
153,209,online_exams,online_exams,,,False,0,True,,llama3.1-8b,"SELECT T2.DESCRIPTIVE_ATTRIBUTE_11, T3.CHRONOLOGICAL_MARKER_15 FROM T3 JOIN T4 ON T3.IDENTIFIER_PRIMARY_13 = T4.IDENTIFIER_PRIMARY_17 JOIN T6 ON T4.IDENTIFIER_REFERENCE_18 = T6.IDENTIFIER_REFERENCE_24 JOIN T2 ON T6.IDENTIFIER_REFERENCE_23 = T2.IDENTIFIER_PRIMARY_10","SELECT Questions.Type_of_Question_Code, Exams.Exam_Date FROM Exams JOIN Questions_in_Exams ON Exams.Exam_ID = Questions_in_Exams.Exam_ID JOIN Student_Answers ON Questions_in_Exams.Question_ID = Student_Answers.Question_ID JOIN Questions ON Student_Answers.Exam_ID = Questions.Question_ID"
154,210,online_exams,online_exams,,,False,0,True,,llama3.1-8b,"SELECT T1.DESCRIPTIVE_ATTRIBUTE_2, T3.CHRONOLOGICAL_MARKER_15 FROM T1 JOIN T6 ON T6.IDENTIFIER_REFERENCE_25 = T1.IDENTIFIER_PRIMARY_1 JOIN T4 ON T4.IDENTIFIER_REFERENCE_18 = T6.IDENTIFIER_REFERENCE_24 JOIN T3 ON T3.IDENTIFIER_PRIMARY_13 = T4.IDENTIFIER_PRIMARY_17","SELECT Students.First_Name, Exams.Exam_Date FROM Students JOIN Student_Answers ON Student_Answers.Student_ID = Students.Student_ID JOIN Questions_in_Exams ON Questions_in_Exams.Question_ID = Student_Answers.Question_ID JOIN Exams ON Exams.Exam_ID = Questions_in_Exams.Exam_ID"
155,211,online_exams,online_exams,,,False,0,True,,llama3.1-8b,"SELECT T2.DESCRIPTIVE_ATTRIBUTE_11, T3.CHRONOLOGICAL_MARKER_15 FROM T3 JOIN T4 ON T3.IDENTIFIER_PRIMARY_13 = T4.IDENTIFIER_PRIMARY_17 JOIN T6 ON T4.IDENTIFIER_REFERENCE_18 = T6.IDENTIFIER_REFERENCE_24 JOIN T2 ON T6.IDENTIFIER_REFERENCE_23 = T2.IDENTIFIER_PRIMARY_10 ORDER BY T3.CHRONOLOGICAL_MARKER_15 DESC","SELECT Questions.Type_of_Question_Code, Exams.Exam_Date FROM Exams JOIN Questions_in_Exams ON Exams.Exam_ID = Questions_in_Exams.Exam_ID JOIN Student_Answers ON Questions_in_Exams.Question_ID = Student_Answers.Question_ID JOIN Questions ON Student_Answers.Exam_ID = Questions.Question_ID ORDER BY Exams.Exam_Date DESC"
156,212,online_exams,online_exams,,,False,0,True,,llama3.1-8b,"SELECT T2.DESCRIPTIVE_ATTRIBUTE_11, T3.CHRONOLOGICAL_MARKER_15 FROM T3 JOIN T4 ON T3.IDENTIFIER_PRIMARY_13 = T4.IDENTIFIER_PRIMARY_17 JOIN T6 ON T4.IDENTIFIER_REFERENCE_18 = T6.IDENTIFIER_REFERENCE_24 JOIN T2 ON T6.IDENTIFIER_REFERENCE_23 = T2.IDENTIFIER_PRIMARY_10 ORDER BY T3.CHRONOLOGICAL_MARKER_15 DESC","SELECT Questions.Type_of_Question_Code, Exams.Exam_Date FROM Exams JOIN Questions_in_Exams ON Exams.Exam_ID = Questions_in_Exams.Exam_ID JOIN Student_Answers ON Questions_in_Exams.Question_ID = Student_Answers.Question_ID JOIN Questions ON Student_Answers.Exam_ID = Questions.Question_ID ORDER BY Exams.Exam_Date DESC"
157,215,online_exams,online_exams,,,False,0,True,,llama3.1-8b,SELECT T2.DESCRIPTIVE_ATTRIBUTE_11 FROM T2 INNER JOIN T4 ON T2.IDENTIFIER_PRIMARY_10 = T4.IDENTIFIER_REFERENCE_18 INNER JOIN T6 ON T4.IDENTIFIER_PRIMARY_17 = T6.IDENTIFIER_REFERENCE_23 INNER JOIN T1 ON T6.IDENTIFIER_REFERENCE_25 = T1.IDENTIFIER_PRIMARY_1 GROUP BY T2.DESCRIPTIVE_ATTRIBUTE_11 HAVING COUNT(T2.DESCRIPTIVE_ATTRIBUTE_11) >= 2,SELECT Questions.Type_of_Question_Code FROM Questions INNER JOIN Questions_in_Exams ON Questions.Question_ID = Questions_in_Exams.Question_ID INNER JOIN Student_Answers ON Questions_in_Exams.Exam_ID = Student_Answers.Exam_ID INNER JOIN Students ON Student_Answers.Student_ID = Students.Student_ID GROUP BY Questions.Type_of_Question_Code HAVING COUNT(Questions.Type_of_Question_Code) >= 2
158,216,online_exams,online_exams,,,False,0,True,,llama3.1-8b,SELECT DISTINCT T2.DESCRIPTIVE_ATTRIBUTE_11 FROM T2 JOIN T4 ON T2.IDENTIFIER_PRIMARY_10 = T4.IDENTIFIER_REFERENCE_18 JOIN T6 ON T4.IDENTIFIER_PRIMARY_17 = T6.IDENTIFIER_REFERENCE_23 JOIN T1 ON T6.IDENTIFIER_REFERENCE_25 = T1.IDENTIFIER_PRIMARY_1 GROUP BY T2.DESCRIPTIVE_ATTRIBUTE_11 HAVING COUNT(T2.DESCRIPTIVE_ATTRIBUTE_11) >= 2,SELECT DISTINCT Questions.Type_of_Question_Code FROM Questions JOIN Questions_in_Exams ON Questions.Question_ID = Questions_in_Exams.Question_ID JOIN Student_Answers ON Questions_in_Exams.Exam_ID = Student_Answers.Exam_ID JOIN Students ON Student_Answers.Student_ID = Students.Student_ID GROUP BY Questions.Type_of_Question_Code HAVING COUNT(Questions.Type_of_Question_Code) >= 2
159,221,online_exams,online_exams,,,False,0,True,,llama3.1-8b,"SELECT DESCRIPTIVE_ATTRIBUTE_2, COUNT(*) FROM T1 INNER JOIN T6 ON T1.IDENTIFIER_PRIMARY_1 = T6.IDENTIFIER_REFERENCE_25 GROUP BY DESCRIPTIVE_ATTRIBUTE_2","SELECT First_Name, COUNT(*) FROM Students INNER JOIN Student_Answers ON Students.Student_ID = Student_Answers.Student_ID GROUP BY First_Name"
160,14,soccer_3,soccer_3,,,False,0,True,,llama3.1-8b,SELECT T1.DESCRIPTIVE_ATTRIBUTE_2 FROM T1 JOIN T2 ON T1.IDENTIFIER_PRIMARY_1 = T2.IDENTIFIER_REFERENCE_13 WHERE T2.NUMERIC_FIELD_10 > 2 ORDER BY T2.NUMERIC_FIELD_10 DESC LIMIT 1,SELECT club.Name FROM club JOIN player ON club.Club_ID = player.Club_ID WHERE player.Earnings > 2 ORDER BY player.Earnings DESC LIMIT 1
161,15,soccer_3,soccer_3,,,False,0,True,,llama3.1-8b,SELECT T1.DESCRIPTIVE_ATTRIBUTE_2 FROM T1 INNER JOIN T2 ON T1.IDENTIFIER_PRIMARY_1 = T2.IDENTIFIER_REFERENCE_13 GROUP BY T1.DESCRIPTIVE_ATTRIBUTE_2 ORDER BY COUNT(T2.MEASUREMENT_VALUE_11) DESC LIMIT 1,SELECT club.Name FROM club INNER JOIN player ON club.Club_ID = player.Club_ID GROUP BY club.Name ORDER BY COUNT(player.Events_number) DESC LIMIT 1
162,22,soccer_3,soccer_3,,,False,0,True,,llama3.1-8b,SELECT T1.DESCRIPTIVE_ATTRIBUTE_2 FROM T1 JOIN T2 ON T1.IDENTIFIER_PRIMARY_1 = T2.IDENTIFIER_REFERENCE_13 GROUP BY T1.DESCRIPTIVE_ATTRIBUTE_2 ORDER BY AVG(T2.MEASUREMENT_VALUE_11) DESC,SELECT club.Name FROM club JOIN player ON club.Club_ID = player.Club_ID GROUP BY club.Name ORDER BY AVG(player.Events_number) DESC
163,23,soccer_3,soccer_3,,,False,0,True,,llama3.1-8b,SELECT T1.DESCRIPTIVE_ATTRIBUTE_2 FROM T1 JOIN T2 ON T1.IDENTIFIER_PRIMARY_1 = T2.IDENTIFIER_REFERENCE_13 GROUP BY T1.DESCRIPTIVE_ATTRIBUTE_2 ORDER BY AVG(T2.MEASUREMENT_VALUE_11) DESC,SELECT club.Name FROM club JOIN player ON club.Club_ID = player.Club_ID GROUP BY club.Name ORDER BY AVG(player.Events_number) DESC
164,26,soccer_3,soccer_3,,,False,0,True,,llama3.1-8b,SELECT DESCRIPTIVE_ATTRIBUTE_2 FROM T1 GROUP BY DESCRIPTIVE_ATTRIBUTE_2 ORDER BY COUNT(DESCRIPTIVE_ATTRIBUTE_2) DESC LIMIT 1,SELECT Name FROM club GROUP BY Name ORDER BY COUNT(Name) DESC LIMIT 1
165,27,soccer_3,soccer_3,,,False,0,True,,llama3.1-8b,SELECT DESCRIPTIVE_ATTRIBUTE_8 FROM T2 GROUP BY DESCRIPTIVE_ATTRIBUTE_8 ORDER BY COUNT(DESCRIPTIVE_ATTRIBUTE_8) DESC LIMIT 1,SELECT Name FROM player GROUP BY Name ORDER BY COUNT(Name) DESC LIMIT 1
166,32,soccer_3,soccer_3,,,False,0,True,,llama3.1-8b,SELECT DESCRIPTIVE_ATTRIBUTE_2 FROM T1 WHERE IDENTIFIER_PRIMARY_1 NOT IN (SELECT IDENTIFIER_REFERENCE_13 FROM T2),SELECT Name FROM club WHERE Club_ID NOT IN (SELECT Club_ID FROM player)
167,33,soccer_3,soccer_3,,,False,0,True,,llama3.1-8b,SELECT DESCRIPTIVE_ATTRIBUTE_2 FROM T1 WHERE IDENTIFIER_PRIMARY_1 NOT IN (SELECT IDENTIFIER_REFERENCE_13 FROM T2),SELECT Name FROM club WHERE Club_ID NOT IN (SELECT Club_ID FROM player)
168,34,soccer_3,soccer_3,,,False,0,True,,llama3.1-8b,"SELECT T1.DESCRIPTIVE_ATTRIBUTE_2, T2.NUMERIC_FIELD_10 FROM T1 INNER JOIN T2 ON T1.IDENTIFIER_PRIMARY_1 = T2.IDENTIFIER_REFERENCE_13 WHERE T2.NUMERIC_FIELD_10 > 1400000 OR T2.NUMERIC_FIELD_10 < 1100000","SELECT club.Name, player.Earnings FROM club INNER JOIN player ON club.Club_ID = player.Club_ID WHERE player.Earnings > 1400000 OR player.Earnings < 1100000"
169,35,soccer_3,soccer_3,,,False,0,True,,llama3.1-8b,SELECT T1.DESCRIPTIVE_ATTRIBUTE_2 FROM T1 JOIN T2 ON T1.IDENTIFIER_PRIMARY_1 = T2.IDENTIFIER_REFERENCE_13 WHERE T2.NUMERIC_FIELD_10 > 1400000 INTERSECT SELECT T1.DESCRIPTIVE_ATTRIBUTE_2 FROM T1 JOIN T2 ON T1.IDENTIFIER_PRIMARY_1 = T2.IDENTIFIER_REFERENCE_13 WHERE T2.NUMERIC_FIELD_10 < 1100000,SELECT club.Name FROM club JOIN player ON club.Club_ID = player.Club_ID WHERE player.Earnings > 1400000 INTERSECT SELECT club.Name FROM club JOIN player ON club.Club_ID = player.Club_ID WHERE player.Earnings < 1100000
170,44,e_commerce,e_commerce,,,False,0,True,,llama3.1-8b,SELECT DISTINCT T4.CHRONOLOGICAL_MARKER_25 FROM T1 JOIN T6 ON T1.IDENTIFIER_PRIMARY_1 = T6.IDENTIFIER_REFERENCE_31 JOIN T5 ON T6.IDENTIFIER_REFERENCE_32 = T5.IDENTIFIER_PRIMARY_26 JOIN T4 ON T5.IDENTIFIER_REFERENCE_27 = T4.IDENTIFIER_PRIMARY_23 WHERE T5.DESCRIPTIVE_ATTRIBUTE_28 = 'order' OR T6.DESCRIPTIVE_ATTRIBUTE_33 = '1',SELECT DISTINCT Invoices.invoice_date FROM Products JOIN Order_Items ON Products.product_id = Order_Items.product_id JOIN Orders ON Order_Items.order_id = Orders.order_id JOIN Invoices ON Orders.customer_id = Invoices.invoice_number WHERE Orders.order_status_code = 'order' OR Order_Items.order_item_status_code = '1'
171,45,e_commerce,e_commerce,,,False,0,True,,llama3.1-8b,"SELECT T4.CHRONOLOGICAL_MARKER_25 AS earliest_order_date, T5.CHRONOLOGICAL_MARKER_29 AS all_orders_with_more_than_1_item_date FROM T4 JOIN T7 ON T7.IDENTIFIER_REFERENCE_36 = T4.IDENTIFIER_PRIMARY_23 JOIN T5 ON T5.IDENTIFIER_REFERENCE_27 = T7.IDENTIFIER_REFERENCE_35 JOIN T6 ON T6.IDENTIFIER_REFERENCE_31 = T5.IDENTIFIER_REFERENCE_27 WHERE T6.IDENTIFIER_REFERENCE_32 = (SELECT IDENTIFIER_PRIMARY_26 FROM T5 GROUP BY IDENTIFIER_REFERENCE_27 ORDER BY COUNT(IDENTIFIER_REFERENCE_27) DESC LIMIT 1)","SELECT Invoices.invoice_date AS earliest_order_date, Orders.date_order_placed AS all_orders_with_more_than_1_item_date FROM Invoices JOIN Shipments ON Shipments.invoice_number = Invoices.invoice_number JOIN Orders ON Orders.customer_id = Shipments.order_id JOIN Order_Items ON Order_Items.product_id = Orders.customer_id WHERE Order_Items.order_id = (SELECT order_id FROM Orders GROUP BY customer_id ORDER BY COUNT(customer_id) DESC LIMIT 1)"
172,49,e_commerce,e_commerce,,,False,3,False,,llama3.1-8b,"SELECT T1.IDENTIFIER_PRIMARY_1, T2.DESCRIPTIVE_ATTRIBUTE_9, T1.CURRENCY_AMOUNT_4, T2.DESCRIPTIVE_ATTRIBUTE_13 FROM T1 JOIN T6 ON T1.IDENTIFIER_PRIMARY_1 = T6.IDENTIFIER_REFERENCE_31 JOIN T5 ON T6.IDENTIFIER_REFERENCE_32 = T5.IDENTIFIER_PRIMARY_26 JOIN T2 ON T5.IDENTIFIER_REFERENCE_27 = T2.IDENTIFIER_PRIMARY_8 WHERE T5.DESCRIPTIVE_ATTRIBUTE_28 = 'listed' AND T5.CHRONOLOGICAL_MARKER_29 < (SELECT CHRONOLOGICAL_MARKER_25 FROM T4 WHERE CHRONOLOGICAL_MARKER_25 = (SELECT MAX(CHRONOLOGICAL_MARKER_25) FROM T4 WHERE CHRONOLOGICAL_MARKER_25 < (SELECT MAX(CHRONOLOGICAL_MARKER_25) FROM T4) - INTERVAL 1 DAY))","SELECT Products.product_id, Customers.gender_code, Products.product_price, Customers.email_address FROM Products JOIN Order_Items ON Products.product_id = Order_Items.product_id JOIN Orders ON Order_Items.order_id = Orders.order_id JOIN Customers ON Orders.customer_id = Customers.customer_id WHERE Orders.order_status_code = 'listed' AND Orders.date_order_placed < (SELECT invoice_date FROM Invoices WHERE invoice_date = (SELECT MAX(invoice_date) FROM Invoices WHERE invoice_date < (SELECT MAX(invoice_date) FROM Invoices) - INTERVAL 1 DAY))"
173,56,e_commerce,e_commerce,,,False,0,True,,llama3.1-8b,SELECT T2.DESCRIPTIVE_ATTRIBUTE_9 FROM T1 INNER JOIN T6 ON T1.IDENTIFIER_PRIMARY_1 = T6.IDENTIFIER_REFERENCE_31 INNER JOIN T5 ON T6.IDENTIFIER_REFERENCE_32 = T5.IDENTIFIER_PRIMARY_26 INNER JOIN T2 ON T5.IDENTIFIER_REFERENCE_27 = T2.IDENTIFIER_PRIMARY_8 GROUP BY T2.DESCRIPTIVE_ATTRIBUTE_9 ORDER BY COUNT(T2.DESCRIPTIVE_ATTRIBUTE_9) DESC LIMIT 1,SELECT Customers.gender_code FROM Products INNER JOIN Order_Items ON Products.product_id = Order_Items.product_id INNER JOIN Orders ON Order_Items.order_id = Orders.order_id INNER JOIN Customers ON Orders.customer_id = Customers.customer_id GROUP BY Customers.gender_code ORDER BY COUNT(Customers.gender_code) DESC LIMIT 1
174,57,e_commerce,e_commerce,,,False,0,True,,llama3.1-8b,SELECT T2.DESCRIPTIVE_ATTRIBUTE_9 FROM T2 INNER JOIN T5 ON T2.IDENTIFIER_PRIMARY_8 = T5.IDENTIFIER_REFERENCE_27 GROUP BY T2.DESCRIPTIVE_ATTRIBUTE_9 ORDER BY COUNT(T2.DESCRIPTIVE_ATTRIBUTE_9) DESC LIMIT 1,SELECT Customers.gender_code FROM Customers INNER JOIN Orders ON Customers.customer_id = Orders.customer_id GROUP BY Customers.gender_code ORDER BY COUNT(Customers.gender_code) DESC LIMIT 1
175,58,e_commerce,e_commerce,,,False,0,True,,llama3.1-8b,"SELECT T2.DESCRIPTIVE_ATTRIBUTE_9, COUNT(T1.IDENTIFIER_PRIMARY_1) FROM T1 JOIN T6 ON T1.IDENTIFIER_PRIMARY_1 = T6.IDENTIFIER_REFERENCE_31 JOIN T5 ON T6.IDENTIFIER_REFERENCE_32 = T5.IDENTIFIER_PRIMARY_26 JOIN T2 ON T5.IDENTIFIER_REFERENCE_27 = T2.IDENTIFIER_PRIMARY_8 GROUP BY T2.DESCRIPTIVE_ATTRIBUTE_9","SELECT Customers.gender_code, COUNT(Products.product_id) FROM Products JOIN Order_Items ON Products.product_id = Order_Items.product_id JOIN Orders ON Order_Items.order_id = Orders.order_id JOIN Customers ON Orders.customer_id = Customers.customer_id GROUP BY Customers.gender_code"
176,59,e_commerce,e_commerce,,,False,0,True,,llama3.1-8b,"SELECT T1.DESCRIPTIVE_ATTRIBUTE_3, COUNT(T6.DESCRIPTIVE_ATTRIBUTE_33) AS count FROM T1 JOIN T6 ON T1.IDENTIFIER_PRIMARY_1 = T6.IDENTIFIER_REFERENCE_31 GROUP BY T1.DESCRIPTIVE_ATTRIBUTE_3","SELECT Products.product_name, COUNT(Order_Items.order_item_status_code) AS count FROM Products JOIN Order_Items ON Products.product_id = Order_Items.product_id GROUP BY Products.product_name"
177,66,e_commerce,e_commerce,,,False,0,True,,llama3.1-8b,"SELECT T1.DESCRIPTIVE_ATTRIBUTE_3, T4.CHRONOLOGICAL_MARKER_25 FROM T1 JOIN T6 ON T1.IDENTIFIER_PRIMARY_1 = T6.IDENTIFIER_REFERENCE_31 JOIN T5 ON T6.IDENTIFIER_REFERENCE_32 = T5.IDENTIFIER_PRIMARY_26 JOIN T4 ON T5.IDENTIFIER_REFERENCE_27 = T4.IDENTIFIER_PRIMARY_23","SELECT Products.product_name, Invoices.invoice_date FROM Products JOIN Order_Items ON Products.product_id = Order_Items.product_id JOIN Orders ON Order_Items.order_id = Orders.order_id JOIN Invoices ON Orders.customer_id = Invoices.invoice_number"
178,67,e_commerce,e_commerce,,,False,0,True,,llama3.1-8b,"SELECT T1.DESCRIPTIVE_ATTRIBUTE_3, T4.CHRONOLOGICAL_MARKER_25 FROM T1 JOIN T6 ON T1.IDENTIFIER_PRIMARY_1 = T6.IDENTIFIER_REFERENCE_31 JOIN T5 ON T6.IDENTIFIER_REFERENCE_32 = T5.IDENTIFIER_PRIMARY_26 JOIN T4 ON T5.IDENTIFIER_REFERENCE_27 = T4.IDENTIFIER_PRIMARY_23","SELECT Products.product_name, Invoices.invoice_date FROM Products JOIN Order_Items ON Products.product_id = Order_Items.product_id JOIN Orders ON Order_Items.order_id = Orders.order_id JOIN Invoices ON Orders.customer_id = Invoices.invoice_number"
179,70,e_commerce,e_commerce,,,False,0,True,,llama3.1-8b,"SELECT T2.DESCRIPTIVE_ATTRIBUTE_9, T2.DESCRIPTIVE_ATTRIBUTE_10 FROM T2 JOIN T5 ON T2.IDENTIFIER_PRIMARY_8 = T5.IDENTIFIER_REFERENCE_27 JOIN T7 ON T5.IDENTIFIER_PRIMARY_26 = T7.IDENTIFIER_REFERENCE_35 WHERE T7.CHRONOLOGICAL_MARKER_38 = 'shipped'","SELECT Customers.gender_code, Customers.customer_first_name FROM Customers JOIN Orders ON Customers.customer_id = Orders.customer_id JOIN Shipments ON Orders.order_id = Shipments.order_id WHERE Shipments.shipment_date = 'shipped'"
180,71,e_commerce,e_commerce,,,False,0,True,,llama3.1-8b,"SELECT T2.DESCRIPTIVE_ATTRIBUTE_9, T2.DESCRIPTIVE_ATTRIBUTE_10 FROM T2 JOIN T3 ON T2.IDENTIFIER_PRIMARY_8 = T3.IDENTIFIER_REFERENCE_21 JOIN T5 ON T2.IDENTIFIER_PRIMARY_8 = T5.IDENTIFIER_REFERENCE_27 JOIN T7 ON T5.IDENTIFIER_PRIMARY_26 = T7.IDENTIFIER_REFERENCE_35 JOIN T4 ON T7.IDENTIFIER_REFERENCE_36 = T4.IDENTIFIER_PRIMARY_23","SELECT Customers.gender_code, Customers.customer_first_name FROM Customers JOIN Customer_Payment_Methods ON Customers.customer_id = Customer_Payment_Methods.customer_id JOIN Orders ON Customers.customer_id = Orders.customer_id JOIN Shipments ON Orders.order_id = Shipments.order_id JOIN Invoices ON Shipments.invoice_number = Invoices.invoice_number"
181,74,e_commerce,e_commerce,,,False,0,True,,llama3.1-8b,SELECT T1.DESCRIPTIVE_ATTRIBUTE_3 FROM T1 JOIN T5 ON T1.IDENTIFIER_PRIMARY_1 = T5.IDENTIFIER_REFERENCE_27 JOIN T7 ON T5.IDENTIFIER_PRIMARY_26 = T7.IDENTIFIER_REFERENCE_35 WHERE T7.MEASUREMENT_VALUE_37 IS NULL,SELECT Products.product_name FROM Products JOIN Orders ON Products.product_id = Orders.customer_id JOIN Shipments ON Orders.order_id = Shipments.order_id WHERE Shipments.shipment_tracking_number IS NULL
182,75,e_commerce,e_commerce,,,False,0,True,,llama3.1-8b,SELECT T2.DESCRIPTIVE_ATTRIBUTE_9 FROM T1 JOIN T5 ON T1.IDENTIFIER_PRIMARY_1 = T5.IDENTIFIER_REFERENCE_27 JOIN T2 ON T5.IDENTIFIER_REFERENCE_27 = T2.IDENTIFIER_PRIMARY_8 WHERE T2.DESCRIPTIVE_ATTRIBUTE_10 = 'Not Shipped',SELECT Customers.gender_code FROM Products JOIN Orders ON Products.product_id = Orders.customer_id JOIN Customers ON Orders.customer_id = Customers.customer_id WHERE Customers.customer_first_name = 'Not Shipped'
183,76,e_commerce,e_commerce,,,False,0,True,,llama3.1-8b,"SELECT T1.IDENTIFIER_PRIMARY_1, T4.DESCRIPTIVE_ATTRIBUTE_24, T1.CURRENCY_AMOUNT_4 FROM T1 JOIN T5 ON T1.IDENTIFIER_PRIMARY_1 = T5.IDENTIFIER_REFERENCE_27 JOIN T4 ON T5.IDENTIFIER_REFERENCE_27 = T4.IDENTIFIER_PRIMARY_23","SELECT Products.product_id, Invoices.invoice_status_code, Products.product_price FROM Products JOIN Orders ON Products.product_id = Orders.customer_id JOIN Invoices ON Orders.customer_id = Invoices.invoice_number"
184,77,e_commerce,e_commerce,,,False,0,True,,llama3.1-8b,"SELECT T1.IDENTIFIER_PRIMARY_1, T4.DESCRIPTIVE_ATTRIBUTE_24, SUM(T1.CURRENCY_AMOUNT_4) FROM T1 JOIN T5 ON T1.IDENTIFIER_PRIMARY_1 = T5.IDENTIFIER_REFERENCE_27 JOIN T4 ON T5.IDENTIFIER_REFERENCE_27 = T4.IDENTIFIER_PRIMARY_23 GROUP BY T1.IDENTIFIER_PRIMARY_1, T4.DESCRIPTIVE_ATTRIBUTE_24","SELECT Products.product_id, Invoices.invoice_status_code, SUM(Products.product_price) FROM Products JOIN Orders ON Products.product_id = Orders.customer_id JOIN Invoices ON Orders.customer_id = Invoices.invoice_number GROUP BY Products.product_id, Invoices.invoice_status_code"
185,98,e_commerce,e_commerce,,,False,0,True,,llama3.1-8b,"SELECT T1.DESCRIPTIVE_ATTRIBUTE_3, T2.DESCRIPTIVE_ATTRIBUTE_9 FROM T1 INNER JOIN T6 ON T1.IDENTIFIER_PRIMARY_1 = T6.IDENTIFIER_REFERENCE_31 INNER JOIN T5 ON T6.IDENTIFIER_REFERENCE_32 = T5.IDENTIFIER_PRIMARY_26 INNER JOIN T2 ON T5.IDENTIFIER_REFERENCE_27 = T2.IDENTIFIER_PRIMARY_8","SELECT Products.product_name, Customers.gender_code FROM Products INNER JOIN Order_Items ON Products.product_id = Order_Items.product_id INNER JOIN Orders ON Order_Items.order_id = Orders.order_id INNER JOIN Customers ON Orders.customer_id = Customers.customer_id"
186,99,e_commerce,e_commerce,,,False,1,True,,llama3.1-8b,"SELECT T1.DESCRIPTIVE_ATTRIBUTE_3, T2.DESCRIPTIVE_ATTRIBUTE_9 FROM T1 INNER JOIN T6 ON T1.IDENTIFIER_PRIMARY_1 = T6.IDENTIFIER_REFERENCE_31 INNER JOIN T5 ON T6.IDENTIFIER_REFERENCE_32 = T5.IDENTIFIER_PRIMARY_26 INNER JOIN T2 ON T5.IDENTIFIER_REFERENCE_27 = T2.IDENTIFIER_PRIMARY_8","SELECT Products.product_name, Customers.gender_code FROM Products INNER JOIN Order_Items ON Products.product_id = Order_Items.product_id INNER JOIN Orders ON Order_Items.order_id = Orders.order_id INNER JOIN Customers ON Orders.customer_id = Customers.customer_id"
187,108,e_commerce,e_commerce,,,False,3,False,,llama3.1-8b,SELECT T4.DESCRIPTIVE_ATTRIBUTE_24 FROM T4 JOIN T7 ON T7.IDENTIFIER_REFERENCE_36 = T4.IDENTIFIER_PRIMARY_23 JOIN T5 ON T5.IDENTIFIER_REFERENCE_27 = T2.IDENTIFIER_PRIMARY_8 JOIN T6 ON T6.IDENTIFIER_REFERENCE_32 = T5.IDENTIFIER_PRIMARY_26 JOIN T1 ON T1.IDENTIFIER_PRIMARY_1 = T6.IDENTIFIER_REFERENCE_31 JOIN T2 ON T2.IDENTIFIER_PRIMARY_8 = T3.IDENTIFIER_REFERENCE_21 WHERE T5.DESCRIPTIVE_ATTRIBUTE_28 = 'payment methods' AND T4.CHRONOLOGICAL_MARKER_25 = T7.CHRONOLOGICAL_MARKER_38 AND T5.DESCRIPTIVE_ATTRIBUTE_28 IN (SELECT DESCRIPTIVE_ATTRIBUTE_33 FROM T6 WHERE IDENTIFIER_REFERENCE_31 IN (SELECT IDENTIFIER_PRIMARY_1 FROM T1 WHERE IDENTIFIER_CODE_2 IN (SELECT IDENTIFIER_REFERENCE_40 FROM T8 WHERE IDENTIFIER_REFERENCE_40 IN (SELECT IDENTIFIER_REFERENCE_32 FROM T6 WHERE IDENTIFIER_REFERENCE_31 IN (SELECT IDENTIFIER_PRIMARY_1 FROM T1 WHERE DESCRIPTIVE_ATTRIBUTE_3 IN (SELECT DESCRIPTIVE_ATTRIBUTE_20 FROM T2 WHERE DESCRIPTIVE_ATTRIBUTE_14 IN (SELECT DESCRIPTIVE_ATTRIBUTE_28 FROM T5 WHERE DESCRIPTIVE_ATTRIBUTE_28 = 'payment methods'))))))),SELECT Invoices.invoice_status_code FROM Invoices JOIN Shipments ON Shipments.invoice_number = Invoices.invoice_number JOIN Orders ON Orders.customer_id = Customers.customer_id JOIN Order_Items ON Order_Items.order_id = Orders.order_id JOIN Products ON Products.product_id = Order_Items.product_id JOIN Customers ON Customers.customer_id = Customer_Payment_Methods.customer_id WHERE Orders.order_status_code = 'payment methods' AND Invoices.invoice_date = Shipments.shipment_date AND Orders.order_status_code IN (SELECT order_item_status_code FROM Order_Items WHERE product_id IN (SELECT product_id FROM Products WHERE parent_product_id IN (SELECT order_item_id FROM Shipment_Items WHERE order_item_id IN (SELECT order_id FROM Order_Items WHERE product_id IN (SELECT product_id FROM Products WHERE product_name IN (SELECT country FROM Customers WHERE login_name IN (SELECT order_status_code FROM Orders WHERE order_status_code = 'payment methods')))))))
188,109,e_commerce,e_commerce,,,False,0,True,,llama3.1-8b,SELECT T4.CHRONOLOGICAL_MARKER_25 FROM T1 JOIN T6 ON T1.IDENTIFIER_PRIMARY_1 = T6.IDENTIFIER_REFERENCE_31 JOIN T5 ON T6.IDENTIFIER_REFERENCE_32 = T5.IDENTIFIER_PRIMARY_26 JOIN T4 ON T5.IDENTIFIER_REFERENCE_27 = T4.IDENTIFIER_PRIMARY_23 JOIN T7 ON T5.IDENTIFIER_PRIMARY_26 = T7.IDENTIFIER_REFERENCE_35 WHERE T7.IDENTIFIER_REFERENCE_36 = T4.IDENTIFIER_PRIMARY_23 AND T7.MEASUREMENT_VALUE_37 = '2',SELECT Invoices.invoice_date FROM Products JOIN Order_Items ON Products.product_id = Order_Items.product_id JOIN Orders ON Order_Items.order_id = Orders.order_id JOIN Invoices ON Orders.customer_id = Invoices.invoice_number JOIN Shipments ON Orders.order_id = Shipments.order_id WHERE Shipments.invoice_number = Invoices.invoice_number AND Shipments.shipment_tracking_number = '2'
189,110,e_commerce,e_commerce,,,False,0,True,,llama3.1-8b,SELECT DESCRIPTIVE_ATTRIBUTE_10 FROM T2 GROUP BY DESCRIPTIVE_ATTRIBUTE_10 ORDER BY COUNT(*) ASC LIMIT 1,SELECT customer_first_name FROM Customers GROUP BY customer_first_name ORDER BY COUNT(*) ASC LIMIT 1
190,111,e_commerce,e_commerce,,,False,0,True,,llama3.1-8b,SELECT DESCRIPTIVE_ATTRIBUTE_10 FROM T2 GROUP BY DESCRIPTIVE_ATTRIBUTE_10 ORDER BY COUNT(*) ASC LIMIT 1,SELECT customer_first_name FROM Customers GROUP BY customer_first_name ORDER BY COUNT(*) ASC LIMIT 1
191,120,bbc_channels,bbc_channels,,,False,0,True,,llama3.1-8b,SELECT T1.DESCRIPTIVE_ATTRIBUTE_2 FROM T1 JOIN T4 ON T1.IDENTIFIER_PRIMARY_1 = T4.IDENTIFIER_REFERENCE_15 JOIN T2 ON T4.IDENTIFIER_REFERENCE_15 = T2.IDENTIFIER_PRIMARY_6 WHERE T2.MEASUREMENT_VALUE_8 > (SELECT AVG(MEASUREMENT_VALUE_8) FROM T2),SELECT channel.Name FROM channel JOIN director_admin ON channel.Channel_ID = director_admin.Channel_ID JOIN director ON director_admin.Channel_ID = director.Director_ID WHERE director.Age > (SELECT AVG(Age) FROM director)
192,135,bbc_channels,bbc_channels,,,False,0,True,,llama3.1-8b,SELECT T1.DESCRIPTIVE_ATTRIBUTE_2 FROM T1 JOIN T3 ON T1.IDENTIFIER_PRIMARY_1 = T3.IDENTIFIER_REFERENCE_13 WHERE T3.DESCRIPTIVE_ATTRIBUTE_11 != 'Hank Baskett',SELECT channel.Name FROM channel JOIN program ON channel.Channel_ID = program.Channel_ID WHERE program.Title != 'Hank Baskett'
193,144,tv_shows,tv_shows,,,False,0,True,,llama3.1-8b,SELECT T2.TEXT_FIELD_7 FROM T4 AS T4 INNER JOIN T2 AS T2 ON T4.IDENTIFIER_REFERENCE_19 = T2.IDENTIFIER_PRIMARY_6 GROUP BY T2.TEXT_FIELD_7 ORDER BY COUNT(T2.TEXT_FIELD_7) DESC LIMIT 1,SELECT radio.Transmitter FROM city_channel_radio AS city_channel_radio INNER JOIN radio AS radio ON city_channel_radio.Radio_ID = radio.Radio_ID GROUP BY radio.Transmitter ORDER BY COUNT(radio.Transmitter) DESC LIMIT 1
194,148,tv_shows,tv_shows,,,False,3,False,,llama3.1-8b,"SELECT T3.DESCRIPTIVE_ATTRIBUTE_14, T2.TEXT_FIELD_7 FROM T3 JOIN T5 ON T3.IDENTIFIER_PRIMARY_13 = T5.IDENTIFIER_REFERENCE_22 JOIN T1 ON T5.IDENTIFIER_PRIMARY_21 = T1.IDENTIFIER_PRIMARY_1 JOIN T4 ON T1.IDENTIFIER_PRIMARY_1 = T4.IDENTIFIER_PRIMARY_18 JOIN T2 ON T4.IDENTIFIER_REFERENCE_19 = T2.IDENTIFIER_PRIMARY_6 ORDER BY T1.DESCRIPITIVE_ATTRIBUTE_4 DESC","SELECT tv_show.tv_show_name, radio.Transmitter FROM tv_show JOIN city_channel_tv_show ON tv_show.tv_show_ID = city_channel_tv_show.tv_show_ID JOIN city_channel ON city_channel_tv_show.City_channel_ID = city_channel.ID JOIN city_channel_radio ON city_channel.ID = city_channel_radio.City_channel_ID JOIN radio ON city_channel_radio.Radio_ID = radio.Radio_ID ORDER BY city_channel.DESCRIPITIVE_ATTRIBUTE_4 DESC"
195,150,tv_shows,tv_shows,,,False,0,True,,llama3.1-8b,SELECT DISTINCT T1.DESCRIPTIVE_ATTRIBUTE_2 FROM T1 JOIN T5 ON T1.IDENTIFIER_PRIMARY_1 = T5.IDENTIFIER_PRIMARY_21 JOIN T3 ON T5.IDENTIFIER_REFERENCE_22 = T3.IDENTIFIER_PRIMARY_13 WHERE T3.DESCRIPTIVE_ATTRIBUTE_14 NOT IN (SELECT TEXT_FIELD_7 FROM T2),SELECT DISTINCT city_channel.City FROM city_channel JOIN city_channel_tv_show ON city_channel.ID = city_channel_tv_show.City_channel_ID JOIN tv_show ON city_channel_tv_show.tv_show_ID = tv_show.tv_show_ID WHERE tv_show.tv_show_name NOT IN (SELECT Transmitter FROM radio)
196,151,vehicle_driver,vehicle_driver,,,False,0,True,,llama3.1-8b,SELECT T2.DESCRIPTIVE_ATTRIBUTE_9 FROM T1 JOIN T3 ON T1.IDENTIFIER_PRIMARY_1 = T3.IDENTIFIER_REFERENCE_13 JOIN T2 ON T3.IDENTIFIER_PRIMARY_12 = T2.IDENTIFIER_PRIMARY_8 WHERE T1.NUMERIC_FIELD_4 > 6000 ORDER BY T1.NUMERIC_FIELD_4 DESC LIMIT 1,SELECT driver.Name FROM vehicle JOIN vehicle_driver ON vehicle.Vehicle_ID = vehicle_driver.Vehicle_ID JOIN driver ON vehicle_driver.Driver_ID = driver.Driver_ID WHERE vehicle.Top_Speed > 6000 ORDER BY vehicle.Top_Speed DESC LIMIT 1
197,152,vehicle_driver,vehicle_driver,,,False,0,True,,llama3.1-8b,SELECT T2.TEXT_FIELD_10 FROM T1 JOIN T3 ON T1.IDENTIFIER_PRIMARY_1 = T3.IDENTIFIER_REFERENCE_13 JOIN T2 ON T3.IDENTIFIER_PRIMARY_12 = T2.IDENTIFIER_PRIMARY_8 WHERE T1.NUMERIC_FIELD_4 > 6000 ORDER BY T1.NUMERIC_FIELD_5 DESC LIMIT 1,SELECT driver.Citizenship FROM vehicle JOIN vehicle_driver ON vehicle.Vehicle_ID = vehicle_driver.Vehicle_ID JOIN driver ON vehicle_driver.Driver_ID = driver.Driver_ID WHERE vehicle.Top_Speed > 6000 ORDER BY vehicle.Power DESC LIMIT 1
198,155,vehicle_driver,vehicle_driver,,,False,0,True,,llama3.1-8b,"SELECT COUNT(T1.IDENTIFIER_PRIMARY_1), T2.IDENTIFIER_PRIMARY_8 FROM T1 JOIN T3 ON T1.IDENTIFIER_PRIMARY_1 = T3.IDENTIFIER_REFERENCE_13 JOIN T2 ON T3.IDENTIFIER_PRIMARY_12 = T2.IDENTIFIER_PRIMARY_8 GROUP BY T2.IDENTIFIER_PRIMARY_8 ORDER BY COUNT(T1.IDENTIFIER_PRIMARY_1) DESC LIMIT 1","SELECT COUNT(vehicle.Vehicle_ID), driver.Driver_ID FROM vehicle JOIN vehicle_driver ON vehicle.Vehicle_ID = vehicle_driver.Vehicle_ID JOIN driver ON vehicle_driver.Driver_ID = driver.Driver_ID GROUP BY driver.Driver_ID ORDER BY COUNT(vehicle.Vehicle_ID) DESC LIMIT 1"
199,156,vehicle_driver,vehicle_driver,,,False,0,True,,llama3.1-8b,"SELECT T2.IDENTIFIER_PRIMARY_8, COUNT(T3.IDENTIFIER_PRIMARY_12) FROM T2 INNER JOIN T3 ON T2.IDENTIFIER_PRIMARY_8 = T3.IDENTIFIER_REFERENCE_13 GROUP BY T2.IDENTIFIER_PRIMARY_8 ORDER BY COUNT(T3.IDENTIFIER_PRIMARY_12) DESC LIMIT 1","SELECT driver.Driver_ID, COUNT(vehicle_driver.Driver_ID) FROM driver INNER JOIN vehicle_driver ON driver.Driver_ID = vehicle_driver.Vehicle_ID GROUP BY driver.Driver_ID ORDER BY COUNT(vehicle_driver.Driver_ID) DESC LIMIT 1"
200,159,vehicle_driver,vehicle_driver,,,False,0,True,,llama3.1-8b,SELECT T2.IDENTIFIER_PRIMARY_8 FROM T2 JOIN T3 ON T2.IDENTIFIER_PRIMARY_8 = T3.IDENTIFIER_PRIMARY_12 JOIN T1 ON T3.IDENTIFIER_REFERENCE_13 = T1.IDENTIFIER_PRIMARY_1 ORDER BY T1.NUMERIC_FIELD_4 LIMIT 1,SELECT driver.Driver_ID FROM driver JOIN vehicle_driver ON driver.Driver_ID = vehicle_driver.Driver_ID JOIN vehicle ON vehicle_driver.Vehicle_ID = vehicle.Vehicle_ID ORDER BY vehicle.Top_Speed LIMIT 1
201,160,vehicle_driver,vehicle_driver,,,False,0,True,,llama3.1-8b,SELECT T2.IDENTIFIER_PRIMARY_8 FROM T2 JOIN T3 ON T2.IDENTIFIER_PRIMARY_8 = T3.IDENTIFIER_PRIMARY_12 JOIN T1 ON T3.IDENTIFIER_REFERENCE_13 = T1.IDENTIFIER_PRIMARY_1 ORDER BY T1.NUMERIC_FIELD_4 ASC LIMIT 1,SELECT driver.Driver_ID FROM driver JOIN vehicle_driver ON driver.Driver_ID = vehicle_driver.Driver_ID JOIN vehicle ON vehicle_driver.Vehicle_ID = vehicle.Vehicle_ID ORDER BY vehicle.Top_Speed ASC LIMIT 1
202,171,vehicle_driver,vehicle_driver,,,False,0,True,,llama3.1-8b,SELECT DISTINCT T2.DESCRIPTIVE_ATTRIBUTE_9 FROM T2 JOIN T3 ON T2.IDENTIFIER_PRIMARY_8 = T3.IDENTIFIER_PRIMARY_12 JOIN T1 ON T3.IDENTIFIER_REFERENCE_13 = T1.IDENTIFIER_PRIMARY_1 WHERE T1.NUMERIC_FIELD_5 > 5000,SELECT DISTINCT driver.Name FROM driver JOIN vehicle_driver ON driver.Driver_ID = vehicle_driver.Driver_ID JOIN vehicle ON vehicle_driver.Vehicle_ID = vehicle.Vehicle_ID WHERE vehicle.Power > 5000
203,172,vehicle_driver,vehicle_driver,,,False,0,True,,llama3.1-8b,SELECT T2.TEXT_FIELD_10 FROM T3 JOIN T2 ON T3.IDENTIFIER_PRIMARY_12 = T2.IDENTIFIER_PRIMARY_8 JOIN T1 ON T3.IDENTIFIER_REFERENCE_13 = T1.IDENTIFIER_PRIMARY_1 WHERE T1.NUMERIC_FIELD_5 > 5000,SELECT driver.Citizenship FROM vehicle_driver JOIN driver ON vehicle_driver.Driver_ID = driver.Driver_ID JOIN vehicle ON vehicle_driver.Vehicle_ID = vehicle.Vehicle_ID WHERE vehicle.Power > 5000
204,177,vehicle_driver,vehicle_driver,,,False,0,True,,llama3.1-8b,SELECT T2.DESCRIPTIVE_ATTRIBUTE_9 FROM T2 LEFT JOIN T3 ON T2.IDENTIFIER_PRIMARY_8 = T3.IDENTIFIER_PRIMARY_12 LEFT JOIN T1 ON T3.IDENTIFIER_REFERENCE_13 = T1.IDENTIFIER_PRIMARY_1 WHERE T1.IDENTIFIER_PRIMARY_1 IS NULL,SELECT driver.Name FROM driver LEFT JOIN vehicle_driver ON driver.Driver_ID = vehicle_driver.Driver_ID LEFT JOIN vehicle ON vehicle_driver.Vehicle_ID = vehicle.Vehicle_ID WHERE vehicle.Vehicle_ID IS NULL
205,178,vehicle_driver,vehicle_driver,,,False,0,True,,llama3.1-8b,SELECT T2.DESCRIPTIVE_ATTRIBUTE_9 FROM T2 JOIN T3 ON T2.IDENTIFIER_PRIMARY_8 = T3.IDENTIFIER_PRIMARY_12 JOIN T1 ON T3.IDENTIFIER_REFERENCE_13 = T1.IDENTIFIER_PRIMARY_1 WHERE T1.NUMERIC_FIELD_4 = 0,SELECT driver.Name FROM driver JOIN vehicle_driver ON driver.Driver_ID = vehicle_driver.Driver_ID JOIN vehicle ON vehicle_driver.Vehicle_ID = vehicle.Vehicle_ID WHERE vehicle.Top_Speed = 0
206,179,vehicle_driver,vehicle_driver,,,False,0,True,,llama3.1-8b,"SELECT T2.DESCRIPTIVE_ATTRIBUTE_9, T2.TEXT_FIELD_10 FROM T2 JOIN T3 ON T2.IDENTIFIER_PRIMARY_8 = T3.IDENTIFIER_PRIMARY_12 JOIN T1 ON T3.IDENTIFIER_REFERENCE_13 = T1.IDENTIFIER_PRIMARY_1 WHERE T1.NUMERIC_FIELD_4 > 1 OR T1.TEXT_FIELD_2 = 'Ziyang'","SELECT driver.Name, driver.Citizenship FROM driver JOIN vehicle_driver ON driver.Driver_ID = vehicle_driver.Driver_ID JOIN vehicle ON vehicle_driver.Vehicle_ID = vehicle.Vehicle_ID WHERE vehicle.Top_Speed > 1 OR vehicle.Model = 'Ziyang'"
207,180,vehicle_driver,vehicle_driver,,,False,0,True,,llama3.1-8b,"SELECT T2.IDENTIFIER_PRIMARY_8, T2.TEXT_FIELD_10 FROM T2 JOIN T3 ON T2.IDENTIFIER_PRIMARY_8 = T3.IDENTIFIER_PRIMARY_12 WHERE T2.DESCRIPTIVE_ATTRIBUTE_9 = 'driver' AND T3.IDENTIFIER_REFERENCE_13 IN (SELECT IDENTIFIER_PRIMARY_1 FROM T1 GROUP BY IDENTIFIER_PRIMARY_1 HAVING COUNT(IDENTIFIER_PRIMARY_1) = 2) OR T2.DESCRIPTIVE_ATTRIBUTE_9 = 'builder' AND T2.TEXT_FIELD_10 = 'Ziyang'","SELECT driver.Driver_ID, driver.Citizenship FROM driver JOIN vehicle_driver ON driver.Driver_ID = vehicle_driver.Driver_ID WHERE driver.Name = 'driver' AND vehicle_driver.Vehicle_ID IN (SELECT Vehicle_ID FROM vehicle GROUP BY Vehicle_ID HAVING COUNT(Vehicle_ID) = 2) OR driver.Name = 'builder' AND driver.Citizenship = 'Ziyang'"
208,183,vehicle_driver,vehicle_driver,,,False,0,True,,llama3.1-8b,SELECT COUNT(T1.IDENTIFIER_PRIMARY_1) FROM T1 INNER JOIN T3 ON T1.IDENTIFIER_PRIMARY_1 = T3.IDENTIFIER_REFERENCE_13 WHERE T1.NUMERIC_FIELD_5 = ( SELECT MAX(NUMERIC_FIELD_5) FROM T1 ),SELECT COUNT(vehicle.Vehicle_ID) FROM vehicle INNER JOIN vehicle_driver ON vehicle.Vehicle_ID = vehicle_driver.Vehicle_ID WHERE vehicle.Power = ( SELECT MAX(Power) FROM vehicle )
209,184,vehicle_driver,vehicle_driver,,,False,0,True,,llama3.1-8b,SELECT COUNT(T1.IDENTIFIER_PRIMARY_1) FROM T1 JOIN T3 ON T1.IDENTIFIER_PRIMARY_1 = T3.IDENTIFIER_REFERENCE_13 WHERE T1.NUMERIC_FIELD_5 = (SELECT MAX(T1.NUMERIC_FIELD_5) FROM T1),SELECT COUNT(vehicle.Vehicle_ID) FROM vehicle JOIN vehicle_driver ON vehicle.Vehicle_ID = vehicle_driver.Vehicle_ID WHERE vehicle.Power = (SELECT MAX(vehicle.Power) FROM vehicle)
210,189,vehicle_driver,vehicle_driver,,,False,0,True,,llama3.1-8b,"SELECT T2.DESCRIPTIVE_ATTRIBUTE_9, T2.TEXT_FIELD_11 FROM T3 JOIN T2 ON T3.IDENTIFIER_PRIMARY_12 = T2.IDENTIFIER_PRIMARY_8 JOIN T1 ON T3.IDENTIFIER_REFERENCE_13 = T1.IDENTIFIER_PRIMARY_1 WHERE T1.TEXT_FIELD_6 = 'DJ1'","SELECT driver.Name, driver.Racing_Series FROM vehicle_driver JOIN driver ON vehicle_driver.Driver_ID = driver.Driver_ID JOIN vehicle ON vehicle_driver.Vehicle_ID = vehicle.Vehicle_ID WHERE vehicle.Builder = 'DJ1'"
211,190,vehicle_driver,vehicle_driver,,,False,0,True,,llama3.1-8b,"SELECT T2.DESCRIPTIVE_ATTRIBUTE_9, T2.TEXT_FIELD_10 FROM T3 JOIN T2 ON T3.IDENTIFIER_PRIMARY_12 = T2.IDENTIFIER_PRIMARY_8 JOIN T1 ON T3.IDENTIFIER_REFERENCE_13 = T1.IDENTIFIER_PRIMARY_1 WHERE T1.TEXT_FIELD_6 = 'DJ1'","SELECT driver.Name, driver.Citizenship FROM vehicle_driver JOIN driver ON vehicle_driver.Driver_ID = driver.Driver_ID JOIN vehicle ON vehicle_driver.Vehicle_ID = vehicle.Vehicle_ID WHERE vehicle.Builder = 'DJ1'"
212,199,online_exams,online_exams,,,False,3,False,,llama3.1-8b,SELECT T3.CHRONOLOGICAL_MARKER_15 FROM T3 INNER JOIN T4 ON T3.IDENTIFIER_PRIMARY_13 = T4.IDENTIFIER_PRIMARY_17 INNER JOIN T6 ON T4.IDENTIFIER_REFERENCE_18 = T6.IDENTIFIER_REFERENCE_24 INNER JOIN T1 ON T6.IDENTIFIER_REFERENCE_25 = T1.IDENTIFIER_PRIMARY_1 WHERE T1.DESCRIPITIVE_ATTRIBUTE_2 LIKE '%data%' ORDER BY T3.CHRONOLOGICAL_MARKER_15 DESC,SELECT Exams.Exam_Date FROM Exams INNER JOIN Questions_in_Exams ON Exams.Exam_ID = Questions_in_Exams.Exam_ID INNER JOIN Student_Answers ON Questions_in_Exams.Question_ID = Student_Answers.Question_ID INNER JOIN Students ON Student_Answers.Student_ID = Students.Student_ID WHERE Students.DESCRIPITIVE_ATTRIBUTE_2 LIKE '%data%' ORDER BY Exams.Exam_Date DESC
213,200,online_exams,online_exams,,,False,3,False,,llama3.1-8b,SELECT T3.CHRONOLOGICAL_MARKER_15 FROM T3 INNER JOIN T4 ON T3.IDENTIFIER_PRIMARY_13 = T4.IDENTIFIER_PRIMARY_17 INNER JOIN T6 ON T4.IDENTIFIER_REFERENCE_18 = T6.IDENTIFIER_REFERENCE_24 INNER JOIN T1 ON T6.IDENTIFIER_REFERENCE_25 = T1.IDENTIFIER_PRIMARY_1 WHERE T1.DESCRIPITIVE_ATTRIBUTE_2 LIKE '%data%' ORDER BY T3.CHRONOLOGICAL_MARKER_15 DESC,SELECT Exams.Exam_Date FROM Exams INNER JOIN Questions_in_Exams ON Exams.Exam_ID = Questions_in_Exams.Exam_ID INNER JOIN Student_Answers ON Questions_in_Exams.Question_ID = Student_Answers.Question_ID INNER JOIN Students ON Student_Answers.Student_ID = Students.Student_ID WHERE Students.DESCRIPITIVE_ATTRIBUTE_2 LIKE '%data%' ORDER BY Exams.Exam_Date DESC
214,213,online_exams,online_exams,,,False,0,True,,llama3.1-8b,SELECT T2.DESCRIPTIVE_ATTRIBUTE_11 FROM T2 INNER JOIN T5 ON T2.IDENTIFIER_PRIMARY_10 = T5.IDENTIFIER_REFERENCE_20 INNER JOIN T7 ON T5.IDENTIFIER_PRIMARY_19 = T7.IDENTIFIER_REFERENCE_31 GROUP BY T2.DESCRIPTIVE_ATTRIBUTE_11 ORDER BY COUNT(T2.DESCRIPTIVE_ATTRIBUTE_11) ASC LIMIT 1,SELECT Questions.Type_of_Question_Code FROM Questions INNER JOIN Valid_Answers ON Questions.Question_ID = Valid_Answers.Question_ID INNER JOIN Student_Assessments ON Valid_Answers.Valid_Answer_ID = Student_Assessments.Valid_Answer_ID GROUP BY Questions.Type_of_Question_Code ORDER BY COUNT(Questions.Type_of_Question_Code) ASC LIMIT 1
215,214,online_exams,online_exams,,,False,0,True,,llama3.1-8b,"SELECT T2.DESCRIPTIVE_ATTRIBUTE_11, COUNT(T2.DESCRIPTIVE_ATTRIBUTE_11) AS frequency_count FROM T2 JOIN T5 ON T5.IDENTIFIER_REFERENCE_20 = T2.IDENTIFIER_PRIMARY_10 JOIN T7 ON T7.IDENTIFIER_REFERENCE_31 = T5.IDENTIFIER_PRIMARY_19 GROUP BY T2.DESCRIPTIVE_ATTRIBUTE_11 ORDER BY frequency_count ASC LIMIT 1","SELECT Questions.Type_of_Question_Code, COUNT(Questions.Type_of_Question_Code) AS frequency_count FROM Questions JOIN Valid_Answers ON Valid_Answers.Question_ID = Questions.Question_ID JOIN Student_Assessments ON Student_Assessments.Valid_Answer_ID = Valid_Answers.Valid_Answer_ID GROUP BY Questions.Type_of_Question_Code ORDER BY frequency_count ASC LIMIT 1"
216,217,online_exams,online_exams,,,False,0,True,,llama3.1-8b,SELECT TEXT_FIELD_12 FROM T2 WHERE IDENTIFIER_PRIMARY_10 IN ( SELECT IDENTIFIER_REFERENCE_18 FROM T4 WHERE IDENTIFIER_PRIMARY_17 IN ( SELECT IDENTIFIER_REFERENCE_23 FROM T6 WHERE IDENTIFIER_REFERENCE_25 IN ( SELECT IDENTIFIER_PRIMARY_1 FROM T1 WHERE DESCRIPTIVE_ATTRIBUTE_2 = 'valid' ) ) ) GROUP BY TEXT_FIELD_12 ORDER BY COUNT(TEXT_FIELD_12) DESC LIMIT 1,SELECT Question_Text FROM Questions WHERE Question_ID IN ( SELECT Question_ID FROM Questions_in_Exams WHERE Exam_ID IN ( SELECT Exam_ID FROM Student_Answers WHERE Student_ID IN ( SELECT Student_ID FROM Students WHERE First_Name = 'valid' ) ) ) GROUP BY Question_Text ORDER BY COUNT(Question_Text) DESC LIMIT 1
217,218,online_exams,online_exams,,,False,0,True,,llama3.1-8b,SELECT TEXT_FIELD_12 FROM T2 GROUP BY TEXT_FIELD_12 ORDER BY COUNT(TEXT_FIELD_12) DESC LIMIT 1,SELECT Question_Text FROM Questions GROUP BY Question_Text ORDER BY COUNT(Question_Text) DESC LIMIT 1
218,225,online_exams,online_exams,,,False,0,True,,llama3.1-8b,SELECT T2.DESCRIPTIVE_ATTRIBUTE_11 FROM T2 LEFT JOIN T5 ON T5.IDENTIFIER_REFERENCE_20 = T2.IDENTIFIER_PRIMARY_10 WHERE T5.IDENTIFIER_PRIMARY_19 IS NULL,SELECT Questions.Type_of_Question_Code FROM Questions LEFT JOIN Valid_Answers ON Valid_Answers.Question_ID = Questions.Question_ID WHERE Valid_Answers.Valid_Answer_ID IS NULL
219,226,online_exams,online_exams,,,False,0,True,,llama3.1-8b,SELECT T2.DESCRIPTIVE_ATTRIBUTE_11 FROM T2 LEFT JOIN T4 ON T4.IDENTIFIER_REFERENCE_18 = T2.IDENTIFIER_PRIMARY_10 LEFT JOIN T6 ON T6.IDENTIFIER_REFERENCE_24 = T4.IDENTIFIER_REFERENCE_18 WHERE T6.IDENTIFIER_REFERENCE_25 IS NULL,SELECT Questions.Type_of_Question_Code FROM Questions LEFT JOIN Questions_in_Exams ON Questions_in_Exams.Question_ID = Questions.Question_ID LEFT JOIN Student_Answers ON Student_Answers.Question_ID = Questions_in_Exams.Question_ID WHERE Student_Answers.Student_ID IS NULL
220,227,online_exams,online_exams,,,False,0,True,,llama3.1-8b,"SELECT T5.TEXT_FIELD_21 FROM T5 JOIN T2 ON T5.IDENTIFIER_REFERENCE_20 = T2.IDENTIFIER_PRIMARY_10 WHERE T2.DESCRIPTIVE_ATTRIBUTE_11 IN ('Normal', 'Absent')","SELECT Valid_Answers.Valid_Answer_Text FROM Valid_Answers JOIN Questions ON Valid_Answers.Question_ID = Questions.Question_ID WHERE Questions.Type_of_Question_Code IN ('Normal', 'Absent')"
221,228,online_exams,online_exams,,,False,0,True,,llama3.1-8b,"SELECT T5.TEXT_FIELD_21 FROM T5 JOIN T2 ON T5.IDENTIFIER_REFERENCE_20 = T2.IDENTIFIER_PRIMARY_10 WHERE T2.DESCRIPTIVE_ATTRIBUTE_11 IN ('Normal', 'Absent')","SELECT Valid_Answers.Valid_Answer_Text FROM Valid_Answers JOIN Questions ON Valid_Answers.Question_ID = Questions.Question_ID WHERE Questions.Type_of_Question_Code IN ('Normal', 'Absent')"
222,249,customers_and_orders,customers_and_orders,,,False,0,True,,llama3.1-8b,SELECT T1.DESCRIPTIVE_ATTRIBUTE_2 FROM T1 JOIN T5 ON T1.IDENTIFIER_PRIMARY_1 = T5.IDENTIFIER_REFERENCE_21 WHERE T1.CURRENCY_AMOUNT_4 > ( SELECT AVG(T1.CURRENCY_AMOUNT_4) FROM T1 ),SELECT Products.product_type_code FROM Products JOIN Order_Items ON Products.product_id = Order_Items.product_id WHERE Products.product_price > ( SELECT AVG(Products.product_price) FROM Products )
223,250,customers_and_orders,customers_and_orders,,,False,0,True,,llama3.1-8b,SELECT T3.DESCRIPTIVE_ATTRIBUTE_11 FROM T3 JOIN T4 ON T3.IDENTIFIER_PRIMARY_7 = T4.IDENTIFIER_REFERENCE_16 JOIN T5 ON T4.IDENTIFIER_PRIMARY_15 = T5.IDENTIFIER_REFERENCE_20 JOIN T1 ON T5.IDENTIFIER_REFERENCE_21 = T1.IDENTIFIER_PRIMARY_1 WHERE T1.CURRENCY_AMOUNT_4 > ( SELECT AVG(CURRENCY_AMOUNT_4) FROM T1 ),SELECT Customers.customer_name FROM Customers JOIN Customer_Orders ON Customers.customer_id = Customer_Orders.customer_id JOIN Order_Items ON Customer_Orders.order_id = Order_Items.order_id JOIN Products ON Order_Items.product_id = Products.product_id WHERE Products.product_price > ( SELECT AVG(product_price) FROM Products )
224,253,customers_and_orders,customers_and_orders,,,False,0,True,,llama3.1-8b,SELECT T3.DESCRIPTIVE_ATTRIBUTE_11 FROM T3 INNER JOIN T5 ON T3.IDENTIFIER_PRIMARY_7 = T5.IDENTIFIER_REFERENCE_20 INNER JOIN T1 ON T5.IDENTIFIER_REFERENCE_21 = T1.IDENTIFIER_PRIMARY_1 WHERE T3.DESCRIPTIVE_ATTRIBUTE_13 = 'Clothes' ORDER BY T1.CURRENCY_AMOUNT_4 DESC LIMIT 1,SELECT Customers.customer_name FROM Customers INNER JOIN Order_Items ON Customers.customer_id = Order_Items.order_id INNER JOIN Products ON Order_Items.product_id = Products.product_id WHERE Customers.customer_phone = 'Clothes' ORDER BY Products.product_price DESC LIMIT 1
225,254,customers_and_orders,customers_and_orders,,,False,0,True,,llama3.1-8b,SELECT T3.DESCRIPTIVE_ATTRIBUTE_11 FROM T3 INNER JOIN T5 ON T3.IDENTIFIER_PRIMARY_7 = T5.IDENTIFIER_REFERENCE_20 INNER JOIN T1 ON T5.IDENTIFIER_REFERENCE_21 = T1.IDENTIFIER_PRIMARY_1 WHERE T3.DESCRIPTIVE_ATTRIBUTE_13 = 'Clothes' ORDER BY T1.CURRENCY_AMOUNT_4 DESC LIMIT 1,SELECT Customers.customer_name FROM Customers INNER JOIN Order_Items ON Customers.customer_id = Order_Items.order_id INNER JOIN Products ON Order_Items.product_id = Products.product_id WHERE Customers.customer_phone = 'Clothes' ORDER BY Products.product_price DESC LIMIT 1
226,255,customers_and_orders,customers_and_orders,,,False,3,False,,llama3.1-8b,"SELECT T3.IDENTIFIER_PRIMARY_7, T3.DESCRIPTIVE_ATTRIBUTE_6 FROM T3 JOIN T4 ON T3.IDENTIFIER_PRIMARY_7 = T4.IDENTIFIER_REFERENCE_16 JOIN T5 ON T4.IDENTIFIER_PRIMARY_15 = T5.IDENTIFIER_REFERENCE_20 WHERE T3.DESCRIPTIVE_ATTRIBUTE_13 = 'Hardware' ORDER BY T5.MEASUREMENT_VALUE_22 ASC LIMIT 1","SELECT Customers.customer_id, Customers.address_details FROM Customers JOIN Customer_Orders ON Customers.customer_id = Customer_Orders.customer_id JOIN Order_Items ON Customer_Orders.order_id = Order_Items.order_id WHERE Customers.customer_phone = 'Hardware' ORDER BY Order_Items.order_quantity ASC LIMIT 1"
227,256,customers_and_orders,customers_and_orders,,,False,3,False,,llama3.1-8b,"SELECT T1.IDENTIFIER_PRIMARY_1, T2.DESCRIPITIVE_ATTRIBUTE_6 FROM T1 JOIN T5 ON T1.IDENTIFIER_PRIMARY_1 = T5.IDENTIFIER_REFERENCE_21 JOIN T4 ON T5.IDENTIFIER_REFERENCE_20 = T4.IDENTIFIER_PRIMARY_15 JOIN T3 ON T4.IDENTIFIER_REFERENCE_16 = T3.IDENTIFIER_PRIMARY_7 JOIN T2 ON T3.IDENTIFIER_CODE_8 = T2.IDENTIFIER_PRIMARY_5 ORDER BY T1.CURRENCY_AMOUNT_4 ASC LIMIT 1","SELECT Products.product_id, Addresses.DESCRIPITIVE_ATTRIBUTE_6 FROM Products JOIN Order_Items ON Products.product_id = Order_Items.product_id JOIN Customer_Orders ON Order_Items.order_id = Customer_Orders.order_id JOIN Customers ON Customer_Orders.customer_id = Customers.customer_id JOIN Addresses ON Customers.address_id = Addresses.address_id ORDER BY Products.product_price ASC LIMIT 1"
228,267,customers_and_orders,customers_and_orders,,,False,0,True,,llama3.1-8b,SELECT T2.DESCRIPTIVE_ATTRIBUTE_6 FROM T2 INNER JOIN T5 ON T2.IDENTIFIER_PRIMARY_5 = T5.IDENTIFIER_REFERENCE_20 INNER JOIN T4 ON T5.IDENTIFIER_REFERENCE_21 = T4.IDENTIFIER_PRIMARY_15 GROUP BY T2.DESCRIPTIVE_ATTRIBUTE_6 ORDER BY COUNT(T2.DESCRIPTIVE_ATTRIBUTE_6) DESC LIMIT 1,SELECT Addresses.address_details FROM Addresses INNER JOIN Order_Items ON Addresses.address_id = Order_Items.order_id INNER JOIN Customer_Orders ON Order_Items.product_id = Customer_Orders.order_id GROUP BY Addresses.address_details ORDER BY COUNT(Addresses.address_details) DESC LIMIT 1
229,268,customers_and_orders,customers_and_orders,,,False,0,True,,llama3.1-8b,SELECT IDENTIFIER_CODE_19 FROM T5 GROUP BY IDENTIFIER_CODE_19 ORDER BY COUNT(IDENTIFIER_CODE_19) DESC LIMIT 1,SELECT order_item_id FROM Order_Items GROUP BY order_item_id ORDER BY COUNT(order_item_id) DESC LIMIT 1
230,277,customers_and_orders,customers_and_orders,,,False,0,True,,llama3.1-8b,SELECT T5.IDENTIFIER_CODE_19 FROM T5 INNER JOIN T4 ON T5.IDENTIFIER_REFERENCE_20 = T4.IDENTIFIER_PRIMARY_15 INNER JOIN T3 ON T4.IDENTIFIER_REFERENCE_16 = T3.IDENTIFIER_PRIMARY_7 GROUP BY T5.IDENTIFIER_CODE_19 ORDER BY COUNT(T5.IDENTIFIER_CODE_19) DESC LIMIT 1,SELECT Order_Items.order_item_id FROM Order_Items INNER JOIN Customer_Orders ON Order_Items.order_id = Customer_Orders.order_id INNER JOIN Customers ON Customer_Orders.customer_id = Customers.customer_id GROUP BY Order_Items.order_item_id ORDER BY COUNT(Order_Items.order_item_id) DESC LIMIT 1
231,278,customers_and_orders,customers_and_orders,,,False,0,True,,llama3.1-8b,SELECT T3.DESCRIPTIVE_ATTRIBUTE_13 FROM T3 INNER JOIN T4 ON T3.IDENTIFIER_PRIMARY_7 = T4.IDENTIFIER_REFERENCE_16 INNER JOIN T5 ON T4.IDENTIFIER_PRIMARY_15 = T5.IDENTIFIER_REFERENCE_20 GROUP BY T3.DESCRIPTIVE_ATTRIBUTE_13 ORDER BY COUNT(T3.DESCRIPTIVE_ATTRIBUTE_13) DESC LIMIT 1,SELECT Customers.customer_phone FROM Customers INNER JOIN Customer_Orders ON Customers.customer_id = Customer_Orders.customer_id INNER JOIN Order_Items ON Customer_Orders.order_id = Order_Items.order_id GROUP BY Customers.customer_phone ORDER BY COUNT(Customers.customer_phone) DESC LIMIT 1
232,279,customers_and_orders,customers_and_orders,,,False,0,True,,llama3.1-8b,SELECT T2.DESCRIPTIVE_ATTRIBUTE_6 FROM T2 JOIN T5 ON T2.IDENTIFIER_PRIMARY_5 = T5.IDENTIFIER_REFERENCE_20 JOIN T4 ON T4.IDENTIFIER_PRIMARY_15 = T5.IDENTIFIER_REFERENCE_20 JOIN T3 ON T3.IDENTIFIER_PRIMARY_7 = T4.IDENTIFIER_REFERENCE_16 JOIN T1 ON T1.IDENTIFIER_PRIMARY_1 = T5.IDENTIFIER_REFERENCE_21 GROUP BY T2.DESCRIPTIVE_ATTRIBUTE_6 ORDER BY COUNT(T2.DESCRIPTIVE_ATTRIBUTE_6) ASC LIMIT 1,SELECT Addresses.address_details FROM Addresses JOIN Order_Items ON Addresses.address_id = Order_Items.order_id JOIN Customer_Orders ON Customer_Orders.order_id = Order_Items.order_id JOIN Customers ON Customers.customer_id = Customer_Orders.customer_id JOIN Products ON Products.product_id = Order_Items.product_id GROUP BY Addresses.address_details ORDER BY COUNT(Addresses.address_details) ASC LIMIT 1
233,280,customers_and_orders,customers_and_orders,,,False,0,True,,llama3.1-8b,SELECT T1.DESCRIPTIVE_ATTRIBUTE_2 FROM T1 JOIN T5 ON T1.IDENTIFIER_PRIMARY_1 = T5.IDENTIFIER_REFERENCE_21 JOIN T4 ON T5.IDENTIFIER_REFERENCE_20 = T4.IDENTIFIER_PRIMARY_15 JOIN T3 ON T4.IDENTIFIER_REFERENCE_16 = T3.IDENTIFIER_PRIMARY_7 WHERE T3.DESCRIPTIVE_ATTRIBUTE_13 = ( SELECT DESCRIPTIVE_ATTRIBUTE_13 FROM T3 GROUP BY DESCRIPTIVE_ATTRIBUTE_13 ORDER BY COUNT(*) ASC LIMIT 1 ),SELECT Products.product_type_code FROM Products JOIN Order_Items ON Products.product_id = Order_Items.product_id JOIN Customer_Orders ON Order_Items.order_id = Customer_Orders.order_id JOIN Customers ON Customer_Orders.customer_id = Customers.customer_id WHERE Customers.customer_phone = ( SELECT customer_phone FROM Customers GROUP BY customer_phone ORDER BY COUNT(*) ASC LIMIT 1 )
234,287,customers_and_orders,customers_and_orders,,,False,0,True,,llama3.1-8b,SELECT T2.DESCRIPTIVE_ATTRIBUTE_6 FROM T2 INNER JOIN T5 ON T2.IDENTIFIER_PRIMARY_5 = T5.IDENTIFIER_REFERENCE_20 INNER JOIN T4 ON T5.IDENTIFIER_REFERENCE_21 = T4.IDENTIFIER_PRIMARY_15 GROUP BY T2.DESCRIPTIVE_ATTRIBUTE_6 ORDER BY COUNT(T5.IDENTIFIER_CODE_19) ASC LIMIT 1,SELECT Addresses.address_details FROM Addresses INNER JOIN Order_Items ON Addresses.address_id = Order_Items.order_id INNER JOIN Customer_Orders ON Order_Items.product_id = Customer_Orders.order_id GROUP BY Addresses.address_details ORDER BY COUNT(Order_Items.order_item_id) ASC LIMIT 1
235,288,customers_and_orders,customers_and_orders,,,False,0,True,,llama3.1-8b,SELECT IDENTIFIER_CODE_8 FROM T3 GROUP BY IDENTIFIER_CODE_8 ORDER BY COUNT(*) ASC LIMIT 1,SELECT address_id FROM Customers GROUP BY address_id ORDER BY COUNT(*) ASC LIMIT 1
236,299,customers_and_orders,customers_and_orders,,,False,0,True,,llama3.1-8b,SELECT T3.DESCRIPTIVE_ATTRIBUTE_13 FROM T3 INNER JOIN T4 ON T3.IDENTIFIER_PRIMARY_7 = T4.IDENTIFIER_REFERENCE_16 INNER JOIN T5 ON T4.IDENTIFIER_PRIMARY_15 = T5.IDENTIFIER_REFERENCE_20 GROUP BY T3.DESCRIPTIVE_ATTRIBUTE_13 ORDER BY COUNT(T3.DESCRIPTIVE_ATTRIBUTE_13) DESC LIMIT 1,SELECT Customers.customer_phone FROM Customers INNER JOIN Customer_Orders ON Customers.customer_id = Customer_Orders.customer_id INNER JOIN Order_Items ON Customer_Orders.order_id = Order_Items.order_id GROUP BY Customers.customer_phone ORDER BY COUNT(Customers.customer_phone) DESC LIMIT 1
237,300,customers_and_orders,customers_and_orders,,,False,0,True,,llama3.1-8b,SELECT T5.IDENTIFIER_CODE_19 FROM T5 INNER JOIN T4 ON T5.IDENTIFIER_REFERENCE_20 = T4.IDENTIFIER_PRIMARY_15 INNER JOIN T3 ON T4.IDENTIFIER_REFERENCE_16 = T3.IDENTIFIER_PRIMARY_7 GROUP BY T5.IDENTIFIER_CODE_19 ORDER BY COUNT(T5.IDENTIFIER_CODE_19) DESC LIMIT 1,SELECT Order_Items.order_item_id FROM Order_Items INNER JOIN Customer_Orders ON Order_Items.order_id = Customer_Orders.order_id INNER JOIN Customers ON Customer_Orders.customer_id = Customers.customer_id GROUP BY Order_Items.order_item_id ORDER BY COUNT(Order_Items.order_item_id) DESC LIMIT 1
238,303,customers_and_orders,customers_and_orders,,,False,0,True,,llama3.1-8b,SELECT T3.DESCRIPTIVE_ATTRIBUTE_11 FROM T3 JOIN T4 ON T3.IDENTIFIER_PRIMARY_7 = T4.IDENTIFIER_REFERENCE_16 JOIN T5 ON T4.IDENTIFIER_PRIMARY_15 = T5.IDENTIFIER_REFERENCE_20 WHERE T5.IDENTIFIER_REFERENCE_21 IS NULL,SELECT Customers.customer_name FROM Customers JOIN Customer_Orders ON Customers.customer_id = Customer_Orders.customer_id JOIN Order_Items ON Customer_Orders.order_id = Order_Items.order_id WHERE Order_Items.product_id IS NULL
239,304,customers_and_orders,customers_and_orders,,,False,0,True,,llama3.1-8b,SELECT T3.DESCRIPTIVE_ATTRIBUTE_11 FROM T3 JOIN T4 ON T3.IDENTIFIER_PRIMARY_7 = T4.IDENTIFIER_REFERENCE_16 JOIN T5 ON T4.IDENTIFIER_PRIMARY_15 = T5.IDENTIFIER_REFERENCE_20 WHERE T5.IDENTIFIER_REFERENCE_21 IS NULL,SELECT Customers.customer_name FROM Customers JOIN Customer_Orders ON Customers.customer_id = Customer_Orders.customer_id JOIN Order_Items ON Customer_Orders.order_id = Order_Items.order_id WHERE Order_Items.product_id IS NULL
240,40,e_commerce,e_commerce,,,False,3,False,,llama3.1-8b,"SELECT T1.IDENTIFIER_PRIMARY_1, T1.DESCRIPTIVE_ATTRIBUTE_3, T1.DESCRIPTIVE_ATTRIBUTE_9 FROM T1 JOIN T5 ON T1.IDENTIFIER_PRIMARY_1 = T5.IDENTIFIER_REFERENCE_27 JOIN T7 ON T5.IDENTIFIER_PRIMARY_26 = T7.IDENTIFIER_REFERENCE_35 WHERE T7.MEASUREMENT_VALUE_37 IS NOT NULL AND T7.CHRONOLOGICAL_MARKER_38 IS NOT NULL GROUP BY T1.IDENTIFIER_PRIMARY_1 HAVING COUNT(T7.IDENTIFIER_PRIMARY_34) > 2 AND COUNT(DISTINCT T7.IDENTIFIER_REFERENCE_36) > 2","SELECT Products.product_id, Products.product_name, Products.gender_code FROM Products JOIN Orders ON Products.product_id = Orders.customer_id JOIN Shipments ON Orders.order_id = Shipments.order_id WHERE Shipments.shipment_tracking_number IS NOT NULL AND Shipments.shipment_date IS NOT NULL GROUP BY Products.product_id HAVING COUNT(Shipments.shipment_id) > 2 AND COUNT(DISTINCT Shipments.invoice_number) > 2"
241,41,e_commerce,e_commerce,,,False,0,True,,llama3.1-8b,"SELECT T1.IDENTIFIER_PRIMARY_1, T2.DESCRIPTIVE_ATTRIBUTE_9, T2.DESCRIPTIVE_ATTRIBUTE_10 FROM T1 JOIN T6 ON T1.IDENTIFIER_PRIMARY_1 = T6.IDENTIFIER_REFERENCE_31 JOIN T5 ON T6.IDENTIFIER_REFERENCE_32 = T5.IDENTIFIER_PRIMARY_26 JOIN T2 ON T5.IDENTIFIER_REFERENCE_27 = T2.IDENTIFIER_PRIMARY_8 GROUP BY T1.IDENTIFIER_PRIMARY_1, T2.DESCRIPTIVE_ATTRIBUTE_9, T2.DESCRIPTIVE_ATTRIBUTE_10 HAVING COUNT(T5.IDENTIFIER_PRIMARY_26) > 2 AND COUNT(DISTINCT T5.IDENTIFIER_PRIMARY_26) >= 3","SELECT Products.product_id, Customers.gender_code, Customers.customer_first_name FROM Products JOIN Order_Items ON Products.product_id = Order_Items.product_id JOIN Orders ON Order_Items.order_id = Orders.order_id JOIN Customers ON Orders.customer_id = Customers.customer_id GROUP BY Products.product_id, Customers.gender_code, Customers.customer_first_name HAVING COUNT(Orders.order_id) > 2 AND COUNT(DISTINCT Orders.order_id) >= 3"
242,46,e_commerce,e_commerce,,,False,0,True,,llama3.1-8b,"SELECT T2.DESCRIPTIVE_ATTRIBUTE_9, T2.DESCRIPTIVE_ATTRIBUTE_10, T2.DESCRIPTIVE_ATTRIBUTE_13 FROM T2 LEFT JOIN T5 ON T2.IDENTIFIER_PRIMARY_8 = T5.IDENTIFIER_REFERENCE_27 WHERE T5.IDENTIFIER_PRIMARY_26 IS NULL","SELECT Customers.gender_code, Customers.customer_first_name, Customers.email_address FROM Customers LEFT JOIN Orders ON Customers.customer_id = Orders.customer_id WHERE Orders.order_id IS NULL"
243,47,e_commerce,e_commerce,,,False,0,True,,llama3.1-8b,"SELECT T2.DESCRIPTIVE_ATTRIBUTE_9, T2.DESCRIPTIVE_ATTRIBUTE_10, T2.DESCRIPTIVE_ATTRIBUTE_13 FROM T2 LEFT JOIN T5 ON T2.IDENTIFIER_PRIMARY_8 = T5.IDENTIFIER_REFERENCE_27 LEFT JOIN T7 ON T5.IDENTIFIER_PRIMARY_26 = T7.IDENTIFIER_REFERENCE_35 WHERE T7.IDENTIFIER_PRIMARY_34 IS NULL","SELECT Customers.gender_code, Customers.customer_first_name, Customers.email_address FROM Customers LEFT JOIN Orders ON Customers.customer_id = Orders.customer_id LEFT JOIN Shipments ON Orders.order_id = Shipments.order_id WHERE Shipments.shipment_id IS NULL"
244,48,e_commerce,e_commerce,,,False,0,True,,llama3.1-8b,"SELECT T1.IDENTIFIER_PRIMARY_1, T2.DESCRIPTIVE_ATTRIBUTE_9, T1.CURRENCY_AMOUNT_4, T2.DESCRIPTIVE_ATTRIBUTE_13 FROM T1 JOIN T6 ON T1.IDENTIFIER_PRIMARY_1 = T6.IDENTIFIER_REFERENCE_31 JOIN T5 ON T6.IDENTIFIER_REFERENCE_32 = T5.IDENTIFIER_PRIMARY_26 JOIN T2 ON T5.IDENTIFIER_REFERENCE_27 = T2.IDENTIFIER_PRIMARY_8 WHERE T6.IDENTIFIER_REFERENCE_31 NOT IN (SELECT T6.IDENTIFIER_REFERENCE_31 FROM T6 JOIN T7 ON T6.IDENTIFIER_REFERENCE_32 = T7.IDENTIFIER_REFERENCE_35 GROUP BY T6.IDENTIFIER_REFERENCE_31 HAVING COUNT(T7.IDENTIFIER_PRIMARY_34) >= 2)","SELECT Products.product_id, Customers.gender_code, Products.product_price, Customers.email_address FROM Products JOIN Order_Items ON Products.product_id = Order_Items.product_id JOIN Orders ON Order_Items.order_id = Orders.order_id JOIN Customers ON Orders.customer_id = Customers.customer_id WHERE Order_Items.product_id NOT IN (SELECT Order_Items.product_id FROM Order_Items JOIN Shipments ON Order_Items.order_id = Shipments.order_id GROUP BY Order_Items.product_id HAVING COUNT(Shipments.shipment_id) >= 2)"
245,52,e_commerce,e_commerce,,,False,0,True,,llama3.1-8b,"SELECT T1.IDENTIFIER_PRIMARY_1, T2.DESCRIPTIVE_ATTRIBUTE_9, T1.CURRENCY_AMOUNT_4 FROM T1 JOIN T6 ON T1.IDENTIFIER_PRIMARY_1 = T6.IDENTIFIER_REFERENCE_31 JOIN T5 ON T6.IDENTIFIER_REFERENCE_32 = T5.IDENTIFIER_PRIMARY_26 JOIN T2 ON T5.IDENTIFIER_REFERENCE_27 = T2.IDENTIFIER_PRIMARY_8 GROUP BY T2.DESCRIPTIVE_ATTRIBUTE_9 ORDER BY COUNT(T1.IDENTIFIER_PRIMARY_1) DESC","SELECT Products.product_id, Customers.gender_code, Products.product_price FROM Products JOIN Order_Items ON Products.product_id = Order_Items.product_id JOIN Orders ON Order_Items.order_id = Orders.order_id JOIN Customers ON Orders.customer_id = Customers.customer_id GROUP BY Customers.gender_code ORDER BY COUNT(Products.product_id) DESC"
246,53,e_commerce,e_commerce,,,False,0,True,,llama3.1-8b,"SELECT T1.IDENTIFIER_PRIMARY_1, T2.DESCRIPTIVE_ATTRIBUTE_9, T1.CURRENCY_AMOUNT_4 FROM T1 JOIN T6 ON T1.IDENTIFIER_PRIMARY_1 = T6.IDENTIFIER_REFERENCE_31 JOIN T5 ON T6.IDENTIFIER_REFERENCE_32 = T5.IDENTIFIER_PRIMARY_26 JOIN T2 ON T5.IDENTIFIER_REFERENCE_27 = T2.IDENTIFIER_PRIMARY_8 GROUP BY T1.IDENTIFIER_PRIMARY_1, T2.DESCRIPTIVE_ATTRIBUTE_9 ORDER BY COUNT(T1.IDENTIFIER_PRIMARY_1) DESC","SELECT Products.product_id, Customers.gender_code, Products.product_price FROM Products JOIN Order_Items ON Products.product_id = Order_Items.product_id JOIN Orders ON Order_Items.order_id = Orders.order_id JOIN Customers ON Orders.customer_id = Customers.customer_id GROUP BY Products.product_id, Customers.gender_code ORDER BY COUNT(Products.product_id) DESC"
247,54,e_commerce,e_commerce,,,False,0,True,,llama3.1-8b,"SELECT T1.IDENTIFIER_PRIMARY_1, SUM(T1.CURRENCY_AMOUNT_4 * T2.DESCRIPTIVE_ATTRIBUTE_9) AS sum FROM T1 JOIN T2 ON T1.IDENTIFIER_PRIMARY_1 = T2.DESCRIPTIVE_ATTRIBUTE_10 GROUP BY T1.IDENTIFIER_PRIMARY_1 ORDER BY sum ASC LIMIT 1","SELECT Products.product_id, SUM(Products.product_price * Customers.gender_code) AS sum FROM Products JOIN Customers ON Products.product_id = Customers.customer_first_name GROUP BY Products.product_id ORDER BY sum ASC LIMIT 1"
248,55,e_commerce,e_commerce,,,False,0,True,,llama3.1-8b,"SELECT T1.DESCRIPTIVE_ATTRIBUTE_3, T1.CURRENCY_AMOUNT_4 FROM T1 JOIN T6 ON T1.IDENTIFIER_PRIMARY_1 = T6.IDENTIFIER_REFERENCE_31 JOIN T5 ON T6.IDENTIFIER_REFERENCE_32 = T5.IDENTIFIER_PRIMARY_26 JOIN T4 ON T5.IDENTIFIER_REFERENCE_27 = T4.IDENTIFIER_PRIMARY_23 ORDER BY T1.CURRENCY_AMOUNT_4 ASC LIMIT 1","SELECT Products.product_name, Products.product_price FROM Products JOIN Order_Items ON Products.product_id = Order_Items.product_id JOIN Orders ON Order_Items.order_id = Orders.order_id JOIN Invoices ON Orders.customer_id = Invoices.invoice_number ORDER BY Products.product_price ASC LIMIT 1"
249,72,e_commerce,e_commerce,,,False,0,True,,llama3.1-8b,"SELECT DISTINCT T1.DESCRIPTIVE_ATTRIBUTE_3, T1.CURRENCY_AMOUNT_4, T1.TEXTUAL_CONTENT_7 FROM T1 JOIN T2 ON T1.IDENTIFIER_PRIMARY_1 = T2.DESCRIPTIVE_ATTRIBUTE_9 JOIN T3 ON T2.IDENTIFIER_PRIMARY_8 = T3.IDENTIFIER_REFERENCE_21 WHERE T3.TEXT_FIELD_22 LIKE '%female%'","SELECT DISTINCT Products.product_name, Products.product_price, Products.product_description FROM Products JOIN Customers ON Products.product_id = Customers.gender_code JOIN Customer_Payment_Methods ON Customers.customer_id = Customer_Payment_Methods.customer_id WHERE Customer_Payment_Methods.payment_method_code LIKE '%female%'"
250,73,e_commerce,e_commerce,,,False,0,True,,llama3.1-8b,"SELECT T1.DESCRIPTIVE_ATTRIBUTE_3, T1.CURRENCY_AMOUNT_4, T2.DESCRIPTIVE_ATTRIBUTE_9 FROM T1 JOIN T6 ON T1.IDENTIFIER_PRIMARY_1 = T6.IDENTIFIER_REFERENCE_31 JOIN T5 ON T6.IDENTIFIER_REFERENCE_32 = T5.IDENTIFIER_PRIMARY_26 JOIN T2 ON T5.IDENTIFIER_REFERENCE_27 = T2.IDENTIFIER_PRIMARY_8 WHERE T2.DESCRIPTIVE_ATTRIBUTE_10 = 'Female'","SELECT Products.product_name, Products.product_price, Customers.gender_code FROM Products JOIN Order_Items ON Products.product_id = Order_Items.product_id JOIN Orders ON Order_Items.order_id = Orders.order_id JOIN Customers ON Orders.customer_id = Customers.customer_id WHERE Customers.customer_first_name = 'Female'"
251,88,e_commerce,e_commerce,,,False,0,True,,llama3.1-8b,"SELECT T1.CURRENCY_AMOUNT_4, T2.DESCRIPTIVE_ATTRIBUTE_10 FROM T1 JOIN T6 ON T1.IDENTIFIER_PRIMARY_1 = T6.IDENTIFIER_REFERENCE_31 JOIN T5 ON T6.IDENTIFIER_REFERENCE_32 = T5.IDENTIFIER_PRIMARY_26 JOIN T2 ON T5.IDENTIFIER_REFERENCE_27 = T2.IDENTIFIER_PRIMARY_8 WHERE T1.CURRENCY_AMOUNT_4 > ( SELECT AVG(CURRENCY_AMOUNT_4) FROM T1 )","SELECT Products.product_price, Customers.customer_first_name FROM Products JOIN Order_Items ON Products.product_id = Order_Items.product_id JOIN Orders ON Order_Items.order_id = Orders.order_id JOIN Customers ON Orders.customer_id = Customers.customer_id WHERE Products.product_price > ( SELECT AVG(product_price) FROM Products )"
252,89,e_commerce,e_commerce,,,False,0,True,,llama3.1-8b,"SELECT T1.CURRENCY_AMOUNT_4, T1.MEASUREMENT_VALUE_6 FROM T1 JOIN T6 ON T1.IDENTIFIER_PRIMARY_1 = T6.IDENTIFIER_REFERENCE_31 JOIN T5 ON T6.IDENTIFIER_REFERENCE_32 = T5.IDENTIFIER_PRIMARY_26 WHERE T1.CURRENCY_AMOUNT_4 > ( SELECT AVG(CURRENCY_AMOUNT_4) FROM T1 )","SELECT Products.product_price, Products.product_size FROM Products JOIN Order_Items ON Products.product_id = Order_Items.product_id JOIN Orders ON Order_Items.order_id = Orders.order_id WHERE Products.product_price > ( SELECT AVG(product_price) FROM Products )"
253,90,e_commerce,e_commerce,,,False,0,True,,llama3.1-8b,SELECT COUNT(DISTINCT T2.DESCRIPTIVE_ATTRIBUTE_9) FROM T1 JOIN T5 ON T1.IDENTIFIER_PRIMARY_1 = T5.IDENTIFIER_REFERENCE_27 JOIN T2 ON T5.IDENTIFIER_REFERENCE_27 = T2.IDENTIFIER_PRIMARY_8 WHERE T5.DESCRIPTIVE_ATTRIBUTE_28 IS NULL,SELECT COUNT(DISTINCT Customers.gender_code) FROM Products JOIN Orders ON Products.product_id = Orders.customer_id JOIN Customers ON Orders.customer_id = Customers.customer_id WHERE Orders.order_status_code IS NULL
254,91,e_commerce,e_commerce,,,False,0,True,,llama3.1-8b,SELECT COUNT(T1.IDENTIFIER_PRIMARY_1) FROM T1 LEFT JOIN T6 ON T6.IDENTIFIER_REFERENCE_31 = T1.IDENTIFIER_PRIMARY_1 LEFT JOIN T8 ON T8.IDENTIFIER_REFERENCE_40 = T6.IDENTIFIER_PRIMARY_30 WHERE T8.IDENTIFIER_PRIMARY_39 IS NULL,SELECT COUNT(Products.product_id) FROM Products LEFT JOIN Order_Items ON Order_Items.product_id = Products.product_id LEFT JOIN Shipment_Items ON Shipment_Items.order_item_id = Order_Items.order_item_id WHERE Shipment_Items.shipment_id IS NULL
255,92,e_commerce,e_commerce,,,False,0,True,,llama3.1-8b,SELECT COUNT(T1.IDENTIFIER_PRIMARY_1) FROM T1 LEFT JOIN T5 ON T1.IDENTIFIER_PRIMARY_1 = T5.IDENTIFIER_REFERENCE_27 WHERE T5.IDENTIFIER_PRIMARY_26 IS NULL,SELECT COUNT(Products.product_id) FROM Products LEFT JOIN Orders ON Products.product_id = Orders.customer_id WHERE Orders.order_id IS NULL
256,93,e_commerce,e_commerce,,,False,0,True,,llama3.1-8b,SELECT COUNT(T1.IDENTIFIER_PRIMARY_1) FROM T1 LEFT JOIN T5 ON T1.IDENTIFIER_PRIMARY_1 = T5.IDENTIFIER_REFERENCE_27 WHERE T5.IDENTIFIER_PRIMARY_26 IS NULL,SELECT COUNT(Products.product_id) FROM Products LEFT JOIN Orders ON Products.product_id = Orders.customer_id WHERE Orders.order_id IS NULL
257,106,e_commerce,e_commerce,,,False,0,True,,llama3.1-8b,"SELECT T2.DESCRIPTIVE_ATTRIBUTE_9, T2.DESCRIPTIVE_ATTRIBUTE_10, T2.DESCRIPTIVE_ATTRIBUTE_12 FROM T2 JOIN T5 ON T2.IDENTIFIER_PRIMARY_8 = T5.IDENTIFIER_REFERENCE_27 JOIN T1 ON T1.IDENTIFIER_PRIMARY_1 = T5.IDENTIFIER_REFERENCE_27 GROUP BY T2.DESCRIPTIVE_ATTRIBUTE_9, T2.DESCRIPTIVE_ATTRIBUTE_10, T2.DESCRIPTIVE_ATTRIBUTE_12 ORDER BY COUNT(T2.DESCRIPTIVE_ATTRIBUTE_9) ASC LIMIT 1","SELECT Customers.gender_code, Customers.customer_first_name, Customers.customer_last_name FROM Customers JOIN Orders ON Customers.customer_id = Orders.customer_id JOIN Products ON Products.product_id = Orders.customer_id GROUP BY Customers.gender_code, Customers.customer_first_name, Customers.customer_last_name ORDER BY COUNT(Customers.gender_code) ASC LIMIT 1"
258,107,e_commerce,e_commerce,,,False,0,True,,llama3.1-8b,"SELECT T2.DESCRIPTIVE_ATTRIBUTE_9, T2.DESCRIPTIVE_ATTRIBUTE_10, T2.DESCRIPTIVE_ATTRIBUTE_12 FROM T2 JOIN T5 ON T2.IDENTIFIER_PRIMARY_8 = T5.IDENTIFIER_REFERENCE_27 JOIN T1 ON T1.IDENTIFIER_PRIMARY_1 = T5.IDENTIFIER_REFERENCE_27 JOIN T7 ON T7.IDENTIFIER_REFERENCE_35 = T5.IDENTIFIER_PRIMARY_26 JOIN T4 ON T4.IDENTIFIER_PRIMARY_23 = T7.IDENTIFIER_REFERENCE_36 JOIN T6 ON T6.IDENTIFIER_REFERENCE_31 = T1.IDENTIFIER_PRIMARY_1 JOIN T8 ON T8.IDENTIFIER_REFERENCE_40 = T6.IDENTIFIER_PRIMARY_30 WHERE T2.DESCRIPTIVE_ATTRIBUTE_13 = (SELECT DESCRIPTIVE_ATTRIBUTE_13 FROM T2 JOIN T5 ON T2.IDENTIFIER_PRIMARY_8 = T5.IDENTIFIER_REFERENCE_27 JOIN T1 ON T1.IDENTIFIER_PRIMARY_1 = T5.IDENTIFIER_REFERENCE_27 GROUP BY T2.DESCRIPTIVE_ATTRIBUTE_13 ORDER BY COUNT(T2.DESCRIPTIVE_ATTRIBUTE_13) ASC LIMIT 1)","SELECT Customers.gender_code, Customers.customer_first_name, Customers.customer_last_name FROM Customers JOIN Orders ON Customers.customer_id = Orders.customer_id JOIN Products ON Products.product_id = Orders.customer_id JOIN Shipments ON Shipments.order_id = Orders.order_id JOIN Invoices ON Invoices.invoice_number = Shipments.invoice_number JOIN Order_Items ON Order_Items.product_id = Products.product_id JOIN Shipment_Items ON Shipment_Items.order_item_id = Order_Items.order_item_id WHERE Customers.email_address = (SELECT email_address FROM Customers JOIN Orders ON Customers.customer_id = Orders.customer_id JOIN Products ON Products.product_id = Orders.customer_id GROUP BY Customers.email_address ORDER BY COUNT(Customers.email_address) ASC LIMIT 1)"
259,118,e_commerce,e_commerce,,,False,0,True,,llama3.1-8b,"SELECT T2.DESCRIPTIVE_ATTRIBUTE_9, T2.DESCRIPTIVE_ATTRIBUTE_10, T2.DESCRIPTIVE_ATTRIBUTE_13 FROM T1 JOIN T5 ON T1.IDENTIFIER_PRIMARY_1 = T5.IDENTIFIER_REFERENCE_27 JOIN T2 ON T5.IDENTIFIER_REFERENCE_27 = T2.IDENTIFIER_PRIMARY_8 WHERE T1.CURRENCY_AMOUNT_4 < (SELECT MAX(CURRENCY_AMOUNT_4) FROM T1)","SELECT Customers.gender_code, Customers.customer_first_name, Customers.email_address FROM Products JOIN Orders ON Products.product_id = Orders.customer_id JOIN Customers ON Orders.customer_id = Customers.customer_id WHERE Products.product_price < (SELECT MAX(product_price) FROM Products)"
260,119,e_commerce,e_commerce,,,False,0,True,,llama3.1-8b,"SELECT T2.DESCRIPTIVE_ATTRIBUTE_9, T2.DESCRIPTIVE_ATTRIBUTE_10, T2.DESCRIPTIVE_ATTRIBUTE_13 FROM T1 JOIN T5 ON T1.IDENTIFIER_PRIMARY_1 = T5.IDENTIFIER_REFERENCE_27 JOIN T2 ON T5.IDENTIFIER_REFERENCE_27 = T2.IDENTIFIER_PRIMARY_8 WHERE T1.CURRENCY_AMOUNT_4 < (SELECT MAX(CURRENCY_AMOUNT_4) FROM T1)","SELECT Customers.gender_code, Customers.customer_first_name, Customers.email_address FROM Products JOIN Orders ON Products.product_id = Orders.customer_id JOIN Customers ON Orders.customer_id = Customers.customer_id WHERE Products.product_price < (SELECT MAX(product_price) FROM Products)"
261,125,bbc_channels,bbc_channels,,,False,0,True,,llama3.1-8b,SELECT T1.DESCRIPTIVE_ATTRIBUTE_2 FROM T1 INNER JOIN T4 ON T1.IDENTIFIER_PRIMARY_1 = T4.IDENTIFIER_REFERENCE_15 GROUP BY T1.DESCRIPTIVE_ATTRIBUTE_2 ORDER BY COUNT(T4.IDENTIFIER_PRIMARY_14) DESC LIMIT 1,SELECT channel.Name FROM channel INNER JOIN director_admin ON channel.Channel_ID = director_admin.Channel_ID GROUP BY channel.Name ORDER BY COUNT(director_admin.Director_ID) DESC LIMIT 1
262,126,bbc_channels,bbc_channels,,,False,0,True,,llama3.1-8b,"SELECT T1.DESCRIPTIVE_ATTRIBUTE_2, T2.MEASUREMENT_VALUE_8 FROM T3 JOIN T2 ON T3.IDENTIFIER_REFERENCE_12 = T2.IDENTIFIER_PRIMARY_6 JOIN T1 ON T3.IDENTIFIER_REFERENCE_13 = T1.IDENTIFIER_PRIMARY_1 JOIN T4 ON T4.IDENTIFIER_REFERENCE_15 = T1.IDENTIFIER_PRIMARY_1 GROUP BY T1.DESCRIPTIVE_ATTRIBUTE_2 ORDER BY COUNT(T4.IDENTIFIER_PRIMARY_14) DESC LIMIT 1","SELECT channel.Name, director.Age FROM program JOIN director ON program.Director_ID = director.Director_ID JOIN channel ON program.Channel_ID = channel.Channel_ID JOIN director_admin ON director_admin.Channel_ID = channel.Channel_ID GROUP BY channel.Name ORDER BY COUNT(director_admin.Director_ID) DESC LIMIT 1"
263,130,bbc_channels,bbc_channels,,,False,0,True,,llama3.1-8b,SELECT COUNT(T1.DESCRIPTIVE_ATTRIBUTE_2) FROM T1 LEFT JOIN T3 ON T1.IDENTIFIER_PRIMARY_1 = T3.IDENTIFIER_REFERENCE_13 LEFT JOIN T4 ON T1.IDENTIFIER_PRIMARY_1 = T4.IDENTIFIER_REFERENCE_15 WHERE T3.IDENTIFIER_REFERENCE_12 IS NULL AND T4.IDENTIFIER_REFERENCE_15 IS NULL,SELECT COUNT(channel.Name) FROM channel LEFT JOIN program ON channel.Channel_ID = program.Channel_ID LEFT JOIN director_admin ON channel.Channel_ID = director_admin.Channel_ID WHERE program.Director_ID IS NULL AND director_admin.Channel_ID IS NULL
264,132,bbc_channels,bbc_channels,,,False,0,True,,llama3.1-8b,"SELECT T1.DESCRIPTIVE_ATTRIBUTE_2, T1.TEXT_FIELD_4 FROM T1 INNER JOIN T3 ON T1.IDENTIFIER_PRIMARY_1 = T3.IDENTIFIER_REFERENCE_13 INNER JOIN T2 ON T3.IDENTIFIER_REFERENCE_12 = T2.IDENTIFIER_PRIMARY_6 GROUP BY T1.DESCRIPTIVE_ATTRIBUTE_2 ORDER BY COUNT(T3.IDENTIFIER_REFERENCE_13) DESC LIMIT 1","SELECT channel.Name, channel.Digital_terrestrial_channel FROM channel INNER JOIN program ON channel.Channel_ID = program.Channel_ID INNER JOIN director ON program.Director_ID = director.Director_ID GROUP BY channel.Name ORDER BY COUNT(program.Channel_ID) DESC LIMIT 1"
265,134,bbc_channels,bbc_channels,,,False,0,True,,llama3.1-8b,SELECT T1.DESCRIPTIVE_ATTRIBUTE_2 FROM T1 JOIN T3 ON T1.IDENTIFIER_PRIMARY_1 = T3.IDENTIFIER_REFERENCE_13 JOIN T2 ON T3.IDENTIFIER_REFERENCE_12 = T2.IDENTIFIER_PRIMARY_6 WHERE T3.DESCRIPTIVE_ATTRIBUTE_11 LIKE '%Director%' AND T2.MEASUREMENT_VALUE_8 < 40 AND EXISTS (SELECT 1 FROM T2 AS T2_2 JOIN T3 AS T3_2 ON T2_2.IDENTIFIER_PRIMARY_6 = T3_2.IDENTIFIER_REFERENCE_12 WHERE T3_2.DESCRIPTIVE_ATTRIBUTE_11 LIKE '%Director%' AND T2_2.MEASUREMENT_VALUE_8 > 60 AND T2_2.IDENTIFIER_PRIMARY_6 = T2.IDENTIFIER_PRIMARY_6),SELECT channel.Name FROM channel JOIN program ON channel.Channel_ID = program.Channel_ID JOIN director ON program.Director_ID = director.Director_ID WHERE program.Title LIKE '%Director%' AND director.Age < 40 AND EXISTS (SELECT 1 FROM director AS T2_2 JOIN program AS T3_2 ON T2_2.Director_ID = T3_2.Director_ID WHERE T3_2.Title LIKE '%Director%' AND T2_2.Age > 60 AND T2_2.Director_ID = director.Director_ID)
266,181,vehicle_driver,vehicle_driver,,,False,0,True,,llama3.1-8b,"SELECT T2.DESCRIPTIVE_ATTRIBUTE_9, T2.TEXT_FIELD_10 FROM T2 JOIN T3 ON T2.IDENTIFIER_PRIMARY_8 = T3.IDENTIFIER_PRIMARY_12 JOIN T1 ON T3.IDENTIFIER_REFERENCE_13 = T1.IDENTIFIER_PRIMARY_1 WHERE T1.NUMERIC_FIELD_5 > 2 OR T1.TEXT_FIELD_6 = 'Jeff Gordon'","SELECT driver.Name, driver.Citizenship FROM driver JOIN vehicle_driver ON driver.Driver_ID = vehicle_driver.Driver_ID JOIN vehicle ON vehicle_driver.Vehicle_ID = vehicle.Vehicle_ID WHERE vehicle.Power > 2 OR vehicle.Builder = 'Jeff Gordon'"
267,182,vehicle_driver,vehicle_driver,,,False,0,True,,llama3.1-8b,"SELECT T2.IDENTIFIER_PRIMARY_8, T2.TEXT_FIELD_10 FROM T2 JOIN T3 ON T2.IDENTIFIER_PRIMARY_8 = T3.IDENTIFIER_PRIMARY_12 JOIN T1 ON T3.IDENTIFIER_REFERENCE_13 = T1.IDENTIFIER_PRIMARY_1 WHERE (SELECT COUNT(*) FROM T3 AS T4 JOIN T1 AS T5 ON T4.IDENTIFIER_REFERENCE_13 = T5.IDENTIFIER_PRIMARY_1 WHERE T5.TEXT_FIELD_2 = 'Jeff Gordon') > 1 OR T1.TEXT_FIELD_2 = 'Jeff Gordon'","SELECT driver.Driver_ID, driver.Citizenship FROM driver JOIN vehicle_driver ON driver.Driver_ID = vehicle_driver.Driver_ID JOIN vehicle ON vehicle_driver.Vehicle_ID = vehicle.Vehicle_ID WHERE (SELECT COUNT(*) FROM vehicle_driver AS T4 JOIN vehicle AS T5 ON T4.Vehicle_ID = T5.Vehicle_ID WHERE T5.Model = 'Jeff Gordon') > 1 OR vehicle.Model = 'Jeff Gordon'"
268,191,vehicle_driver,vehicle_driver,,,False,0,True,,llama3.1-8b,SELECT COUNT(*) FROM T2 WHERE IDENTIFIER_PRIMARY_8 NOT IN (SELECT IDENTIFIER_REFERENCE_13 FROM T3),SELECT COUNT(*) FROM driver WHERE Driver_ID NOT IN (SELECT Vehicle_ID FROM vehicle_driver)
269,192,vehicle_driver,vehicle_driver,,,False,0,True,,llama3.1-8b,SELECT COUNT(*) FROM T2 WHERE IDENTIFIER_PRIMARY_8 NOT IN (SELECT IDENTIFIER_REFERENCE_13 FROM T3),SELECT COUNT(*) FROM driver WHERE Driver_ID NOT IN (SELECT Vehicle_ID FROM vehicle_driver)
270,251,customers_and_orders,customers_and_orders,,,False,3,False,,llama3.1-8b,SELECT T3.DESCRIPTIVE_ATTRIBUTE_6 FROM T3 INNER JOIN T5 ON T3.IDENTIFIER_PRIMARY_7 = T5.IDENTIFIER_REFERENCE_20 INNER JOIN T1 ON T5.IDENTIFIER_REFERENCE_21 = T1.IDENTIFIER_PRIMARY_1 WHERE T1.CURRENCY_AMOUNT_4 > ( SELECT AVG(CURRENCY_AMOUNT_4) FROM T1 INNER JOIN T5 ON T1.IDENTIFIER_PRIMARY_1 = T5.IDENTIFIER_REFERENCE_21 INNER JOIN T3 ON T5.IDENTIFIER_REFERENCE_20 = T3.IDENTIFIER_PRIMARY_7 WHERE T3.DESCRIPTIVE_ATTRIBUTE_11 = 'Hardware' ),SELECT Customers.address_details FROM Customers INNER JOIN Order_Items ON Customers.customer_id = Order_Items.order_id INNER JOIN Products ON Order_Items.product_id = Products.product_id WHERE Products.product_price > ( SELECT AVG(product_price) FROM Products INNER JOIN Order_Items ON Products.product_id = Order_Items.product_id INNER JOIN Customers ON Order_Items.order_id = Customers.customer_id WHERE Customers.customer_name = 'Hardware' )
271,252,customers_and_orders,customers_and_orders,,,False,0,True,,llama3.1-8b,SELECT T1.DESCRIPTIVE_ATTRIBUTE_2 FROM T1 JOIN T5 ON T1.IDENTIFIER_PRIMARY_1 = T5.IDENTIFIER_REFERENCE_21 WHERE T1.CURRENCY_AMOUNT_4 > ( SELECT AVG(CURRENCY_AMOUNT_4) FROM T1 JOIN T5 ON T1.IDENTIFIER_PRIMARY_1 = T5.IDENTIFIER_REFERENCE_21 WHERE T5.IDENTIFIER_CODE_19 = 1 ),SELECT Products.product_type_code FROM Products JOIN Order_Items ON Products.product_id = Order_Items.product_id WHERE Products.product_price > ( SELECT AVG(product_price) FROM Products JOIN Order_Items ON Products.product_id = Order_Items.product_id WHERE Order_Items.order_item_id = 1 )
272,295,customers_and_orders,customers_and_orders,,,False,0,True,,llama3.1-8b,"SELECT T2.DESCRIPTIVE_ATTRIBUTE_6, T2.DESCRIPTIVE_ATTRIBUTE_6, T2.DESCRIPTIVE_ATTRIBUTE_6, T2.DESCRIPTIVE_ATTRIBUTE_6 FROM T2 JOIN T5 ON T5.IDENTIFIER_REFERENCE_20 = T2.IDENTIFIER_PRIMARY_5 JOIN T4 ON T4.IDENTIFIER_PRIMARY_15 = T5.IDENTIFIER_REFERENCE_20 JOIN T3 ON T3.IDENTIFIER_PRIMARY_7 = T4.IDENTIFIER_REFERENCE_16 JOIN T1 ON T1.IDENTIFIER_PRIMARY_1 = T5.IDENTIFIER_REFERENCE_21 ORDER BY T5.IDENTIFIER_REFERENCE_21 DESC LIMIT 1","SELECT Addresses.address_details, Addresses.address_details, Addresses.address_details, Addresses.address_details FROM Addresses JOIN Order_Items ON Order_Items.order_id = Addresses.address_id JOIN Customer_Orders ON Customer_Orders.order_id = Order_Items.order_id JOIN Customers ON Customers.customer_id = Customer_Orders.customer_id JOIN Products ON Products.product_id = Order_Items.product_id ORDER BY Order_Items.product_id DESC LIMIT 1"
273,296,customers_and_orders,customers_and_orders,,,False,0,True,,llama3.1-8b,"SELECT T1.IDENTIFIER_PRIMARY_1, T2.DESCRIPTIVE_ATTRIBUTE_6, T2.DESCRIPTIVE_ATTRIBUTE_6 AS name, T2.DESCRIPTIVE_ATTRIBUTE_6 AS phone, T2.DESCRIPTIVE_ATTRIBUTE_6 AS email FROM T1 JOIN T5 ON T1.IDENTIFIER_PRIMARY_1 = T5.IDENTIFIER_REFERENCE_21 JOIN T4 ON T5.IDENTIFIER_REFERENCE_20 = T4.IDENTIFIER_PRIMARY_15 JOIN T3 ON T4.IDENTIFIER_REFERENCE_16 = T3.IDENTIFIER_PRIMARY_7 JOIN T2 ON T3.IDENTIFIER_CODE_8 = T2.IDENTIFIER_PRIMARY_5 ORDER BY T1.CURRENCY_AMOUNT_4 DESC LIMIT 1","SELECT Products.product_id, Addresses.address_details, Addresses.address_details AS name, Addresses.address_details AS phone, Addresses.address_details AS email FROM Products JOIN Order_Items ON Products.product_id = Order_Items.product_id JOIN Customer_Orders ON Order_Items.order_id = Customer_Orders.order_id JOIN Customers ON Customer_Orders.customer_id = Customers.customer_id JOIN Addresses ON Customers.address_id = Addresses.address_id ORDER BY Products.product_price DESC LIMIT 1"
274,301,customers_and_orders,customers_and_orders,,,False,0,True,,llama3.1-8b,SELECT COUNT(T1.IDENTIFIER_PRIMARY_1) FROM T1 LEFT JOIN T5 ON T1.IDENTIFIER_PRIMARY_1 = T5.IDENTIFIER_REFERENCE_21 WHERE T5.IDENTIFIER_REFERENCE_21 IS NULL,SELECT COUNT(Products.product_id) FROM Products LEFT JOIN Order_Items ON Products.product_id = Order_Items.product_id WHERE Order_Items.product_id IS NULL
275,302,customers_and_orders,customers_and_orders,,,False,0,True,,llama3.1-8b,SELECT COUNT(T1.IDENTIFIER_PRIMARY_1) FROM T1 LEFT JOIN T5 ON T1.IDENTIFIER_PRIMARY_1 = T5.IDENTIFIER_REFERENCE_21 WHERE T5.IDENTIFIER_REFERENCE_20 IS NULL,SELECT COUNT(Products.product_id) FROM Products LEFT JOIN Order_Items ON Products.product_id = Order_Items.product_id WHERE Order_Items.order_id IS NULL
276,313,customers_and_orders,customers_and_orders,,,False,0,True,,llama3.1-8b,"SELECT T4.CHRONOLOGICAL_MARKER_17, T4.IDENTIFIER_PRIMARY_15 FROM T4 JOIN T5 ON T4.IDENTIFIER_PRIMARY_15 = T5.IDENTIFIER_REFERENCE_20 JOIN T1 ON T5.IDENTIFIER_REFERENCE_21 = T1.IDENTIFIER_PRIMARY_1 WHERE T5.MEASUREMENT_VALUE_22 > '6' OR T5.IDENTIFIER_REFERENCE_20 IN (SELECT IDENTIFIER_REFERENCE_16 FROM T4 GROUP BY IDENTIFIER_REFERENCE_16 HAVING COUNT(IDENTIFIER_REFERENCE_16) > 3)","SELECT Customer_Orders.order_date, Customer_Orders.order_id FROM Customer_Orders JOIN Order_Items ON Customer_Orders.order_id = Order_Items.order_id JOIN Products ON Order_Items.product_id = Products.product_id WHERE Order_Items.order_quantity > '6' OR Order_Items.order_id IN (SELECT customer_id FROM Customer_Orders GROUP BY customer_id HAVING COUNT(customer_id) > 3)"
277,314,customers_and_orders,customers_and_orders,,,False,0,True,,llama3.1-8b,"SELECT T4.DESCRIPTIVE_ATTRIBUTE_18, T4.CHRONOLOGICAL_MARKER_17 FROM T4 JOIN T5 ON T4.IDENTIFIER_PRIMARY_15 = T5.IDENTIFIER_REFERENCE_20 WHERE T5.MEASUREMENT_VALUE_22 IN (SELECT MEASUREMENT_VALUE_22 FROM T5 WHERE CAST(REPLACE(REPLACE(MEASUREMENT_VALUE_22, ',', ''), '$', '') AS REAL) > 6) OR T5.IDENTIFIER_REFERENCE_21 IN (SELECT IDENTIFIER_PRIMARY_1 FROM T1 WHERE CURRENCY_AMOUNT_4 > 6)","SELECT Customer_Orders.order_status_code, Customer_Orders.order_date FROM Customer_Orders JOIN Order_Items ON Customer_Orders.order_id = Order_Items.order_id WHERE Order_Items.order_quantity IN (SELECT order_quantity FROM Order_Items WHERE CAST(REPLACE(REPLACE(order_quantity, ',', ''), '$', '') AS REAL) > 6) OR Order_Items.product_id IN (SELECT product_id FROM Products WHERE product_price > 6)"
278,337,region_building,region_building,,,False,0,True,,llama3.1-8b,SELECT T2.DESCRIPTIVE_ATTRIBUTE_8 FROM T1 INNER JOIN T2 ON T1.IDENTIFIER_REFERENCE_2 = T2.IDENTIFIER_PRIMARY_7 GROUP BY T2.DESCRIPTIVE_ATTRIBUTE_8 ORDER BY COUNT(T1.IDENTIFIER_PRIMARY_1) DESC LIMIT 1,SELECT region.Name FROM building INNER JOIN region ON building.Region_ID = region.Region_ID GROUP BY region.Name ORDER BY COUNT(building.Building_ID) DESC LIMIT 1
279,338,region_building,region_building,,,False,0,True,,llama3.1-8b,"SELECT T2.DESCRIPTIVE_ATTRIBUTE_8, T2.LOCATION_ATTRIBUTE_9 FROM T2 JOIN T1 ON T1.IDENTIFIER_REFERENCE_2 = T2.IDENTIFIER_PRIMARY_7 GROUP BY T2.DESCRIPTIVE_ATTRIBUTE_8 ORDER BY COUNT(T1.IDENTIFIER_PRIMARY_1) DESC LIMIT 1","SELECT region.Name, region.Capital FROM region JOIN building ON building.Region_ID = region.Region_ID GROUP BY region.Name ORDER BY COUNT(building.Building_ID) DESC LIMIT 1"
280,365,government_shift,government_shift,,,False,0,True,,llama3.1-8b,"SELECT T5.DESCRIPTIVE_ATTRIBUTE_15, T5.TEXT_FIELD_16, COUNT(T7.IDENTIFIER_PRIMARY_20) AS total_services FROM T5 JOIN T6 ON T5.IDENTIFIER_PRIMARY_11 = T6.IDENTIFIER_REFERENCE_18 JOIN T7 ON T6.IDENTIFIER_PRIMARY_17 = T7.IDENTIFIER_PRIMARY_20 GROUP BY T5.DESCRIPTIVE_ATTRIBUTE_15, T5.TEXT_FIELD_16 ORDER BY total_services DESC LIMIT 1","SELECT Customer_Interactions.Status_Code, Customer_Interactions.Services_and_Channels_Details, COUNT(Analytical_Layer.Analytical_ID) AS total_services FROM Customer_Interactions JOIN Integration_Platform ON Customer_Interactions.Customer_Interaction_ID = Integration_Platform.Customer_Interaction_ID JOIN Analytical_Layer ON Integration_Platform.Integration_Platform_ID = Analytical_Layer.Analytical_ID GROUP BY Customer_Interactions.Status_Code, Customer_Interactions.Services_and_Channels_Details ORDER BY total_services DESC LIMIT 1"
281,366,government_shift,government_shift,,,False,0,True,,llama3.1-8b,"SELECT T5.DESCRIPTIVE_ATTRIBUTE_15, T5.TEXT_FIELD_16, COUNT(T7.IDENTIFIER_PRIMARY_20) AS total_services FROM T5 JOIN T6 ON T5.IDENTIFIER_PRIMARY_11 = T6.IDENTIFIER_REFERENCE_18 JOIN T7 ON T6.IDENTIFIER_PRIMARY_17 = T7.IDENTIFIER_PRIMARY_20 GROUP BY T5.DESCRIPTIVE_ATTRIBUTE_15, T5.TEXT_FIELD_16 ORDER BY total_services DESC LIMIT 1","SELECT Customer_Interactions.Status_Code, Customer_Interactions.Services_and_Channels_Details, COUNT(Analytical_Layer.Analytical_ID) AS total_services FROM Customer_Interactions JOIN Integration_Platform ON Customer_Interactions.Customer_Interaction_ID = Integration_Platform.Customer_Interaction_ID JOIN Analytical_Layer ON Integration_Platform.Integration_Platform_ID = Analytical_Layer.Analytical_ID GROUP BY Customer_Interactions.Status_Code, Customer_Interactions.Services_and_Channels_Details ORDER BY total_services DESC LIMIT 1"
282,367,government_shift,government_shift,,,False,0,True,,llama3.1-8b,SELECT T5.DESCRIPTIVE_ATTRIBUTE_15 FROM T5 INNER JOIN T6 ON T5.IDENTIFIER_PRIMARY_11 = T6.IDENTIFIER_REFERENCE_18 GROUP BY T5.DESCRIPTIVE_ATTRIBUTE_15 ORDER BY COUNT(T5.DESCRIPTIVE_ATTRIBUTE_15) DESC LIMIT 1,SELECT Customer_Interactions.Status_Code FROM Customer_Interactions INNER JOIN Integration_Platform ON Customer_Interactions.Customer_Interaction_ID = Integration_Platform.Customer_Interaction_ID GROUP BY Customer_Interactions.Status_Code ORDER BY COUNT(Customer_Interactions.Status_Code) DESC LIMIT 1
283,368,government_shift,government_shift,,,False,0,True,,llama3.1-8b,"SELECT T1.TEXT_FIELD_2, COUNT(T5.IDENTIFIER_PRIMARY_11) AS total_services FROM T1 JOIN T4 ON T1.IDENTIFIER_PRIMARY_1 = T4.IDENTIFIER_REFERENCE_9 JOIN T5 ON T4.IDENTIFIER_REFERENCE_8 = T5.IDENTIFIER_REFERENCE_12 GROUP BY T1.TEXT_FIELD_2 ORDER BY total_services DESC LIMIT 1","SELECT Services.Service_Details, COUNT(Customer_Interactions.Customer_Interaction_ID) AS total_services FROM Services JOIN Customers_and_Services ON Services.Service_ID = Customers_and_Services.Service_ID JOIN Customer_Interactions ON Customers_and_Services.Customer_ID = Customer_Interactions.Channel_ID GROUP BY Services.Service_Details ORDER BY total_services DESC LIMIT 1"
284,371,government_shift,government_shift,,,False,0,True,,llama3.1-8b,"SELECT T7.DESCRIPTIVE_ATTRIBUTE_23, T7.TEXT_FIELD_22, T5.DESCRIPTIVE_ATTRIBUTE_15, T5.TEXT_FIELD_16, T6.TEXT_FIELD_19 FROM T7 INNER JOIN T4 ON T7.IDENTIFIER_REFERENCE_21 = T4.IDENTIFIER_PRIMARY_7 INNER JOIN T5 ON T4.IDENTIFIER_REFERENCE_8 = T5.IDENTIFIER_REFERENCE_12 INNER JOIN T6 ON T5.IDENTIFIER_PRIMARY_11 = T6.IDENTIFIER_REFERENCE_18 INNER JOIN T2 ON T5.IDENTIFIER_REFERENCE_13 = T2.IDENTIFIER_PRIMARY_3 INNER JOIN T3 ON T5.IDENTIFIER_REFERENCE_12 = T3.IDENTIFIER_PRIMARY_5 INNER JOIN T1 ON T5.IDENTIFIER_REFERENCE_14 = T1.IDENTIFIER_PRIMARY_1 ORDER BY T5.DESCRIPTIVE_ATTRIBUTE_15 LIMIT 1","SELECT Analytical_Layer.Analytical_Layer_Type_Code, Analytical_Layer.Pattern_Recognition, Customer_Interactions.Status_Code, Customer_Interactions.Services_and_Channels_Details, Integration_Platform.Integration_Platform_Details FROM Analytical_Layer INNER JOIN Customers_and_Services ON Analytical_Layer.Customers_and_Services_ID = Customers_and_Services.Customers_and_Services_ID INNER JOIN Customer_Interactions ON Customers_and_Services.Customer_ID = Customer_Interactions.Channel_ID INNER JOIN Integration_Platform ON Customer_Interactions.Customer_Interaction_ID = Integration_Platform.Customer_Interaction_ID INNER JOIN Customers ON Customer_Interactions.Customer_ID = Customers.Customer_ID INNER JOIN Channels ON Customer_Interactions.Channel_ID = Channels.Channel_ID INNER JOIN Services ON Customer_Interactions.Service_ID = Services.Service_ID ORDER BY Customer_Interactions.Status_Code LIMIT 1"
285,372,government_shift,government_shift,,,False,0,True,,llama3.1-8b,"SELECT DISTINCT T7.TEXT_FIELD_22, T7.DESCRIPTIVE_ATTRIBUTE_23 FROM T7 JOIN T6 ON T7.IDENTIFIER_REFERENCE_21 = T6.IDENTIFIER_PRIMARY_17 JOIN T5 ON T6.IDENTIFIER_REFERENCE_18 = T5.IDENTIFIER_PRIMARY_11 JOIN T4 ON T7.IDENTIFIER_REFERENCE_21 = T4.IDENTIFIER_PRIMARY_7 JOIN T2 ON T4.IDENTIFIER_REFERENCE_8 = T2.IDENTIFIER_PRIMARY_3 JOIN T1 ON T4.IDENTIFIER_REFERENCE_9 = T1.IDENTIFIER_PRIMARY_1 ORDER BY T7.DESCRIPTIVE_ATTRIBUTE_23 ASC LIMIT 1","SELECT DISTINCT Analytical_Layer.Pattern_Recognition, Analytical_Layer.Analytical_Layer_Type_Code FROM Analytical_Layer JOIN Integration_Platform ON Analytical_Layer.Customers_and_Services_ID = Integration_Platform.Integration_Platform_ID JOIN Customer_Interactions ON Integration_Platform.Customer_Interaction_ID = Customer_Interactions.Customer_Interaction_ID JOIN Customers_and_Services ON Analytical_Layer.Customers_and_Services_ID = Customers_and_Services.Customers_and_Services_ID JOIN Customers ON Customers_and_Services.Customer_ID = Customers.Customer_ID JOIN Services ON Customers_and_Services.Service_ID = Services.Service_ID ORDER BY Analytical_Layer.Analytical_Layer_Type_Code ASC LIMIT 1"
286,377,government_shift,government_shift,,,False,2,True,,llama3.1-8b,SELECT DISTINCT T7.TEXT_FIELD_22 FROM T7 INNER JOIN T4 ON T7.IDENTIFIER_REFERENCE_21 = T4.IDENTIFIER_PRIMARY_7 INNER JOIN T2 ON T4.IDENTIFIER_REFERENCE_8 = T2.IDENTIFIER_PRIMARY_3 WHERE T2.TEXT_FIELD_4 = 'Hardy Kutch' OR T7.DESCRIPTIVE_ATTRIBUTE_23 = 'good',SELECT DISTINCT Analytical_Layer.Pattern_Recognition FROM Analytical_Layer INNER JOIN Customers_and_Services ON Analytical_Layer.Customers_and_Services_ID = Customers_and_Services.Customers_and_Services_ID INNER JOIN Customers ON Customers_and_Services.Customer_ID = Customers.Customer_ID WHERE Customers.Customer_Details = 'Hardy Kutch' OR Analytical_Layer.Analytical_Layer_Type_Code = 'good'
287,378,government_shift,government_shift,,,False,3,False,,llama3.1-8b,"SELECT T7.TEXT_FIELD_22, T7.DESCRIPITIVE_ATTRIBUTE_23 FROM T7 INNER JOIN T4 ON T7.IDENTIFIER_REFERENCE_21 = T4.IDENTIFIER_PRIMARY_7 INNER JOIN T2 ON T4.IDENTIFIER_REFERENCE_8 = T2.IDENTIFIER_PRIMARY_3 INNER JOIN T1 ON T4.IDENTIFIER_REFERENCE_9 = T1.IDENTIFIER_PRIMARY_1 WHERE T1.TEXT_FIELD_2 = 'Hardy Kutch' OR T7.DESCRIPITIVE_ATTRIBUTE_23 = 'good'","SELECT Analytical_Layer.Pattern_Recognition, Analytical_Layer.DESCRIPITIVE_ATTRIBUTE_23 FROM Analytical_Layer INNER JOIN Customers_and_Services ON Analytical_Layer.Customers_and_Services_ID = Customers_and_Services.Customers_and_Services_ID INNER JOIN Customers ON Customers_and_Services.Customer_ID = Customers.Customer_ID INNER JOIN Services ON Customers_and_Services.Service_ID = Services.Service_ID WHERE Services.Service_Details = 'Hardy Kutch' OR Analytical_Layer.DESCRIPITIVE_ATTRIBUTE_23 = 'good'"
288,379,government_shift,government_shift,,,False,0,True,,llama3.1-8b,SELECT DISTINCT T7.TEXT_FIELD_22 FROM T7 INNER JOIN T4 ON T7.IDENTIFIER_REFERENCE_21 = T4.IDENTIFIER_PRIMARY_7 INNER JOIN T2 ON T4.IDENTIFIER_REFERENCE_8 = T2.IDENTIFIER_PRIMARY_3 WHERE T7.DESCRIPTIVE_ATTRIBUTE_23 = 'bad' AND T4.IDENTIFIER_REFERENCE_9 = (SELECT IDENTIFIER_PRIMARY_1 FROM T1 WHERE TEXT_FIELD_2 = 'Hardy Kutch'),SELECT DISTINCT Analytical_Layer.Pattern_Recognition FROM Analytical_Layer INNER JOIN Customers_and_Services ON Analytical_Layer.Customers_and_Services_ID = Customers_and_Services.Customers_and_Services_ID INNER JOIN Customers ON Customers_and_Services.Customer_ID = Customers.Customer_ID WHERE Analytical_Layer.Analytical_Layer_Type_Code = 'bad' AND Customers_and_Services.Service_ID = (SELECT Service_ID FROM Services WHERE Service_Details = 'Hardy Kutch')
289,380,government_shift,government_shift,,,False,3,False,,llama3.1-8b,"SELECT T7.TEXT_FIELD_22, T7.DESCRIPITIVE_ATTRIBUTE_23 FROM T7 JOIN T4 ON T7.IDENTIFIER_REFERENCE_21 = T4.IDENTIFIER_PRIMARY_7 JOIN T2 ON T4.IDENTIFIER_REFERENCE_8 = T2.IDENTIFIER_PRIMARY_3 JOIN T1 ON T4.IDENTIFIER_REFERENCE_9 = T1.IDENTIFIER_PRIMARY_1 WHERE T1.TEXT_FIELD_2 = 'Hardy Kutch' AND T7.DESCRIPITIVE_ATTRIBUTE_23 = 'bad'","SELECT Analytical_Layer.Pattern_Recognition, Analytical_Layer.DESCRIPITIVE_ATTRIBUTE_23 FROM Analytical_Layer JOIN Customers_and_Services ON Analytical_Layer.Customers_and_Services_ID = Customers_and_Services.Customers_and_Services_ID JOIN Customers ON Customers_and_Services.Customer_ID = Customers.Customer_ID JOIN Services ON Customers_and_Services.Service_ID = Services.Service_ID WHERE Services.Service_Details = 'Hardy Kutch' AND Analytical_Layer.DESCRIPITIVE_ATTRIBUTE_23 = 'bad'"
290,401,vehicle_rent,vehicle_rent,,,False,0,True,,llama3.1-8b,"SELECT T2.DESCRIPTIVE_ATTRIBUTE_6, T2.DESCRIPTIVE_ATTRIBUTE_6, T4.MEASUREMENT_VALUE_22 FROM T4 JOIN T3 ON T4.IDENTIFIER_REFERENCE_21 = T3.IDENTIFIER_PRIMARY_8 JOIN T2 ON T3.IDENTIFIER_PRIMARY_8 = T2.IDENTIFIER_PRIMARY_5 JOIN T1 ON T4.IDENTIFIER_REFERENCE_19 = T1.IDENTIFIER_PRIMARY_1 WHERE T1.DESCRIPTIVE_ATTRIBUTE_2 LIKE '%2013%' OR T1.DESCRIPTIVE_ATTRIBUTE_2 LIKE '%2014%'","SELECT Discount.name, Discount.name, Renting_history.total_hours FROM Renting_history JOIN Vehicles ON Renting_history.vehicles_id = Vehicles.id JOIN Discount ON Vehicles.id = Discount.id JOIN Customers ON Renting_history.customer_id = Customers.id WHERE Customers.name LIKE '%2013%' OR Customers.name LIKE '%2014%'"
291,402,vehicle_rent,vehicle_rent,,,False,0,True,,llama3.1-8b,"SELECT T2.DESCRIPTIVE_ATTRIBUTE_6, T2.DESCRIPTIVE_ATTRIBUTE_6, T4.MEASUREMENT_VALUE_22 FROM T4 JOIN T3 ON T4.IDENTIFIER_REFERENCE_21 = T3.IDENTIFIER_PRIMARY_8 JOIN T2 ON T3.IDENTIFIER_PRIMARY_8 = T2.IDENTIFIER_PRIMARY_5 JOIN T1 ON T4.IDENTIFIER_REFERENCE_19 = T1.IDENTIFIER_PRIMARY_1 WHERE T3.DESCRIPTIVE_ATTRIBUTE_9 = 'Model Year' AND T3.STATISTICAL_VALUE_12 IN (2013, 2014)","SELECT Discount.name, Discount.name, Renting_history.total_hours FROM Renting_history JOIN Vehicles ON Renting_history.vehicles_id = Vehicles.id JOIN Discount ON Vehicles.id = Discount.id JOIN Customers ON Renting_history.customer_id = Customers.id WHERE Vehicles.name = 'Model Year' AND Vehicles.Combined_fuel_economy_rate IN (2013, 2014)"
292,429,vehicle_rent,vehicle_rent,,,False,0,True,,llama3.1-8b,"SELECT T2.DESCRIPTIVE_ATTRIBUTE_6, T3.DESCRIPTIVE_ATTRIBUTE_9 FROM T4 JOIN T3 ON T4.IDENTIFIER_REFERENCE_21 = T3.IDENTIFIER_PRIMARY_8 JOIN T2 ON T4.IDENTIFIER_REFERENCE_20 = T2.IDENTIFIER_PRIMARY_5 JOIN T1 ON T4.IDENTIFIER_REFERENCE_19 = T1.IDENTIFIER_PRIMARY_1 GROUP BY T2.DESCRIPTIVE_ATTRIBUTE_6, T3.DESCRIPTIVE_ATTRIBUTE_9 ORDER BY COUNT(T1.IDENTIFIER_PRIMARY_1) DESC LIMIT 1","SELECT Discount.name, Vehicles.name FROM Renting_history JOIN Vehicles ON Renting_history.vehicles_id = Vehicles.id JOIN Discount ON Renting_history.discount_id = Discount.id JOIN Customers ON Renting_history.customer_id = Customers.id GROUP BY Discount.name, Vehicles.name ORDER BY COUNT(Customers.id) DESC LIMIT 1"
293,430,vehicle_rent,vehicle_rent,,,False,0,True,,llama3.1-8b,"SELECT T2.DESCRIPTIVE_ATTRIBUTE_6, T2.NUMERIC_FIELD_7 FROM T4 JOIN T2 ON T4.IDENTIFIER_REFERENCE_20 = T2.IDENTIFIER_PRIMARY_5 JOIN T1 ON T4.IDENTIFIER_REFERENCE_19 = T1.IDENTIFIER_PRIMARY_1 GROUP BY T2.DESCRIPTIVE_ATTRIBUTE_6, T2.NUMERIC_FIELD_7 ORDER BY COUNT(T4.IDENTIFIER_PRIMARY_18) DESC LIMIT 1","SELECT Discount.name, Discount.membership_credit FROM Renting_history JOIN Discount ON Renting_history.discount_id = Discount.id JOIN Customers ON Renting_history.customer_id = Customers.id GROUP BY Discount.name, Discount.membership_credit ORDER BY COUNT(Renting_history.id) DESC LIMIT 1"
294,433,vehicle_rent,vehicle_rent,,,False,0,True,,llama3.1-8b,SELECT T2.DESCRIPTIVE_ATTRIBUTE_6 FROM T4 INNER JOIN T2 ON T4.IDENTIFIER_REFERENCE_20 = T2.IDENTIFIER_PRIMARY_5 GROUP BY T2.DESCRIPTIVE_ATTRIBUTE_6 ORDER BY COUNT(T4.IDENTIFIER_PRIMARY_18) DESC LIMIT 1,SELECT Discount.name FROM Renting_history INNER JOIN Discount ON Renting_history.discount_id = Discount.id GROUP BY Discount.name ORDER BY COUNT(Renting_history.id) DESC LIMIT 1
295,434,vehicle_rent,vehicle_rent,,,False,0,True,,llama3.1-8b,SELECT T2.DESCRIPTIVE_ATTRIBUTE_6 FROM T4 INNER JOIN T2 ON T4.IDENTIFIER_REFERENCE_20 = T2.IDENTIFIER_PRIMARY_5 GROUP BY T2.DESCRIPTIVE_ATTRIBUTE_6 ORDER BY COUNT(T4.IDENTIFIER_PRIMARY_18) DESC LIMIT 1,SELECT Discount.name FROM Renting_history INNER JOIN Discount ON Renting_history.discount_id = Discount.id GROUP BY Discount.name ORDER BY COUNT(Renting_history.id) DESC LIMIT 1
296,441,cre_Students_Information_Systems,cre_Students_Information_Systems,,,False,3,False,,llama3.1-8b,"SELECT T4.DESCRIPITIVE_ATTRIBUTE_12, T10.TEXT_FIELD_27 FROM T1 JOIN T2 ON T1.IDENTIFIER_PRIMARY_1 = T2.IDENTIFIER_REFERENCE_5 JOIN T10 ON T10.IDENTIFIER_PRIMARY_26 = T12.IDENTIFIER_REFERENCE_35 JOIN T12 ON T12.IDENTIFIER_REFERENCE_34 = T1.IDENTIFIER_PRIMARY_1 WHERE T1.IDENTIFIER_PRIMARY_1 IN (SELECT T1.IDENTIFIER_PRIMARY_1 FROM T1 JOIN T2 ON T1.IDENTIFIER_PRIMARY_1 = T2.IDENTIFIER_REFERENCE_5 GROUP BY T1.IDENTIFIER_PRIMARY_1 HAVING COUNT(T2.IDENTIFIER_PRIMARY_4) >= 2) OR T1.IDENTIFIER_PRIMARY_1 IN (SELECT T1.IDENTIFIER_PRIMARY_1 FROM T1 JOIN T11 ON T1.IDENTIFIER_PRIMARY_1 = T11.IDENTIFIER_REFERENCE_29 GROUP BY T1.IDENTIFIER_PRIMARY_1 HAVING COUNT(T11.IDENTIFIER_PRIMARY_28) < 2)","SELECT Addresses.DESCRIPITIVE_ATTRIBUTE_12, Teachers.teacher_details FROM Students JOIN Transcripts ON Students.student_id = Transcripts.student_id JOIN Teachers ON Teachers.teacher_id = Classes.teacher_id JOIN Classes ON Classes.student_id = Students.student_id WHERE Students.student_id IN (SELECT Students.student_id FROM Students JOIN Transcripts ON Students.student_id = Transcripts.student_id GROUP BY Students.student_id HAVING COUNT(Transcripts.transcript_id) >= 2) OR Students.student_id IN (SELECT Students.student_id FROM Students JOIN Student_Loans ON Students.student_id = Student_Loans.student_id GROUP BY Students.student_id HAVING COUNT(Student_Loans.student_loan_id) < 2)"
297,442,cre_Students_Information_Systems,cre_Students_Information_Systems,,,False,3,False,,llama3.1-8b,"SELECT T4.DESCRIPITIVE_ATTRIBUTE_12, T10.TEXT_FIELD_27 FROM T1 JOIN T2 ON T1.IDENTIFIER_PRIMARY_1 = T2.IDENTIFIER_REFERENCE_5 JOIN T12 ON T1.IDENTIFIER_PRIMARY_1 = T12.IDENTIFIER_REFERENCE_34 JOIN T10 ON T12.IDENTIFIER_REFERENCE_35 = T10.IDENTIFIER_PRIMARY_26 JOIN T4 ON T4.IDENTIFIER_PRIMARY_11 = T13.IDENTIFIER_REFERENCE_38 JOIN T13 ON T1.IDENTIFIER_PRIMARY_1 = T13.IDENTIFIER_REFERENCE_40 JOIN T3 ON T1.IDENTIFIER_PRIMARY_1 = T3.IDENTIFIER_REFERENCE_9 JOIN T9 ON T9.IDENTIFIER_REFERENCE_22 = T5.IDENTIFIER_PRIMARY_13 JOIN T11 ON T11.IDENTIFIER_REFERENCE_29 = T1.IDENTIFIER_PRIMARY_1 JOIN T1 AS T4_ ON T4.IDENTIFIER_PRIMARY_11 = T4_.IDENTIFIER_PRIMARY_11 WHERE T13.CHRONOLOGICAL_MARKER_41 IS NOT NULL AND T13.CHRONOLOGICAL_MARKER_42 IS NOT NULL","SELECT Addresses.DESCRIPITIVE_ATTRIBUTE_12, Teachers.teacher_details FROM Students JOIN Transcripts ON Students.student_id = Transcripts.student_id JOIN Classes ON Students.student_id = Classes.student_id JOIN Teachers ON Classes.teacher_id = Teachers.teacher_id JOIN Addresses ON Addresses.address_id = Students_Addresses.address_id JOIN Students_Addresses ON Students.student_id = Students_Addresses.student_id JOIN Behaviour_Monitoring ON Students.student_id = Behaviour_Monitoring.student_id JOIN Student_Events ON Student_Events.event_type_code = Ref_Event_Types.event_type_code JOIN Student_Loans ON Student_Loans.student_id = Students.student_id JOIN Students AS T4_ ON Addresses.address_id = T4_.address_id WHERE Students_Addresses.date_from IS NOT NULL AND Students_Addresses.date_to IS NOT NULL"
298,443,cre_Students_Information_Systems,cre_Students_Information_Systems,,,False,0,True,,llama3.1-8b,SELECT T1.TEXT_FIELD_2 FROM T1 JOIN T2 ON T1.IDENTIFIER_PRIMARY_1 = T2.IDENTIFIER_REFERENCE_5 WHERE T2.TEXT_FIELD_7 LIKE '%data%' AND T1.IDENTIFIER_PRIMARY_1 NOT IN (SELECT T1.IDENTIFIER_PRIMARY_1 FROM T1 JOIN T2 ON T1.IDENTIFIER_PRIMARY_1 = T2.IDENTIFIER_REFERENCE_5 JOIN T3 ON T1.IDENTIFIER_PRIMARY_1 = T3.IDENTIFIER_REFERENCE_9 WHERE T3.TEXT_FIELD_10 LIKE 'net%'),SELECT Students.bio_data FROM Students JOIN Transcripts ON Students.student_id = Transcripts.student_id WHERE Transcripts.transcript_details LIKE '%data%' AND Students.student_id NOT IN (SELECT Students.student_id FROM Students JOIN Transcripts ON Students.student_id = Transcripts.student_id JOIN Behaviour_Monitoring ON Students.student_id = Behaviour_Monitoring.student_id WHERE Behaviour_Monitoring.behaviour_monitoring_details LIKE 'net%')
299,444,cre_Students_Information_Systems,cre_Students_Information_Systems,,,False,0,True,,llama3.1-8b,SELECT DISTINCT T1.TEXT_FIELD_2 FROM T1 JOIN T2 ON T1.IDENTIFIER_PRIMARY_1 = T2.IDENTIFIER_REFERENCE_5 WHERE T2.TEXT_FIELD_7 LIKE '%data%' AND T1.IDENTIFIER_PRIMARY_1 NOT IN (SELECT T1.IDENTIFIER_PRIMARY_1 FROM T1 JOIN T2 ON T1.IDENTIFIER_PRIMARY_1 = T2.IDENTIFIER_REFERENCE_5 WHERE T2.TEXT_FIELD_7 LIKE 'net%'),SELECT DISTINCT Students.bio_data FROM Students JOIN Transcripts ON Students.student_id = Transcripts.student_id WHERE Transcripts.transcript_details LIKE '%data%' AND Students.student_id NOT IN (SELECT Students.student_id FROM Students JOIN Transcripts ON Students.student_id = Transcripts.student_id WHERE Transcripts.transcript_details LIKE 'net%')
300,447,cre_Students_Information_Systems,cre_Students_Information_Systems,,,False,0,True,,llama3.1-8b,"SELECT T11.CURRENCY_AMOUNT_31, T11.CHRONOLOGICAL_MARKER_30 FROM T11 JOIN T1 ON T11.IDENTIFIER_REFERENCE_29 = T1.IDENTIFIER_PRIMARY_1 JOIN T12 ON T12.IDENTIFIER_REFERENCE_34 = T1.IDENTIFIER_PRIMARY_1 WHERE T12.IDENTIFIER_REFERENCE_35 = (SELECT IDENTIFIER_PRIMARY_26 FROM T10 GROUP BY IDENTIFIER_PRIMARY_26 HAVING COUNT(IDENTIFIER_PRIMARY_26) >= 2)","SELECT Student_Loans.amount_of_loan, Student_Loans.date_of_loan FROM Student_Loans JOIN Students ON Student_Loans.student_id = Students.student_id JOIN Classes ON Classes.student_id = Students.student_id WHERE Classes.teacher_id = (SELECT teacher_id FROM Teachers GROUP BY teacher_id HAVING COUNT(teacher_id) >= 2)"
301,448,cre_Students_Information_Systems,cre_Students_Information_Systems,,,False,0,True,,llama3.1-8b,"SELECT T11.CURRENCY_AMOUNT_31, T11.CHRONOLOGICAL_MARKER_30 FROM T11 JOIN T1 ON T11.IDENTIFIER_REFERENCE_29 = T1.IDENTIFIER_PRIMARY_1 JOIN T12 ON T12.IDENTIFIER_REFERENCE_34 = T1.IDENTIFIER_PRIMARY_1 GROUP BY T11.IDENTIFIER_PRIMARY_28 HAVING COUNT(T12.IDENTIFIER_PRIMARY_33) >= 2","SELECT Student_Loans.amount_of_loan, Student_Loans.date_of_loan FROM Student_Loans JOIN Students ON Student_Loans.student_id = Students.student_id JOIN Classes ON Classes.student_id = Students.student_id GROUP BY Student_Loans.student_loan_id HAVING COUNT(Classes.class_id) >= 2"
302,449,cre_Students_Information_Systems,cre_Students_Information_Systems,,,False,0,True,,llama3.1-8b,"SELECT T1.TEXT_FIELD_2, T1.IDENTIFIER_PRIMARY_1 FROM T1 JOIN T2 ON T1.IDENTIFIER_PRIMARY_1 = T2.IDENTIFIER_REFERENCE_5 GROUP BY T1.IDENTIFIER_PRIMARY_1 ORDER BY COUNT(T2.IDENTIFIER_PRIMARY_4) DESC LIMIT 1","SELECT Students.bio_data, Students.student_id FROM Students JOIN Transcripts ON Students.student_id = Transcripts.student_id GROUP BY Students.student_id ORDER BY COUNT(Transcripts.transcript_id) DESC LIMIT 1"
303,450,cre_Students_Information_Systems,cre_Students_Information_Systems,,,False,0,True,,llama3.1-8b,"SELECT T1.TEXT_FIELD_2, T1.IDENTIFIER_PRIMARY_1 FROM T1 JOIN T3 ON T1.IDENTIFIER_PRIMARY_1 = T3.IDENTIFIER_REFERENCE_9 JOIN T2 ON T1.IDENTIFIER_PRIMARY_1 = T2.IDENTIFIER_REFERENCE_5 JOIN T9 ON T1.IDENTIFIER_PRIMARY_1 = T9.IDENTIFIER_REFERENCE_23 JOIN T11 ON T1.IDENTIFIER_PRIMARY_1 = T11.IDENTIFIER_REFERENCE_29 JOIN T12 ON T1.IDENTIFIER_PRIMARY_1 = T12.IDENTIFIER_REFERENCE_34 JOIN T13 ON T1.IDENTIFIER_PRIMARY_1 = T13.IDENTIFIER_REFERENCE_40 JOIN T14 ON T1.IDENTIFIER_PRIMARY_1 = T14.IDENTIFIER_REFERENCE_45 JOIN T15 ON T1.IDENTIFIER_PRIMARY_1 = T15.IDENTIFIER_REFERENCE_52 GROUP BY T1.IDENTIFIER_PRIMARY_1 ORDER BY COUNT(T1.IDENTIFIER_PRIMARY_1) DESC LIMIT 1","SELECT Students.bio_data, Students.student_id FROM Students JOIN Behaviour_Monitoring ON Students.student_id = Behaviour_Monitoring.student_id JOIN Transcripts ON Students.student_id = Transcripts.student_id JOIN Student_Events ON Students.student_id = Student_Events.student_id JOIN Student_Loans ON Students.student_id = Student_Loans.student_id JOIN Classes ON Students.student_id = Classes.student_id JOIN Students_Addresses ON Students.student_id = Students_Addresses.student_id JOIN Detention ON Students.student_id = Detention.student_id JOIN Achievements ON Students.student_id = Achievements.student_id GROUP BY Students.student_id ORDER BY COUNT(Students.student_id) DESC LIMIT 1"
304,461,cre_Students_Information_Systems,cre_Students_Information_Systems,,,False,0,True,,llama3.1-8b,"SELECT T1.TEXT_FIELD_2, T1.TEXT_FIELD_3 FROM T1 JOIN T2 ON T1.IDENTIFIER_PRIMARY_1 = T2.IDENTIFIER_REFERENCE_5 JOIN T4 ON T4.DESCRIPTIVE_ATTRIBUTE_12 = 'most common result' JOIN T13 ON T13.IDENTIFIER_REFERENCE_38 = T4.IDENTIFIER_PRIMARY_11 JOIN T7 ON T7.DESCRIPTIVE_ATTRIBUTE_18 = '3 students in behaviour monitoring' JOIN T13 AS T13_2 ON T13_2.IDENTIFIER_REFERENCE_39 = T7.IDENTIFIER_PRIMARY_17","SELECT Students.bio_data, Students.student_details FROM Students JOIN Transcripts ON Students.student_id = Transcripts.student_id JOIN Addresses ON Addresses.address_details = 'most common result' JOIN Students_Addresses ON Students_Addresses.address_id = Addresses.address_id JOIN Ref_Address_Types ON Ref_Address_Types.address_type_description = '3 students in behaviour monitoring' JOIN Students_Addresses AS T13_2 ON T13_2.address_type_code = Ref_Address_Types.address_type_code"
305,462,cre_Students_Information_Systems,cre_Students_Information_Systems,,,False,0,True,,llama3.1-8b,"SELECT T4.DESCRIPTIVE_ATTRIBUTE_12, T1.TEXT_FIELD_2, T1.TEXT_FIELD_3 FROM T1 JOIN T2 ON T1.IDENTIFIER_PRIMARY_1 = T2.IDENTIFIER_REFERENCE_5 JOIN T4 ON T4.IDENTIFIER_PRIMARY_11 = T13.IDENTIFIER_REFERENCE_38 JOIN T13 ON T13.IDENTIFIER_REFERENCE_40 = T1.IDENTIFIER_PRIMARY_1 WHERE T2.CHRONOLOGICAL_MARKER_6 IN ( SELECT CHRONOLOGICAL_MARKER_6 FROM T2 GROUP BY CHRONOLOGICAL_MARKER_6 ORDER BY COUNT(CHRONOLOGICAL_MARKER_6) DESC LIMIT 1 ) AND T2.CHRONOLOGICAL_MARKER_6 IN ( SELECT CHRONOLOGICAL_MARKER_6 FROM T2 GROUP BY CHRONOLOGICAL_MARKER_6 HAVING COUNT(CHRONOLOGICAL_MARKER_6) = 3 )","SELECT Addresses.address_details, Students.bio_data, Students.student_details FROM Students JOIN Transcripts ON Students.student_id = Transcripts.student_id JOIN Addresses ON Addresses.address_id = Students_Addresses.address_id JOIN Students_Addresses ON Students_Addresses.student_id = Students.student_id WHERE Transcripts.date_of_transcript IN ( SELECT date_of_transcript FROM Transcripts GROUP BY date_of_transcript ORDER BY COUNT(date_of_transcript) DESC LIMIT 1 ) AND Transcripts.date_of_transcript IN ( SELECT date_of_transcript FROM Transcripts GROUP BY date_of_transcript HAVING COUNT(date_of_transcript) = 3 )"
306,463,cre_Students_Information_Systems,cre_Students_Information_Systems,,,False,0,True,,llama3.1-8b,SELECT T4.DESCRIPTIVE_ATTRIBUTE_12 FROM T4 JOIN T12 ON T12.IDENTIFIER_REFERENCE_35 = T4.IDENTIFIER_PRIMARY_11 JOIN T1 ON T1.IDENTIFIER_PRIMARY_1 = T12.IDENTIFIER_REFERENCE_34 WHERE T12.DESCRIPTIVE_ATTRIBUTE_36 IN ( SELECT DESCRIPTIVE_ATTRIBUTE_36 FROM T12 GROUP BY DESCRIPTIVE_ATTRIBUTE_36 ORDER BY COUNT(IDENTIFIER_PRIMARY_33) DESC LIMIT 1 ),SELECT Addresses.address_details FROM Addresses JOIN Classes ON Classes.teacher_id = Addresses.address_id JOIN Students ON Students.student_id = Classes.student_id WHERE Classes.class_details IN ( SELECT class_details FROM Classes GROUP BY class_details ORDER BY COUNT(class_id) DESC LIMIT 1 )
307,464,cre_Students_Information_Systems,cre_Students_Information_Systems,,,False,3,False,,llama3.1-8b,SELECT T4.DESCRIPTIVE_ATTRIBUTE_12 FROM T4 JOIN T12 ON T12.IDENTIFIER_REFERENCE_38 = T4.IDENTIFIER_PRIMARY_11 JOIN T1 ON T1.IDENTIFIER_PRIMARY_1 = T12.IDENTIFIER_REFERENCE_34 JOIN T11 ON T11.IDENTIFIER_REFERENCE_29 = T1.IDENTIFIER_PRIMARY_1 GROUP BY T4.DESCRIPTIVE_ATTRIBUTE_12 ORDER BY COUNT(T11.CURRENCY_AMOUNT_31) DESC LIMIT 1,SELECT Addresses.address_details FROM Addresses JOIN Classes ON Classes.address_id = Addresses.address_id JOIN Students ON Students.student_id = Classes.student_id JOIN Student_Loans ON Student_Loans.student_id = Students.student_id GROUP BY Addresses.address_details ORDER BY COUNT(Student_Loans.amount_of_loan) DESC LIMIT 1
308,467,cre_Students_Information_Systems,cre_Students_Information_Systems,,,False,3,False,,llama3.1-8b,"SELECT COUNT(T1.IDENTIFIER_PRIMARY_1), T4.DESCRIPITIVE_ATTRIBUTE_12, T4.DESCRIPITIVE_ATTRIBUTE_12 AS Description FROM T1 JOIN T2 ON T1.IDENTIFIER_PRIMARY_1 = T2.IDENTIFIER_REFERENCE_5 JOIN T4 ON T2.CHRONOLOGICAL_MARKER_6 = T4.DESCRIPITIVE_ATTRIBUTE_12 GROUP BY T4.DESCRIPITIVE_ATTRIBUTE_12 ORDER BY COUNT(T1.IDENTIFIER_PRIMARY_1) DESC LIMIT 1","SELECT COUNT(Students.student_id), Addresses.DESCRIPITIVE_ATTRIBUTE_12, Addresses.DESCRIPITIVE_ATTRIBUTE_12 AS Description FROM Students JOIN Transcripts ON Students.student_id = Transcripts.student_id JOIN Addresses ON Transcripts.date_of_transcript = Addresses.DESCRIPITIVE_ATTRIBUTE_12 GROUP BY Addresses.DESCRIPITIVE_ATTRIBUTE_12 ORDER BY COUNT(Students.student_id) DESC LIMIT 1"
309,468,cre_Students_Information_Systems,cre_Students_Information_Systems,,,False,2,True,,llama3.1-8b,"SELECT T4.DESCRIPTIVE_ATTRIBUTE_12, COUNT(T1.IDENTIFIER_PRIMARY_1) AS number_of_students, T4.DESCRIPTIVE_ATTRIBUTE_12 AS event_type_description FROM T1 JOIN T12 ON T1.IDENTIFIER_PRIMARY_1 = T12.IDENTIFIER_REFERENCE_34 JOIN T10 ON T12.IDENTIFIER_REFERENCE_35 = T10.IDENTIFIER_PRIMARY_26 JOIN T4 ON T12.IDENTIFIER_REFERENCE_34 = T4.IDENTIFIER_PRIMARY_11 GROUP BY T4.DESCRIPTIVE_ATTRIBUTE_12 ORDER BY COUNT(T1.IDENTIFIER_PRIMARY_1) DESC LIMIT 1","SELECT Addresses.address_details, COUNT(Students.student_id) AS number_of_students, Addresses.address_details AS event_type_description FROM Students JOIN Classes ON Students.student_id = Classes.student_id JOIN Teachers ON Classes.teacher_id = Teachers.teacher_id JOIN Addresses ON Classes.student_id = Addresses.address_id GROUP BY Addresses.address_details ORDER BY COUNT(Students.student_id) DESC LIMIT 1"
310,471,cre_Students_Information_Systems,cre_Students_Information_Systems,,,False,0,True,,llama3.1-8b,SELECT COUNT(T1.IDENTIFIER_PRIMARY_1) FROM T1 JOIN T2 ON T1.IDENTIFIER_PRIMARY_1 = T2.IDENTIFIER_REFERENCE_5 JOIN T10 ON T10.IDENTIFIER_PRIMARY_26 = T12.IDENTIFIER_REFERENCE_35 JOIN T12 ON T12.IDENTIFIER_REFERENCE_34 = T1.IDENTIFIER_PRIMARY_1 WHERE T10.TEXT_FIELD_27 = '0',SELECT COUNT(Students.student_id) FROM Students JOIN Transcripts ON Students.student_id = Transcripts.student_id JOIN Teachers ON Teachers.teacher_id = Classes.teacher_id JOIN Classes ON Classes.student_id = Students.student_id WHERE Teachers.teacher_details = '0'
311,472,cre_Students_Information_Systems,cre_Students_Information_Systems,,,False,0,True,,llama3.1-8b,SELECT COUNT(T1.IDENTIFIER_PRIMARY_1) FROM T1 JOIN T2 ON T1.IDENTIFIER_PRIMARY_1 = T2.IDENTIFIER_REFERENCE_5 WHERE T2.IDENTIFIER_PRIMARY_4 NOT IN (SELECT IDENTIFIER_PRIMARY_4 FROM T2 WHERE TEXT_FIELD_7 LIKE '%won%'),SELECT COUNT(Students.student_id) FROM Students JOIN Transcripts ON Students.student_id = Transcripts.student_id WHERE Transcripts.transcript_id NOT IN (SELECT transcript_id FROM Transcripts WHERE transcript_details LIKE '%won%')
312,489,cre_Students_Information_Systems,cre_Students_Information_Systems,,,False,0,True,,llama3.1-8b,"SELECT T4.DESCRIPTIVE_ATTRIBUTE_12, T4.DESCRIPTIVE_ATTRIBUTE_12 FROM T4 INNER JOIN T13 ON T4.IDENTIFIER_PRIMARY_11 = T13.IDENTIFIER_REFERENCE_38 GROUP BY T4.DESCRIPTIVE_ATTRIBUTE_12 ORDER BY COUNT(T4.DESCRIPTIVE_ATTRIBUTE_12) ASC LIMIT 1","SELECT Addresses.address_details, Addresses.address_details FROM Addresses INNER JOIN Students_Addresses ON Addresses.address_id = Students_Addresses.address_id GROUP BY Addresses.address_details ORDER BY COUNT(Addresses.address_details) ASC LIMIT 1"
313,490,cre_Students_Information_Systems,cre_Students_Information_Systems,,,False,1,True,,llama3.1-8b,"SELECT T4.DESCRIPTIVE_ATTRIBUTE_12, T5.DESCRIPTIVE_ATTRIBUTE_14 FROM T4 JOIN T12 ON T4.IDENTIFIER_PRIMARY_11 = T12.IDENTIFIER_REFERENCE_34 JOIN T10 ON T12.IDENTIFIER_REFERENCE_35 = T10.IDENTIFIER_PRIMARY_26 JOIN T5 ON T10.IDENTIFIER_PRIMARY_26 = T5.IDENTIFIER_PRIMARY_13 GROUP BY T4.DESCRIPTIVE_ATTRIBUTE_12 ORDER BY COUNT(T4.DESCRIPTIVE_ATTRIBUTE_12) ASC LIMIT 1","SELECT Addresses.address_details, Ref_Event_Types.event_type_description FROM Addresses JOIN Classes ON Addresses.address_id = Classes.student_id JOIN Teachers ON Classes.teacher_id = Teachers.teacher_id JOIN Ref_Event_Types ON Teachers.teacher_id = Ref_Event_Types.event_type_code GROUP BY Addresses.address_details ORDER BY COUNT(Addresses.address_details) ASC LIMIT 1"
314,491,cre_Students_Information_Systems,cre_Students_Information_Systems,,,False,1,True,,llama3.1-8b,"SELECT T1.TEXT_FIELD_2, T1.TEXT_FIELD_3, T11.CURRENCY_AMOUNT_31, T11.CHRONOLOGICAL_MARKER_30, T11.TEXT_FIELD_32 FROM T1 JOIN T11 ON T1.IDENTIFIER_PRIMARY_1 = T11.IDENTIFIER_REFERENCE_29 WHERE T11.CURRENCY_AMOUNT_31 > (SELECT AVG(CURRENCY_AMOUNT_31) FROM T11)","SELECT Students.bio_data, Students.student_details, Student_Loans.amount_of_loan, Student_Loans.date_of_loan, Student_Loans.other_details FROM Students JOIN Student_Loans ON Students.student_id = Student_Loans.student_id WHERE Student_Loans.amount_of_loan > (SELECT AVG(amount_of_loan) FROM Student_Loans)"
315,492,cre_Students_Information_Systems,cre_Students_Information_Systems,,,False,3,False,,llama3.1-8b,"SELECT T1.TEXT_FIELD_2, T1.TEXT_FIELD_3, T4.DESCRIPITIVE_ATTRIBUTE_12 FROM T1 JOIN T12 ON T1.IDENTIFIER_PRIMARY_1 = T12.IDENTIFIER_REFERENCE_34 JOIN T10 ON T12.IDENTIFIER_REFERENCE_35 = T10.IDENTIFIER_PRIMARY_26 JOIN T11 ON T1.IDENTIFIER_PRIMARY_1 = T11.IDENTIFIER_REFERENCE_29 WHERE T11.CURRENCY_AMOUNT_31 > ( SELECT AVG(CURRENCY_AMOUNT_31) FROM T11 )","SELECT Students.bio_data, Students.student_details, Addresses.DESCRIPITIVE_ATTRIBUTE_12 FROM Students JOIN Classes ON Students.student_id = Classes.student_id JOIN Teachers ON Classes.teacher_id = Teachers.teacher_id JOIN Student_Loans ON Students.student_id = Student_Loans.student_id WHERE Student_Loans.amount_of_loan > ( SELECT AVG(amount_of_loan) FROM Student_Loans )"
316,499,cre_Students_Information_Systems,cre_Students_Information_Systems,,,False,0,True,,llama3.1-8b,"SELECT T1.TEXT_FIELD_2, T1.TEXT_FIELD_3 FROM T1 JOIN T2 ON T1.IDENTIFIER_PRIMARY_1 = T2.IDENTIFIER_REFERENCE_5 WHERE T2.CHRONOLOGICAL_MARKER_6 = (SELECT MIN(CHRONOLOGICAL_MARKER_6) FROM T2)","SELECT Students.bio_data, Students.student_details FROM Students JOIN Transcripts ON Students.student_id = Transcripts.student_id WHERE Transcripts.date_of_transcript = (SELECT MIN(date_of_transcript) FROM Transcripts)"
317,500,cre_Students_Information_Systems,cre_Students_Information_Systems,,,False,0,True,,llama3.1-8b,"SELECT T1.TEXT_FIELD_2, T1.TEXT_FIELD_3 FROM T1 JOIN T2 ON T1.IDENTIFIER_PRIMARY_1 = T2.IDENTIFIER_REFERENCE_5 JOIN T4 ON T4.DESCRIPTIVE_ATTRIBUTE_12 = 'earliest transcript issuance' WHERE T2.CHRONOLOGICAL_MARKER_6 = ( SELECT MIN(CHRONOLOGICAL_MARKER_6) FROM T2 )","SELECT Students.bio_data, Students.student_details FROM Students JOIN Transcripts ON Students.student_id = Transcripts.student_id JOIN Addresses ON Addresses.address_details = 'earliest transcript issuance' WHERE Transcripts.date_of_transcript = ( SELECT MIN(date_of_transcript) FROM Transcripts )"
318,507,cre_Students_Information_Systems,cre_Students_Information_Systems,,,False,0,True,,llama3.1-8b,"SELECT T5.DESCRIPTIVE_ATTRIBUTE_14, T4.DESCRIPTIVE_ATTRIBUTE_12 FROM T4 JOIN T12 ON T12.IDENTIFIER_REFERENCE_35 = T4.IDENTIFIER_PRIMARY_11 JOIN T10 ON T10.IDENTIFIER_PRIMARY_26 = T12.IDENTIFIER_REFERENCE_34 JOIN T5 ON T5.IDENTIFIER_PRIMARY_13 = T10.TEXT_FIELD_27 ORDER BY T4.DESCRIPTIVE_ATTRIBUTE_12 DESC LIMIT 1","SELECT Ref_Event_Types.event_type_description, Addresses.address_details FROM Addresses JOIN Classes ON Classes.teacher_id = Addresses.address_id JOIN Teachers ON Teachers.teacher_id = Classes.student_id JOIN Ref_Event_Types ON Ref_Event_Types.event_type_code = Teachers.teacher_details ORDER BY Addresses.address_details DESC LIMIT 1"
319,508,cre_Students_Information_Systems,cre_Students_Information_Systems,,,False,0,True,,llama3.1-8b,"SELECT T5.DESCRIPTIVE_ATTRIBUTE_14, T5.DESCRIPTIVE_ATTRIBUTE_14 FROM T5 INNER JOIN T9 ON T9.IDENTIFIER_REFERENCE_22 = T5.IDENTIFIER_PRIMARY_13 GROUP BY T5.DESCRIPTIVE_ATTRIBUTE_14 ORDER BY COUNT(T5.DESCRIPTIVE_ATTRIBUTE_14) DESC LIMIT 1","SELECT Ref_Event_Types.event_type_description, Ref_Event_Types.event_type_description FROM Ref_Event_Types INNER JOIN Student_Events ON Student_Events.event_type_code = Ref_Event_Types.event_type_code GROUP BY Ref_Event_Types.event_type_description ORDER BY COUNT(Ref_Event_Types.event_type_description) DESC LIMIT 1"
