pos,test_idx,db_id_gold,db_id_used,broker_pick,broker_correct,re_picked,retries,exec_success,masked_sql,real_sql
0,0,soccer_3,soccer_3,soccer_3,True,False,0,True,SELECT COUNT(C1) FROM T1,SELECT COUNT(Club_ID) FROM club
1,1,soccer_3,soccer_3,soccer_3,True,False,0,True,SELECT COUNT(C1) FROM T1,SELECT COUNT(Club_ID) FROM club
2,2,soccer_3,soccer_3,soccer_3,True,False,0,True,SELECT C2 FROM T1,SELECT Name FROM club
3,3,soccer_3,soccer_3,soccer_3,True,False,0,True,SELECT T1.C2 FROM T1 WHERE T1.C2 IS NOT NULL ORDER BY T1.C2 ASC,SELECT club.Name FROM club WHERE club.Name IS NOT NULL ORDER BY club.Name ASC
4,6,soccer_3,soccer_3,soccer_3,True,False,0,True,"SELECT T2.C8 FROM T1 AS T1 JOIN T2 ON T1.C1 = T2.C13 WHERE T1.C3 != ""Nike""","SELECT player.Name FROM club AS club JOIN player ON club.Club_ID = player.Club_ID WHERE club.Manager != ""Nike"""
5,7,soccer_3,soccer_3,soccer_3,True,False,0,True,SELECT C2 FROM T1 WHERE C5 != 'Nike',SELECT Name FROM club WHERE Manufacturer != 'Nike'
6,8,soccer_3,soccer_3,soccer_3,True,False,0,True,SELECT T2.C2 FROM T1 AS T1 JOIN T2 AS T2 ON T1.C1 = T2.C13 ORDER BY T2.C10 ASC,SELECT player.Name FROM club AS club JOIN player AS player ON club.Club_ID = player.Club_ID ORDER BY player.Earnings ASC
7,9,soccer_3,vehicle_driver,vehicle_driver,False,False,0,True,SELECT T2.C9 FROM T3 AS T1 JOIN T2 ON T1.C13 = T2.C8 GROUP BY T2.C9 ORDER BY COUNT(T2.C9) ASC,SELECT driver.Name FROM vehicle_driver AS vehicle JOIN driver ON vehicle.Vehicle_ID = driver.Driver_ID GROUP BY driver.Name ORDER BY COUNT(driver.Name) ASC
8,12,soccer_3,soccer_3,soccer_3,True,False,0,True,SELECT DISTINCT C2 FROM T1 WHERE C6 > 1200000,SELECT DISTINCT Name FROM club WHERE Sponsor > 1200000
9,13,soccer_3,soccer_3,soccer_3,True,False,0,True,SELECT T2.C8 FROM T1 AS T1 JOIN T2 ON T1.C1 = T2.C13 WHERE T1.C5 > 1200000,SELECT player.Name FROM club AS club JOIN player ON club.Club_ID = player.Club_ID WHERE club.Manufacturer > 1200000
10,28,soccer_3,soccer_3,soccer_3,True,False,0,True,SELECT T2.C8 FROM T2 WHERE T2.C13 IN (SELECT T1.C1 FROM T1 GROUP BY T1.C1 HAVING COUNT(T1.C1) > 1),SELECT player.Name FROM player WHERE player.Club_ID IN (SELECT club.Club_ID FROM club GROUP BY club.Club_ID HAVING COUNT(club.Club_ID) > 1)
11,29,soccer_3,soccer_3,soccer_3,True,False,0,True,SELECT C2 FROM T1 WHERE C1 IN (SELECT C13 FROM T2 GROUP BY C13 HAVING COUNT(C13) > 1),SELECT Name FROM club WHERE Club_ID IN (SELECT Club_ID FROM player GROUP BY Club_ID HAVING COUNT(Club_ID) > 1)
12,30,soccer_3,soccer_3,soccer_3,True,False,0,True,SELECT T1.C2 FROM T1 WHERE T1.C1 IN ( SELECT T2.C13 FROM T2 GROUP BY T2.C13 HAVING COUNT(T2.C13) > 1 ),SELECT club.Name FROM club WHERE club.Club_ID IN ( SELECT player.Club_ID FROM player GROUP BY player.Club_ID HAVING COUNT(player.Club_ID) > 1 )
13,31,soccer_3,soccer_3,soccer_3,True,False,0,True,SELECT T2.C8 FROM T2 WHERE T2.C10 > 1,SELECT player.Name FROM player WHERE player.Earnings > 1
14,36,soccer_3,soccer_3,soccer_3,True,False,0,True,SELECT COUNT(DISTINCT T2.C8) FROM T1 AS T1 JOIN T2 AS T2 ON T1.C1 = T2.C13,SELECT COUNT(DISTINCT player.Name) FROM club AS club JOIN player AS player ON club.Club_ID = player.Club_ID
15,37,soccer_3,soccer_3,soccer_3,True,False,0,True,SELECT COUNT(DISTINCT T2.C8) FROM T1 AS T1 JOIN T2 AS T2 ON T1.C1 = T2.C13,SELECT COUNT(DISTINCT player.Name) FROM club AS club JOIN player AS player ON club.Club_ID = player.Club_ID
16,78,e_commerce,customers_and_orders,customers_and_orders,False,False,0,True,SELECT COUNT(T2.C7) FROM T2,SELECT COUNT(Customer_Orders.order_id) FROM Customer_Orders
17,79,e_commerce,customers_and_orders,customers_and_orders,False,False,0,True,SELECT count(DISTINCT T1.C1) FROM T1 AS T1 JOIN T2 AS T2 ON T2.C8 = T1.C1,SELECT count(DISTINCT Customers.customer_id) FROM Customers AS Customers JOIN Customer_Orders AS Customer_Orders ON Customer_Orders.customer_id = Customers.customer_id
18,80,e_commerce,customers_and_orders,customers_and_orders,False,False,0,True,SELECT count(*) FROM T2,SELECT count(*) FROM Order_Items
19,81,e_commerce,customers_and_orders,customers_and_orders,False,False,0,True,SELECT DISTINCT C8 FROM T2,SELECT DISTINCT order_quantity FROM Order_Items
20,82,e_commerce,e_commerce,e_commerce,True,False,0,True,SELECT COUNT(DISTINCT C2) FROM T1,SELECT COUNT(DISTINCT payment_method_code) FROM Customer_Payment_Methods
21,83,e_commerce,e_commerce,e_commerce,True,False,0,True,SELECT COUNT(DISTINCT C8) FROM T2,SELECT COUNT(DISTINCT payment_method_code) FROM Customer_Payment_Methods
22,100,e_commerce,customers_and_orders,customers_and_orders,False,False,0,True,SELECT COUNT(C1) FROM T1,SELECT COUNT(order_item_id) FROM Order_Items
23,101,e_commerce,e_commerce,e_commerce,True,False,0,True,SELECT COUNT(C1) FROM T1,SELECT COUNT(product_id) FROM Products
24,102,e_commerce,e_commerce,e_commerce,True,False,0,True,SELECT avg(C4) FROM T1,SELECT avg(product_price) FROM Products
25,103,e_commerce,e_commerce,e_commerce,True,False,0,True,SELECT AVG(C4) FROM T1,SELECT AVG(product_price) FROM Products
26,104,e_commerce,e_commerce,e_commerce,True,False,0,True,SELECT avg(C4) FROM T1,SELECT avg(product_price) FROM Products
27,105,e_commerce,e_commerce,e_commerce,True,False,0,True,SELECT avg(C4) FROM T1,SELECT avg(product_price) FROM Products
28,123,bbc_channels,tv_shows,tv_shows,False,False,0,True,SELECT COUNT(DISTINCT C5) FROM T1,SELECT COUNT(DISTINCT Affiliation) FROM city_channel
29,124,bbc_channels,bbc_channels,bbc_channels,True,False,0,True,SELECT T3.C11 FROM T3 ORDER BY T3.C10 DESC,SELECT program.Title FROM program ORDER BY program.Start_Year DESC
30,133,bbc_channels,bbc_channels,bbc_channels,True,False,0,True,SELECT T1.C2 FROM T1 AS T1 INNER JOIN T3 AS T3 ON T1.C1 = T3.C13 INNER JOIN T2 AS T2 ON T3.C12 = T2.C6 WHERE T2.C8 BETWEEN 30 AND 60,SELECT channel.Name FROM channel AS channel INNER JOIN program AS program ON channel.Channel_ID = program.Channel_ID INNER JOIN director AS director ON program.Director_ID = director.Director_ID WHERE director.Age BETWEEN 30 AND 60
31,136,tv_shows,tv_shows,tv_shows,True,False,0,True,SELECT count(*) FROM T1 WHERE C2 = 'radio',SELECT count(*) FROM radio WHERE Transmitter = 'radio'
32,137,tv_shows,tv_shows,tv_shows,True,False,0,True,SELECT T2.C9 FROM T1 AS T1 JOIN T2 AS T2 ON T1.C1 = T2.C8 ORDER BY T2.C9 ASC,SELECT city_channel_radio.Is_online FROM radio AS radio JOIN city_channel_radio AS city_channel_radio ON radio.Radio_ID = city_channel_radio.Radio_ID ORDER BY city_channel_radio.Is_online ASC
33,139,tv_shows,tv_shows,tv_shows,True,False,3,False,SELECT C7 FROM T2 WHERE C9 != 'ABC' AND C7 NOT LIKE '%2FM_MHz%' ESCAPE '',SELECT Transmitter FROM radio WHERE 2FM_MHz != 'ABC' AND Transmitter NOT LIKE '%2FM_MHz%' ESCAPE ''
34,142,tv_shows,tv_shows,tv_shows,True,False,0,True,SELECT AVG(C9) FROM T2 WHERE C8 IN (SELECT C1 FROM T1 WHERE C2 = 'radio'),SELECT AVG(Is_online) FROM city_channel_radio WHERE Radio_ID IN (SELECT Radio_ID FROM radio WHERE Transmitter = 'radio')
35,145,tv_shows,tv_shows,tv_shows,True,False,0,True,SELECT T2.C7 FROM T1 AS T1 INNER JOIN T2 AS T2 ON T1.C1 = T2.C6 GROUP BY T2.C7 HAVING COUNT(T2.C7) > 3,SELECT city_channel_radio.Radio_ID FROM city_channel AS city_channel INNER JOIN city_channel_radio AS city_channel_radio ON city_channel.ID = city_channel_radio.City_channel_ID GROUP BY city_channel_radio.Radio_ID HAVING COUNT(city_channel_radio.Radio_ID) > 3
36,153,vehicle_driver,vehicle_driver,vehicle_driver,True,False,0,True,SELECT T2.C9 FROM T1 AS T1 JOIN T3 AS T3 ON T1.C1 = T3.C13 JOIN T2 AS T2 ON T3.C12 = T2.C8 WHERE T2.C9 = 'United States',SELECT driver.Name FROM vehicle AS vehicle JOIN vehicle_driver AS vehicle_driver ON vehicle.Vehicle_ID = vehicle_driver.Vehicle_ID JOIN driver AS driver ON vehicle_driver.Driver_ID = driver.Driver_ID WHERE driver.Name = 'United States'
37,154,vehicle_driver,vehicle_driver,vehicle_driver,True,False,0,True,SELECT T2.C9 FROM T3 AS T1 JOIN T2 ON T1.C13 = T2.C8 WHERE T2.C9 = 'United States',SELECT driver.Name FROM vehicle_driver AS vehicle JOIN driver ON vehicle.Vehicle_ID = driver.Driver_ID WHERE driver.Name = 'United States'
38,167,vehicle_driver,vehicle_driver,vehicle_driver,True,False,0,True,SELECT count(*) FROM T1 WHERE C2 = 'NASCAR',SELECT count(*) FROM vehicle WHERE Model = 'NASCAR'
39,168,vehicle_driver,vehicle_driver,vehicle_driver,True,False,0,True,SELECT COUNT(*) FROM T1 WHERE C2 = 'NASCAR',SELECT COUNT(*) FROM vehicle WHERE Model = 'NASCAR'
40,169,vehicle_driver,vehicle_driver,vehicle_driver,True,False,0,True,SELECT AVG(C5) FROM T1,SELECT AVG(Power) FROM vehicle
41,170,vehicle_driver,vehicle_driver,vehicle_driver,True,False,0,True,SELECT AVG(C5) FROM T1,SELECT AVG(Power) FROM vehicle
42,185,vehicle_driver,vehicle_driver,vehicle_driver,True,False,0,True,SELECT C2 FROM T1 ORDER BY C2 ASC,SELECT Model FROM vehicle ORDER BY Model ASC
43,186,vehicle_driver,vehicle_driver,vehicle_driver,True,False,0,True,SELECT T2.C9 FROM T3 AS T1 JOIN T2 ON T1.C13 = T2.C8,SELECT driver.Name FROM vehicle_driver AS vehicle JOIN driver ON vehicle.Vehicle_ID = driver.Driver_ID
44,193,online_exams,online_exams,online_exams,True,False,0,True,SELECT count(*) FROM T1,SELECT count(*) FROM Exams
45,194,online_exams,online_exams,online_exams,True,False,0,True,SELECT count(*) FROM T1,SELECT count(*) FROM Exams
46,195,online_exams,online_exams,online_exams,True,False,0,True,SELECT DISTINCT C2 FROM T1 ORDER BY C2 ASC,SELECT DISTINCT Subject_Code FROM Exams ORDER BY Subject_Code ASC
47,196,online_exams,online_exams,online_exams,True,False,0,True,SELECT DISTINCT C2 FROM T1,SELECT DISTINCT Subject_Code FROM Exams
48,203,online_exams,online_exams,online_exams,True,False,0,True,"SELECT DISTINCT T5.C18 FROM T5 WHERE T5.C17 = ""Normal""","SELECT DISTINCT Student_Assessments.Satisfactory_YN FROM Student_Assessments WHERE Student_Assessments.Student_Answer_Text = ""Normal"""
49,204,online_exams,online_exams,online_exams,True,False,0,True,SELECT DISTINCT T5.C18 FROM T5 WHERE T5.C17 = 'Normal',SELECT DISTINCT Student_Assessments.Satisfactory_YN FROM Student_Assessments WHERE Student_Assessments.Student_Answer_Text = 'Normal'
50,205,online_exams,online_exams,online_exams,True,False,0,True,SELECT count(DISTINCT T2.C11) FROM T1 AS T1 JOIN T2 AS T2 ON T1.C1 = T2.C9,SELECT count(DISTINCT Student_Answers.Comments) FROM Students AS Students JOIN Student_Answers AS Student_Answers ON Students.Student_ID = Student_Answers.Student_ID
51,206,online_exams,online_exams,online_exams,True,False,0,True,SELECT COUNT(DISTINCT C19) FROM T5,SELECT COUNT(DISTINCT Comments) FROM Student_Answers
52,219,online_exams,cre_Students_Information_Systems,cre_Students_Information_Systems,False,False,0,True,"SELECT T1.C2 FROM T1 WHERE T1.C3 != ""M""","SELECT Students.bio_data FROM Students WHERE Students.student_details != ""M"""
53,220,online_exams,cre_Students_Information_Systems,cre_Students_Information_Systems,False,False,0,True,"SELECT T2.C5 FROM T1 AS T1 INNER JOIN T2 ON T1.C1 = T2.C6 WHERE T1.C2 != ""M""","SELECT Student_Events.event_type_code FROM Students AS Students INNER JOIN Student_Events ON Students.student_id = Student_Events.student_id WHERE Students.bio_data != ""M"""
54,229,online_exams,online_exams,online_exams,True,False,0,True,SELECT T2.C5 FROM T2 JOIN T1 ON T2.C5 = T1.C1 GROUP BY T2.C5 HAVING COUNT(*) >= 3,SELECT Questions_in_Exams.Question_ID FROM Questions_in_Exams JOIN Questions ON Questions_in_Exams.Question_ID = Questions.Question_ID GROUP BY Questions_in_Exams.Question_ID HAVING COUNT(*) >= 3
55,230,online_exams,online_exams,online_exams,True,False,0,True,SELECT T1.C2 FROM T1 AS T1 JOIN T2 AS T2 ON T1.C1 = T2.C5 GROUP BY T2.C5 HAVING COUNT(T2.C5) >= 3,SELECT Questions.Type_of_Question_Code FROM Questions AS Questions JOIN Questions_in_Exams AS Questions_in_Exams ON Questions.Question_ID = Questions_in_Exams.Question_ID GROUP BY Questions_in_Exams.Question_ID HAVING COUNT(Questions_in_Exams.Question_ID) >= 3
56,231,online_exams,cre_Students_Information_Systems,cre_Students_Information_Systems,False,False,0,True,"SELECT T1.C1 , T1.C2 , T1.C3 FROM T1","SELECT Students.student_id , Students.bio_data , Students.student_details FROM Students"
57,232,online_exams,cre_Students_Information_Systems,cre_Students_Information_Systems,False,False,3,False,"SELECT T1.C1, T1.C2, T1.C3, T2.C4, T2.C5, T2.C6, T2.C7, T3.C8, T3.C9, T3.C10, T4.C11, T4.C12, T4.C13, T4.C14, T4.C15, T5.C16, T5.C17, T6.C18, T6.C19, T6.C20, T6.C21, T6.C22, T7.C23, T7.C24, T7.C25, T7.C26, T8.C27, T8.C28, T8.C29, T8.C30, T8.C31, T8.C32, T9.C33, T9.C34, T9.C35, T9.C36, T9.C37, T9.C38, T10.C39, T10.C40, T10.C41, T10.C42, T10.C43, T10.C44 FROM T1","SELECT Students.student_id, Students.bio_data, Students.student_details, Transcripts.transcript_id, Transcripts.student_id, Transcripts.date_of_transcript, Transcripts.transcript_details, Behaviour_Monitoring.behaviour_monitoring_id, Behaviour_Monitoring.student_id, Behaviour_Monitoring.behaviour_monitoring_details, Student_Events.event_id, Student_Events.event_type_code, Student_Events.student_id, Student_Events.event_date, Student_Events.other_details, Teachers.teacher_id, Teachers.teacher_details, Student_Loans.student_loan_id, Student_Loans.student_id, Student_Loans.date_of_loan, Student_Loans.amount_of_loan, Student_Loans.other_details, Classes.class_id, Classes.student_id, Classes.teacher_id, Classes.class_details, Students_Addresses.student_address_id, Students_Addresses.address_id, Students_Addresses.address_type_code, Students_Addresses.student_id, Students_Addresses.date_from, Students_Addresses.date_to, Detention.detention_id, Detention.detention_type_code, Detention.student_id, Detention.datetime_detention_start, Detention.datetime_detention_end, Detention.detention_summary, Achievements.achievement_id, Achievements.achievement_type_code, Achievements.student_id, Achievements.date_achievement, Achievements.achievement_details, Achievements.other_details FROM Students"
58,233,customers_and_orders,customers_and_orders,customers_and_orders,True,False,0,True,SELECT COUNT(*) FROM T2,SELECT COUNT(*) FROM Customers
59,234,customers_and_orders,customers_and_orders,customers_and_orders,True,False,0,True,SELECT COUNT(C3) FROM T2,SELECT COUNT(customer_id) FROM Customers
60,237,customers_and_orders,e_commerce,e_commerce,False,False,0,True,SELECT count(*) FROM T1,SELECT count(*) FROM Products
61,238,customers_and_orders,customers_and_orders,customers_and_orders,True,False,0,True,SELECT COUNT(C1) FROM T1,SELECT COUNT(product_id) FROM Products
62,241,customers_and_orders,customers_and_orders,customers_and_orders,True,False,0,True,SELECT C4 FROM T1 WHERE C2 = 'Monitor',SELECT product_price FROM Products WHERE product_type_code = 'Monitor'
63,242,customers_and_orders,vehicle_driver,vehicle_driver,False,False,0,True,SELECT C4 FROM T1 WHERE C2 = 'Monitor',SELECT Top_Speed FROM vehicle WHERE Model = 'Monitor'
64,245,customers_and_orders,e_commerce,e_commerce,False,False,0,True,"SELECT avg(C4) FROM T1 WHERE C5 = ""Clothes""","SELECT avg(product_price) FROM Products WHERE product_color = ""Clothes"""
65,246,customers_and_orders,e_commerce,e_commerce,False,False,0,True,SELECT AVG(C4) FROM T1 WHERE C5 = 'Clothes',SELECT AVG(product_price) FROM Products WHERE product_color = 'Clothes'
66,247,customers_and_orders,e_commerce,e_commerce,False,False,0,True,SELECT COUNT(C1) FROM T1,SELECT COUNT(product_id) FROM Products
67,248,customers_and_orders,customers_and_orders,customers_and_orders,True,False,0,True,"SELECT COUNT(C1) FROM T1 WHERE C2 = ""Hardware""","SELECT COUNT(product_id) FROM Products WHERE product_type_code = ""Hardware"""
68,257,customers_and_orders,e_commerce,e_commerce,False,False,3,False,SELECT T5.C5 FROM T1 AS T4 JOIN T3 AS T5 ON T4.C1 = T5.C12 ORDER BY T5.C14 DESC,SELECT T5.product_color FROM Products AS T4 JOIN Order_Items AS T5 ON T4.product_id = T5.product_id ORDER BY T5.order_item_status_code DESC
69,258,customers_and_orders,e_commerce,e_commerce,False,False,0,True,SELECT C5 FROM T1 ORDER BY C4 DESC,SELECT product_color FROM Products ORDER BY product_price DESC
70,265,customers_and_orders,e_commerce,e_commerce,False,False,0,True,SELECT C5 FROM T1 GROUP BY C5 HAVING COUNT(C5) >= 2,SELECT product_color FROM Products GROUP BY product_color HAVING COUNT(product_color) >= 2
71,266,customers_and_orders,vehicle_driver,vehicle_driver,False,False,0,True,SELECT C9 FROM T2 WHERE C8 IN (SELECT C13 FROM T3 GROUP BY C13 HAVING COUNT(*) >= 2),SELECT Name FROM driver WHERE Driver_ID IN (SELECT Vehicle_ID FROM vehicle_driver GROUP BY Vehicle_ID HAVING COUNT(*) >= 2)
72,269,customers_and_orders,customers_and_orders,customers_and_orders,True,False,0,True,SELECT COUNT(C1) FROM T1,SELECT COUNT(customer_id) FROM Customers
73,270,customers_and_orders,customers_and_orders,customers_and_orders,True,False,0,True,SELECT COUNT(C1) FROM T1,SELECT COUNT(customer_id) FROM Customers
74,283,customers_and_orders,e_commerce,e_commerce,False,False,0,True,SELECT DISTINCT C2 FROM T1,SELECT DISTINCT gender_code FROM Customers
75,284,customers_and_orders,vehicle_rent,vehicle_rent,False,False,0,True,SELECT DISTINCT C22 FROM T4,SELECT DISTINCT total_hours FROM Renting_history
76,289,customers_and_orders,customers_and_orders,customers_and_orders,True,False,0,True,SELECT COUNT(C1) FROM T1,SELECT COUNT(customer_id) FROM Customers
77,290,customers_and_orders,customers_and_orders,customers_and_orders,True,False,1,True,SELECT COUNT(*) FROM T1 WHERE C1 IN (SELECT C8 FROM T2),SELECT COUNT(*) FROM Customers WHERE customer_id IN (SELECT customer_id FROM Customer_Orders)
78,309,customers_and_orders,customers_and_orders,customers_and_orders,True,False,0,True,SELECT COUNT(T1.C1) FROM T1 AS T1 JOIN T2 AS T2 ON T1.C1 = T2.C8,SELECT COUNT(Customers.customer_id) FROM Customers AS Customers JOIN Customer_Orders AS Customer_Orders ON Customers.customer_id = Customer_Orders.customer_id
79,310,customers_and_orders,customers_and_orders,customers_and_orders,True,False,0,True,SELECT COUNT(DISTINCT T2.C8) FROM T2,SELECT COUNT(DISTINCT Customer_Orders.customer_id) FROM Customer_Orders
80,4,soccer_3,soccer_3,soccer_3,True,False,0,True,"SELECT T2.C8, T2.C9 FROM T1 AS T1 JOIN T2 AS T2 ON T2.C13 = T1.C1 WHERE T1.C2 = 'manager' OR T1.C2 = 'captain'","SELECT player.Name, player.Country FROM club AS club JOIN player AS player ON player.Club_ID = club.Club_ID WHERE club.Name = 'manager' OR club.Name = 'captain'"
81,5,soccer_3,soccer_3,soccer_3,True,False,0,True,"SELECT T1.C2, T1.C3 FROM T1 AS T1 JOIN T2 AS T2 ON T1.C1 = T2.C13 WHERE T2.C8 = 'Manager' INTERSECT SELECT T1.C2, T1.C3 FROM T1 AS T1 JOIN T2 AS T2 ON T1.C1 = T2.C13 WHERE T2.C8 = 'Captain'","SELECT club.Name, club.Manager FROM club AS club JOIN player AS player ON club.Club_ID = player.Club_ID WHERE player.Name = 'Manager' INTERSECT SELECT club.Name, club.Manager FROM club AS club JOIN player AS player ON club.Club_ID = player.Club_ID WHERE player.Name = 'Captain'"
82,10,soccer_3,soccer_3,soccer_3,True,False,0,True,SELECT T2.C8 FROM T2 WHERE T2.C10 = ( SELECT MAX(C10) FROM T2 ),SELECT player.Name FROM player WHERE player.Earnings = ( SELECT MAX(Earnings) FROM player )
83,11,soccer_3,soccer_3,soccer_3,True,False,0,True,SELECT T2.C8 FROM T2 INNER JOIN T1 ON T2.C13 = T1.C1 ORDER BY T2.C10 DESC LIMIT 1,SELECT player.Name FROM player INNER JOIN club ON player.Club_ID = club.Club_ID ORDER BY player.Earnings DESC LIMIT 1
84,16,soccer_3,soccer_3,soccer_3,True,False,0,True,"SELECT T1.C2 , T1.C3 FROM T1 AS T1 JOIN T2 AS T2 ON T2.C13 = T1.C1","SELECT club.Name , club.Manager FROM club AS club JOIN player AS player ON player.Club_ID = club.Club_ID"
85,17,soccer_3,soccer_3,soccer_3,True,False,0,True,"SELECT T2.C8, T2.C9 FROM T2 INNER JOIN T1 ON T2.C13 = T1.C1","SELECT player.Name, player.Country FROM player INNER JOIN club ON player.Club_ID = club.Club_ID"
86,18,soccer_3,soccer_3,soccer_3,True,False,0,True,SELECT T2.C8 FROM T2 WHERE T2.C10 > 2,SELECT player.Name FROM player WHERE player.Earnings > 2
87,19,soccer_3,soccer_3,soccer_3,True,False,0,True,SELECT T2.C2 FROM T1 AS T1 JOIN T2 ON T1.C1 = T2.C13 GROUP BY T2.C2 HAVING COUNT(T2.C13) > 2,SELECT player.Name FROM club AS club JOIN player ON club.Club_ID = player.Club_ID GROUP BY player.Name HAVING COUNT(player.Club_ID) > 2
88,20,soccer_3,soccer_3,soccer_3,True,False,0,True,"SELECT T2.C2 FROM T1 AS T1 JOIN T2 AS T2 ON T1.C1 = T2.C13 WHERE T1.C5 = ""Sam Allardyce""","SELECT player.Name FROM club AS club JOIN player AS player ON club.Club_ID = player.Club_ID WHERE club.Manufacturer = ""Sam Allardyce"""
89,21,soccer_3,soccer_3,soccer_3,True,False,0,True,"SELECT T2.C2 FROM T1 AS T1 JOIN T2 ON T1.C1 = T2.C13 WHERE T1.C3 = ""Sam Allardyce""","SELECT player.Name FROM club AS club JOIN player ON club.Club_ID = player.Club_ID WHERE club.Manager = ""Sam Allardyce"""
90,24,soccer_3,vehicle_driver,vehicle_driver,False,False,0,True,"SELECT T2.C9 , count(*) FROM T1 AS T1 JOIN T3 AS T3 ON T1.C1 = T3.C13 JOIN T2 AS T2 ON T3.C12 = T2.C8 GROUP BY T2.C9","SELECT driver.Name , count(*) FROM vehicle AS vehicle JOIN vehicle_driver AS vehicle_driver ON vehicle.Vehicle_ID = vehicle_driver.Vehicle_ID JOIN driver AS driver ON vehicle_driver.Driver_ID = driver.Driver_ID GROUP BY driver.Name"
91,25,soccer_3,vehicle_driver,vehicle_driver,False,False,0,True,"SELECT T2.C9, COUNT(*) FROM T3 INNER JOIN T2 ON T3.C12 = T2.C8 GROUP BY T2.C9","SELECT driver.Name, COUNT(*) FROM vehicle_driver INNER JOIN driver ON vehicle_driver.Driver_ID = driver.Driver_ID GROUP BY driver.Name"
92,38,soccer_3,soccer_3,soccer_3,True,False,0,True,"SELECT C10 FROM T2 WHERE C8 = ""Australia"" OR C8 = ""Zimbabwe""","SELECT Earnings FROM player WHERE Name = ""Australia"" OR Name = ""Zimbabwe"""
93,39,soccer_3,soccer_3,soccer_3,True,False,0,True,"SELECT T2.C8 , T2.C10 FROM T2 WHERE T2.C9 = ""Australia"" OR T2.C9 = ""Zimbabwe""","SELECT player.Name , player.Earnings FROM player WHERE player.Country = ""Australia"" OR player.Country = ""Zimbabwe"""
94,42,e_commerce,e_commerce,e_commerce,True,False,0,True,"SELECT T5.C19 , T5.C20 , T5.C21 FROM T5 WHERE T5.C19 > 0","SELECT Shipments.order_id , Shipments.invoice_number , Shipments.shipment_tracking_number FROM Shipments WHERE Shipments.order_id > 0"
95,43,e_commerce,customers_and_orders,customers_and_orders,False,False,0,True,"SELECT T2.C6, COUNT(T4.C15), T2.C7, T2.C5 FROM T2 JOIN T4 ON T2.C5 = T4.C17 GROUP BY T2.C5","SELECT Customers.address_id, COUNT(Order_Items.order_item_id), Customers.payment_method_code, Customers.customer_id FROM Customers JOIN Order_Items ON Customers.customer_id = Order_Items.product_id GROUP BY Customers.customer_id"
96,50,e_commerce,e_commerce,e_commerce,True,False,0,True,"SELECT T1.C1, T1.C3 FROM T1 AS T1 JOIN T4 AS T4 ON T1.C1 = T4.C15 JOIN T6 AS T6 ON T4.C14 = T6.C24 WHERE T6.C24 = ( SELECT C14 FROM T4 GROUP BY C14 HAVING COUNT(C14) >= 2 )","SELECT Products.product_id, Products.product_name FROM Products AS Products JOIN Order_Items AS Order_Items ON Products.product_id = Order_Items.product_id JOIN Shipment_Items AS Shipment_Items ON Order_Items.order_item_id = Shipment_Items.order_item_id WHERE Shipment_Items.order_item_id = ( SELECT order_item_id FROM Order_Items GROUP BY order_item_id HAVING COUNT(order_item_id) >= 2 )"
97,51,e_commerce,customers_and_orders,customers_and_orders,False,False,0,True,"SELECT T2.C6, T2.C7 FROM T2 INNER JOIN T3 ON T3.C10 = T2.C5 GROUP BY T2.C6, T2.C7 HAVING COUNT(T3.C9) >= 2","SELECT Customer_Orders.customer_id, Customer_Orders.order_date FROM Customer_Orders INNER JOIN Order_Items ON Order_Items.order_id = Customer_Orders.order_id GROUP BY Customer_Orders.customer_id, Customer_Orders.order_date HAVING COUNT(Order_Items.order_item_id) >= 2"
98,60,e_commerce,customers_and_orders,customers_and_orders,False,False,0,True,"SELECT T1.C2 , count(*) FROM T1 AS T1 JOIN T2 AS T2 ON T1.C1 = T2.C8 GROUP BY T1.C2","SELECT Customers.customer_number , count(*) FROM Customers AS Customers JOIN Customer_Orders AS Customer_Orders ON Customers.customer_id = Customer_Orders.customer_id GROUP BY Customers.customer_number"
99,61,e_commerce,e_commerce,e_commerce,True,False,0,True,"SELECT T2.C6, COUNT(*) FROM T2 JOIN T1 ON T2.C7 = T1.C1 GROUP BY T2.C6","SELECT Order_Items.product_id, COUNT(*) FROM Order_Items JOIN Orders ON Order_Items.order_id = Orders.order_id GROUP BY Order_Items.product_id"
100,62,e_commerce,e_commerce,e_commerce,True,False,0,True,"SELECT T1.C2, T1.C3, T1.C4, T2.C8 FROM T1 JOIN T2 ON T1.C1 = T2.C7","SELECT Customers.gender_code, Customers.customer_first_name, Customers.customer_middle_initial, Customer_Payment_Methods.payment_method_code FROM Customers JOIN Customer_Payment_Methods ON Customers.customer_id = Customer_Payment_Methods.customer_id"
101,63,e_commerce,e_commerce,e_commerce,True,False,0,True,"SELECT T1.C2 , T1.C3 , T1.C4 , T2.C8 FROM T1 INNER JOIN T2 ON T1.C1 = T2.C7","SELECT Customers.gender_code , Customers.customer_first_name , Customers.customer_middle_initial , Customer_Payment_Methods.payment_method_code FROM Customers INNER JOIN Customer_Payment_Methods ON Customers.customer_id = Customer_Payment_Methods.customer_id"
102,64,e_commerce,e_commerce,e_commerce,True,False,0,True,"SELECT T4.C15, T4.C16, T2.C7 FROM T2 INNER JOIN T4 ON T2.C4 = T4.C13","SELECT Shipments.shipment_tracking_number, Shipments.shipment_date, Orders.date_order_placed FROM Orders INNER JOIN Shipments ON Orders.order_id = Shipments.order_id"
103,65,e_commerce,e_commerce,e_commerce,True,False,0,True,"SELECT T4.C15, T4.C16, T4.C16 FROM T4","SELECT Shipments.shipment_tracking_number, Shipments.shipment_date, Shipments.shipment_date FROM Shipments"
104,68,e_commerce,customers_and_orders,customers_and_orders,False,False,0,True,"SELECT T2.C7, T2.C8 FROM T2 WHERE T2.C6 IN (SELECT C1 FROM T1 WHERE C3 LIKE '%ordered%' AND C3 LIKE '%shipped%')","SELECT Order_Items.product_id, Order_Items.order_quantity FROM Order_Items WHERE Order_Items.order_id IN (SELECT order_id FROM Customer_Orders WHERE order_date LIKE '%ordered%' AND order_date LIKE '%shipped%')"
105,69,e_commerce,customers_and_orders,customers_and_orders,False,False,0,True,"SELECT T2.C7, T2.C8 FROM T2 WHERE T2.C6 IN ( SELECT T1.C1 FROM T1 WHERE T1.C3 LIKE 'ordered and shipped' )","SELECT Order_Items.product_id, Order_Items.order_quantity FROM Order_Items WHERE Order_Items.order_id IN ( SELECT Customer_Orders.order_id FROM Customer_Orders WHERE Customer_Orders.order_date LIKE 'ordered and shipped' )"
106,84,e_commerce,customers_and_orders,customers_and_orders,False,False,0,True,"SELECT T1.C2, T1.C5 FROM T1 INNER JOIN T2 ON T1.C1 = T2.C8 WHERE T2.C10 LIKE '+12%'","SELECT Customers.customer_number, Customers.customer_phone FROM Customers INNER JOIN Customer_Orders ON Customers.customer_id = Customer_Orders.customer_id WHERE Customer_Orders.order_status_code LIKE '+12%'"
107,85,e_commerce,customers_and_orders,customers_and_orders,False,False,0,True,"SELECT T1.C2 , T1.C3 FROM T1 AS T1 JOIN T2 AS T2 ON T1.C1 = T2.C8 WHERE T2.C10 LIKE '+12%'","SELECT Customers.customer_number , Customers.customer_name FROM Customers AS Customers JOIN Customer_Orders AS Customer_Orders ON Customers.customer_id = Customer_Orders.customer_id WHERE Customer_Orders.order_status_code LIKE '+12%'"
108,86,e_commerce,e_commerce,e_commerce,True,False,0,True,SELECT C5 FROM T1 WHERE C3 LIKE '%Dell%',SELECT product_color FROM Products WHERE product_name LIKE '%Dell%'
109,87,e_commerce,e_commerce,e_commerce,True,False,0,True,SELECT T2.C10 FROM T1 AS T1 JOIN T2 ON T1.C1 = T2.C8 WHERE T1.C5 LIKE '%Dell%',SELECT Order_Items.order_item_status_code FROM Products AS Products JOIN Order_Items ON Products.product_id = Order_Items.product_id WHERE Products.product_color LIKE '%Dell%'
110,94,e_commerce,e_commerce,e_commerce,True,False,1,True,"SELECT T2.C8 , T3.C13 FROM T3 INNER JOIN T2 ON T3.C10 = T2.C7","SELECT Order_Items.order_item_status_code , Shipments.shipment_date FROM Shipments INNER JOIN Order_Items ON Shipments.order_id = Order_Items.order_id"
111,95,e_commerce,e_commerce,e_commerce,True,False,0,True,"SELECT T2.C6 , T2.C8 FROM T1 AS T1 JOIN T2 ON T1.C1 = T2.C7","SELECT Order_Items.product_id , Order_Items.order_item_status_code FROM Orders AS Orders JOIN Order_Items ON Orders.order_id = Order_Items.order_id"
112,96,e_commerce,customers_and_orders,customers_and_orders,False,False,0,True,"SELECT T2.C5 , T2.C6 , T2.C7 FROM T1 AS T1 JOIN T2 AS T2 ON T1.C1 = T2.C3 WHERE T2.C8 = ""USA""","SELECT Customers.customer_number , Customers.customer_name , Customers.customer_address FROM Addresses AS Addresses JOIN Customers AS Customers ON Addresses.address_id = Customers.customer_id WHERE Customers.customer_phone = ""USA"""
113,97,e_commerce,customers_and_orders,customers_and_orders,False,False,0,True,"SELECT C7, C6, C8 FROM T2","SELECT customer_address, customer_name, customer_phone FROM Customers"
114,112,e_commerce,e_commerce,e_commerce,True,False,0,True,"SELECT T1.C1, T1.C5 FROM T1 AS T1 JOIN T3 AS T2 ON T1.C1 = T2.C10 WHERE T2.C10 > 3","SELECT Products.product_id, Products.product_color FROM Products AS Products JOIN Order_Items AS Customer_Payment_Methods ON Products.product_id = Customer_Payment_Methods.product_id WHERE Customer_Payment_Methods.product_id > 3"
115,113,e_commerce,e_commerce,e_commerce,True,False,0,True,"SELECT T1.C1, T1.C5 FROM T1 AS T1 JOIN T3 AS T2 ON T2.C12 = T1.C1 JOIN T5 AS T3 ON T3.C21 = T2.C11 GROUP BY T1.C1 HAVING count(*) > 3","SELECT Products.product_id, Products.product_color FROM Products AS Products JOIN Order_Items AS Orders ON Orders.product_id = Products.product_id JOIN Shipment_Items AS Order_Items ON Order_Items.order_item_id = Orders.order_item_id GROUP BY Products.product_id HAVING count(*) > 3"
116,114,e_commerce,customers_and_orders,customers_and_orders,False,False,0,True,"SELECT T1.C3 , T1.C1 FROM T1 JOIN T2 ON T2.C6 = T1.C1 GROUP BY T1.C1 HAVING COUNT(T1.C1) >= 2","SELECT Customer_Orders.order_date , Customer_Orders.order_id FROM Customer_Orders JOIN Order_Items ON Order_Items.order_id = Customer_Orders.order_id GROUP BY Customer_Orders.order_id HAVING COUNT(Customer_Orders.order_id) >= 2"
117,115,e_commerce,customers_and_orders,customers_and_orders,False,False,0,True,"SELECT T1.C3 , T1.C1 FROM T1 AS T1 JOIN T2 AS T2 ON T2.C6 = T1.C1 GROUP BY T1.C1 HAVING COUNT(T2.C5) >= 2","SELECT Customer_Orders.order_date , Customer_Orders.order_id FROM Customer_Orders AS Customer_Orders JOIN Order_Items AS Order_Items ON Order_Items.order_id = Customer_Orders.order_id GROUP BY Customer_Orders.order_id HAVING COUNT(Order_Items.order_item_id) >= 2"
118,116,e_commerce,customers_and_orders,customers_and_orders,False,False,0,True,"SELECT T1.C2 , T2.C9 FROM T1 JOIN T2 ON T1.C1 = T2.C8","SELECT Customers.address_id , Customer_Orders.order_date FROM Customers JOIN Customer_Orders ON Customers.customer_id = Customer_Orders.customer_id"
119,117,e_commerce,customers_and_orders,customers_and_orders,False,False,0,True,"SELECT T2.C10 , T2.C9 FROM T2","SELECT Customer_Orders.order_status_code , Customer_Orders.order_date FROM Customer_Orders"
120,121,bbc_channels,bbc_channels,bbc_channels,True,False,0,True,SELECT T2.C7 FROM T3 AS T1 JOIN T2 ON T1.C12 = T2.C6 ORDER BY T1.C10 DESC LIMIT 1,SELECT director.Name FROM program AS channel JOIN director ON channel.Director_ID = director.Director_ID ORDER BY channel.Start_Year DESC LIMIT 1
121,122,bbc_channels,bbc_channels,bbc_channels,True,False,0,True,SELECT COUNT(C9) FROM T3 WHERE C11 LIKE '%bbc%',SELECT COUNT(Program_ID) FROM program WHERE Title LIKE '%bbc%'
122,127,bbc_channels,bbc_channels,bbc_channels,True,False,1,True,SELECT T2.C7 FROM T3 AS T1 JOIN T2 ON T1.C12 = T2.C6 ORDER BY T1.C10 DESC LIMIT 1,SELECT director.Name FROM program AS channel JOIN director ON channel.Director_ID = director.Director_ID ORDER BY channel.Start_Year DESC LIMIT 1
123,128,bbc_channels,bbc_channels,bbc_channels,True,False,0,True,"SELECT T1.C2, T1.C3 FROM T1 AS T1 JOIN T3 AS T3 ON T3.C13 = T1.C1 WHERE T3.C10 > 1","SELECT channel.Name, channel.Analogue_terrestrial_channel FROM channel AS channel JOIN program AS program ON program.Channel_ID = channel.Channel_ID WHERE program.Start_Year > 1"
124,129,bbc_channels,bbc_channels,bbc_channels,True,False,0,True,"SELECT T2.C7, COUNT(T3.C9) FROM T3 INNER JOIN T2 ON T3.C12 = T2.C6 GROUP BY T2.C7","SELECT director.Name, COUNT(program.Program_ID) FROM program INNER JOIN director ON program.Director_ID = director.Director_ID GROUP BY director.Name"
125,131,bbc_channels,bbc_channels,bbc_channels,True,False,0,True,SELECT T1.C2 FROM T1 INNER JOIN T3 ON T1.C1 = T3.C13 WHERE T3.C11 = 'Dracula',SELECT channel.Name FROM channel INNER JOIN program ON channel.Channel_ID = program.Channel_ID WHERE program.Title = 'Dracula'
126,138,tv_shows,bbc_channels,bbc_channels,False,False,0,True,"SELECT T1.C2, T1.C3 FROM T1 INNER JOIN T3 ON T3.C13 = T1.C1","SELECT channel.Name, channel.Analogue_terrestrial_channel FROM channel INNER JOIN program ON program.Channel_ID = channel.Channel_ID"
127,140,tv_shows,tv_shows,tv_shows,True,False,0,True,SELECT C2 FROM T1 WHERE C5 > 150 OR C5 < 30,SELECT Transmitter FROM radio WHERE RnaG_MHz > 150 OR RnaG_MHz < 30
128,141,tv_shows,tv_shows,tv_shows,True,False,0,True,SELECT T2.C8 FROM T2 WHERE T2.C9 = ( SELECT MAX(C9) FROM T2 ),SELECT city_channel_radio.Radio_ID FROM city_channel_radio WHERE city_channel_radio.Is_online = ( SELECT MAX(Is_online) FROM city_channel_radio )
129,143,tv_shows,tv_shows,tv_shows,True,False,0,True,"SELECT T2.C7 , COUNT(T2.C7) FROM T2 JOIN T4 ON T4.C15 = T2.C6 GROUP BY T2.C7","SELECT tv_show.tv_show_name , COUNT(tv_show.tv_show_name) FROM tv_show JOIN city_channel_tv_show ON city_channel_tv_show.tv_show_ID = tv_show.tv_show_ID GROUP BY tv_show.tv_show_name"
130,146,tv_shows,tv_shows,tv_shows,True,False,0,True,"SELECT T2.C7, T3.C12 FROM T1 AS T1 INNER JOIN T2 ON T1.C1 = T2.C6 INNER JOIN T3 ON T1.C1 = T3.C9 WHERE T1.C2 = 'city channels' ORDER BY T3.C12 ASC","SELECT city_channel_radio.Radio_ID, city_channel_tv_show.Is_free FROM city_channel AS city_channel INNER JOIN city_channel_radio ON city_channel.ID = city_channel_radio.City_channel_ID INNER JOIN city_channel_tv_show ON city_channel.ID = city_channel_tv_show.City_channel_ID WHERE city_channel.City = 'city channels' ORDER BY city_channel_tv_show.Is_free ASC"
131,147,tv_shows,tv_shows,tv_shows,True,False,0,True,"SELECT T2.C7, T2.C8 FROM T2 INNER JOIN T3 ON T2.C6 = T3.C13 INNER JOIN T1 ON T3.C12 = T1.C1","SELECT radio.Transmitter, radio.Radio_MHz FROM radio INNER JOIN city_channel_radio ON radio.Radio_ID = city_channel_radio.Radio_ID INNER JOIN city_channel ON city_channel_radio.City_channel_ID = city_channel.ID"
132,149,tv_shows,tv_shows,tv_shows,True,False,0,True,"SELECT T2.C7 , COUNT(T4.C16) FROM T2 JOIN T3 ON T2.C6 = T3.C13 JOIN T4 ON T3.C12 = T4.C15 GROUP BY T2.C7","SELECT radio.Transmitter , COUNT(city_channel_tv_show.tv_show_ID) FROM radio JOIN city_channel_radio ON radio.Radio_ID = city_channel_radio.Radio_ID JOIN city_channel_tv_show ON city_channel_radio.City_channel_ID = city_channel_tv_show.City_channel_ID GROUP BY radio.Transmitter"
133,157,vehicle_driver,vehicle_driver,vehicle_driver,True,False,0,True,"SELECT MAX(C5), AVG(C5) FROM T1 WHERE C2 = 'Zhuzhou'","SELECT MAX(Power), AVG(Power) FROM vehicle WHERE Model = 'Zhuzhou'"
134,158,vehicle_driver,vehicle_driver,vehicle_driver,True,False,0,True,"SELECT MAX(C5), AVG(C5) FROM T1 WHERE C2 = 'Zhuzhou'","SELECT MAX(Power), AVG(Power) FROM vehicle WHERE Model = 'Zhuzhou'"
135,161,vehicle_driver,vehicle_driver,vehicle_driver,True,False,0,True,"SELECT T1.C5 , T1.C6 FROM T1 AS T1 JOIN T3 AS T2 ON T1.C1 = T2.C13 WHERE T2.C12 IN ( SELECT C8 FROM T2 WHERE C9 = ""1996"" )","SELECT vehicle.Power , vehicle.Builder FROM vehicle AS vehicle JOIN vehicle_driver AS driver ON vehicle.Vehicle_ID = driver.Vehicle_ID WHERE driver.Driver_ID IN ( SELECT Driver_ID FROM driver WHERE Name = ""1996"" )"
136,162,vehicle_driver,vehicle_driver,vehicle_driver,True,False,0,True,"SELECT T1.C5 , T1.C4 FROM T1 AS T1 JOIN T3 AS T2 ON T1.C1 = T2.C13 WHERE T1.C4 = 1996","SELECT vehicle.Power , vehicle.Top_Speed FROM vehicle AS vehicle JOIN vehicle_driver AS driver ON vehicle.Vehicle_ID = driver.Vehicle_ID WHERE vehicle.Top_Speed = 1996"
137,163,vehicle_driver,vehicle_driver,vehicle_driver,True,False,0,True,"SELECT T2.C9 , T2.C10 , T2.C11 FROM T2 INNER JOIN T3 ON T2.C8 = T3.C12","SELECT driver.Name , driver.Citizenship , driver.Racing_Series FROM driver INNER JOIN vehicle_driver ON driver.Driver_ID = vehicle_driver.Driver_ID"
138,164,vehicle_driver,vehicle_driver,vehicle_driver,True,False,0,True,"SELECT T2.C10 , T2.C11 , T1.C3 FROM T1 AS T1 JOIN T2 AS T2 ON T1.C1 = T2.C8","SELECT driver.Citizenship , driver.Racing_Series , vehicle.Build_Year FROM vehicle AS vehicle JOIN driver AS driver ON vehicle.Vehicle_ID = driver.Driver_ID"
139,165,vehicle_driver,vehicle_driver,vehicle_driver,True,False,0,True,SELECT COUNT(*) FROM T1 AS T1 JOIN T3 AS T2 ON T2.C13 = T1.C1 WHERE T1.C4 = 2012,SELECT COUNT(*) FROM vehicle AS vehicle JOIN vehicle_driver AS driver ON driver.Vehicle_ID = vehicle.Vehicle_ID WHERE vehicle.Top_Speed = 2012
140,166,vehicle_driver,vehicle_driver,vehicle_driver,True,False,0,True,SELECT COUNT(DISTINCT T1.C1) FROM T1 AS T1 JOIN T3 AS T3 ON T1.C1 = T3.C13 WHERE T1.C4 = 2012,SELECT COUNT(DISTINCT vehicle.Vehicle_ID) FROM vehicle AS vehicle JOIN vehicle_driver AS vehicle_driver ON vehicle.Vehicle_ID = vehicle_driver.Vehicle_ID WHERE vehicle.Top_Speed = 2012
141,173,vehicle_driver,vehicle_driver,vehicle_driver,True,False,0,True,SELECT T1.C2 FROM T1 WHERE T1.C4 > 100 OR T1.C5 > 150,SELECT vehicle.Model FROM vehicle WHERE vehicle.Top_Speed > 100 OR vehicle.Power > 150
142,174,vehicle_driver,vehicle_driver,vehicle_driver,True,False,0,True,SELECT T2.C9 FROM T1 AS T1 JOIN T3 AS T3 ON T1.C1 = T3.C13 JOIN T2 ON T3.C12 = T2.C8 WHERE T1.C5 > 100 OR T1.C4 > 150,SELECT driver.Name FROM vehicle AS vehicle JOIN vehicle_driver AS vehicle_driver ON vehicle.Vehicle_ID = vehicle_driver.Vehicle_ID JOIN driver ON vehicle_driver.Driver_ID = driver.Driver_ID WHERE vehicle.Power > 100 OR vehicle.Top_Speed > 150
143,175,vehicle_driver,vehicle_driver,vehicle_driver,True,False,0,True,"SELECT T2.C9, T2.C10 FROM T1 AS T1 JOIN T3 AS T3 ON T1.C1 = T3.C13 JOIN T2 AS T2 ON T3.C12 = T2.C8 WHERE T1.C2 LIKE '%DJ%'","SELECT driver.Name, driver.Citizenship FROM vehicle AS vehicle JOIN vehicle_driver AS vehicle_driver ON vehicle.Vehicle_ID = vehicle_driver.Vehicle_ID JOIN driver AS driver ON vehicle_driver.Driver_ID = driver.Driver_ID WHERE vehicle.Model LIKE '%DJ%'"
144,176,vehicle_driver,vehicle_driver,vehicle_driver,True,False,3,False,"SELECT T2.C9 , T2.C10 FROM T1 AS T1 JOIN T3 AS T2 ON T1.C1 = T2.C13 WHERE T1.C2 LIKE ""%DJ%""","SELECT driver.Name , driver.Citizenship FROM vehicle AS vehicle JOIN vehicle_driver AS driver ON vehicle.Vehicle_ID = driver.Vehicle_ID WHERE vehicle.Model LIKE ""%DJ%"""
145,187,vehicle_driver,vehicle_driver,vehicle_driver,True,False,0,True,SELECT COUNT(T1.C1) FROM T1 AS T1 JOIN T3 AS T2 ON T1.C1 = T2.C13 GROUP BY T2.C13,SELECT COUNT(vehicle.Vehicle_ID) FROM vehicle AS vehicle JOIN vehicle_driver AS driver ON vehicle.Vehicle_ID = driver.Vehicle_ID GROUP BY driver.Vehicle_ID
146,188,vehicle_driver,vehicle_driver,vehicle_driver,True,False,0,True,SELECT count(*) FROM T1 AS T1 JOIN T3 AS T2 ON T1.C1 = T2.C13 JOIN T2 AS T3 ON T2.C8 = T3.C8 GROUP BY T3.C9,SELECT count(*) FROM vehicle AS vehicle JOIN vehicle_driver AS driver ON vehicle.Vehicle_ID = driver.Vehicle_ID JOIN driver AS vehicle_driver ON driver.Driver_ID = vehicle_driver.Driver_ID GROUP BY vehicle_driver.Name
147,197,online_exams,online_exams,online_exams,True,False,0,True,"SELECT T2.C5 , T2.C6 FROM T2 WHERE T2.C7 NOT LIKE ""Database""","SELECT Exams.Subject_Code , Exams.Exam_Date FROM Exams WHERE Exams.Exam_Name NOT LIKE ""Database"""
148,198,online_exams,online_exams,online_exams,True,False,0,True,"SELECT T1.C3, T1.C2 FROM T1 WHERE T1.C4 != ""Database""","SELECT Exams.Exam_Date, Exams.Subject_Code FROM Exams WHERE Exams.Exam_Name != ""Database"""
149,201,online_exams,customers_and_orders,customers_and_orders,False,False,0,True,"SELECT C2 , COUNT(*) FROM T1 GROUP BY C2","SELECT product_type_code , COUNT(*) FROM Products GROUP BY product_type_code"
150,202,online_exams,vehicle_driver,vehicle_driver,False,False,0,True,"SELECT T1.C1 , COUNT(*) FROM T1 JOIN T3 ON T1.C1 = T3.C13 GROUP BY T1.C1","SELECT vehicle.Vehicle_ID , COUNT(*) FROM vehicle JOIN vehicle_driver ON vehicle.Vehicle_ID = vehicle_driver.Vehicle_ID GROUP BY vehicle.Vehicle_ID"
151,207,online_exams,online_exams,online_exams,True,False,0,True,SELECT T6.C25 FROM T6 GROUP BY T6.C25 ORDER BY COUNT(T6.C25) DESC,SELECT Student_Assessments.Assessment FROM Student_Assessments GROUP BY Student_Assessments.Assessment ORDER BY COUNT(Student_Assessments.Assessment) DESC
152,208,online_exams,online_exams,online_exams,True,False,0,True,SELECT C15 FROM T3 GROUP BY C15 ORDER BY COUNT(C15) DESC,SELECT Student_Answer_Text FROM Student_Answers GROUP BY Student_Answer_Text ORDER BY COUNT(Student_Answer_Text) DESC
153,209,online_exams,cre_Students_Information_Systems,cre_Students_Information_Systems,False,False,0,True,"SELECT T1.C2, T2.C6 FROM T1 AS T1 INNER JOIN T2 AS T2 ON T1.C1 = T2.C5","SELECT Students.bio_data, Transcripts.date_of_transcript FROM Students AS Students INNER JOIN Transcripts AS Transcripts ON Students.student_id = Transcripts.student_id"
154,210,online_exams,online_exams,online_exams,True,False,0,True,"SELECT T1.C2 , T2.C8 FROM T1 AS T1 JOIN T2 AS T2 ON T1.C1 = T2.C10","SELECT Students.First_Name , Exams.Subject_Code FROM Students AS Students JOIN Exams AS Exams ON Students.Student_ID = Exams.Exam_Name"
155,211,online_exams,cre_Students_Information_Systems,cre_Students_Information_Systems,False,False,3,False,"SELECT T2.C2, T2.C6 FROM T1 AS T1 JOIN T2 AS T2 ON T1.C1 = T2.C5","SELECT Transcripts.bio_data, Transcripts.date_of_transcript FROM Students AS Students JOIN Transcripts AS Transcripts ON Students.student_id = Transcripts.student_id"
156,212,online_exams,online_exams,online_exams,True,False,0,True,"SELECT T5.C20 , T2.C9 FROM T5 JOIN T2 ON T5.C19 = T2.C8","SELECT Student_Assessments.Valid_Answer_ID , Exams.Exam_Date FROM Student_Assessments JOIN Exams ON Student_Assessments.Student_Answer_ID = Exams.Subject_Code"
157,215,online_exams,cre_Students_Information_Systems,cre_Students_Information_Systems,False,False,0,True,SELECT T1.C2 FROM T1 INNER JOIN T2 ON T1.C1 = T2.C5 GROUP BY T2.C5 HAVING COUNT(*) >= 2,SELECT Students.bio_data FROM Students INNER JOIN Transcripts ON Students.student_id = Transcripts.student_id GROUP BY Transcripts.student_id HAVING COUNT(*) >= 2
158,216,online_exams,cre_Students_Information_Systems,cre_Students_Information_Systems,False,False,3,False,SELECT T5.C17 FROM T2 AS T1 INNER JOIN T5 AS T2 ON T1.C5 = T5.C16 GROUP BY T1.C5 HAVING COUNT(T1.C5) >= 2,SELECT Teachers.teacher_details FROM Transcripts AS Students INNER JOIN Teachers AS Transcripts ON Students.student_id = Teachers.teacher_id GROUP BY Students.student_id HAVING COUNT(Students.student_id) >= 2
159,221,online_exams,cre_Students_Information_Systems,cre_Students_Information_Systems,False,False,0,True,"SELECT T1.C2 , COUNT(T1.C1) FROM T1 GROUP BY T1.C2","SELECT Students.bio_data , COUNT(Students.student_id) FROM Students GROUP BY Students.bio_data"
160,14,soccer_3,soccer_3,soccer_3,True,False,0,True,SELECT T2.C8 FROM T1 AS T1 JOIN T2 AS T2 ON T2.C13 = T1.C1 WHERE T1.C5 > 2 ORDER BY T1.C5 DESC LIMIT 1,SELECT player.Name FROM club AS club JOIN player AS player ON player.Club_ID = club.Club_ID WHERE club.Manufacturer > 2 ORDER BY club.Manufacturer DESC LIMIT 1
161,15,soccer_3,soccer_3,soccer_3,True,False,0,True,SELECT T2.C8 FROM T2 AS T1 JOIN T1 AS T2 ON T1.C13 = T2.C1 WHERE T1.C12 > 2 GROUP BY T1.C13 ORDER BY count(*) DESC LIMIT 1,SELECT player.Name FROM player AS club JOIN club AS player ON club.Club_ID = player.Club_ID WHERE club.Wins_count > 2 GROUP BY club.Club_ID ORDER BY count(*) DESC LIMIT 1
162,22,soccer_3,soccer_3,soccer_3,True,False,0,True,SELECT T2.C8 FROM T1 AS T1 JOIN T2 ON T2.C13 = T1.C1 GROUP BY T2.C8 ORDER BY AVG(T1.C2) DESC,SELECT player.Name FROM club AS club JOIN player ON player.Club_ID = club.Club_ID GROUP BY player.Name ORDER BY AVG(club.Name) DESC
163,23,soccer_3,soccer_3,soccer_3,True,False,0,True,SELECT T2.C8 FROM T2 INNER JOIN T1 ON T2.C13 = T1.C1 GROUP BY T2.C13 ORDER BY AVG(T2.C10) DESC,SELECT player.Name FROM player INNER JOIN club ON player.Club_ID = club.Club_ID GROUP BY player.Club_ID ORDER BY AVG(player.Earnings) DESC
164,26,soccer_3,vehicle_driver,vehicle_driver,False,False,0,True,SELECT T2.C9 FROM T3 AS T1 JOIN T2 ON T1.C13 = T2.C8 GROUP BY T2.C9 ORDER BY COUNT(*) DESC LIMIT 1,SELECT driver.Name FROM vehicle_driver AS vehicle JOIN driver ON vehicle.Vehicle_ID = driver.Driver_ID GROUP BY driver.Name ORDER BY COUNT(*) DESC LIMIT 1
165,27,soccer_3,soccer_3,soccer_3,True,False,0,True,SELECT T2.C8 FROM T1 AS T1 JOIN T2 AS T2 ON T1.C1 = T2.C13 GROUP BY T2.C8 ORDER BY count(*) DESC LIMIT 1,SELECT player.Name FROM club AS club JOIN player AS player ON club.Club_ID = player.Club_ID GROUP BY player.Name ORDER BY count(*) DESC LIMIT 1
166,32,soccer_3,soccer_3,soccer_3,True,False,0,True,SELECT C2 FROM T1 WHERE C1 NOT IN (SELECT C13 FROM T2),SELECT Name FROM club WHERE Club_ID NOT IN (SELECT Club_ID FROM player)
167,33,soccer_3,soccer_3,soccer_3,True,False,0,True,SELECT T1.C2 FROM T1 WHERE T1.C1 NOT IN (SELECT T2.C13 FROM T2),SELECT club.Name FROM club WHERE club.Club_ID NOT IN (SELECT player.Club_ID FROM player)
168,34,soccer_3,soccer_3,soccer_3,True,False,0,True,SELECT C2 FROM T1 WHERE C5 > 1400000 INTERSECT SELECT C2 FROM T1 WHERE C5 < 1100000,SELECT Name FROM club WHERE Manufacturer > 1400000 INTERSECT SELECT Name FROM club WHERE Manufacturer < 1100000
169,35,soccer_3,soccer_3,soccer_3,True,False,0,True,SELECT T2.C8 FROM T2 INNER JOIN T1 ON T2.C13 = T1.C1 WHERE T1.C5 > 1400000 INTERSECT SELECT T2.C8 FROM T2 INNER JOIN T1 ON T2.C13 = T1.C1 WHERE T1.C5 < 1100000,SELECT player.Name FROM player INNER JOIN club ON player.Club_ID = club.Club_ID WHERE club.Manufacturer > 1400000 INTERSECT SELECT player.Name FROM player INNER JOIN club ON player.Club_ID = club.Club_ID WHERE club.Manufacturer < 1100000
170,44,e_commerce,e_commerce,e_commerce,True,False,3,False,SELECT T3.C13 FROM T3 WHERE T3.C13 = (SELECT MIN(C13) FROM T3) OR T2.C6 > 1,SELECT Shipments.shipment_date FROM Shipments WHERE Shipments.shipment_date = (SELECT MIN(shipment_date) FROM Shipments) OR Order_Items.product_id > 1
171,45,e_commerce,e_commerce,e_commerce,True,False,3,False,SELECT T3.C13 FROM T3 WHERE T3.C11 = ( SELECT MIN(C11) FROM T3 ) SELECT T3.C13 FROM T3 WHERE T3.C11 > 1,SELECT Shipments.shipment_date FROM Shipments WHERE Shipments.invoice_number = ( SELECT MIN(invoice_number) FROM Shipments ) SELECT Shipments.shipment_date FROM Shipments WHERE Shipments.invoice_number > 1
172,49,e_commerce,e_commerce,e_commerce,True,False,0,True,"SELECT T1.C1 , T1.C5 , T1.C4 , T1.C3 FROM T1 AS T1 JOIN T4 AS T4 ON T1.C1 = T4.C17 JOIN T2 AS T2 ON T4.C16 = T2.C7 WHERE T2.C8 = ( SELECT C8 FROM T2 GROUP BY C8 HAVING count(*) < 2 )","SELECT Products.product_id , Products.product_color , Products.product_price , Products.product_name FROM Products AS Products JOIN Shipment_Items AS Shipment_Items ON Products.product_id = Shipment_Items.order_item_id JOIN Order_Items AS Order_Items ON Shipment_Items.shipment_id = Order_Items.order_item_id WHERE Order_Items.product_id = ( SELECT product_id FROM Order_Items GROUP BY product_id HAVING count(*) < 2 )"
173,56,e_commerce,e_commerce,e_commerce,True,False,0,True,SELECT C2 FROM T1 GROUP BY C2 ORDER BY COUNT(C2) DESC LIMIT 1,SELECT payment_method_code FROM Customer_Payment_Methods GROUP BY payment_method_code ORDER BY COUNT(payment_method_code) DESC LIMIT 1
174,57,e_commerce,e_commerce,e_commerce,True,False,0,True,SELECT T2.C8 FROM T2 GROUP BY T2.C8 ORDER BY COUNT(T2.C8) DESC LIMIT 1,SELECT Customer_Payment_Methods.payment_method_code FROM Customer_Payment_Methods GROUP BY Customer_Payment_Methods.payment_method_code ORDER BY COUNT(Customer_Payment_Methods.payment_method_code) DESC LIMIT 1
175,58,e_commerce,e_commerce,e_commerce,True,False,0,True,"SELECT T1.C5 , COUNT(T1.C2) FROM T1 GROUP BY T1.C5","SELECT Products.product_color , COUNT(Products.parent_product_id) FROM Products GROUP BY Products.product_color"
176,59,e_commerce,e_commerce,e_commerce,True,False,0,True,"SELECT C2, C3, COUNT(*) FROM T1 GROUP BY C3","SELECT parent_product_id, product_name, COUNT(*) FROM Products GROUP BY product_name"
177,66,e_commerce,customers_and_orders,customers_and_orders,False,False,0,True,"SELECT T1.C2, T1.C3 FROM T1","SELECT Products.product_type_code, Products.product_name FROM Products"
178,67,e_commerce,customers_and_orders,customers_and_orders,False,False,0,True,"SELECT T1.C2 , T1.C3 FROM T1","SELECT Products.product_type_code , Products.product_name FROM Products"
179,70,e_commerce,customers_and_orders,customers_and_orders,False,False,3,False,"SELECT T2.C2 , T3.C12 FROM T3 JOIN T1 ON T3.C11 = T1.C1 JOIN T2 ON T3.C10 = T2.C5 WHERE T3.C9 = 1","SELECT Customer_Orders.product_type_code , Order_Items.order_quantity FROM Order_Items JOIN Products ON Order_Items.product_id = Products.product_id JOIN Customer_Orders ON Order_Items.order_id = Customer_Orders.order_id WHERE Order_Items.order_item_id = 1"
180,71,e_commerce,e_commerce,e_commerce,True,False,0,True,"SELECT T1.C3 , T1.C5 FROM T1 JOIN T2 ON T1.C1 = T2.C8","SELECT Products.product_name , Products.product_color FROM Products JOIN Orders ON Products.product_id = Orders.customer_id"
181,74,e_commerce,e_commerce,e_commerce,True,False,0,True,SELECT T4.C15 FROM T4 INNER JOIN T3 ON T4.C14 = T3.C10 WHERE T3.C10 IS NULL,SELECT Shipments.shipment_tracking_number FROM Shipments INNER JOIN Order_Items ON Shipments.invoice_number = Order_Items.order_id WHERE Order_Items.order_id IS NULL
182,75,e_commerce,e_commerce,e_commerce,True,False,0,True,SELECT T4.C15 FROM T4 WHERE T4.C13 NOT IN (SELECT T2.C4 FROM T2 WHERE T2.C7 IS NOT NULL),SELECT Shipments.shipment_tracking_number FROM Shipments WHERE Shipments.order_id NOT IN (SELECT Orders.order_id FROM Orders WHERE Orders.date_order_placed IS NOT NULL)
183,76,e_commerce,e_commerce,e_commerce,True,False,0,True,"SELECT T4.C16, T4.C19, T4.C18 FROM T4","SELECT Shipments.order_id, Shipments.shipment_date, Shipments.shipment_tracking_number FROM Shipments"
184,77,e_commerce,e_commerce,e_commerce,True,False,0,True,"SELECT T5.C18, T5.C21, T5.C19 FROM T5","SELECT Orders.order_id, Orders.date_order_placed, Orders.customer_id FROM Orders"
185,98,e_commerce,e_commerce,e_commerce,True,False,0,True,"SELECT T1.C5 , T1.C3 FROM T1","SELECT Products.product_color , Products.product_name FROM Products"
186,99,e_commerce,e_commerce,e_commerce,True,False,0,True,"SELECT T1.C2 , T1.C3 FROM T1","SELECT Products.parent_product_id , Products.product_name FROM Products"
187,108,e_commerce,e_commerce,e_commerce,True,False,0,True,SELECT T4.C15 FROM T1 AS T1 JOIN T2 AS T2 ON T1.C1 = T2.C7 JOIN T4 AS T4 ON T1.C1 = T4.C13 GROUP BY T4.C15 HAVING count(DISTINCT T2.C8) >= 2,SELECT Orders.date_order_placed FROM Customers AS Customers JOIN Customer_Payment_Methods AS Customer_Payment_Methods ON Customers.customer_id = Customer_Payment_Methods.customer_id JOIN Orders AS Orders ON Customers.customer_id = Orders.customer_id GROUP BY Orders.date_order_placed HAVING count(DISTINCT Customer_Payment_Methods.payment_method_code) >= 2
188,109,e_commerce,e_commerce,e_commerce,True,False,0,True,"SELECT T4.C15 FROM T1 AS T1 JOIN T2 AS T2 ON T1.C1 = T2.C7 JOIN T4 ON T2.C7 = T4.C13 WHERE T1.C5 = ""2""","SELECT Orders.date_order_placed FROM Customers AS Customers JOIN Customer_Payment_Methods AS Customer_Payment_Methods ON Customers.customer_id = Customer_Payment_Methods.customer_id JOIN Orders ON Customer_Payment_Methods.customer_id = Orders.customer_id WHERE Customers.customer_last_name = ""2"""
189,110,e_commerce,customers_and_orders,customers_and_orders,False,False,0,True,SELECT C8 FROM T2 WHERE C7 = (SELECT max(C7) FROM T2 WHERE C7 NOT IN (SELECT C7 FROM T2 GROUP BY C7 ORDER BY COUNT(*) LIMIT 1)),SELECT order_quantity FROM Order_Items WHERE product_id = (SELECT max(product_id) FROM Order_Items WHERE product_id NOT IN (SELECT product_id FROM Order_Items GROUP BY product_id ORDER BY COUNT(*) LIMIT 1))
190,111,e_commerce,customers_and_orders,customers_and_orders,False,False,0,True,SELECT MIN(C8) FROM T2,SELECT MIN(order_quantity) FROM Order_Items
191,120,bbc_channels,bbc_channels,bbc_channels,True,False,0,True,SELECT T2.C7 FROM T2 INNER JOIN T3 ON T2.C6 = T3.C12 INNER JOIN T1 ON T3.C13 = T1.C1 WHERE T3.C10 > ( SELECT AVG(C8) FROM T2 ),SELECT director.Name FROM director INNER JOIN program ON director.Director_ID = program.Director_ID INNER JOIN channel ON program.Channel_ID = channel.Channel_ID WHERE program.Start_Year > ( SELECT AVG(Age) FROM director )
192,135,bbc_channels,bbc_channels,bbc_channels,True,False,0,True,"SELECT T1.C2 , T1.C1 FROM T1 AS T1 JOIN T3 AS T3 ON T3.C13 = T1.C1 WHERE T1.C2 != ""Hank Baskett""","SELECT channel.Name , channel.Channel_ID FROM channel AS channel JOIN program AS program ON program.Channel_ID = channel.Channel_ID WHERE channel.Name != ""Hank Baskett"""
193,144,tv_shows,tv_shows,tv_shows,True,False,0,True,"SELECT T3.C12 FROM T1 AS T1 JOIN T2 AS T2 ON T1.C1 = T2.C6 JOIN T3 AS T3 ON T1.C1 = T3.C9 WHERE T1.C2 = ""city channels"" GROUP BY T3.C12 ORDER BY COUNT(*) DESC LIMIT 1","SELECT city_channel_tv_show.Is_free FROM city_channel AS city_channel JOIN city_channel_radio AS city_channel_radio ON city_channel.ID = city_channel_radio.City_channel_ID JOIN city_channel_tv_show AS city_channel_tv_show ON city_channel.ID = city_channel_tv_show.City_channel_ID WHERE city_channel.City = ""city channels"" GROUP BY city_channel_tv_show.Is_free ORDER BY COUNT(*) DESC LIMIT 1"
194,148,tv_shows,tv_shows,tv_shows,True,False,3,False,"SELECT T2.C7, T2.C8 FROM T2 INNER JOIN T3 ON T2.C6 = T3.C13 INNER JOIN T1 ON T3.C12 = T1.C1 WHERE T2.C9 LIKE '%2FM_MHz' ESCAPE '.' ORDER BY T1.C4 DESC","SELECT radio.Transmitter, radio.Radio_MHz FROM radio INNER JOIN city_channel_radio ON radio.Radio_ID = city_channel_radio.Radio_ID INNER JOIN city_channel ON city_channel_radio.City_channel_ID = city_channel.ID WHERE radio.2FM_MHz LIKE '%2FM_MHz' ESCAPE '.' ORDER BY city_channel.Owned_Since DESC"
195,150,tv_shows,tv_shows,tv_shows,True,False,3,False,SELECT DISTINCT T2.C5 FROM T2 WHERE T2.C5 NOT IN (SELECT T1.C5 FROM T1 WHERE T1.C4 IS NULL),SELECT DISTINCT radio.Affiliation FROM radio WHERE radio.Affiliation NOT IN (SELECT city_channel.Affiliation FROM city_channel WHERE city_channel.Owned_Since IS NULL)
196,151,vehicle_driver,vehicle_driver,vehicle_driver,True,False,0,True,SELECT T2.C9 FROM T1 AS T1 INNER JOIN T3 AS T3 ON T1.C1 = T3.C13 INNER JOIN T2 AS T2 ON T3.C12 = T2.C8 WHERE T1.C5 > 6000 ORDER BY T1.C4 DESC LIMIT 1,SELECT driver.Name FROM vehicle AS vehicle INNER JOIN vehicle_driver AS vehicle_driver ON vehicle.Vehicle_ID = vehicle_driver.Vehicle_ID INNER JOIN driver AS driver ON vehicle_driver.Driver_ID = driver.Driver_ID WHERE vehicle.Power > 6000 ORDER BY vehicle.Top_Speed DESC LIMIT 1
197,152,vehicle_driver,vehicle_driver,vehicle_driver,True,False,3,False,SELECT T2.C9 FROM T1 AS T1 JOIN T3 AS T2 ON T1.C1 = T2.C13 WHERE T1.C5 > 6000 ORDER BY T1.C4 DESC LIMIT 1,SELECT driver.Name FROM vehicle AS vehicle JOIN vehicle_driver AS driver ON vehicle.Vehicle_ID = driver.Vehicle_ID WHERE vehicle.Power > 6000 ORDER BY vehicle.Top_Speed DESC LIMIT 1
198,155,vehicle_driver,vehicle_driver,vehicle_driver,True,False,0,True,"SELECT COUNT(*) , C1 FROM T1 WHERE C1 IN (SELECT C13 FROM T3 GROUP BY C13 ORDER BY COUNT(*) DESC LIMIT 1)","SELECT COUNT(*) , Vehicle_ID FROM vehicle WHERE Vehicle_ID IN (SELECT Vehicle_ID FROM vehicle_driver GROUP BY Vehicle_ID ORDER BY COUNT(*) DESC LIMIT 1)"
199,156,vehicle_driver,vehicle_driver,vehicle_driver,True,False,0,True,"SELECT T1.C1 , count(*) FROM T1 JOIN T3 ON T1.C1 = T3.C13 GROUP BY T1.C1 ORDER BY count(*) DESC LIMIT 1","SELECT vehicle.Vehicle_ID , count(*) FROM vehicle JOIN vehicle_driver ON vehicle.Vehicle_ID = vehicle_driver.Vehicle_ID GROUP BY vehicle.Vehicle_ID ORDER BY count(*) DESC LIMIT 1"
200,159,vehicle_driver,vehicle_driver,vehicle_driver,True,False,0,True,SELECT T1.C1 FROM T1 WHERE T1.C5 = ( SELECT MIN(T1.C5) FROM T1 ),SELECT vehicle.Vehicle_ID FROM vehicle WHERE vehicle.Power = ( SELECT MIN(vehicle.Power) FROM vehicle )
201,160,vehicle_driver,vehicle_driver,vehicle_driver,True,False,0,True,SELECT T3.C12 FROM T3 WHERE T3.C13 = ( SELECT min(C13) FROM T3 ),SELECT vehicle_driver.Driver_ID FROM vehicle_driver WHERE vehicle_driver.Vehicle_ID = ( SELECT min(Vehicle_ID) FROM vehicle_driver )
202,171,vehicle_driver,vehicle_driver,vehicle_driver,True,False,3,False,SELECT DISTINCT T2.C9 FROM T1 AS T1 JOIN T3 AS T2 ON T1.C1 = T2.C13 WHERE T1.C5 > 5000,SELECT DISTINCT driver.Name FROM vehicle AS vehicle JOIN vehicle_driver AS driver ON vehicle.Vehicle_ID = driver.Vehicle_ID WHERE vehicle.Power > 5000
203,172,vehicle_driver,vehicle_driver,vehicle_driver,True,False,0,True,SELECT T2.C9 FROM T2 INNER JOIN T3 ON T2.C8 = T3.C12 INNER JOIN T1 ON T3.C13 = T1.C1 WHERE T1.C5 > 5000,SELECT driver.Name FROM driver INNER JOIN vehicle_driver ON driver.Driver_ID = vehicle_driver.Driver_ID INNER JOIN vehicle ON vehicle_driver.Vehicle_ID = vehicle.Vehicle_ID WHERE vehicle.Power > 5000
204,177,vehicle_driver,vehicle_driver,vehicle_driver,True,False,0,True,SELECT C6 FROM T1 WHERE C1 NOT IN (SELECT C13 FROM T3),SELECT Builder FROM vehicle WHERE Vehicle_ID NOT IN (SELECT Vehicle_ID FROM vehicle_driver)
205,178,vehicle_driver,vehicle_driver,vehicle_driver,True,False,0,True,SELECT C2 FROM T1 WHERE C1 NOT IN (SELECT C13 FROM T3),SELECT Model FROM vehicle WHERE Vehicle_ID NOT IN (SELECT Vehicle_ID FROM vehicle_driver)
206,179,vehicle_driver,vehicle_driver,vehicle_driver,True,False,0,True,"SELECT T2.C9, T2.C10 FROM T3 AS T1 JOIN T2 ON T1.C13 = T2.C8 WHERE T1.C13 IN (SELECT T1.C13 FROM T1 JOIN T3 ON T1.C1 = T3.C13 GROUP BY T1.C13 HAVING COUNT(*) >= 2) OR T2.C9 = 'Ziyang'","SELECT driver.Name, driver.Citizenship FROM vehicle_driver AS vehicle JOIN driver ON vehicle.Vehicle_ID = driver.Driver_ID WHERE vehicle.Vehicle_ID IN (SELECT vehicle.Vehicle_ID FROM vehicle JOIN vehicle_driver ON vehicle.Vehicle_ID = vehicle_driver.Vehicle_ID GROUP BY vehicle.Vehicle_ID HAVING COUNT(*) >= 2) OR driver.Name = 'Ziyang'"
207,180,vehicle_driver,vehicle_driver,vehicle_driver,True,False,0,True,"SELECT T1.C1, T1.C2 FROM T1 JOIN T3 ON T1.C1 = T3.C13 WHERE T3.C13 IN (SELECT T3.C13 FROM T3 GROUP BY T3.C13 HAVING COUNT(*) = 2) OR T1.C2 = ""Ziyang""","SELECT vehicle.Vehicle_ID, vehicle.Model FROM vehicle JOIN vehicle_driver ON vehicle.Vehicle_ID = vehicle_driver.Vehicle_ID WHERE vehicle_driver.Vehicle_ID IN (SELECT vehicle_driver.Vehicle_ID FROM vehicle_driver GROUP BY vehicle_driver.Vehicle_ID HAVING COUNT(*) = 2) OR vehicle.Model = ""Ziyang"""
208,183,vehicle_driver,vehicle_driver,vehicle_driver,True,False,0,True,SELECT COUNT(C1) FROM T1 WHERE C5 = ( SELECT MAX(C5) FROM T1 ),SELECT COUNT(Vehicle_ID) FROM vehicle WHERE Power = ( SELECT MAX(Power) FROM vehicle )
209,184,vehicle_driver,vehicle_driver,vehicle_driver,True,False,0,True,SELECT COUNT(C12) FROM T3 WHERE C13 = (SELECT MAX(C13) FROM T3),SELECT COUNT(Driver_ID) FROM vehicle_driver WHERE Vehicle_ID = (SELECT MAX(Vehicle_ID) FROM vehicle_driver)
210,189,vehicle_driver,vehicle_driver,vehicle_driver,True,False,0,True,"SELECT T2.C9 , T2.C10 FROM T3 INNER JOIN T2 ON T3.C12 = T2.C8 INNER JOIN T1 ON T3.C13 = T1.C1 WHERE T1.C2 = 'DJ1'","SELECT driver.Name , driver.Citizenship FROM vehicle_driver INNER JOIN driver ON vehicle_driver.Driver_ID = driver.Driver_ID INNER JOIN vehicle ON vehicle_driver.Vehicle_ID = vehicle.Vehicle_ID WHERE vehicle.Model = 'DJ1'"
211,190,vehicle_driver,vehicle_driver,vehicle_driver,True,False,0,True,"SELECT T2.C9, T2.C10 FROM T3 AS T1 JOIN T2 ON T1.C13 = T2.C8 WHERE T1.C12 IN ( SELECT C1 FROM T1 WHERE C6 = 'DJ1' )","SELECT driver.Name, driver.Citizenship FROM vehicle_driver AS vehicle JOIN driver ON vehicle.Vehicle_ID = driver.Driver_ID WHERE vehicle.Driver_ID IN ( SELECT Vehicle_ID FROM vehicle WHERE Builder = 'DJ1' )"
212,199,online_exams,cre_Students_Information_Systems,cre_Students_Information_Systems,False,False,0,True,"SELECT T2.C6 FROM T2 INNER JOIN T1 ON T2.C5 = T1.C1 WHERE T1.C2 LIKE ""%data%"" ORDER BY T2.C6 DESC","SELECT Transcripts.date_of_transcript FROM Transcripts INNER JOIN Students ON Transcripts.student_id = Students.student_id WHERE Students.bio_data LIKE ""%data%"" ORDER BY Transcripts.date_of_transcript DESC"
213,200,online_exams,cre_Students_Information_Systems,cre_Students_Information_Systems,False,False,0,True,SELECT T6.C28 FROM T6 INNER JOIN T1 ON T6.C27 = T1.C1 WHERE T6.C26 LIKE '%data%' ORDER BY T6.C28 DESC,SELECT Achievements.date_achievement FROM Achievements INNER JOIN Students ON Achievements.student_id = Students.student_id WHERE Achievements.achievement_type_code LIKE '%data%' ORDER BY Achievements.date_achievement DESC
214,213,online_exams,online_exams,online_exams,True,False,0,True,SELECT C12 FROM T2 GROUP BY C12 ORDER BY COUNT(*) ASC LIMIT 1,SELECT Student_Answer_Text FROM Student_Answers GROUP BY Student_Answer_Text ORDER BY COUNT(*) ASC LIMIT 1
215,214,online_exams,online_exams,online_exams,True,False,0,True,SELECT C1 FROM T1 WHERE C2 = ( SELECT MIN(C2) FROM T1 ),SELECT Student_Answer_ID FROM Student_Assessments WHERE Valid_Answer_ID = ( SELECT MIN(Valid_Answer_ID) FROM Student_Assessments )
216,217,online_exams,online_exams,online_exams,True,False,0,True,SELECT T3.C14 FROM T3 GROUP BY T3.C14 ORDER BY COUNT(T3.C14) DESC LIMIT 1,SELECT Student_Assessments.Assessment FROM Student_Assessments GROUP BY Student_Assessments.Assessment ORDER BY COUNT(Student_Assessments.Assessment) DESC LIMIT 1
217,218,online_exams,online_exams,online_exams,True,False,0,True,SELECT C9 FROM T2 GROUP BY C9 ORDER BY COUNT(C9) DESC LIMIT 1,SELECT Student_Answer_Text FROM Student_Answers GROUP BY Student_Answer_Text ORDER BY COUNT(Student_Answer_Text) DESC LIMIT 1
218,225,online_exams,online_exams,online_exams,True,False,0,True,SELECT T1.C2 FROM T1 WHERE T1.C1 NOT IN (SELECT T2.C10 FROM T2),SELECT Students.First_Name FROM Students WHERE Students.Student_ID NOT IN (SELECT Student_Answers.Student_ID FROM Student_Answers)
219,226,online_exams,cre_Students_Information_Systems,cre_Students_Information_Systems,False,False,3,False,SELECT T2.C2 FROM T2 LEFT JOIN T1 ON T2.C6 = T1.C1 WHERE T1.C1 IS NULL,SELECT Student_Events.bio_data FROM Student_Events LEFT JOIN Students ON Student_Events.student_id = Students.student_id WHERE Students.student_id IS NULL
220,227,online_exams,online_exams,online_exams,True,False,0,True,SELECT T3.C14 FROM T3 WHERE T3.C12 = 'Normal' INTERSECT SELECT T3.C14 FROM T3 WHERE T3.C12 = 'Absent',SELECT Student_Assessments.Assessment FROM Student_Assessments WHERE Student_Assessments.Student_Answer_Text = 'Normal' INTERSECT SELECT Student_Assessments.Assessment FROM Student_Assessments WHERE Student_Assessments.Student_Answer_Text = 'Absent'
221,228,online_exams,online_exams,online_exams,True,False,0,True,SELECT T2.C8 FROM T2 WHERE T2.C9 = 'Normal' INTERSECT SELECT T2.C8 FROM T2 WHERE T2.C9 = 'Absent',SELECT Student_Answers.Comments FROM Student_Answers WHERE Student_Answers.Student_Answer_Text = 'Normal' INTERSECT SELECT Student_Answers.Comments FROM Student_Answers WHERE Student_Answers.Student_Answer_Text = 'Absent'
222,249,customers_and_orders,e_commerce,e_commerce,False,False,0,True,SELECT C5 FROM T1 WHERE C4 > ( SELECT AVG(C4) FROM T1 ),SELECT product_color FROM Products WHERE product_price > ( SELECT AVG(product_price) FROM Products )
223,250,customers_and_orders,e_commerce,e_commerce,False,False,0,True,SELECT C5 FROM T1 WHERE C4 > ( SELECT avg(C4) FROM T1 ),SELECT product_color FROM Products WHERE product_price > ( SELECT avg(product_price) FROM Products )
224,253,customers_and_orders,e_commerce,e_commerce,False,False,0,True,SELECT C5 FROM T1 ORDER BY C4 DESC LIMIT 1,SELECT product_color FROM Products ORDER BY product_price DESC LIMIT 1
225,254,customers_and_orders,e_commerce,e_commerce,False,False,0,True,"SELECT C5 FROM T1 WHERE C4 = (SELECT max(C4) FROM T1 WHERE C3 = ""Clothes"")","SELECT product_color FROM Products WHERE product_price = (SELECT max(product_price) FROM Products WHERE product_name = ""Clothes"")"
226,255,customers_and_orders,customers_and_orders,customers_and_orders,True,False,0,True,"SELECT T2.C5 , T2.C8 FROM T2 WHERE T2.C7 IN ( SELECT T1.C1 FROM T1 WHERE T1.C2 = ""Hardware"" ORDER BY T1.C4 LIMIT 1 )","SELECT Order_Items.order_item_id , Order_Items.order_quantity FROM Order_Items WHERE Order_Items.product_id IN ( SELECT Products.product_id FROM Products WHERE Products.product_type_code = ""Hardware"" ORDER BY Products.product_price LIMIT 1 )"
227,256,customers_and_orders,e_commerce,e_commerce,False,False,0,True,"SELECT T1.C1, T1.C3 FROM T1 AS T1 JOIN T2 AS T2 ON T2.C8 = T1.C1 WHERE T1.C5 = 'Hardware' ORDER BY T1.C4 LIMIT 1","SELECT Products.product_id, Products.product_name FROM Products AS Products JOIN Order_Items AS Order_Items ON Order_Items.product_id = Products.product_id WHERE Products.product_color = 'Hardware' ORDER BY Products.product_price LIMIT 1"
228,267,customers_and_orders,e_commerce,e_commerce,False,False,0,True,SELECT C4 FROM T1 GROUP BY C4 ORDER BY COUNT(*) DESC LIMIT 1,SELECT product_price FROM Products GROUP BY product_price ORDER BY COUNT(*) DESC LIMIT 1
229,268,customers_and_orders,customers_and_orders,customers_and_orders,True,False,0,True,SELECT C2 FROM T1 GROUP BY C2 ORDER BY COUNT(C2) DESC LIMIT 1,SELECT product_type_code FROM Products GROUP BY product_type_code ORDER BY COUNT(product_type_code) DESC LIMIT 1
230,277,customers_and_orders,customers_and_orders,customers_and_orders,True,False,0,True,SELECT C5 FROM T1 GROUP BY C5 ORDER BY COUNT(*) DESC LIMIT 1,SELECT customer_address FROM Customers GROUP BY customer_address ORDER BY COUNT(*) DESC LIMIT 1
231,278,customers_and_orders,e_commerce,e_commerce,False,False,0,True,SELECT C1 FROM T1,SELECT customer_id FROM Customer_Payment_Methods
232,279,customers_and_orders,customers_and_orders,customers_and_orders,True,False,0,True,SELECT C2 FROM T1 GROUP BY C2 ORDER BY COUNT(C2) ASC LIMIT 1,SELECT payment_method_code FROM Customers GROUP BY payment_method_code ORDER BY COUNT(payment_method_code) ASC LIMIT 1
233,280,customers_and_orders,vehicle_rent,vehicle_rent,False,False,0,True,SELECT T2.C6 FROM T4 AS T1 JOIN T2 ON T1.C20 = T2.C5 GROUP BY T2.C6 ORDER BY COUNT(T2.C6) LIMIT 1,SELECT Discount.name FROM Renting_history AS Customers JOIN Discount ON Customers.discount_id = Discount.id GROUP BY Discount.name ORDER BY COUNT(Discount.name) LIMIT 1
234,287,customers_and_orders,customers_and_orders,customers_and_orders,True,False,0,True,SELECT T1.C2 FROM T1 GROUP BY T1.C2 ORDER BY COUNT(T1.C2) LIMIT 1,SELECT Products.product_type_code FROM Products GROUP BY Products.product_type_code ORDER BY COUNT(Products.product_type_code) LIMIT 1
235,288,customers_and_orders,customers_and_orders,customers_and_orders,True,False,0,True,SELECT C2 FROM T1 GROUP BY C2 ORDER BY COUNT(C2) ASC LIMIT 1,SELECT product_type_code FROM Products GROUP BY product_type_code ORDER BY COUNT(product_type_code) ASC LIMIT 1
236,299,customers_and_orders,customers_and_orders,customers_and_orders,True,False,0,True,SELECT T2.C8 FROM T2 GROUP BY T2.C8 ORDER BY COUNT(*) DESC LIMIT 1,SELECT Order_Items.order_quantity FROM Order_Items GROUP BY Order_Items.order_quantity ORDER BY COUNT(*) DESC LIMIT 1
237,300,customers_and_orders,customers_and_orders,customers_and_orders,True,False,0,True,SELECT T2.C10 FROM T2 JOIN T1 ON T2.C8 = T1.C1 GROUP BY T2.C10 ORDER BY COUNT(*) DESC LIMIT 1,SELECT Customer_Orders.order_status_code FROM Customer_Orders JOIN Customers ON Customer_Orders.customer_id = Customers.customer_id GROUP BY Customer_Orders.order_status_code ORDER BY COUNT(*) DESC LIMIT 1
238,303,customers_and_orders,e_commerce,e_commerce,False,False,0,True,SELECT T5.C20 FROM T5 EXCEPT SELECT T5.C20 FROM T5 INNER JOIN T3 ON T5.C20 = T3.C11 INNER JOIN T2 ON T3.C13 = T2.C7,SELECT Shipment_Items.shipment_id FROM Shipment_Items EXCEPT SELECT Shipment_Items.shipment_id FROM Shipment_Items INNER JOIN Order_Items ON Shipment_Items.shipment_id = Order_Items.order_item_id INNER JOIN Orders ON Order_Items.order_id = Orders.order_id
239,304,customers_and_orders,e_commerce,e_commerce,False,False,1,True,SELECT T1.C5 FROM T1 WHERE T1.C1 NOT IN (SELECT C8 FROM T2),SELECT Products.product_color FROM Products WHERE Products.product_id NOT IN (SELECT product_id FROM Order_Items)
240,40,e_commerce,customers_and_orders,customers_and_orders,False,False,0,True,"SELECT T1.C1, T1.C2, T1.C3 FROM T1 WHERE T1.C1 IN ( SELECT T2.C8 FROM T2 GROUP BY T2.C8 HAVING COUNT(T2.C8) > 2 ) AND T1.C2 IN ( SELECT T2.C8 FROM T2 GROUP BY T2.C8 HAVING COUNT(T2.C8) > 2 INTERSECT SELECT T2.C8 FROM T2 GROUP BY T2.C8 HAVING SUM(T2.C8) > 3 )","SELECT Customers.customer_id, Customers.address_id, Customers.customer_number FROM Customers WHERE Customers.customer_id IN ( SELECT Customer_Orders.customer_id FROM Customer_Orders GROUP BY Customer_Orders.customer_id HAVING COUNT(Customer_Orders.customer_id) > 2 ) AND Customers.address_id IN ( SELECT Customer_Orders.customer_id FROM Customer_Orders GROUP BY Customer_Orders.customer_id HAVING COUNT(Customer_Orders.customer_id) > 2 INTERSECT SELECT Customer_Orders.customer_id FROM Customer_Orders GROUP BY Customer_Orders.customer_id HAVING SUM(Customer_Orders.customer_id) > 3 )"
241,41,e_commerce,customers_and_orders,customers_and_orders,False,False,0,True,"SELECT T1.C1, T1.C2, T1.C3 FROM T1 AS T1 JOIN T2 AS T2 ON T1.C1 = T2.C8 GROUP BY T2.C7 HAVING COUNT(T2.C7) > 2 INTERSECT SELECT T1.C1, T1.C2, T1.C3 FROM T1 AS T1 JOIN T3 AS T3 ON T1.C1 = T3.C12 GROUP BY T3.C11 HAVING COUNT(T3.C11) >= 3","SELECT Customers.customer_id, Customers.customer_number, Customers.customer_name FROM Customers AS Customers JOIN Customer_Orders AS Customer_Orders ON Customers.customer_id = Customer_Orders.customer_id GROUP BY Customer_Orders.order_id HAVING COUNT(Customer_Orders.order_id) > 2 INTERSECT SELECT Customers.customer_id, Customers.customer_number, Customers.customer_name FROM Customers AS Customers JOIN Order_Items AS Order_Items ON Customers.customer_id = Order_Items.order_id GROUP BY Order_Items.order_item_id HAVING COUNT(Order_Items.order_item_id) >= 3"
242,46,e_commerce,customers_and_orders,customers_and_orders,False,False,0,True,"SELECT C2 , C3 , C4 FROM T1 WHERE C1 NOT IN (SELECT C8 FROM T2)","SELECT customer_number , customer_name , customer_address FROM Customers WHERE customer_id NOT IN (SELECT customer_id FROM Customer_Orders)"
243,47,e_commerce,customers_and_orders,customers_and_orders,False,False,0,True,"SELECT T1.C2, T1.C3, T1.C4 FROM T1 WHERE T1.C1 NOT IN (SELECT T2.C8 FROM T2)","SELECT Customers.customer_number, Customers.customer_name, Customers.customer_address FROM Customers WHERE Customers.customer_id NOT IN (SELECT Customer_Orders.customer_id FROM Customer_Orders)"
244,48,e_commerce,customers_and_orders,customers_and_orders,False,False,0,True,"SELECT T1.C1 , T1.C2 , T1.C3 , T1.C4 FROM T1 WHERE T1.C1 NOT IN (SELECT T3.C11 FROM T3 GROUP BY T3.C11 HAVING COUNT(*) >= 2)","SELECT Products.product_id , Products.product_type_code , Products.product_name , Products.product_price FROM Products WHERE Products.product_id NOT IN (SELECT Order_Items.product_id FROM Order_Items GROUP BY Order_Items.product_id HAVING COUNT(*) >= 2)"
245,52,e_commerce,e_commerce,e_commerce,True,False,0,True,"SELECT T5.C20 , T2.C8 , T5.C21 FROM T1 AS T1 INNER JOIN T5 AS T5 ON T1.C1 = T5.C20 INNER JOIN T2 AS T2 ON T5.C21 = T2.C7 GROUP BY T5.C20 ORDER BY COUNT(T5.C20) DESC LIMIT 1","SELECT Order_Items.product_id , Customers.gender_code , Order_Items.order_id FROM Products AS Products INNER JOIN Order_Items AS Order_Items ON Products.product_id = Order_Items.product_id INNER JOIN Customers AS Customers ON Order_Items.order_id = Customers.customer_id GROUP BY Order_Items.product_id ORDER BY COUNT(Order_Items.product_id) DESC LIMIT 1"
246,53,e_commerce,e_commerce,e_commerce,True,False,0,True,"SELECT T1.C1 , T1.C3 , T1.C4 FROM T1 AS T1 JOIN T2 AS T2 ON T1.C1 = T2.C8 GROUP BY T2.C8 ORDER BY COUNT(*) DESC LIMIT 1","SELECT Products.product_id , Products.product_name , Products.product_price FROM Products AS Products JOIN Order_Items AS Order_Items ON Products.product_id = Order_Items.product_id GROUP BY Order_Items.product_id ORDER BY COUNT(*) DESC LIMIT 1"
247,54,e_commerce,customers_and_orders,customers_and_orders,False,False,0,True,"SELECT T3.C9 , SUM(T2.C6 * T2.C8) FROM T2 JOIN T3 ON T3.C10 = T2.C5 GROUP BY T3.C9 ORDER BY SUM(T2.C6 * T2.C8) ASC LIMIT 1","SELECT Order_Items.order_item_id , SUM(Customer_Orders.customer_id * Customer_Orders.order_status_code) FROM Customer_Orders JOIN Order_Items ON Order_Items.order_id = Customer_Orders.order_id GROUP BY Order_Items.order_item_id ORDER BY SUM(Customer_Orders.customer_id * Customer_Orders.order_status_code) ASC LIMIT 1"
248,55,e_commerce,customers_and_orders,customers_and_orders,False,False,0,True,"SELECT T1.C3, SUM(T2.C7) FROM T1 INNER JOIN T2 ON T1.C1 = T2.C6 GROUP BY T1.C3 ORDER BY SUM(T2.C7) ASC LIMIT 1","SELECT Customer_Orders.order_date, SUM(Order_Items.product_id) FROM Customer_Orders INNER JOIN Order_Items ON Customer_Orders.order_id = Order_Items.order_id GROUP BY Customer_Orders.order_date ORDER BY SUM(Order_Items.product_id) ASC LIMIT 1"
249,72,e_commerce,e_commerce,e_commerce,True,False,0,True,"SELECT DISTINCT T2.C8, T2.C9, T2.C10 FROM T4 AS T1 JOIN T2 AS T2 ON T1.C18 = T2.C7 WHERE T1.C20 = 'female'","SELECT DISTINCT Customers.gender_code, Customers.customer_first_name, Customers.customer_middle_initial FROM Order_Items AS Products JOIN Customers AS Customers ON Products.product_id = Customers.customer_id WHERE Products.order_item_status_code = 'female'"
250,73,e_commerce,e_commerce,e_commerce,True,False,1,True,"SELECT T2.C8, T2.C9, T2.C10 FROM T1 AS T1 JOIN T2 AS T2 ON T1.C1 = T2.C7 WHERE T1.C2 = 'female'","SELECT Customers.gender_code, Customers.customer_first_name, Customers.customer_middle_initial FROM Products AS Products JOIN Customers AS Customers ON Products.product_id = Customers.customer_id WHERE Products.parent_product_id = 'female'"
251,88,e_commerce,e_commerce,e_commerce,True,False,0,True,"SELECT C4 , C5 FROM T1 WHERE C4 > ( SELECT AVG(C4) FROM T1 )","SELECT product_price , product_color FROM Products WHERE product_price > ( SELECT AVG(product_price) FROM Products )"
252,89,e_commerce,e_commerce,e_commerce,True,False,0,True,"SELECT C4, C5 FROM T1 WHERE C4 > ( SELECT AVG(C4) FROM T1 )","SELECT product_price, product_color FROM Products WHERE product_price > ( SELECT AVG(product_price) FROM Products )"
253,90,e_commerce,e_commerce,e_commerce,True,False,0,True,SELECT COUNT(C1) FROM T1 WHERE C5 = 'Not Sold',SELECT COUNT(product_id) FROM Products WHERE product_color = 'Not Sold'
254,91,e_commerce,e_commerce,e_commerce,True,False,0,True,SELECT COUNT(C1) FROM T1 WHERE C1 NOT IN (SELECT C8 FROM T2),SELECT COUNT(product_id) FROM Products WHERE product_id NOT IN (SELECT product_id FROM Order_Items)
255,92,e_commerce,e_commerce,e_commerce,True,False,0,True,SELECT COUNT(C1) FROM T1 WHERE C2 NOT IN (SELECT C8 FROM T2),SELECT COUNT(customer_id) FROM Customers WHERE gender_code NOT IN (SELECT payment_method_code FROM Customer_Payment_Methods)
256,93,e_commerce,customers_and_orders,customers_and_orders,False,False,0,True,SELECT count(*) FROM T1 WHERE C2 NOT IN (SELECT C2 FROM T1 WHERE C3 IS NOT NULL),SELECT count(*) FROM Customers WHERE payment_method_code NOT IN (SELECT payment_method_code FROM Customers WHERE customer_number IS NOT NULL)
257,106,e_commerce,customers_and_orders,customers_and_orders,False,False,0,True,"SELECT T2.C5 , T2.C6 , T2.C7 FROM T2 GROUP BY T2.C5 ORDER BY COUNT(T2.C5) LIMIT 1","SELECT Customers.customer_number , Customers.customer_name , Customers.customer_address FROM Customers GROUP BY Customers.customer_number ORDER BY COUNT(Customers.customer_number) LIMIT 1"
258,107,e_commerce,customers_and_orders,customers_and_orders,False,False,0,True,"SELECT T2.C5, T2.C6, T2.C7 FROM T2 WHERE T2.C3 IN (SELECT T3.C10 FROM T3 GROUP BY T3.C10 ORDER BY COUNT(T3.C10) ASC LIMIT 1)","SELECT Customers.payment_method_code, Customers.customer_number, Customers.customer_address FROM Customers WHERE Customers.customer_id IN (SELECT Customer_Orders.customer_id FROM Customer_Orders GROUP BY Customer_Orders.customer_id ORDER BY COUNT(Customer_Orders.customer_id) ASC LIMIT 1)"
259,118,e_commerce,e_commerce,e_commerce,True,False,0,True,"SELECT C4 , C5 , C6 FROM T1 WHERE C2 < ( SELECT MAX(C2) FROM T1 )","SELECT product_color , product_size , product_description FROM Products WHERE parent_product_id < ( SELECT MAX(parent_product_id) FROM Products )"
260,119,e_commerce,e_commerce,e_commerce,True,False,0,True,"SELECT C5 , C4 , C6 FROM T1 WHERE C3 < ( SELECT MAX(C3) FROM T1 )","SELECT product_size , product_color , product_description FROM Products WHERE product_price < ( SELECT MAX(product_price) FROM Products )"
261,125,bbc_channels,bbc_channels,bbc_channels,True,False,0,True,"SELECT T2.C7 , count(*) FROM T3 AS T1 JOIN T2 ON T1.C12 = T2.C6 GROUP BY T2.C7 ORDER BY count(*) DESC LIMIT 1","SELECT director.Name , count(*) FROM program AS channel JOIN director ON channel.Director_ID = director.Director_ID GROUP BY director.Name ORDER BY count(*) DESC LIMIT 1"
262,126,bbc_channels,bbc_channels,bbc_channels,True,False,0,True,"SELECT T2.C7, T2.C8 FROM T3 INNER JOIN T2 ON T3.C12 = T2.C6 INNER JOIN T1 ON T3.C13 = T1.C1 WHERE T3.C10 = ( SELECT MAX(C10) FROM T3 )","SELECT director.Name, director.Age FROM program INNER JOIN director ON program.Director_ID = director.Director_ID INNER JOIN channel ON program.Channel_ID = channel.Channel_ID WHERE program.Start_Year = ( SELECT MAX(Start_Year) FROM program )"
263,130,bbc_channels,bbc_channels,bbc_channels,True,False,0,True,SELECT COUNT(C9) FROM T3 WHERE C10 = 0,SELECT COUNT(Program_ID) FROM program WHERE Start_Year = 0
264,132,bbc_channels,bbc_channels,bbc_channels,True,False,0,True,"SELECT T1.C2, T1.C3 FROM T1 AS T1 JOIN T3 AS T3 ON T3.C13 = T1.C1 GROUP BY T1.C2, T1.C3 ORDER BY COUNT(T1.C2) DESC LIMIT 1","SELECT channel.Name, channel.Analogue_terrestrial_channel FROM channel AS channel JOIN program AS program ON program.Channel_ID = channel.Channel_ID GROUP BY channel.Name, channel.Analogue_terrestrial_channel ORDER BY COUNT(channel.Name) DESC LIMIT 1"
265,134,bbc_channels,bbc_channels,bbc_channels,True,False,0,True,SELECT T2.C7 FROM T3 AS T1 JOIN T2 ON T1.C12 = T2.C6 WHERE T1.C10 < 40 AND T1.C10 > 60,SELECT director.Name FROM program AS channel JOIN director ON channel.Director_ID = director.Director_ID WHERE channel.Start_Year < 40 AND channel.Start_Year > 60
266,181,vehicle_driver,vehicle_driver,vehicle_driver,True,False,0,True,"SELECT T1.C1, T1.C2 FROM T1 JOIN T3 ON T1.C1 = T3.C13 WHERE T3.C13 IN (SELECT C1 FROM T1 WHERE C2 = 'Jeff Gordon') OR T3.C13 IN (SELECT C1 FROM T1 GROUP BY C1 HAVING COUNT(C1) > 2)","SELECT vehicle.Vehicle_ID, vehicle.Model FROM vehicle JOIN vehicle_driver ON vehicle.Vehicle_ID = vehicle_driver.Vehicle_ID WHERE vehicle_driver.Vehicle_ID IN (SELECT Vehicle_ID FROM vehicle WHERE Model = 'Jeff Gordon') OR vehicle_driver.Vehicle_ID IN (SELECT Vehicle_ID FROM vehicle GROUP BY Vehicle_ID HAVING COUNT(Vehicle_ID) > 2)"
267,182,vehicle_driver,vehicle_driver,vehicle_driver,True,False,0,True,"SELECT T2.C9 , T2.C10 FROM T3 AS T1 JOIN T2 ON T1.C13 = T2.C8 GROUP BY T1.C13 HAVING count(*) > 2 UNION SELECT T2.C9 , T2.C10 FROM T3 AS T1 JOIN T2 ON T1.C13 = T2.C8 WHERE T2.C9 = 'Jeff Gordon'","SELECT driver.Name , driver.Citizenship FROM vehicle_driver AS vehicle JOIN driver ON vehicle.Vehicle_ID = driver.Driver_ID GROUP BY vehicle.Vehicle_ID HAVING count(*) > 2 UNION SELECT driver.Name , driver.Citizenship FROM vehicle_driver AS vehicle JOIN driver ON vehicle.Vehicle_ID = driver.Driver_ID WHERE driver.Name = 'Jeff Gordon'"
268,191,vehicle_driver,vehicle_driver,vehicle_driver,True,False,0,True,SELECT COUNT(*) FROM T2 WHERE C9 NOT IN (SELECT C2 FROM T1),SELECT COUNT(*) FROM driver WHERE Name NOT IN (SELECT Model FROM vehicle)
269,192,vehicle_driver,vehicle_driver,vehicle_driver,True,False,0,True,SELECT count(*) FROM T1 WHERE C4 = 0,SELECT count(*) FROM vehicle WHERE Top_Speed = 0
270,251,customers_and_orders,vehicle_driver,vehicle_driver,False,False,0,True,SELECT T2.C9 FROM T2 INNER JOIN T3 ON T2.C8 = T3.C12 WHERE T3.C13 > ( SELECT AVG(C13) FROM T3 ),SELECT driver.Name FROM driver INNER JOIN vehicle_driver ON driver.Driver_ID = vehicle_driver.Driver_ID WHERE vehicle_driver.Vehicle_ID > ( SELECT AVG(Vehicle_ID) FROM vehicle_driver )
271,252,customers_and_orders,vehicle_driver,vehicle_driver,False,False,3,False,SELECT T2.C9 FROM T1 AS T1 JOIN T3 AS T2 ON T1.C1 = T2.C13 WHERE T1.C5 > ( SELECT AVG(C5) FROM T1 WHERE C2 = 'Hardware' ),SELECT driver.Name FROM vehicle AS vehicle JOIN vehicle_driver AS driver ON vehicle.Vehicle_ID = driver.Vehicle_ID WHERE vehicle.Power > ( SELECT AVG(Power) FROM vehicle WHERE Model = 'Hardware' )
272,295,customers_and_orders,customers_and_orders,customers_and_orders,True,False,0,True,"SELECT T1.C1 , T1.C3 , T1.C4 , T1.C5 FROM T1 INNER JOIN T2 ON T1.C1 = T2.C8 GROUP BY T1.C1 ORDER BY COUNT(T2.C8) DESC LIMIT 1","SELECT Customers.customer_id , Customers.customer_number , Customers.customer_name , Customers.customer_phone FROM Customers INNER JOIN Customer_Orders ON Customers.customer_id = Customer_Orders.customer_id GROUP BY Customers.customer_id ORDER BY COUNT(Customer_Orders.customer_id) DESC LIMIT 1"
273,296,customers_and_orders,customers_and_orders,customers_and_orders,True,False,0,True,"SELECT T1.C1, T1.C2, T1.C3, T1.C4 FROM T1 AS T1 JOIN T2 AS T2 ON T2.C8 = T1.C1 GROUP BY T1.C1 ORDER BY count(*) DESC LIMIT 1","SELECT Customers.customer_id, Customers.address_id, Customers.customer_number, Customers.customer_name FROM Customers AS Customers JOIN Customer_Orders AS Customer_Orders ON Customer_Orders.customer_id = Customers.customer_id GROUP BY Customers.customer_id ORDER BY count(*) DESC LIMIT 1"
274,301,customers_and_orders,e_commerce,e_commerce,False,False,0,True,SELECT count(*) FROM T1 WHERE C1 NOT IN (SELECT C8 FROM T2),SELECT count(*) FROM Customers WHERE customer_id NOT IN (SELECT customer_id FROM Orders)
275,302,customers_and_orders,customers_and_orders,customers_and_orders,True,False,0,True,SELECT COUNT(*) FROM T1 WHERE C1 NOT IN (SELECT C8 FROM T2),SELECT COUNT(*) FROM Customers WHERE customer_id NOT IN (SELECT customer_id FROM Customer_Orders)
276,313,customers_and_orders,e_commerce,e_commerce,False,False,0,True,"SELECT T4.C18, T4.C15 FROM T4 WHERE T4.C17 > 3 OR T4.C16 IN (SELECT T2.C7 FROM T2 WHERE T2.C8 > 6)","SELECT Shipments.shipment_tracking_number, Shipments.shipment_id FROM Shipments WHERE Shipments.invoice_number > 3 OR Shipments.order_id IN (SELECT Orders.order_id FROM Orders WHERE Orders.customer_id > 6)"
277,314,customers_and_orders,customers_and_orders,customers_and_orders,True,False,0,True,"SELECT T3.C9, T2.C7 FROM T3 JOIN T2 ON T3.C10 = T2.C5 WHERE T3.C11 = 1 AND (T3.C9 > 6 OR T3.C10 > 3)","SELECT Order_Items.order_item_id, Customer_Orders.order_date FROM Order_Items JOIN Customer_Orders ON Order_Items.order_id = Customer_Orders.order_id WHERE Order_Items.product_id = 1 AND (Order_Items.order_item_id > 6 OR Order_Items.order_id > 3)"
278,337,region_building,region_building,region_building,True,False,0,True,SELECT T2.C8 FROM T1 AS T1 JOIN T2 ON T1.C2 = T2.C7 GROUP BY T2.C8 ORDER BY COUNT(T1.C1) DESC LIMIT 1,SELECT region.Name FROM building AS building JOIN region ON building.Region_ID = region.Region_ID GROUP BY region.Name ORDER BY COUNT(building.Building_ID) DESC LIMIT 1
279,338,region_building,region_building,region_building,True,False,0,True,"SELECT T2.C8, T2.C9 FROM T1 AS T1 JOIN T2 ON T1.C2 = T2.C7 GROUP BY T2.C8 ORDER BY COUNT(T1.C1) DESC LIMIT 1","SELECT region.Name, region.Capital FROM building AS building JOIN region ON building.Region_ID = region.Region_ID GROUP BY region.Name ORDER BY COUNT(building.Building_ID) DESC LIMIT 1"
280,365,government_shift,vehicle_rent,vehicle_rent,False,False,0,True,"SELECT T3.C9, T3.C10, T3.C11, T3.C12, T3.C13, T3.C14, T3.C15, T3.C16, T3.C17 FROM T3 JOIN T4 ON T3.C8 = T4.C21 JOIN T1 ON T4.C19 = T1.C1 WHERE T4.C20 = (SELECT C5 FROM T2 ORDER BY C5 DESC LIMIT 1)","SELECT Vehicles.name, Vehicles.Model_year, Vehicles.Type_of_powertrain, Vehicles.Combined_fuel_economy_rate, Vehicles.City_fuel_economy_rate, Vehicles.Highway_fuel_economy_rate, Vehicles.Cost_per_25_miles, Vehicles.Annual_fuel_cost, Vehicles.Notes FROM Vehicles JOIN Renting_history ON Vehicles.id = Renting_history.vehicles_id JOIN Customers ON Renting_history.customer_id = Customers.id WHERE Renting_history.discount_id = (SELECT id FROM Discount ORDER BY id DESC LIMIT 1)"
281,366,government_shift,customers_and_orders,customers_and_orders,False,False,0,True,"SELECT T1.C2, T1.C3, T1.C4, T1.C5, T1.C6 FROM T1 INNER JOIN ( SELECT T2.C8, COUNT(*) AS count FROM T2 GROUP BY T2.C8 ORDER BY count DESC LIMIT 1 ) AS T3 ON T1.C1 = T3.C8","SELECT Customers.customer_number, Customers.customer_name, Customers.customer_address, Customers.customer_phone, Customers.customer_email FROM Customers INNER JOIN ( SELECT Customer_Orders.customer_id, COUNT(*) AS count FROM Customer_Orders GROUP BY Customer_Orders.customer_id ORDER BY count DESC LIMIT 1 ) AS T3 ON Customers.customer_id = T3.customer_id"
282,367,government_shift,customers_and_orders,customers_and_orders,False,False,0,True,SELECT T1.C2 FROM T1 AS T1 JOIN T2 AS T2 ON T2.C8 = T1.C1 GROUP BY T1.C2 ORDER BY COUNT(T1.C2) DESC LIMIT 1,SELECT Customers.customer_number FROM Customers AS Customers JOIN Customer_Orders AS Customer_Orders ON Customer_Orders.customer_id = Customers.customer_id GROUP BY Customers.customer_number ORDER BY COUNT(Customers.customer_number) DESC LIMIT 1
283,368,government_shift,government_shift,government_shift,True,False,0,True,"SELECT T1.C2 , T1.C1 FROM T1 AS T1 JOIN T4 AS T4 ON T1.C1 = T4.C12 JOIN T2 AS T2 ON T4.C11 = T2.C3 GROUP BY T1.C1 ORDER BY COUNT(T2.C3) DESC LIMIT 1","SELECT Services.Service_Details , Services.Service_ID FROM Services AS Services JOIN Customer_Interactions AS Customer_Interactions ON Services.Service_ID = Customer_Interactions.Service_ID JOIN Customers AS Customers ON Customer_Interactions.Customer_ID = Customers.Customer_ID GROUP BY Services.Service_ID ORDER BY COUNT(Customers.Customer_ID) DESC LIMIT 1"
284,371,government_shift,customers_and_orders,customers_and_orders,False,False,0,True,SELECT C2 FROM T1 GROUP BY C2 ORDER BY COUNT(C2) LIMIT 1,SELECT customer_number FROM Customers GROUP BY customer_number ORDER BY COUNT(customer_number) LIMIT 1
285,372,government_shift,customers_and_orders,customers_and_orders,False,False,0,True,SELECT T1.C2 FROM T1 GROUP BY T1.C2 ORDER BY COUNT(T1.C2) ASC LIMIT 1,SELECT Customers.customer_number FROM Customers GROUP BY Customers.customer_number ORDER BY COUNT(Customers.customer_number) ASC LIMIT 1
286,377,government_shift,government_shift,government_shift,True,False,0,True,"SELECT T5.C16 FROM T5 JOIN T3 ON T5.C16 = T3.C5 JOIN T4 ON T3.C6 = T4.C11 WHERE T4.C13 = ""Hardy Kutch"" INTERSECT SELECT T5.C16 FROM T5 WHERE T5.C17 = ""good""","SELECT Analytical_Layer.Customers_and_Services_ID FROM Analytical_Layer JOIN Customers_and_Services ON Analytical_Layer.Customers_and_Services_ID = Customers_and_Services.Customers_and_Services_ID JOIN Customer_Interactions ON Customers_and_Services.Customer_ID = Customer_Interactions.Customer_ID WHERE Customer_Interactions.Status_Code = ""Hardy Kutch"" INTERSECT SELECT Analytical_Layer.Customers_and_Services_ID FROM Analytical_Layer WHERE Analytical_Layer.Pattern_Recognition = ""good"""
287,378,government_shift,government_shift,government_shift,True,False,0,True,"SELECT T4.C13 FROM T4 JOIN T2 ON T4.C11 = T2.C3 WHERE T2.C4 = ""Hardy Kutch"" INTERSECT SELECT T4.C13 FROM T4 WHERE T4.C14 = ""good""","SELECT Customer_Interactions.Status_Code FROM Customer_Interactions JOIN Customers ON Customer_Interactions.Customer_ID = Customers.Customer_ID WHERE Customers.Customer_Details = ""Hardy Kutch"" INTERSECT SELECT Customer_Interactions.Status_Code FROM Customer_Interactions WHERE Customer_Interactions.Services_and_Channels_Details = ""good"""
288,379,government_shift,government_shift,government_shift,True,False,2,True,SELECT T5.C16 FROM T5 JOIN T3 ON T5.C16 = T3.C5 JOIN T4 ON T3.C6 = T4.C11 WHERE T4.C13 = 'bad' AND T5.C16 IN ( SELECT T5.C16 FROM T5 JOIN T3 ON T5.C16 = T3.C5 JOIN T4 ON T3.C6 = T4.C11 WHERE T4.C14 = 'Hardy Kutch' ),SELECT Analytical_Layer.Customers_and_Services_ID FROM Analytical_Layer JOIN Customers_and_Services ON Analytical_Layer.Customers_and_Services_ID = Customers_and_Services.Customers_and_Services_ID JOIN Customer_Interactions ON Customers_and_Services.Customer_ID = Customer_Interactions.Customer_ID WHERE Customer_Interactions.Status_Code = 'bad' AND Analytical_Layer.Customers_and_Services_ID IN ( SELECT Analytical_Layer.Customers_and_Services_ID FROM Analytical_Layer JOIN Customers_and_Services ON Analytical_Layer.Customers_and_Services_ID = Customers_and_Services.Customers_and_Services_ID JOIN Customer_Interactions ON Customers_and_Services.Customer_ID = Customer_Interactions.Customer_ID WHERE Customer_Interactions.Services_and_Channels_Details = 'Hardy Kutch' )
289,380,government_shift,government_shift,government_shift,True,False,0,True,SELECT T3.C8 FROM T3 INNER JOIN T2 ON T3.C6 = T2.C3 INNER JOIN T1 ON T3.C7 = T1.C1 WHERE T1.C2 = 'Hardy Kutch' AND T3.C5 IN ( SELECT T4.C9 FROM T4 WHERE T4.C13 = 'bad' ),SELECT Customers_and_Services.Customers_and_Services_Details FROM Customers_and_Services INNER JOIN Customers ON Customers_and_Services.Customer_ID = Customers.Customer_ID INNER JOIN Services ON Customers_and_Services.Service_ID = Services.Service_ID WHERE Services.Service_Details = 'Hardy Kutch' AND Customers_and_Services.Customers_and_Services_ID IN ( SELECT Customer_Interactions.Customer_Interaction_ID FROM Customer_Interactions WHERE Customer_Interactions.Status_Code = 'bad' )
290,401,vehicle_rent,vehicle_driver,vehicle_driver,False,False,0,True,"SELECT T2.C9 , T1.C3 , T1.C6 FROM T1 AS T1 JOIN T3 AS T3 ON T1.C1 = T3.C13 JOIN T2 AS T2 ON T3.C12 = T2.C8 WHERE T1.C4 = 2013 OR T1.C4 = 2014","SELECT driver.Name , vehicle.Build_Year , vehicle.Builder FROM vehicle AS vehicle JOIN vehicle_driver AS vehicle_driver ON vehicle.Vehicle_ID = vehicle_driver.Vehicle_ID JOIN driver AS driver ON vehicle_driver.Driver_ID = driver.Driver_ID WHERE vehicle.Top_Speed = 2013 OR vehicle.Top_Speed = 2014"
291,402,vehicle_rent,vehicle_driver,vehicle_driver,False,False,0,True,"SELECT T1.C2 , T2.C9 , T1.C5 FROM T1 AS T1 JOIN T3 AS T3 ON T1.C1 = T3.C13 JOIN T2 AS T2 ON T3.C12 = T2.C8 WHERE T1.C4 = 2013 OR T1.C4 = 2014","SELECT vehicle.Model , driver.Name , vehicle.Power FROM vehicle AS vehicle JOIN vehicle_driver AS vehicle_driver ON vehicle.Vehicle_ID = vehicle_driver.Vehicle_ID JOIN driver AS driver ON vehicle_driver.Driver_ID = driver.Driver_ID WHERE vehicle.Top_Speed = 2013 OR vehicle.Top_Speed = 2014"
292,429,vehicle_rent,vehicle_rent,vehicle_rent,True,False,0,True,"SELECT T3.C9, T3.C10 FROM T4 AS T1 JOIN T3 ON T1.C21 = T3.C8 JOIN T2 ON T1.C20 = T2.C5 GROUP BY T3.C8 ORDER BY COUNT(T1.C18) DESC LIMIT 1","SELECT Vehicles.name, Vehicles.Model_year FROM Renting_history AS Customers JOIN Vehicles ON Customers.vehicles_id = Vehicles.id JOIN Discount ON Customers.discount_id = Discount.id GROUP BY Vehicles.id ORDER BY COUNT(Customers.id) DESC LIMIT 1"
293,430,vehicle_rent,vehicle_rent,vehicle_rent,True,False,0,True,"SELECT T3.C9, T3.C10 FROM T4 INNER JOIN T3 ON T4.C21 = T3.C8 GROUP BY T3.C8 ORDER BY COUNT(T4.C18) DESC LIMIT 1","SELECT Vehicles.name, Vehicles.Model_year FROM Renting_history INNER JOIN Vehicles ON Renting_history.vehicles_id = Vehicles.id GROUP BY Vehicles.id ORDER BY COUNT(Renting_history.id) DESC LIMIT 1"
294,433,vehicle_rent,vehicle_rent,vehicle_rent,True,False,0,True,SELECT T2.C6 FROM T4 AS T1 JOIN T2 ON T1.C20 = T2.C5 GROUP BY T2.C6 ORDER BY COUNT(T1.C18) DESC LIMIT 1,SELECT Discount.name FROM Renting_history AS Customers JOIN Discount ON Customers.discount_id = Discount.id GROUP BY Discount.name ORDER BY COUNT(Customers.id) DESC LIMIT 1
295,434,vehicle_rent,vehicle_rent,vehicle_rent,True,False,0,True,SELECT T3.C9 FROM T4 AS T1 JOIN T3 AS T2 ON T1.C21 = T2.C8 JOIN T2 AS T3 ON T1.C20 = T3.C5 GROUP BY T3.C9 ORDER BY COUNT(T3.C9) DESC LIMIT 1,SELECT Vehicles.name FROM Renting_history AS Customers JOIN Vehicles AS Discount ON Customers.vehicles_id = Discount.id JOIN Discount AS Vehicles ON Customers.discount_id = Vehicles.id GROUP BY Vehicles.name ORDER BY COUNT(Vehicles.name) DESC LIMIT 1
296,441,cre_Students_Information_Systems,cre_Students_Information_Systems,cre_Students_Information_Systems,True,False,1,True,"SELECT T11.C42, T11.C41 FROM T11 WHERE T11.C41 IN ( SELECT T11.C41 FROM T11 GROUP BY T11.C41 HAVING COUNT(T11.C41) >= 2 ) INTERSECT SELECT T11.C42, T11.C41 FROM T11 WHERE T11.C43 < 2","SELECT Achievements.achievement_type_code, Achievements.achievement_id FROM Achievements WHERE Achievements.achievement_id IN ( SELECT Achievements.achievement_id FROM Achievements GROUP BY Achievements.achievement_id HAVING COUNT(Achievements.achievement_id) >= 2 ) INTERSECT SELECT Achievements.achievement_type_code, Achievements.achievement_id FROM Achievements WHERE Achievements.student_id < 2"
297,442,cre_Students_Information_Systems,cre_Students_Information_Systems,cre_Students_Information_Systems,True,False,0,True,"SELECT T11.C42 , T11.C41 FROM T11 WHERE T11.C41 IN (SELECT T3.C8 FROM T3 GROUP BY T3.C8 HAVING COUNT(*) >= 2) INTERSECT SELECT T11.C42 , T11.C41 FROM T11 WHERE T11.C43 < 2","SELECT Achievements.achievement_type_code , Achievements.achievement_id FROM Achievements WHERE Achievements.achievement_id IN (SELECT Behaviour_Monitoring.behaviour_monitoring_id FROM Behaviour_Monitoring GROUP BY Behaviour_Monitoring.behaviour_monitoring_id HAVING COUNT(*) >= 2) INTERSECT SELECT Achievements.achievement_type_code , Achievements.achievement_id FROM Achievements WHERE Achievements.student_id < 2"
298,443,cre_Students_Information_Systems,cre_Students_Information_Systems,cre_Students_Information_Systems,True,False,0,True,"SELECT T5.C17, T5.C18, T5.C19, T5.C20, T5.C21 FROM T5 JOIN T3 ON T5.C18 = T3.C7 JOIN T1 ON T3.C7 = T1.C1 WHERE T3.C9 LIKE '%data%' AND T3.C9 NOT LIKE 'net%'","SELECT Achievements.achievement_type_code, Achievements.student_id, Achievements.date_achievement, Achievements.achievement_details, Achievements.other_details FROM Achievements JOIN Classes ON Achievements.student_id = Classes.student_id JOIN Students ON Classes.student_id = Students.student_id WHERE Classes.class_details LIKE '%data%' AND Classes.class_details NOT LIKE 'net%'"
299,444,cre_Students_Information_Systems,cre_Students_Information_Systems,cre_Students_Information_Systems,True,False,0,True,SELECT T1.C2 FROM T1 JOIN T3 ON T1.C1 = T3.C7 JOIN T2 ON T3.C8 = T2.C4 WHERE T3.C9 LIKE '%data%' AND T3.C9 NOT LIKE 'net%',SELECT Students.bio_data FROM Students JOIN Classes ON Students.student_id = Classes.student_id JOIN Teachers ON Classes.teacher_id = Teachers.teacher_id WHERE Classes.class_details LIKE '%data%' AND Classes.class_details NOT LIKE 'net%'
300,447,cre_Students_Information_Systems,cre_Students_Information_Systems,cre_Students_Information_Systems,True,False,0,True,"SELECT T4.C13 , T4.C12 FROM T4 JOIN T1 ON T4.C11 = T1.C1 GROUP BY T1.C1 HAVING Count(*) >= 2","SELECT Student_Loans.amount_of_loan , Student_Loans.date_of_loan FROM Student_Loans JOIN Students ON Student_Loans.student_id = Students.student_id GROUP BY Students.student_id HAVING Count(*) >= 2"
301,448,cre_Students_Information_Systems,cre_Students_Information_Systems,cre_Students_Information_Systems,True,False,0,True,"SELECT T2.C5, T2.C6 FROM T2 INNER JOIN T1 ON T2.C5 = T1.C1 GROUP BY T2.C5 HAVING COUNT(T2.C5) >= 2","SELECT Transcripts.student_id, Transcripts.date_of_transcript FROM Transcripts INNER JOIN Students ON Transcripts.student_id = Students.student_id GROUP BY Transcripts.student_id HAVING COUNT(Transcripts.student_id) >= 2"
302,449,cre_Students_Information_Systems,vehicle_driver,vehicle_driver,False,False,0,True,"SELECT T2.C9 , T2.C8 FROM T3 AS T1 JOIN T2 ON T1.C13 = T2.C8 GROUP BY T2.C8 ORDER BY COUNT(*) DESC LIMIT 1","SELECT driver.Name , driver.Driver_ID FROM vehicle_driver AS vehicle JOIN driver ON vehicle.Vehicle_ID = driver.Driver_ID GROUP BY driver.Driver_ID ORDER BY COUNT(*) DESC LIMIT 1"
303,450,cre_Students_Information_Systems,cre_Students_Information_Systems,cre_Students_Information_Systems,True,False,0,True,"SELECT T3.C9 , T1.C1 FROM T1 AS T1 JOIN T4 AS T4 ON T1.C1 = T4.C11 JOIN T3 AS T3 ON T3.C8 = T4.C12 GROUP BY T1.C1 ORDER BY COUNT(T1.C1) DESC LIMIT 1","SELECT Teachers.teacher_details , Students.student_id FROM Students AS Students JOIN Classes AS Classes ON Students.student_id = Classes.student_id JOIN Teachers AS Teachers ON Teachers.teacher_id = Classes.teacher_id GROUP BY Students.student_id ORDER BY COUNT(Students.student_id) DESC LIMIT 1"
304,461,cre_Students_Information_Systems,cre_Students_Information_Systems,cre_Students_Information_Systems,True,False,0,True,"SELECT T1.C2, T1.C3, T2.C6, T2.C7 FROM T1 JOIN T2 ON T2.C5 = T1.C1 JOIN T3 ON T3.C9 = T1.C1 WHERE T2.C6 IN ( SELECT C6 FROM T2 GROUP BY C6 ORDER BY COUNT(C6) DESC LIMIT 1 ) AND T2.C6 IN ( SELECT C6 FROM T2 WHERE C5 = 3 GROUP BY C6 )","SELECT Students.bio_data, Students.student_details, Transcripts.date_of_transcript, Transcripts.transcript_details FROM Students JOIN Transcripts ON Transcripts.student_id = Students.student_id JOIN Behaviour_Monitoring ON Behaviour_Monitoring.student_id = Students.student_id WHERE Transcripts.date_of_transcript IN ( SELECT date_of_transcript FROM Transcripts GROUP BY date_of_transcript ORDER BY COUNT(date_of_transcript) DESC LIMIT 1 ) AND Transcripts.date_of_transcript IN ( SELECT date_of_transcript FROM Transcripts WHERE student_id = 3 GROUP BY date_of_transcript )"
305,462,cre_Students_Information_Systems,cre_Students_Information_Systems,cre_Students_Information_Systems,True,False,1,True,"SELECT T6.C22 , T6.C23 , T6.C24 , T6.C25 , T6.C26 FROM T6 JOIN T1 ON T6.C23 = T1.C1 WHERE T6.C23 IN ( SELECT T6.C23 FROM T6 GROUP BY T6.C23 ORDER BY COUNT(T6.C23) DESC LIMIT 1 ) INTERSECT SELECT T6.C22 , T6.C23 , T6.C24 , T6.C25 , T6.C26 FROM T6 JOIN T1 ON T6.C23 = T1.C1 WHERE T6.C23 IN ( SELECT T6.C23 FROM T6 JOIN T1 ON T6.C23 = T1.C1 JOIN T2 ON T1.C1 = T2.C5 GROUP BY T6.C23 ORDER BY COUNT(T6.C23) DESC LIMIT 1 )","SELECT Achievements.achievement_type_code , Achievements.student_id , Achievements.date_achievement , Achievements.achievement_details , Achievements.other_details FROM Achievements JOIN Students ON Achievements.student_id = Students.student_id WHERE Achievements.student_id IN ( SELECT Achievements.student_id FROM Achievements GROUP BY Achievements.student_id ORDER BY COUNT(Achievements.student_id) DESC LIMIT 1 ) INTERSECT SELECT Achievements.achievement_type_code , Achievements.student_id , Achievements.date_achievement , Achievements.achievement_details , Achievements.other_details FROM Achievements JOIN Students ON Achievements.student_id = Students.student_id WHERE Achievements.student_id IN ( SELECT Achievements.student_id FROM Achievements JOIN Students ON Achievements.student_id = Students.student_id JOIN Transcripts ON Students.student_id = Transcripts.student_id GROUP BY Achievements.student_id ORDER BY COUNT(Achievements.student_id) DESC LIMIT 1 )"
306,463,cre_Students_Information_Systems,cre_Students_Information_Systems,cre_Students_Information_Systems,True,False,0,True,"SELECT T1.C2 , T1.C3 FROM T1 AS T1 JOIN T2 AS T2 ON T2.C5 = T1.C1 GROUP BY T1.C1 HAVING count(*) = (SELECT count(*) FROM T2 GROUP BY C5 ORDER BY count(*) DESC LIMIT 1)","SELECT Students.bio_data , Students.student_details FROM Students AS Students JOIN Transcripts AS Transcripts ON Transcripts.student_id = Students.student_id GROUP BY Students.student_id HAVING count(*) = (SELECT count(*) FROM Transcripts GROUP BY student_id ORDER BY count(*) DESC LIMIT 1)"
307,464,cre_Students_Information_Systems,cre_Students_Information_Systems,cre_Students_Information_Systems,True,False,0,True,"SELECT T1.C2 , T1.C3 FROM T1 AS T1 JOIN T2 AS T2 ON T1.C1 = T2.C5 GROUP BY T2.C5 ORDER BY COUNT(T2.C5) DESC LIMIT 1","SELECT Students.bio_data , Students.student_details FROM Students AS Students JOIN Transcripts AS Transcripts ON Students.student_id = Transcripts.student_id GROUP BY Transcripts.student_id ORDER BY COUNT(Transcripts.student_id) DESC LIMIT 1"
308,467,cre_Students_Information_Systems,cre_Students_Information_Systems,cre_Students_Information_Systems,True,False,3,False,"SELECT T1.C1 , T3.C7 , T3.C8 FROM T1 AS T1 JOIN T2 AS T2 ON T2.C5 = T1.C1 JOIN T6 AS T6 ON T6.C14 = T3.C7 GROUP BY T3.C7 ORDER BY COUNT(T3.C7) DESC LIMIT 1","SELECT Students.student_id , Ref_Event_Types.event_type_code , Ref_Event_Types.event_type_description FROM Students AS Students JOIN Behaviour_Monitoring AS Behaviour_Monitoring ON Behaviour_Monitoring.student_id = Students.student_id JOIN Student_Events AS Student_Events ON Student_Events.event_type_code = Ref_Event_Types.event_type_code GROUP BY Ref_Event_Types.event_type_code ORDER BY COUNT(Ref_Event_Types.event_type_code) DESC LIMIT 1"
309,468,cre_Students_Information_Systems,cre_Students_Information_Systems,cre_Students_Information_Systems,True,False,0,True,"SELECT T11.C38, T11.C39, count(*) FROM T11 GROUP BY T11.C38 ORDER BY count(*) DESC LIMIT 1","SELECT Detention.detention_type_code, Detention.student_id, count(*) FROM Detention GROUP BY Detention.detention_type_code ORDER BY count(*) DESC LIMIT 1"
310,471,cre_Students_Information_Systems,cre_Students_Information_Systems,cre_Students_Information_Systems,True,False,0,True,SELECT COUNT(T1.C1) FROM T1 WHERE T1.C1 NOT IN (SELECT T4.C17 FROM T4),SELECT COUNT(Students.student_id) FROM Students WHERE Students.student_id NOT IN (SELECT Achievements.student_id FROM Achievements)
311,472,cre_Students_Information_Systems,cre_Students_Information_Systems,cre_Students_Information_Systems,True,False,0,True,SELECT COUNT(T1.C1) FROM T1 AS T1 JOIN T6 AS T2 ON T1.C1 = T2.C19 LEFT JOIN T4 AS T3 ON T1.C1 = T3.C9 WHERE T3.C12 IS NULL,SELECT COUNT(Students.student_id) FROM Students AS Students JOIN Achievements AS Ref_Achievement_Type ON Students.student_id = Ref_Achievement_Type.student_id LEFT JOIN Student_Loans AS Teachers ON Students.student_id = Teachers.student_id WHERE Teachers.other_details IS NULL
312,489,cre_Students_Information_Systems,vehicle_rent,vehicle_rent,False,False,0,True,"SELECT T2.C6, T2.C7 FROM T4 AS T1 JOIN T2 ON T1.C20 = T2.C5 GROUP BY T2.C6 ORDER BY count(*) ASC LIMIT 1","SELECT Discount.name, Discount.membership_credit FROM Renting_history AS Customers JOIN Discount ON Customers.discount_id = Discount.id GROUP BY Discount.name ORDER BY count(*) ASC LIMIT 1"
313,490,cre_Students_Information_Systems,cre_Students_Information_Systems,cre_Students_Information_Systems,True,False,0,True,"SELECT T4.C7 , T4.C8 FROM T4 JOIN T5 ON T4.C7 = T5.C10 GROUP BY T4.C7 ORDER BY COUNT(T4.C7) LIMIT 1","SELECT Ref_Detention_Type.detention_type_code , Ref_Detention_Type.detention_type_description FROM Ref_Detention_Type JOIN Detention ON Ref_Detention_Type.detention_type_code = Detention.detention_type_code GROUP BY Ref_Detention_Type.detention_type_code ORDER BY COUNT(Ref_Detention_Type.detention_type_code) LIMIT 1"
314,491,cre_Students_Information_Systems,cre_Students_Information_Systems,cre_Students_Information_Systems,True,False,0,True,"SELECT T1.C2, T1.C3, T2.C5, T2.C6, T2.C7 FROM T1 INNER JOIN T2 ON T1.C1 = T2.C5 WHERE T2.C5 > ( SELECT AVG(C5) FROM T2 )","SELECT Students.bio_data, Students.student_details, Transcripts.student_id, Transcripts.date_of_transcript, Transcripts.transcript_details FROM Students INNER JOIN Transcripts ON Students.student_id = Transcripts.student_id WHERE Transcripts.student_id > ( SELECT AVG(student_id) FROM Transcripts )"
315,492,cre_Students_Information_Systems,cre_Students_Information_Systems,cre_Students_Information_Systems,True,False,0,True,"SELECT T1.C2, T1.C3, T3.C11 FROM T1 INNER JOIN T3 ON T1.C1 = T3.C9 INNER JOIN T2 ON T1.C1 = T2.C5 WHERE T2.C5 = ( SELECT T2.C5 FROM T2 GROUP BY T2.C5 ORDER BY AVG(T2.C5) DESC LIMIT 1 ) AND T2.C5 > ( SELECT AVG(C5) FROM T2 )","SELECT Students.bio_data, Students.student_details, Student_Loans.amount_of_loan FROM Students INNER JOIN Student_Loans ON Students.student_id = Student_Loans.student_id INNER JOIN Transcripts ON Students.student_id = Transcripts.student_id WHERE Transcripts.student_id = ( SELECT Transcripts.student_id FROM Transcripts GROUP BY Transcripts.student_id ORDER BY AVG(Transcripts.student_id) DESC LIMIT 1 ) AND Transcripts.student_id > ( SELECT AVG(student_id) FROM Transcripts )"
316,499,cre_Students_Information_Systems,cre_Students_Information_Systems,cre_Students_Information_Systems,True,False,0,True,SELECT T3.C9 FROM T3 INNER JOIN T5 ON T3.C8 = T5.C17 INNER JOIN T1 ON T5.C16 = T1.C1 INNER JOIN T2 ON T1.C1 = T2.C5 WHERE T2.C6 = ( SELECT MIN(C6) FROM T2 ),SELECT Teachers.teacher_details FROM Teachers INNER JOIN Classes ON Teachers.teacher_id = Classes.teacher_id INNER JOIN Students ON Classes.student_id = Students.student_id INNER JOIN Transcripts ON Students.student_id = Transcripts.student_id WHERE Transcripts.date_of_transcript = ( SELECT MIN(date_of_transcript) FROM Transcripts )
317,500,cre_Students_Information_Systems,cre_Students_Information_Systems,cre_Students_Information_Systems,True,False,0,True,"SELECT T3.C9, T3.C10, T3.C11, T3.C12 FROM T3 JOIN T1 ON T3.C10 = T1.C1 JOIN T2 ON T2.C5 = T1.C1 WHERE T2.C6 = (SELECT MIN(C6) FROM T2)","SELECT Student_Events.event_type_code, Student_Events.student_id, Student_Events.event_date, Student_Events.other_details FROM Student_Events JOIN Students ON Student_Events.student_id = Students.student_id JOIN Transcripts ON Transcripts.student_id = Students.student_id WHERE Transcripts.date_of_transcript = (SELECT MIN(date_of_transcript) FROM Transcripts)"
318,507,cre_Students_Information_Systems,cre_Students_Information_Systems,cre_Students_Information_Systems,True,False,0,True,"SELECT T5.C12, T5.C13 FROM T5 INNER JOIN T8 ON T5.C12 = T8.C23 INNER JOIN T1 ON T8.C24 = T1.C1 GROUP BY T5.C12 ORDER BY COUNT(T1.C1) DESC LIMIT 1","SELECT Ref_Address_Types.address_type_code, Ref_Address_Types.address_type_description FROM Ref_Address_Types INNER JOIN Students_Addresses ON Ref_Address_Types.address_type_code = Students_Addresses.address_type_code INNER JOIN Students ON Students_Addresses.student_id = Students.student_id GROUP BY Ref_Address_Types.address_type_code ORDER BY COUNT(Students.student_id) DESC LIMIT 1"
319,508,cre_Students_Information_Systems,customers_and_orders,customers_and_orders,False,False,0,True,"SELECT T2.C6, T2.C5 FROM T2 WHERE C5 IN ( SELECT C8 FROM T3 GROUP BY C8 ORDER BY COUNT(*) DESC LIMIT 1 )","SELECT Addresses.address_details, Addresses.address_id FROM Addresses WHERE address_id IN ( SELECT address_id FROM Customers GROUP BY address_id ORDER BY COUNT(*) DESC LIMIT 1 )"
