pos,test_idx,db_id_gold,db_id_used,broker_pick,broker_correct,re_picked,retries,exec_success,masked_sql,real_sql
0,0,soccer_3,soccer_3,,,False,0,True,SELECT COUNT(T1.C1) FROM T1,SELECT COUNT(club.Club_ID) FROM club
1,1,soccer_3,soccer_3,,,False,0,True,SELECT count(*) FROM T1,SELECT count(*) FROM club
2,2,soccer_3,soccer_3,,,False,0,True,SELECT C2 FROM T1 ORDER BY C2 ASC,SELECT Name FROM club ORDER BY Name ASC
3,3,soccer_3,soccer_3,,,False,0,True,SELECT T1.C2 FROM T1 ORDER BY T1.C2 ASC,SELECT club.Name FROM club ORDER BY club.Name ASC
4,6,soccer_3,soccer_3,,,False,0,True,SELECT T1.C2 FROM T1 WHERE T1.C5 != 'Nike',SELECT club.Name FROM club WHERE club.Manufacturer != 'Nike'
5,7,soccer_3,soccer_3,,,False,0,True,SELECT T1.C2 FROM T1 WHERE T1.C5 != 'Nike',SELECT club.Name FROM club WHERE club.Manufacturer != 'Nike'
6,8,soccer_3,soccer_3,,,False,0,True,SELECT T2.C2 FROM T2 JOIN T1 ON T2.C13 = T1.C1 ORDER BY T2.C12 ASC,SELECT player.Name FROM player JOIN club ON player.Club_ID = club.Club_ID ORDER BY player.Wins_count ASC
7,9,soccer_3,soccer_3,,,False,0,True,SELECT T2.C11 FROM T2 JOIN T1 ON T2.C13 = T1.C1 ORDER BY T2.C12 ASC,SELECT player.Events_number FROM player JOIN club ON player.Club_ID = club.Club_ID ORDER BY player.Wins_count ASC
8,12,soccer_3,soccer_3,,,False,0,True,SELECT DISTINCT C9 FROM T2 WHERE C10 > 1200000,SELECT DISTINCT Country FROM player WHERE Earnings > 1200000
9,13,soccer_3,soccer_3,,,False,0,True,SELECT T2.C9 FROM T2 JOIN T1 ON T2.C13 = T1.C1 WHERE T1.C5 > 1200000,SELECT player.Country FROM player JOIN club ON player.Club_ID = club.Club_ID WHERE club.Manufacturer > 1200000
10,28,soccer_3,soccer_3,,,False,0,True,SELECT T1.C5 FROM T1 GROUP BY T1.C5 HAVING count(*) > 1,SELECT club.Manufacturer FROM club GROUP BY club.Manufacturer HAVING count(*) > 1
11,29,soccer_3,soccer_3,,,False,0,True,SELECT T1.C5 FROM T1 INNER JOIN T2 ON T1.C1 = T2.C13 GROUP BY T1.C5 HAVING COUNT(T1.C1) > 1,SELECT club.Manufacturer FROM club INNER JOIN player ON club.Club_ID = player.Club_ID GROUP BY club.Manufacturer HAVING COUNT(club.Club_ID) > 1
12,30,soccer_3,soccer_3,,,False,0,True,SELECT T2.C9 FROM T2 WHERE T2.C7 > 1,SELECT player.Country FROM player WHERE player.Player_ID > 1
13,31,soccer_3,soccer_3,,,False,0,True,SELECT T2.C9 FROM T2 WHERE T2.C10 > 1,SELECT player.Country FROM player WHERE player.Earnings > 1
14,36,soccer_3,soccer_3,,,False,0,True,SELECT COUNT(DISTINCT T2.C9) FROM T2,SELECT COUNT(DISTINCT player.Country) FROM player
15,37,soccer_3,soccer_3,,,False,0,True,SELECT COUNT(DISTINCT T2.C9) FROM T2,SELECT COUNT(DISTINCT player.Country) FROM player
16,78,e_commerce,e_commerce,,,False,0,True,SELECT COUNT(T1.C1) FROM T1 AS T1 JOIN T2 AS T2 ON T2.C8 = T1.C1,SELECT COUNT(Customers.customer_id) FROM Customers AS Customers JOIN Orders AS Orders ON Orders.customer_id = Customers.customer_id
17,79,e_commerce,e_commerce,,,False,0,True,SELECT COUNT(DISTINCT T1.C1) FROM T1,SELECT COUNT(DISTINCT Customers.customer_id) FROM Customers
18,80,e_commerce,e_commerce,,,False,0,True,SELECT count(*) FROM T1,SELECT count(*) FROM Orders
19,81,e_commerce,e_commerce,,,False,0,True,SELECT DISTINCT C3 FROM T1 WHERE C4 IS NOT NULL,SELECT DISTINCT order_status_code FROM Orders WHERE date_order_placed IS NOT NULL
20,82,e_commerce,e_commerce,,,False,0,True,SELECT COUNT(C2) FROM T1,SELECT COUNT(payment_method_code) FROM Customer_Payment_Methods
21,83,e_commerce,e_commerce,,,False,0,True,SELECT COUNT(DISTINCT T2.C8) FROM T2,SELECT COUNT(DISTINCT Customer_Payment_Methods.payment_method_code) FROM Customer_Payment_Methods
22,100,e_commerce,e_commerce,,,False,0,True,SELECT COUNT(C9) FROM T3,SELECT COUNT(shipment_id) FROM Shipments
23,101,e_commerce,e_commerce,,,False,1,True,SELECT COUNT(C3) FROM T1,SELECT COUNT(product_name) FROM Products
24,102,e_commerce,e_commerce,,,False,0,True,SELECT C4 FROM T1,SELECT product_price FROM Products
25,103,e_commerce,e_commerce,,,False,0,True,SELECT AVG(C4) FROM T1,SELECT AVG(product_price) FROM Products
26,104,e_commerce,e_commerce,,,False,0,True,SELECT avg(C4) FROM T1,SELECT avg(product_price) FROM Products
27,105,e_commerce,e_commerce,,,False,0,True,SELECT C4 FROM T1,SELECT product_price FROM Products
28,123,bbc_channels,bbc_channels,,,False,0,True,SELECT COUNT(DISTINCT T1.C5) FROM T1 WHERE T1.C3 = 'digital terrestrial',SELECT COUNT(DISTINCT channel.Internet) FROM channel WHERE channel.Analogue_terrestrial_channel = 'digital terrestrial'
29,124,bbc_channels,bbc_channels,,,False,0,True,SELECT T3.C11 FROM T3 INNER JOIN T1 ON T3.C13 = T1.C1 ORDER BY T3.C10 DESC,SELECT program.Title FROM program INNER JOIN channel ON program.Channel_ID = channel.Channel_ID ORDER BY program.Start_Year DESC
30,133,bbc_channels,bbc_channels,,,False,0,True,SELECT T2.C7 FROM T2 WHERE T2.C8 BETWEEN 30 AND 60,SELECT director.Name FROM director WHERE director.Age BETWEEN 30 AND 60
31,136,tv_shows,tv_shows,,,False,0,True,SELECT count(*) FROM T1 WHERE C3 = 'radios',SELECT count(*) FROM radio WHERE Radio_MHz = 'radios'
32,137,tv_shows,tv_shows,,,False,0,True,SELECT T1.C2 FROM T1 AS T1 JOIN T2 AS T2 ON T2.C8 = T1.C1 ORDER BY T2.C9 ASC,SELECT radio.Transmitter FROM radio AS radio JOIN city_channel_radio AS city_channel_radio ON city_channel_radio.Radio_ID = radio.Radio_ID ORDER BY city_channel_radio.Is_online ASC
33,139,tv_shows,tv_shows,,,False,0,True,SELECT T2.C7 FROM T2 INNER JOIN T3 ON T2.C6 = T3.C13 INNER JOIN T1 ON T3.C12 = T1.C1 WHERE T1.C5 != 'ABC',SELECT radio.Transmitter FROM radio INNER JOIN city_channel_radio ON radio.Radio_ID = city_channel_radio.Radio_ID INNER JOIN city_channel ON city_channel_radio.City_channel_ID = city_channel.ID WHERE city_channel.Affiliation != 'ABC'
34,142,tv_shows,tv_shows,,,False,1,True,SELECT AVG(C9) FROM T2 WHERE C8 = (SELECT C1 FROM T1 WHERE C2 = 'radios'),SELECT AVG(Is_online) FROM city_channel_radio WHERE Radio_ID = (SELECT Radio_ID FROM radio WHERE Transmitter = 'radios')
35,145,tv_shows,tv_shows,,,False,0,True,SELECT T1.C5 FROM T1 WHERE T1.C2 IN ( SELECT T1.C2 FROM T1 GROUP BY T1.C2 HAVING COUNT(T1.C2) > 3 ),SELECT city_channel.Affiliation FROM city_channel WHERE city_channel.City IN ( SELECT city_channel.City FROM city_channel GROUP BY city_channel.City HAVING COUNT(city_channel.City) > 3 )
36,153,vehicle_driver,vehicle_driver,,,False,0,True,SELECT T2.C10 FROM T3 AS T1 JOIN T2 ON T1.C13 = T2.C8,SELECT driver.Citizenship FROM vehicle_driver AS vehicle JOIN driver ON vehicle.Vehicle_ID = driver.Driver_ID
37,154,vehicle_driver,vehicle_driver,,,False,0,True,SELECT T2.C12 FROM T2 JOIN T3 ON T2.C8 = T3.C12 WHERE T2.C10 = 'United States',SELECT driver.Driver_ID FROM driver JOIN vehicle_driver ON driver.Driver_ID = vehicle_driver.Driver_ID WHERE driver.Citizenship = 'United States'
38,167,vehicle_driver,vehicle_driver,,,False,3,False,SELECT count(*) FROM T3 WHERE T2.C9 = 'NASCAR',SELECT count(*) FROM vehicle_driver WHERE driver.Name = 'NASCAR'
39,168,vehicle_driver,vehicle_driver,,,False,0,True,SELECT COUNT(T2.C9) FROM T2 INNER JOIN T3 ON T2.C8 = T3.C12 WHERE T3.C13 = 1 AND T2.C11 = 'NASCAR',SELECT COUNT(driver.Name) FROM driver INNER JOIN vehicle_driver ON driver.Driver_ID = vehicle_driver.Driver_ID WHERE vehicle_driver.Vehicle_ID = 1 AND driver.Racing_Series = 'NASCAR'
40,169,vehicle_driver,vehicle_driver,,,False,0,True,SELECT AVG(T1.C4) FROM T1,SELECT AVG(vehicle.Top_Speed) FROM vehicle
41,170,vehicle_driver,vehicle_driver,,,False,0,True,SELECT AVG(T1.C4) FROM T1,SELECT AVG(vehicle.Top_Speed) FROM vehicle
42,185,vehicle_driver,vehicle_driver,,,False,0,True,SELECT T2.C9 FROM T3 JOIN T2 ON T3.C13 = T2.C8,SELECT driver.Name FROM vehicle_driver JOIN driver ON vehicle_driver.Vehicle_ID = driver.Driver_ID
43,186,vehicle_driver,vehicle_driver,,,False,0,True,SELECT T2.C9 FROM T3 AS T1 JOIN T2 ON T1.C13 = T2.C8 ORDER BY T2.C9 ASC,SELECT driver.Name FROM vehicle_driver AS vehicle JOIN driver ON vehicle.Vehicle_ID = driver.Driver_ID ORDER BY driver.Name ASC
44,193,online_exams,online_exams,,,False,0,True,SELECT count(*) FROM T1 WHERE C4 = 'exams',SELECT count(*) FROM Exams WHERE Exam_Name = 'exams'
45,194,online_exams,online_exams,,,False,0,True,SELECT count(*) FROM T1 WHERE C4 = 'exams',SELECT count(*) FROM Exams WHERE Exam_Name = 'exams'
46,195,online_exams,online_exams,,,False,0,True,SELECT DISTINCT T1.C2 FROM T1 ORDER BY T1.C2 ASC,SELECT DISTINCT Exams.Subject_Code FROM Exams ORDER BY Exams.Subject_Code ASC
47,196,online_exams,online_exams,,,False,0,True,SELECT DISTINCT C2 FROM T1 ORDER BY C2,SELECT DISTINCT Subject_Code FROM Exams ORDER BY Subject_Code
48,203,online_exams,online_exams,,,False,0,True,SELECT DISTINCT T4.C12 FROM T4 INNER JOIN T3 ON T4.C11 = T3.C7 WHERE T3.C8 = 'Normal',SELECT DISTINCT Student_Answers.Student_ID FROM Student_Answers INNER JOIN Valid_Answers ON Student_Answers.Question_ID = Valid_Answers.Question_ID WHERE Valid_Answers.Valid_Answer_Text = 'Normal'
49,204,online_exams,online_exams,,,False,0,True,"SELECT DISTINCT T5.C19 FROM T5 JOIN T4 ON T5.C16 = T4.C10 JOIN T2 ON T4.C11 = T2.C5 WHERE T4.C12 = 1 AND T5.C17 = ""Normal""","SELECT DISTINCT Student_Assessments.Assessment FROM Student_Assessments JOIN Student_Answers ON Student_Assessments.Valid_Answer_ID = Student_Answers.Exam_ID JOIN Questions_in_Exams ON Student_Answers.Question_ID = Questions_in_Exams.Question_ID WHERE Student_Answers.Student_ID = 1 AND Student_Assessments.Student_Answer_Text = ""Normal"""
50,205,online_exams,online_exams,,,False,0,True,SELECT COUNT(DISTINCT T2.C11) FROM T2 JOIN T1 ON T2.C9 = T1.C1,SELECT COUNT(DISTINCT Student_Answers.Comments) FROM Student_Answers JOIN Students ON Student_Answers.Student_ID = Students.Student_ID
51,206,online_exams,online_exams,,,False,0,True,SELECT COUNT(DISTINCT T5.C19) FROM T5,SELECT COUNT(DISTINCT Student_Answers.Comments) FROM Student_Answers
52,219,online_exams,online_exams,,,False,0,True,"SELECT T1.C2 FROM T1 WHERE T1.C5 != ""M""","SELECT Students.First_Name FROM Students WHERE Students.Gender_MFU != ""M"""
53,220,online_exams,online_exams,,,False,0,True,"SELECT T3.C16 FROM T1 AS T1 INNER JOIN T3 ON T1.C5 != ""M"" AND T1.C1 = T3.C13","SELECT Student_Assessments.Satisfactory_YN FROM Students AS Students INNER JOIN Student_Assessments ON Students.Gender_MFU != ""M"" AND Students.Student_ID = Student_Assessments.Student_Answer_ID"
54,229,online_exams,online_exams,,,False,1,True,SELECT T2.C5 FROM T1 AS T1 JOIN T2 ON T1.C1 = T2.C5 GROUP BY T2.C5 HAVING COUNT(T1.C1) >= 3,SELECT Questions_in_Exams.Question_ID FROM Questions AS Questions JOIN Questions_in_Exams ON Questions.Question_ID = Questions_in_Exams.Question_ID GROUP BY Questions_in_Exams.Question_ID HAVING COUNT(Questions.Question_ID) >= 3
55,230,online_exams,online_exams,,,False,1,True,SELECT T2.C5 FROM T2 WHERE T2.C5 IN (SELECT T1.C1 FROM T1 GROUP BY T1.C1 HAVING COUNT(T1.C1) >= 3),SELECT Questions_in_Exams.Question_ID FROM Questions_in_Exams WHERE Questions_in_Exams.Question_ID IN (SELECT Questions.Question_ID FROM Questions GROUP BY Questions.Question_ID HAVING COUNT(Questions.Question_ID) >= 3)
56,231,online_exams,online_exams,,,False,0,True,"SELECT T1.C1 , T1.C2 , T1.C3 , T1.C4 , T1.C5 , T1.C6 FROM T1","SELECT Students.Student_ID , Students.First_Name , Students.Middle_Name , Students.Last_Name , Students.Gender_MFU , Students.Student_Address FROM Students"
57,232,online_exams,online_exams,,,False,0,True,"SELECT T1.C1, T1.C2, T1.C3, T1.C4, T1.C5, T1.C6 FROM T1","SELECT Students.Student_ID, Students.First_Name, Students.Middle_Name, Students.Last_Name, Students.Gender_MFU, Students.Student_Address FROM Students"
58,233,customers_and_orders,customers_and_orders,,,False,0,True,SELECT COUNT(C1) FROM T1,SELECT COUNT(address_id) FROM Addresses
59,234,customers_and_orders,customers_and_orders,,,False,0,True,SELECT COUNT(C1) FROM T1,SELECT COUNT(address_id) FROM Addresses
60,237,customers_and_orders,customers_and_orders,,,False,0,True,SELECT COUNT(C3) FROM T1,SELECT COUNT(product_name) FROM Products
61,238,customers_and_orders,customers_and_orders,,,False,0,True,SELECT COUNT(C3) FROM T1,SELECT COUNT(product_name) FROM Products
62,241,customers_and_orders,customers_and_orders,,,False,0,True,SELECT C4 FROM T1 WHERE C2 = 'Monitor',SELECT product_price FROM Products WHERE product_type_code = 'Monitor'
63,242,customers_and_orders,customers_and_orders,,,False,0,True,SELECT C4 FROM T1 WHERE C3 = 'Monitor',SELECT product_price FROM Products WHERE product_name = 'Monitor'
64,245,customers_and_orders,customers_and_orders,,,False,0,True,"SELECT avg(C4) FROM T1 WHERE C2 = ""Clothes""","SELECT avg(product_price) FROM Products WHERE product_type_code = ""Clothes"""
65,246,customers_and_orders,customers_and_orders,,,False,0,True,SELECT AVG(C4) FROM T1 WHERE C2 = 'Clothes',SELECT AVG(product_price) FROM Products WHERE product_type_code = 'Clothes'
66,247,customers_and_orders,customers_and_orders,,,False,0,True,"SELECT COUNT(C1) FROM T1 WHERE C2 = ""hardware type""","SELECT COUNT(product_id) FROM Products WHERE product_type_code = ""hardware type"""
67,248,customers_and_orders,customers_and_orders,,,False,0,True,"SELECT COUNT(C1) FROM T1 WHERE C2 = ""Hardware""","SELECT COUNT(product_id) FROM Products WHERE product_type_code = ""Hardware"""
68,257,customers_and_orders,customers_and_orders,,,False,0,True,SELECT T1.C3 FROM T1 ORDER BY T1.C4 DESC,SELECT Products.product_name FROM Products ORDER BY Products.product_price DESC
69,258,customers_and_orders,customers_and_orders,,,False,0,True,SELECT C3 FROM T1 ORDER BY C4 DESC,SELECT product_name FROM Products ORDER BY product_price DESC
70,265,customers_and_orders,customers_and_orders,,,False,0,True,SELECT C2 FROM T1 GROUP BY C2 HAVING count(C3) >= 2,SELECT product_type_code FROM Products GROUP BY product_type_code HAVING count(product_name) >= 2
71,266,customers_and_orders,customers_and_orders,,,False,0,True,SELECT C2 FROM T1 GROUP BY C2 HAVING COUNT(C3) > 1,SELECT product_type_code FROM Products GROUP BY product_type_code HAVING COUNT(product_name) > 1
72,269,customers_and_orders,customers_and_orders,,,False,0,True,SELECT COUNT(C5) FROM T1,SELECT COUNT(customer_phone) FROM Customers
73,270,customers_and_orders,customers_and_orders,,,False,0,True,SELECT COUNT(C5) FROM T1,SELECT COUNT(customer_phone) FROM Customers
74,283,customers_and_orders,customers_and_orders,,,False,0,True,SELECT DISTINCT C2 FROM T1,SELECT DISTINCT payment_method_code FROM Customers
75,284,customers_and_orders,customers_and_orders,,,False,0,True,SELECT C5 FROM T1 WHERE C6 IS NOT NULL,SELECT customer_address FROM Customers WHERE customer_phone IS NOT NULL
76,289,customers_and_orders,customers_and_orders,,,False,0,True,SELECT COUNT(C7) FROM T2,SELECT COUNT(order_id) FROM Customer_Orders
77,290,customers_and_orders,customers_and_orders,,,False,0,True,SELECT COUNT(T2.C7) FROM T1 AS T1 JOIN T2 ON T1.C1 = T2.C8,SELECT COUNT(Customer_Orders.order_id) FROM Customers AS Customers JOIN Customer_Orders ON Customers.customer_id = Customer_Orders.customer_id
78,309,customers_and_orders,customers_and_orders,,,False,0,True,SELECT COUNT(T1.C5) FROM T1 AS T1 JOIN T3 AS T2 ON T1.C1 = T2.C12 WHERE T2.C14 IS NOT NULL,SELECT COUNT(Customers.customer_phone) FROM Customers AS Customers JOIN Order_Items AS Customer_Orders ON Customers.customer_id = Customer_Orders.order_id WHERE Customer_Orders.order_quantity IS NOT NULL
79,310,customers_and_orders,customers_and_orders,,,False,0,True,SELECT COUNT(T1.C5) FROM T1 AS T1 INNER JOIN T2 AS T2 ON T1.C1 = T2.C8 WHERE T2.C10 = 'order',SELECT COUNT(Customers.customer_phone) FROM Customers AS Customers INNER JOIN Customer_Orders AS Customer_Orders ON Customers.customer_id = Customer_Orders.customer_id WHERE Customer_Orders.order_status_code = 'order'
80,4,soccer_3,soccer_3,,,False,0,True,"SELECT T1.C3, T1.C4 FROM T1","SELECT club.Manager, club.Captain FROM club"
81,5,soccer_3,soccer_3,,,False,0,True,"SELECT T1.C3, T1.C4 FROM T1","SELECT club.Manager, club.Captain FROM club"
82,10,soccer_3,soccer_3,,,False,0,True,SELECT T2.C8 FROM T2 JOIN T1 ON T2.C13 = T1.C1 ORDER BY T2.C10 DESC LIMIT 1,SELECT player.Name FROM player JOIN club ON player.Club_ID = club.Club_ID ORDER BY player.Earnings DESC LIMIT 1
83,11,soccer_3,soccer_3,,,False,0,True,SELECT T2.C8 FROM T2 INNER JOIN T1 ON T2.C13 = T1.C1 ORDER BY T2.C10 DESC LIMIT 1,SELECT player.Name FROM player INNER JOIN club ON player.Club_ID = club.Club_ID ORDER BY player.Earnings DESC LIMIT 1
84,16,soccer_3,soccer_3,,,False,0,True,"SELECT T1.C2 , T2.C11 FROM T1 AS T1 JOIN T2 AS T2 ON T2.C13 = T1.C1","SELECT club.Name , player.Events_number FROM club AS club JOIN player AS player ON player.Club_ID = club.Club_ID"
85,17,soccer_3,soccer_3,,,False,0,True,"SELECT T2.C11, T1.C2 FROM T2 INNER JOIN T1 ON T2.C13 = T1.C1","SELECT player.Events_number, club.Name FROM player INNER JOIN club ON player.Club_ID = club.Club_ID"
86,18,soccer_3,soccer_3,,,False,0,True,SELECT T1.C1 FROM T1 JOIN T2 ON T2.C13 = T1.C1 WHERE T2.C11 > 2 GROUP BY T1.C1 HAVING count(*) > 1,SELECT club.Club_ID FROM club JOIN player ON player.Club_ID = club.Club_ID WHERE player.Events_number > 2 GROUP BY club.Club_ID HAVING count(*) > 1
87,19,soccer_3,soccer_3,,,False,0,True,SELECT T1.C2 FROM T1 AS T1 JOIN T2 AS T2 ON T2.C13 = T1.C1 WHERE T2.C11 > 2,SELECT club.Name FROM club AS club JOIN player AS player ON player.Club_ID = club.Club_ID WHERE player.Events_number > 2
88,20,soccer_3,soccer_3,,,False,0,True,"SELECT T2.C11 FROM T1 AS T1 JOIN T2 AS T2 ON T1.C1 = T2.C13 WHERE T1.C3 = ""Sam Allardyce""","SELECT player.Events_number FROM club AS club JOIN player AS player ON club.Club_ID = player.Club_ID WHERE club.Manager = ""Sam Allardyce"""
89,21,soccer_3,soccer_3,,,False,0,True,"SELECT T1.C2 FROM T1 AS T1 JOIN T2 AS T2 ON T2.C13 = T1.C1 WHERE T1.C4 = ""Sam Allardyce""","SELECT club.Name FROM club AS club JOIN player AS player ON player.Club_ID = club.Club_ID WHERE club.Captain = ""Sam Allardyce"""
90,24,soccer_3,soccer_3,,,False,0,True,"SELECT T1.C5 , count(*) FROM T1 JOIN T2 ON T2.C13 = T1.C1 GROUP BY T1.C5","SELECT club.Manufacturer , count(*) FROM club JOIN player ON player.Club_ID = club.Club_ID GROUP BY club.Manufacturer"
91,25,soccer_3,soccer_3,,,False,0,True,"SELECT T1.C5, COUNT(T1.C1) FROM T1 INNER JOIN T2 ON T2.C13 = T1.C1 GROUP BY T1.C5","SELECT club.Manufacturer, COUNT(club.Club_ID) FROM club INNER JOIN player ON player.Club_ID = club.Club_ID GROUP BY club.Manufacturer"
92,38,soccer_3,soccer_3,,,False,0,True,"SELECT T2.C10 FROM T2 WHERE T2.C9 = ""Australia"" OR T2.C9 = ""Zimbabwe""","SELECT player.Earnings FROM player WHERE player.Country = ""Australia"" OR player.Country = ""Zimbabwe"""
93,39,soccer_3,soccer_3,,,False,1,True,"SELECT T2.C10 FROM T2 AS T2 JOIN T1 AS T1 ON T2.C13 = T1.C1 WHERE T1.C2 = ""Australia"" OR T1.C2 = ""Zimbabwe""","SELECT player.Earnings FROM player AS player JOIN club AS club ON player.Club_ID = club.Club_ID WHERE club.Name = ""Australia"" OR club.Name = ""Zimbabwe"""
94,42,e_commerce,e_commerce,,,False,0,True,"SELECT T3.C10, T3.C13, count(T1.C1) FROM T1 AS T1 JOIN T3 AS T3 ON T1.C1 = T3.C11 JOIN T4 AS T4 ON T3.C10 = T4.C16 WHERE T1.C3 IS NOT NULL GROUP BY T3.C10","SELECT Orders.order_id, Orders.date_order_placed, count(Products.product_id) FROM Products AS Products JOIN Orders AS Orders ON Products.product_id = Orders.customer_id JOIN Order_Items AS Order_Items ON Orders.order_id = Order_Items.order_id WHERE Products.product_name IS NOT NULL GROUP BY Orders.order_id"
95,43,e_commerce,e_commerce,,,False,0,True,"SELECT T1.C3, COUNT(T1.C3), T2.C8, T1.C1 FROM T1 AS T1 JOIN T3 AS T3 ON T1.C1 = T3.C11 JOIN T2 AS T2 ON T3.C10 = T2.C7 GROUP BY T1.C1","SELECT Products.product_name, COUNT(Products.product_name), Invoices.invoice_status_code, Products.product_id FROM Products AS Products JOIN Orders AS Orders ON Products.product_id = Orders.customer_id JOIN Invoices AS Invoices ON Orders.order_id = Invoices.invoice_number GROUP BY Products.product_id"
96,50,e_commerce,e_commerce,,,False,1,True,"SELECT T1.C1, T1.C6 FROM T1 AS T1 JOIN T4 AS T4 ON T1.C1 = T4.C15 WHERE T1.C1 IN ( SELECT C1 FROM T1 GROUP BY C1 HAVING COUNT(C3) >= 2 )","SELECT Products.product_id, Products.product_size FROM Products AS Products JOIN Order_Items AS Order_Items ON Products.product_id = Order_Items.product_id WHERE Products.product_id IN ( SELECT product_id FROM Products GROUP BY product_id HAVING COUNT(product_name) >= 2 )"
97,51,e_commerce,e_commerce,,,False,0,True,"SELECT T3.C10 , T3.C13 FROM T3 INNER JOIN T1 ON T1.C1 = T3.C11 WHERE T1.C3 = 'products' GROUP BY T3.C10 HAVING count(*) >= 2","SELECT Orders.order_id , Orders.date_order_placed FROM Orders INNER JOIN Products ON Products.product_id = Orders.customer_id WHERE Products.product_name = 'products' GROUP BY Orders.order_id HAVING count(*) >= 2"
98,60,e_commerce,e_commerce,,,False,0,True,"SELECT T1.C2 , sum(T2.C7) FROM T1 AS T1 JOIN T2 AS T2 ON T2.C8 = T1.C1 GROUP BY T1.C2","SELECT Customers.gender_code , sum(Orders.order_id) FROM Customers AS Customers JOIN Orders AS Orders ON Orders.customer_id = Customers.customer_id GROUP BY Customers.gender_code"
99,61,e_commerce,e_commerce,,,False,0,True,"SELECT T1.C2, T1.C3 FROM T1 WHERE T1.C1 IN (SELECT T2.C7 FROM T2 GROUP BY T2.C7)","SELECT Orders.customer_id, Orders.order_status_code FROM Orders WHERE Orders.order_id IN (SELECT Order_Items.order_id FROM Order_Items GROUP BY Order_Items.order_id)"
100,62,e_commerce,e_commerce,,,False,0,True,"SELECT T1.C2, T1.C3, T1.C4, T2.C8 FROM T1 JOIN T2 ON T1.C1 = T2.C7","SELECT Customers.gender_code, Customers.customer_first_name, Customers.customer_middle_initial, Customer_Payment_Methods.payment_method_code FROM Customers JOIN Customer_Payment_Methods ON Customers.customer_id = Customer_Payment_Methods.customer_id"
101,63,e_commerce,e_commerce,,,False,0,True,"SELECT T1.C2 , T1.C4 , T1.C3 , T2.C8 FROM T1 JOIN T2 ON T1.C1 = T2.C7","SELECT Customers.gender_code , Customers.customer_middle_initial , Customers.customer_first_name , Customer_Payment_Methods.payment_method_code FROM Customers JOIN Customer_Payment_Methods ON Customers.customer_id = Customer_Payment_Methods.customer_id"
102,64,e_commerce,e_commerce,,,False,0,True,"SELECT T1.C2, T1.C3, T2.C7 FROM T1 INNER JOIN T2 ON T1.C1 = T2.C4","SELECT Invoices.invoice_status_code, Invoices.invoice_date, Orders.date_order_placed FROM Invoices INNER JOIN Orders ON Invoices.invoice_number = Orders.order_id"
103,65,e_commerce,e_commerce,,,False,0,True,"SELECT T1.C2, T1.C3, T4.C16 FROM T1 INNER JOIN T4 ON T4.C14 = T1.C1","SELECT Invoices.invoice_status_code, Invoices.invoice_date, Shipments.shipment_date FROM Invoices INNER JOIN Shipments ON Shipments.invoice_number = Invoices.invoice_number"
104,68,e_commerce,e_commerce,,,False,3,False,"SELECT T3.C11 , T4.C15 FROM T3 INNER JOIN T4 ON T3.C10 = T4.C13 WHERE T4.C12 = T5.C17 AND T5.C18 = T3.C9","SELECT Order_Items.order_item_status_code , Shipments.shipment_tracking_number FROM Order_Items INNER JOIN Shipments ON Order_Items.order_id = Shipments.order_id WHERE Shipments.shipment_id = Shipment_Items.shipment_id AND Shipment_Items.order_item_id = Order_Items.product_id"
105,69,e_commerce,e_commerce,,,False,3,False,"SELECT T3.C11 , T4.C15 FROM T1 AS T1 JOIN T4 AS T4 ON T4.C14 = T1.C1 JOIN T3 AS T3 ON T3.C10 = T4.C13 WHERE T3.C10 = T4.C13 AND T4.C16 = T3.C3","SELECT Order_Items.order_item_status_code , Shipments.shipment_tracking_number FROM Invoices AS Invoices JOIN Shipments AS Shipments ON Shipments.invoice_number = Invoices.invoice_number JOIN Order_Items AS Order_Items ON Order_Items.order_id = Shipments.order_id WHERE Order_Items.order_id = Shipments.order_id AND Shipments.shipment_date = Order_Items.invoice_date"
106,84,e_commerce,e_commerce,,,False,0,True,"SELECT C4, C5 FROM T1 WHERE C6 LIKE '+12%'","SELECT login_name, login_password FROM Customers WHERE phone_number LIKE '+12%'"
107,85,e_commerce,e_commerce,,,False,0,True,"SELECT T1.C2 , T1.C5 FROM T1 AS T1 JOIN T2 AS T2 ON T2.C8 = T1.C1 WHERE T1.C6 LIKE '+12%'","SELECT Customers.customer_first_name , Customers.login_password FROM Customers AS Customers JOIN Orders AS Orders ON Orders.customer_id = Customers.customer_id WHERE Customers.phone_number LIKE '+12%'"
108,86,e_commerce,e_commerce,,,False,0,True,SELECT C3 FROM T1 WHERE C5 LIKE '%Dell%',SELECT product_name FROM Products WHERE product_color LIKE '%Dell%'
109,87,e_commerce,e_commerce,,,False,0,True,SELECT T1.C6 FROM T1 WHERE T1.C3 LIKE '%Dell%',SELECT Products.product_size FROM Products WHERE Products.product_name LIKE '%Dell%'
110,94,e_commerce,e_commerce,,,False,0,True,"SELECT T1.C3 , T1.C4 FROM T1","SELECT Orders.order_status_code , Orders.date_order_placed FROM Orders"
111,95,e_commerce,e_commerce,,,False,0,True,"SELECT T1.C3 , T1.C4 FROM T1","SELECT Orders.order_status_code , Orders.date_order_placed FROM Orders"
112,96,e_commerce,e_commerce,,,False,0,True,"SELECT T1.C4 , T1.C5 , T1.C6 FROM T1 WHERE T1.C5 = ""USA""","SELECT Customers.address_line_1 , Customers.town_city , Customers.county FROM Customers WHERE Customers.town_city = ""USA"""
113,97,e_commerce,e_commerce,,,False,0,True,"SELECT C2, C5, C6 FROM T1","SELECT customer_first_name, town_city, county FROM Customers"
114,112,e_commerce,e_commerce,,,False,0,True,"SELECT T1.C1, T1.C6 FROM T1 WHERE T1.C4 > 3","SELECT Products.product_id, Products.product_description FROM Products WHERE Products.product_price > 3"
115,113,e_commerce,e_commerce,,,False,0,True,"SELECT T1.C1, T1.C6 FROM T1 AS T1 JOIN T5 AS T2 ON T2.C21 = T1.C1 GROUP BY T1.C1 HAVING count(*) > 3","SELECT Products.product_id, Products.product_description FROM Products AS Products JOIN Shipment_Items AS Orders ON Orders.order_item_id = Products.product_id GROUP BY Products.product_id HAVING count(*) > 3"
116,114,e_commerce,e_commerce,,,False,3,False,"SELECT T1.C1 , T1.C16 FROM T1 JOIN T4 ON T4.C14 = T1.C1 JOIN T5 ON T5.C17 = T4.C12 JOIN T2 ON T2.C4 = T5.C18 GROUP BY T1.C1 HAVING COUNT(T2.C7) >= 2","SELECT Invoices.invoice_number , Invoices.shipment_date FROM Invoices JOIN Shipments ON Shipments.invoice_number = Invoices.invoice_number JOIN Shipment_Items ON Shipment_Items.shipment_id = Shipments.shipment_id JOIN Orders ON Orders.order_id = Shipment_Items.order_item_id GROUP BY Invoices.invoice_number HAVING COUNT(Orders.date_order_placed) >= 2"
117,115,e_commerce,e_commerce,,,False,0,True,"SELECT T4.C16 , T4.C12 FROM T4 JOIN T2 ON T4.C13 = T2.C4 GROUP BY T4.C12 HAVING COUNT(T4.C12) >= 2","SELECT Shipments.shipment_date , Shipments.shipment_id FROM Shipments JOIN Orders ON Shipments.order_id = Orders.order_id GROUP BY Shipments.shipment_id HAVING COUNT(Shipments.shipment_id) >= 2"
118,116,e_commerce,e_commerce,,,False,0,True,"SELECT T1.C5 , T1.C4 FROM T1","SELECT Shipments.shipment_date , Shipments.shipment_tracking_number FROM Shipments"
119,117,e_commerce,e_commerce,,,False,0,True,"SELECT T3.C12 , T3.C13 FROM T3","SELECT Shipments.shipment_tracking_number , Shipments.shipment_date FROM Shipments"
120,121,bbc_channels,bbc_channels,,,False,0,True,SELECT T2.C7 FROM T3 AS T1 JOIN T2 ON T1.C12 = T2.C6 ORDER BY T1.C10 DESC LIMIT 1,SELECT director.Name FROM program AS channel JOIN director ON channel.Director_ID = director.Director_ID ORDER BY channel.Start_Year DESC LIMIT 1
121,122,bbc_channels,bbc_channels,,,False,0,True,SELECT COUNT(*) FROM T1 WHERE C5 LIKE '%bbc%',SELECT COUNT(*) FROM channel WHERE Internet LIKE '%bbc%'
122,127,bbc_channels,bbc_channels,,,False,0,True,SELECT T2.C7 FROM T3 AS T1 JOIN T2 ON T1.C12 = T2.C6 ORDER BY T1.C10 DESC LIMIT 1,SELECT director.Name FROM program AS channel JOIN director ON channel.Director_ID = director.Director_ID ORDER BY channel.Start_Year DESC LIMIT 1
123,128,bbc_channels,bbc_channels,,,False,0,True,"SELECT T1.C2, T1.C3 FROM T1 AS T1 JOIN T3 AS T3 ON T3.C13 = T1.C1 WHERE T3.C10 > 1","SELECT channel.Name, channel.Analogue_terrestrial_channel FROM channel AS channel JOIN program AS program ON program.Channel_ID = channel.Channel_ID WHERE program.Start_Year > 1"
124,129,bbc_channels,bbc_channels,,,False,0,True,"SELECT T1.C2, COUNT(T3.C9) FROM T1 INNER JOIN T3 ON T3.C13 = T1.C1 GROUP BY T1.C2","SELECT channel.Name, COUNT(program.Program_ID) FROM channel INNER JOIN program ON program.Channel_ID = channel.Channel_ID GROUP BY channel.Name"
125,131,bbc_channels,bbc_channels,,,False,0,True,SELECT T2.C7 FROM T3 AS T1 INNER JOIN T2 ON T1.C12 = T2.C6 INNER JOIN T1 AS T3 ON T1.C13 = T3.C1 WHERE T1.C11 = 'Dracula',SELECT director.Name FROM program AS channel INNER JOIN director ON channel.Director_ID = director.Director_ID INNER JOIN channel AS program ON channel.Channel_ID = program.Channel_ID WHERE channel.Title = 'Dracula'
126,138,tv_shows,tv_shows,,,False,0,True,"SELECT T1.C2, T1.C4 FROM T1 AS T1 INNER JOIN T2 AS T2 ON T1.C1 = T2.C7","SELECT tv_show.tv_show_name, tv_show.Next_show_name FROM tv_show AS tv_show INNER JOIN city_channel_tv_show AS city_channel_tv_show ON tv_show.tv_show_ID = city_channel_tv_show.tv_show_ID"
127,140,tv_shows,tv_shows,,,False,0,True,SELECT T1.C2 FROM T1 JOIN T2 ON T1.C1 = T2.C8 WHERE T2.C9 > 150 OR T2.C9 < 30,SELECT radio.Transmitter FROM radio JOIN city_channel_radio ON radio.Radio_ID = city_channel_radio.Radio_ID WHERE city_channel_radio.Is_online > 150 OR city_channel_radio.Is_online < 30
128,141,tv_shows,tv_shows,,,False,0,True,SELECT T1.C2 FROM T1 AS T1 INNER JOIN T2 AS T2 ON T1.C1 = T2.C8 ORDER BY T2.C9 DESC LIMIT 1,SELECT radio.Transmitter FROM radio AS radio INNER JOIN city_channel_radio AS city_channel_radio ON radio.Radio_ID = city_channel_radio.Radio_ID ORDER BY city_channel_radio.Is_online DESC LIMIT 1
129,143,tv_shows,tv_shows,,,False,0,True,"SELECT T1.C5 , COUNT(T1.C1) FROM T1 JOIN T4 ON T4.C14 = T1.C1 GROUP BY T1.C5","SELECT city_channel.Affiliation , COUNT(city_channel.ID) FROM city_channel JOIN city_channel_tv_show ON city_channel_tv_show.City_channel_ID = city_channel.ID GROUP BY city_channel.Affiliation"
130,146,tv_shows,tv_shows,,,False,3,False,"SELECT T1.C2, T3.C5 FROM T1 INNER JOIN T3 ON T1.C1 = T3.C9 WHERE T1.C2 = 'city' ORDER BY T3.C5 ASC","SELECT city_channel.City, city_channel_tv_show.Affiliation FROM city_channel INNER JOIN city_channel_tv_show ON city_channel.ID = city_channel_tv_show.City_channel_ID WHERE city_channel.City = 'city' ORDER BY city_channel_tv_show.Affiliation ASC"
131,147,tv_shows,tv_shows,,,False,0,True,"SELECT T2.C7, T2.C8, T1.C2 FROM T2 INNER JOIN T3 ON T2.C6 = T3.C13 INNER JOIN T1 ON T3.C12 = T1.C1","SELECT radio.Transmitter, radio.Radio_MHz, city_channel.City FROM radio INNER JOIN city_channel_radio ON radio.Radio_ID = city_channel_radio.Radio_ID INNER JOIN city_channel ON city_channel_radio.City_channel_ID = city_channel.ID"
132,149,tv_shows,tv_shows,,,False,0,True,"SELECT T2.C7 , COUNT(T4.C15) FROM T2 JOIN T3 ON T2.C6 = T3.C13 JOIN T4 ON T3.C12 = T4.C15 GROUP BY T2.C7","SELECT radio.Transmitter , COUNT(city_channel_tv_show.City_channel_ID) FROM radio JOIN city_channel_radio ON radio.Radio_ID = city_channel_radio.Radio_ID JOIN city_channel_tv_show ON city_channel_radio.City_channel_ID = city_channel_tv_show.City_channel_ID GROUP BY radio.Transmitter"
133,157,vehicle_driver,vehicle_driver,,,False,0,True,"SELECT MAX(C5), AVG(C5) FROM T1 WHERE C2 = 'Zhuzhou'","SELECT MAX(Power), AVG(Power) FROM vehicle WHERE Model = 'Zhuzhou'"
134,158,vehicle_driver,vehicle_driver,,,False,0,True,"SELECT MAX(T1.C5), AVG(T1.C5) FROM T1 INNER JOIN T3 ON T1.C1 = T3.C13 WHERE T1.C6 = 'Zhuzhou'","SELECT MAX(vehicle.Power), AVG(vehicle.Power) FROM vehicle INNER JOIN vehicle_driver ON vehicle.Vehicle_ID = vehicle_driver.Vehicle_ID WHERE vehicle.Builder = 'Zhuzhou'"
135,161,vehicle_driver,vehicle_driver,,,False,0,True,"SELECT T1.C4 , T1.C5 FROM T1 WHERE T1.C3 = ""1996""","SELECT vehicle.Top_Speed , vehicle.Power FROM vehicle WHERE vehicle.Build_Year = ""1996"""
136,162,vehicle_driver,vehicle_driver,,,False,0,True,"SELECT T1.C4 , T1.C5 FROM T1 AS T1 JOIN T3 AS T2 ON T1.C1 = T2.C13 WHERE T1.C3 = ""1996""","SELECT vehicle.Top_Speed , vehicle.Power FROM vehicle AS vehicle JOIN vehicle_driver AS driver ON vehicle.Vehicle_ID = driver.Vehicle_ID WHERE vehicle.Build_Year = ""1996"""
137,163,vehicle_driver,vehicle_driver,,,False,0,True,"SELECT T1.C3 , T1.C2 , T1.C6 FROM T1 INNER JOIN T3 ON T1.C1 = T3.C13 INNER JOIN T2 ON T3.C12 = T2.C8","SELECT vehicle.Build_Year , vehicle.Model , vehicle.Builder FROM vehicle INNER JOIN vehicle_driver ON vehicle.Vehicle_ID = vehicle_driver.Vehicle_ID INNER JOIN driver ON vehicle_driver.Driver_ID = driver.Driver_ID"
138,164,vehicle_driver,vehicle_driver,,,False,0,True,"SELECT T1.C3 , T1.C2 , T1.C6 FROM T1","SELECT vehicle.Build_Year , vehicle.Model , vehicle.Builder FROM vehicle"
139,165,vehicle_driver,vehicle_driver,,,False,0,True,"SELECT COUNT(T3.C12) FROM T1 AS T1 JOIN T3 ON T3.C13 = T1.C1 WHERE T1.C6 = ""2012""","SELECT COUNT(vehicle_driver.Driver_ID) FROM vehicle AS vehicle JOIN vehicle_driver ON vehicle_driver.Vehicle_ID = vehicle.Vehicle_ID WHERE vehicle.Builder = ""2012"""
140,166,vehicle_driver,vehicle_driver,,,False,0,True,SELECT COUNT(DISTINCT T3.C12) FROM T3 JOIN T1 ON T3.C13 = T1.C1 WHERE T1.C6 = '2012',SELECT COUNT(DISTINCT vehicle_driver.Driver_ID) FROM vehicle_driver JOIN vehicle ON vehicle_driver.Vehicle_ID = vehicle.Vehicle_ID WHERE vehicle.Builder = '2012'
141,173,vehicle_driver,vehicle_driver,,,False,0,True,SELECT T1.C2 FROM T1 WHERE T1.C7 > 100 OR T1.C4 > 150,SELECT vehicle.Model FROM vehicle WHERE vehicle.Total_Production > 100 OR vehicle.Top_Speed > 150
142,174,vehicle_driver,vehicle_driver,,,False,1,True,SELECT T2.C9 FROM T1 AS T1 JOIN T3 AS T3 ON T1.C1 = T3.C13 JOIN T2 AS T2 ON T3.C12 = T2.C8 WHERE T1.C4 > 100 OR T1.C5 > 150,SELECT driver.Name FROM vehicle AS vehicle JOIN vehicle_driver AS vehicle_driver ON vehicle.Vehicle_ID = vehicle_driver.Vehicle_ID JOIN driver AS driver ON vehicle_driver.Driver_ID = driver.Driver_ID WHERE vehicle.Top_Speed > 100 OR vehicle.Power > 150
143,175,vehicle_driver,vehicle_driver,,,False,0,True,"SELECT T1.C2, T1.C3 FROM T1 WHERE T1.C2 LIKE '%DJ%'","SELECT vehicle.Model, vehicle.Build_Year FROM vehicle WHERE vehicle.Model LIKE '%DJ%'"
144,176,vehicle_driver,vehicle_driver,,,False,3,False,"SELECT T2.C9 , T1.C3 FROM T1 AS T1 JOIN T3 AS T2 ON T1.C1 = T2.C13 WHERE T1.C2 LIKE ""%DJ%""","SELECT driver.Name , vehicle.Build_Year FROM vehicle AS vehicle JOIN vehicle_driver AS driver ON vehicle.Vehicle_ID = driver.Vehicle_ID WHERE vehicle.Model LIKE ""%DJ%"""
145,187,vehicle_driver,vehicle_driver,,,False,0,True,"SELECT T2.C11, COUNT(*) FROM T3 AS T1 JOIN T2 ON T1.C13 = T2.C8 GROUP BY T2.C11","SELECT driver.Racing_Series, COUNT(*) FROM vehicle_driver AS vehicle JOIN driver ON vehicle.Vehicle_ID = driver.Driver_ID GROUP BY driver.Racing_Series"
146,188,vehicle_driver,vehicle_driver,,,False,1,True,"SELECT T3.C12, count(*) FROM T1 JOIN T3 ON T3.C13 = T1.C1 GROUP BY T3.C12","SELECT vehicle_driver.Driver_ID, count(*) FROM vehicle JOIN vehicle_driver ON vehicle_driver.Vehicle_ID = vehicle.Vehicle_ID GROUP BY vehicle_driver.Driver_ID"
147,197,online_exams,online_exams,,,False,0,True,"SELECT T2.C5 , T2.C6 FROM T2 WHERE T2.C7 NOT LIKE ""Database""","SELECT Exams.Subject_Code , Exams.Exam_Date FROM Exams WHERE Exams.Exam_Name NOT LIKE ""Database"""
148,198,online_exams,online_exams,,,False,0,True,"SELECT C3, C2 FROM T1 WHERE C2 != ""Database""","SELECT Exam_Date, Subject_Code FROM Exams WHERE Subject_Code != ""Database"""
149,201,online_exams,online_exams,,,False,1,True,"SELECT T2.C5 , COUNT(*) FROM T2 JOIN T1 ON T2.C5 = T1.C1 GROUP BY T2.C5","SELECT Questions_in_Exams.Question_ID , COUNT(*) FROM Questions_in_Exams JOIN Questions ON Questions_in_Exams.Question_ID = Questions.Question_ID GROUP BY Questions_in_Exams.Question_ID"
150,202,online_exams,online_exams,,,False,0,True,"SELECT T2.C2 , COUNT(T1.C1) FROM T1 AS T1 JOIN T1 AS T2 ON T1.C1 = T2.C1 GROUP BY T2.C2","SELECT T2.Type_of_Question_Code , COUNT(Questions.Question_ID) FROM Questions AS Questions JOIN Questions AS T2 ON Questions.Question_ID = T2.Question_ID GROUP BY T2.Type_of_Question_Code"
151,207,online_exams,online_exams,,,False,0,True,SELECT T6.C25 FROM T6 WHERE T6.C22 IN ( SELECT T4.C13 FROM T4 WHERE T4.C12 IN ( SELECT T5.C18 FROM T5 WHERE T5.C16 IN ( SELECT T3.C10 FROM T3 WHERE T3.C11 IN ( SELECT T2.C7 FROM T2 WHERE T2.C8 = 'student' ) ) ) ) GROUP BY T6.C25 ORDER BY COUNT(T6.C25) DESC,SELECT Student_Assessments.Assessment FROM Student_Assessments WHERE Student_Assessments.Valid_Answer_ID IN ( SELECT Valid_Answers.Question_ID FROM Valid_Answers WHERE Valid_Answers.Valid_Answer_ID IN ( SELECT Student_Answers.Student_ID FROM Student_Answers WHERE Student_Answers.Exam_ID IN ( SELECT Questions_in_Exams.Exam_ID FROM Questions_in_Exams WHERE Questions_in_Exams.Question_ID IN ( SELECT Questions.Question_ID FROM Questions WHERE Questions.Type_of_Question_Code = 'student' ) ) ) ) GROUP BY Student_Assessments.Assessment ORDER BY COUNT(Student_Assessments.Assessment) DESC
152,208,online_exams,online_exams,,,False,0,True,SELECT C5 FROM T1 GROUP BY C5 ORDER BY COUNT(C5) DESC,SELECT Gender_MFU FROM Students GROUP BY Gender_MFU ORDER BY COUNT(Gender_MFU) DESC
153,209,online_exams,online_exams,,,False,0,True,"SELECT T2.C10, T4.C17 FROM T2 JOIN T4 ON T2.C7 = T4.C16 JOIN T1 ON T4.C16 = T1.C1","SELECT Exams.Exam_Name, Student_Answers.Date_of_Answer FROM Exams JOIN Student_Answers ON Exams.Exam_ID = Student_Answers.Student_ID JOIN Students ON Student_Answers.Student_ID = Students.Student_ID"
154,210,online_exams,online_exams,,,False,0,True,"SELECT T1.C2 , T2.C9 FROM T1 AS T1 INNER JOIN T2 AS T2 ON T1.C1 = T2.C7","SELECT Students.First_Name , Exams.Exam_Date FROM Students AS Students INNER JOIN Exams AS Exams ON Students.Student_ID = Exams.Exam_ID"
155,211,online_exams,online_exams,,,False,0,True,"SELECT T1.C6 , T4.C17 FROM T4 JOIN T1 ON T4.C16 = T1.C1 ORDER BY T4.C17 DESC","SELECT Students.Email_Adress , Student_Answers.Date_of_Answer FROM Student_Answers JOIN Students ON Student_Answers.Student_ID = Students.Student_ID ORDER BY Student_Answers.Date_of_Answer DESC"
156,212,online_exams,online_exams,,,False,0,True,"SELECT T1.C6 , T2.C9 FROM T2 AS T2 JOIN T1 AS T1 ON T2.C7 = T1.C1 ORDER BY T2.C9 DESC","SELECT Students.Email_Adress , Exams.Exam_Date FROM Exams AS Exams JOIN Students AS Students ON Exams.Exam_ID = Students.Student_ID ORDER BY Exams.Exam_Date DESC"
157,215,online_exams,online_exams,,,False,0,True,SELECT T4.C16 FROM T4 INNER JOIN T3 ON T4.C15 = T3.C14 WHERE T3.C10 IN (SELECT C7 FROM T2 GROUP BY C7 HAVING COUNT(*) >= 2),SELECT Student_Assessments.Valid_Answer_ID FROM Student_Assessments INNER JOIN Student_Answers ON Student_Assessments.Student_Answer_ID = Student_Answers.Student_Answer_Text WHERE Student_Answers.Exam_ID IN (SELECT Exam_ID FROM Questions_in_Exams GROUP BY Exam_ID HAVING COUNT(*) >= 2)
158,216,online_exams,online_exams,,,False,0,True,SELECT T1.C2 FROM T1 INNER JOIN T2 ON T1.C1 = T2.C10 GROUP BY T1.C1 HAVING COUNT(T2.C10) >= 2,SELECT Students.First_Name FROM Students INNER JOIN Student_Answers ON Students.Student_ID = Student_Answers.Student_ID GROUP BY Students.Student_ID HAVING COUNT(Student_Answers.Student_ID) >= 2
159,221,online_exams,online_exams,,,False,0,True,"SELECT T1.C5 , COUNT(T1.C1) FROM T1 GROUP BY T1.C5","SELECT Students.Gender_MFU , COUNT(Students.Student_ID) FROM Students GROUP BY Students.Gender_MFU"
160,14,soccer_3,soccer_3,,,False,0,True,SELECT T2.C9 FROM T2 JOIN T1 ON T2.C13 = T1.C1 WHERE T2.C12 > 2 ORDER BY T2.C10 DESC LIMIT 1,SELECT player.Country FROM player JOIN club ON player.Club_ID = club.Club_ID WHERE player.Wins_count > 2 ORDER BY player.Earnings DESC LIMIT 1
161,15,soccer_3,soccer_3,,,False,1,True,SELECT T2.C9 FROM T2 AS T2 JOIN T1 AS T1 ON T2.C13 = T1.C1 WHERE T2.C10 > 2 GROUP BY T2.C7 ORDER BY count(*) DESC LIMIT 1,SELECT player.Country FROM player AS player JOIN club AS club ON player.Club_ID = club.Club_ID WHERE player.Earnings > 2 GROUP BY player.Player_ID ORDER BY count(*) DESC LIMIT 1
162,22,soccer_3,soccer_3,,,False,0,True,SELECT T2.C8 FROM T2 JOIN T1 ON T2.C13 = T1.C1 GROUP BY T2.C8 ORDER BY avg(T2.C10) DESC,SELECT player.Name FROM player JOIN club ON player.Club_ID = club.Club_ID GROUP BY player.Name ORDER BY avg(player.Earnings) DESC
163,23,soccer_3,soccer_3,,,False,0,True,SELECT T1.C2 FROM T1 INNER JOIN T2 ON T1.C1 = T2.C13 GROUP BY T1.C1 ORDER BY AVG(T2.C10) DESC,SELECT club.Name FROM club INNER JOIN player ON club.Club_ID = player.Club_ID GROUP BY club.Club_ID ORDER BY AVG(player.Earnings) DESC
164,26,soccer_3,soccer_3,,,False,0,True,SELECT T1.C5 FROM T1 GROUP BY C5 ORDER BY COUNT(*) DESC LIMIT 1,SELECT club.Manufacturer FROM club GROUP BY Manufacturer ORDER BY COUNT(*) DESC LIMIT 1
165,27,soccer_3,soccer_3,,,False,3,False,SELECT T5.C5 FROM T1 AS T4 JOIN T2 AS T5 ON T4.C1 = T5.C13 GROUP BY T5.C5 ORDER BY count(*) DESC LIMIT 1,SELECT T5.Manufacturer FROM club AS T4 JOIN player AS T5 ON T4.Club_ID = T5.Club_ID GROUP BY T5.Manufacturer ORDER BY count(*) DESC LIMIT 1
166,32,soccer_3,soccer_3,,,False,1,True,SELECT C1 FROM T1 WHERE C13 IS NULL,SELECT Club_ID FROM club WHERE Club_ID IS NULL
167,33,soccer_3,soccer_3,,,False,0,True,SELECT T1.C1 FROM T1 WHERE T1.C1 NOT IN ( SELECT T2.C13 FROM T2 ),SELECT club.Club_ID FROM club WHERE club.Club_ID NOT IN ( SELECT player.Club_ID FROM player )
168,34,soccer_3,soccer_3,,,False,0,True,SELECT T2.C9 FROM T2 WHERE T2.C10 > 1400000 INTERSECT SELECT T2.C9 FROM T2 WHERE T2.C10 < 1100000,SELECT player.Country FROM player WHERE player.Earnings > 1400000 INTERSECT SELECT player.Country FROM player WHERE player.Earnings < 1100000
169,35,soccer_3,soccer_3,,,False,0,True,SELECT T2.C9 FROM T2 WHERE T2.C10 > 1400000 INTERSECT SELECT T2.C9 FROM T2 WHERE T2.C10 < 1100000,SELECT player.Country FROM player WHERE player.Earnings > 1400000 INTERSECT SELECT player.Country FROM player WHERE player.Earnings < 1100000
170,44,e_commerce,e_commerce,,,False,0,True,SELECT T3.C13 FROM T3 WHERE T3.C1 = ( SELECT T1.C4 FROM T1 ORDER BY T1.C4 ASC LIMIT 1 ) OR T3.C10 > 1,SELECT Shipments.shipment_date FROM Shipments WHERE Shipments.order_id = ( SELECT Orders.date_order_placed FROM Orders ORDER BY Orders.date_order_placed ASC LIMIT 1 ) OR Shipments.order_id > 1
171,45,e_commerce,e_commerce,,,False,0,True,SELECT T3.C13 FROM T3 WHERE T3.C10 IN (SELECT T1.C1 FROM T1 GROUP BY T1.C1 HAVING COUNT(T1.C1) > 1),SELECT Shipments.shipment_date FROM Shipments WHERE Shipments.order_id IN (SELECT Orders.order_id FROM Orders GROUP BY Orders.order_id HAVING COUNT(Orders.order_id) > 1)
172,49,e_commerce,e_commerce,,,False,0,True,"SELECT T1.C1 , T1.C3 , T1.C4 , T1.C5 FROM T1 AS T1 JOIN T2 AS T2 ON T2.C8 = T1.C1 WHERE T2.C9 < 2","SELECT Products.product_id , Products.product_name , Products.product_price , Products.product_color FROM Products AS Products JOIN Order_Items AS Order_Items ON Order_Items.product_id = Products.product_id WHERE Order_Items.order_id < 2"
173,56,e_commerce,e_commerce,,,False,0,True,SELECT C2 FROM T1 GROUP BY C2 ORDER BY COUNT(C2) DESC LIMIT 1,SELECT payment_method_code FROM Customer_Payment_Methods GROUP BY payment_method_code ORDER BY COUNT(payment_method_code) DESC LIMIT 1
174,57,e_commerce,e_commerce,,,False,0,True,SELECT T2.C8 FROM T2 INNER JOIN T1 ON T2.C7 = T1.C1 GROUP BY T2.C8 ORDER BY COUNT(T2.C8) DESC LIMIT 1,SELECT Customer_Payment_Methods.payment_method_code FROM Customer_Payment_Methods INNER JOIN Customers ON Customer_Payment_Methods.customer_id = Customers.customer_id GROUP BY Customer_Payment_Methods.payment_method_code ORDER BY COUNT(Customer_Payment_Methods.payment_method_code) DESC LIMIT 1
175,58,e_commerce,e_commerce,,,False,0,True,"SELECT T2.C8 , COUNT(T1.C3) FROM T1 AS T1 JOIN T2 AS T2 ON T1.C2 = T2.C7 GROUP BY T2.C8","SELECT Customers.gender_code , COUNT(Products.product_name) FROM Products AS Products JOIN Customers AS Customers ON Products.parent_product_id = Customers.customer_id GROUP BY Customers.gender_code"
176,59,e_commerce,e_commerce,,,False,1,True,"SELECT T1.C3, COUNT(*) FROM T1 GROUP BY T1.C3","SELECT Products.product_name, COUNT(*) FROM Products GROUP BY Products.product_name"
177,66,e_commerce,e_commerce,,,False,0,True,"SELECT T1.C3, T5.C22 FROM T5 JOIN T1 ON T5.C19 = T1.C1","SELECT Products.product_name, Shipments.shipment_date FROM Shipments JOIN Products ON Shipments.order_id = Products.product_id"
178,67,e_commerce,e_commerce,,,False,3,False,"SELECT T3.C3 , T4.C19 FROM T4 INNER JOIN T3 ON T4.C16 = T3.C13 WHERE T4.C15 IN ( SELECT C15 FROM T4 )","SELECT Order_Items.product_name , Shipments.shipment_date FROM Shipments INNER JOIN Order_Items ON Shipments.order_id = Order_Items.order_id WHERE Shipments.shipment_id IN ( SELECT shipment_id FROM Shipments )"
179,70,e_commerce,e_commerce,,,False,3,False,"SELECT T1.C3 , T1.C5 FROM T1 JOIN T2 ON T1.C1 = T2.C8 WHERE T2.C10 = T4.C19 AND T4.C15 = T5.C20","SELECT Products.product_name , Products.product_color FROM Products JOIN Orders ON Products.product_id = Orders.customer_id WHERE Orders.date_order_placed = Shipments.shipment_date AND Shipments.shipment_id = Shipment_Items.shipment_id"
180,71,e_commerce,e_commerce,,,False,0,True,"SELECT T1.C3 , T1.C5 FROM T1 JOIN T3 ON T1.C1 = T3.C12 JOIN T4 ON T3.C13 = T4.C16 WHERE T4.C15 > 0","SELECT Products.product_name , Products.product_color FROM Products JOIN Order_Items ON Products.product_id = Order_Items.product_id JOIN Shipments ON Order_Items.order_id = Shipments.order_id WHERE Shipments.shipment_id > 0"
181,74,e_commerce,e_commerce,,,False,3,False,"SELECT T1.C1 , T1.C15 FROM T1 AS T1 JOIN T4 AS T4 ON T1.C1 = T4.C14 WHERE T4.C12 NOT IN (SELECT C12 FROM T2 AS T2 WHERE T2.C5 = T4.C12)","SELECT Invoices.invoice_number , Invoices.shipment_tracking_number FROM Invoices AS Invoices JOIN Shipments AS Shipments ON Invoices.invoice_number = Shipments.invoice_number WHERE Shipments.shipment_id NOT IN (SELECT shipment_id FROM Orders AS Orders WHERE Orders.customer_id = Shipments.shipment_id)"
182,75,e_commerce,e_commerce,,,False,0,True,SELECT T1.C1 FROM T1 AS T1 JOIN T4 AS T4 ON T4.C14 = T1.C1 WHERE T4.C12 = (SELECT C12 FROM T4 WHERE C13 = (SELECT C4 FROM T2 WHERE C7 = '00:00:00')),SELECT Invoices.invoice_number FROM Invoices AS Invoices JOIN Shipments AS Shipments ON Shipments.invoice_number = Invoices.invoice_number WHERE Shipments.shipment_id = (SELECT shipment_id FROM Shipments WHERE order_id = (SELECT order_id FROM Orders WHERE date_order_placed = '00:00:00'))
183,76,e_commerce,e_commerce,,,False,0,True,"SELECT T2.C8, T2.C10, T2.C8 FROM T2","SELECT Orders.customer_id, Orders.date_order_placed, Orders.customer_id FROM Orders"
184,77,e_commerce,e_commerce,,,False,0,True,"SELECT T5.C18, T5.C21, T5.C19 FROM T5","SELECT Orders.order_id, Orders.date_order_placed, Orders.customer_id FROM Orders"
185,98,e_commerce,e_commerce,,,False,0,True,"SELECT T1.C5 , T1.C3 FROM T1","SELECT Products.product_color , Products.product_name FROM Products"
186,99,e_commerce,e_commerce,,,False,0,True,"SELECT T1.C2 , T1.C3 FROM T1","SELECT Products.parent_product_id , Products.product_name FROM Products"
187,108,e_commerce,e_commerce,,,False,0,True,SELECT T4.C15 FROM T1 AS T1 JOIN T2 AS T2 ON T1.C1 = T2.C7 JOIN T4 AS T4 ON T1.C1 = T4.C13 GROUP BY T4.C13 HAVING count(DISTINCT T2.C8) >= 2,SELECT Orders.date_order_placed FROM Customers AS Customers JOIN Customer_Payment_Methods AS Customer_Payment_Methods ON Customers.customer_id = Customer_Payment_Methods.customer_id JOIN Orders AS Orders ON Customers.customer_id = Orders.customer_id GROUP BY Orders.customer_id HAVING count(DISTINCT Customer_Payment_Methods.payment_method_code) >= 2
188,109,e_commerce,e_commerce,,,False,0,True,SELECT T4.C15 FROM T1 AS T1 JOIN T2 AS T2 ON T1.C1 = T2.C7 JOIN T4 AS T4 ON T1.C1 = T4.C13 WHERE T4.C13 > 1,SELECT Orders.date_order_placed FROM Customers AS Customers JOIN Customer_Payment_Methods AS Customer_Payment_Methods ON Customers.customer_id = Customer_Payment_Methods.customer_id JOIN Orders AS Orders ON Customers.customer_id = Orders.customer_id WHERE Orders.customer_id > 1
189,110,e_commerce,e_commerce,,,False,0,True,SELECT C3 FROM T1 WHERE C1 IN (SELECT C1 FROM T1 GROUP BY C1 ORDER BY COUNT(C1) LIMIT 1),SELECT order_status_code FROM Orders WHERE order_id IN (SELECT order_id FROM Orders GROUP BY order_id ORDER BY COUNT(order_id) LIMIT 1)
190,111,e_commerce,e_commerce,,,False,0,True,SELECT MIN(C3) FROM T1,SELECT MIN(order_status_code) FROM Orders
191,120,bbc_channels,bbc_channels,,,False,0,True,SELECT T2.C7 FROM T2 INNER JOIN T3 ON T2.C6 = T3.C12 INNER JOIN T1 ON T3.C13 = T1.C1 WHERE T2.C8 > ( SELECT CAST(SUM(T2.C8) AS REAL) / COUNT(T2.C6) FROM T2 INNER JOIN T3 ON T2.C6 = T3.C12 INNER JOIN T1 ON T3.C13 = T1.C1 ),SELECT director.Name FROM director INNER JOIN program ON director.Director_ID = program.Director_ID INNER JOIN channel ON program.Channel_ID = channel.Channel_ID WHERE director.Age > ( SELECT CAST(SUM(director.Age) AS REAL) / COUNT(director.Director_ID) FROM director INNER JOIN program ON director.Director_ID = program.Director_ID INNER JOIN channel ON program.Channel_ID = channel.Channel_ID )
192,135,bbc_channels,bbc_channels,,,False,0,True,"SELECT T1.C1 , T1.C2 FROM T1 INNER JOIN T3 ON T1.C1 = T3.C13 WHERE T1.C5 != ""Hank Baskett""","SELECT channel.Channel_ID , channel.Name FROM channel INNER JOIN program ON channel.Channel_ID = program.Channel_ID WHERE channel.Internet != ""Hank Baskett"""
193,144,tv_shows,tv_shows,,,False,3,False,SELECT T2.C5 FROM T1 AS T1 JOIN T2 ON T1.C1 = T2.C6 GROUP BY T2.C5 ORDER BY COUNT(T2.C5) DESC LIMIT 1,SELECT city_channel_radio.Affiliation FROM city_channel AS city_channel JOIN city_channel_radio ON city_channel.ID = city_channel_radio.City_channel_ID GROUP BY city_channel_radio.Affiliation ORDER BY COUNT(city_channel_radio.Affiliation) DESC LIMIT 1
194,148,tv_shows,tv_shows,,,False,0,True,"SELECT T2.C7, T2.C8, T2.C10 FROM T2 AS T2 INNER JOIN T3 AS T3 ON T2.C6 = T3.C13 INNER JOIN T1 AS T1 ON T3.C12 = T1.C1 WHERE T2.C8 = 'radios' ORDER BY T2.C11 DESC","SELECT radio.Transmitter, radio.Radio_MHz, radio.RnaG_MHz FROM radio AS radio INNER JOIN city_channel_radio AS city_channel_radio ON radio.Radio_ID = city_channel_radio.Radio_ID INNER JOIN city_channel AS city_channel ON city_channel_radio.City_channel_ID = city_channel.ID WHERE radio.Radio_MHz = 'radios' ORDER BY radio.ERP_kW DESC"
195,150,tv_shows,tv_shows,,,False,0,True,SELECT DISTINCT T2.C7 FROM T2 WHERE T2.C8 NOT IN (SELECT T2.C8 FROM T2 JOIN T1 ON T2.C8 = T1.C5),SELECT DISTINCT radio.Transmitter FROM radio WHERE radio.Radio_MHz NOT IN (SELECT radio.Radio_MHz FROM radio JOIN city_channel ON radio.Radio_MHz = city_channel.Affiliation)
196,151,vehicle_driver,vehicle_driver,,,False,0,True,SELECT T1.C2 FROM T1 INNER JOIN T3 ON T1.C1 = T3.C13 WHERE T1.C4 > 6000 ORDER BY T1.C4 DESC LIMIT 1,SELECT vehicle.Model FROM vehicle INNER JOIN vehicle_driver ON vehicle.Vehicle_ID = vehicle_driver.Vehicle_ID WHERE vehicle.Top_Speed > 6000 ORDER BY vehicle.Top_Speed DESC LIMIT 1
197,152,vehicle_driver,vehicle_driver,,,False,3,False,SELECT T2.C9 FROM T1 AS T1 JOIN T3 AS T2 ON T1.C1 = T2.C13 WHERE T1.C4 > 6000 ORDER BY T1.C4 DESC LIMIT 1,SELECT driver.Name FROM vehicle AS vehicle JOIN vehicle_driver AS driver ON vehicle.Vehicle_ID = driver.Vehicle_ID WHERE vehicle.Top_Speed > 6000 ORDER BY vehicle.Top_Speed DESC LIMIT 1
198,155,vehicle_driver,vehicle_driver,,,False,0,True,"SELECT T3.C12, MAX(T3.C13) FROM T3 JOIN T1 ON T3.C13 = T1.C1 GROUP BY T3.C12","SELECT vehicle_driver.Driver_ID, MAX(vehicle_driver.Vehicle_ID) FROM vehicle_driver JOIN vehicle ON vehicle_driver.Vehicle_ID = vehicle.Vehicle_ID GROUP BY vehicle_driver.Driver_ID"
199,156,vehicle_driver,vehicle_driver,,,False,0,True,"SELECT T3.C12, count(*) FROM T3 JOIN T1 ON T3.C13 = T1.C1 GROUP BY T3.C12 ORDER BY count(*) DESC LIMIT 1","SELECT vehicle_driver.Driver_ID, count(*) FROM vehicle_driver JOIN vehicle ON vehicle_driver.Vehicle_ID = vehicle.Vehicle_ID GROUP BY vehicle_driver.Driver_ID ORDER BY count(*) DESC LIMIT 1"
200,159,vehicle_driver,vehicle_driver,,,False,0,True,SELECT T1.C1 FROM T1 WHERE T1.C5 = (SELECT MIN(T1.C5) FROM T1),SELECT vehicle.Vehicle_ID FROM vehicle WHERE vehicle.Power = (SELECT MIN(vehicle.Power) FROM vehicle)
201,160,vehicle_driver,vehicle_driver,,,False,0,True,SELECT T3.C12 FROM T3 JOIN T2 ON T3.C13 = T2.C8 WHERE T2.C11 = ( SELECT C11 FROM T2 ORDER BY C11 ASC LIMIT 1 ),SELECT vehicle_driver.Driver_ID FROM vehicle_driver JOIN driver ON vehicle_driver.Vehicle_ID = driver.Driver_ID WHERE driver.Racing_Series = ( SELECT Racing_Series FROM driver ORDER BY Racing_Series ASC LIMIT 1 )
202,171,vehicle_driver,vehicle_driver,,,False,3,False,SELECT DISTINCT T2.C9 FROM T3 AS T1 JOIN T2 ON T1.C13 = T2.C8 WHERE T1.C5 > 5000,SELECT DISTINCT driver.Name FROM vehicle_driver AS vehicle JOIN driver ON vehicle.Vehicle_ID = driver.Driver_ID WHERE vehicle.Power > 5000
203,172,vehicle_driver,vehicle_driver,,,False,0,True,SELECT T2.C9 FROM T2 INNER JOIN T3 ON T2.C8 = T3.C12 INNER JOIN T1 ON T3.C13 = T1.C1 WHERE T1.C5 > 5000,SELECT driver.Name FROM driver INNER JOIN vehicle_driver ON driver.Driver_ID = vehicle_driver.Driver_ID INNER JOIN vehicle ON vehicle_driver.Vehicle_ID = vehicle.Vehicle_ID WHERE vehicle.Power > 5000
204,177,vehicle_driver,vehicle_driver,,,False,1,True,SELECT C9 FROM T2 WHERE C9 NOT IN (SELECT C10 FROM T3),SELECT Name FROM driver WHERE Name NOT IN (SELECT Citizenship FROM vehicle_driver)
205,178,vehicle_driver,vehicle_driver,,,False,1,True,SELECT T2.C9 FROM T2 INNER JOIN T3 ON T2.C8 = T3.C12 WHERE T3.C13 IS NULL,SELECT driver.Name FROM driver INNER JOIN vehicle_driver ON driver.Driver_ID = vehicle_driver.Driver_ID WHERE vehicle_driver.Vehicle_ID IS NULL
206,179,vehicle_driver,vehicle_driver,,,False,0,True,"SELECT T1.C5, T1.C2 FROM T1 INNER JOIN T3 ON T1.C1 = T3.C13 WHERE T3.C12 IN (SELECT C12 FROM T2 WHERE C9 = 'Ziyang') OR T1.C4 = 2","SELECT vehicle.Power, vehicle.Model FROM vehicle INNER JOIN vehicle_driver ON vehicle.Vehicle_ID = vehicle_driver.Vehicle_ID WHERE vehicle_driver.Driver_ID IN (SELECT Driver_ID FROM driver WHERE Name = 'Ziyang') OR vehicle.Top_Speed = 2"
207,180,vehicle_driver,vehicle_driver,,,False,0,True,"SELECT T1.C1, T1.C2 FROM T1 AS T1 JOIN T3 AS T2 ON T1.C1 = T2.C13 WHERE T2.C12 IN (SELECT T2.C8 FROM T2 WHERE T2.C9 = ""Ziyang"") OR T1.C6 = ""Ziyang""","SELECT vehicle.Vehicle_ID, vehicle.Model FROM vehicle AS vehicle JOIN vehicle_driver AS driver ON vehicle.Vehicle_ID = driver.Vehicle_ID WHERE driver.Driver_ID IN (SELECT driver.Driver_ID FROM driver WHERE driver.Name = ""Ziyang"") OR vehicle.Builder = ""Ziyang"""
208,183,vehicle_driver,vehicle_driver,,,False,0,True,SELECT T1.C5 FROM T1 WHERE T1.C4 = ( SELECT MAX(T1.C4) FROM T1 ),SELECT vehicle.Power FROM vehicle WHERE vehicle.Top_Speed = ( SELECT MAX(vehicle.Top_Speed) FROM vehicle )
209,184,vehicle_driver,vehicle_driver,,,False,3,False,SELECT COUNT(T3.C5) FROM T3 INNER JOIN T1 ON T3.C13 = T1.C1 WHERE T3.C4 = (SELECT MAX(C4) FROM T1),SELECT COUNT(vehicle_driver.Power) FROM vehicle_driver INNER JOIN vehicle ON vehicle_driver.Vehicle_ID = vehicle.Vehicle_ID WHERE vehicle_driver.Top_Speed = (SELECT MAX(Top_Speed) FROM vehicle)
210,189,vehicle_driver,vehicle_driver,,,False,0,True,"SELECT T2.C10 , T2.C9 FROM T2 INNER JOIN T3 ON T2.C8 = T3.C12 INNER JOIN T1 ON T3.C13 = T1.C1 WHERE T1.C2 = 'DJ1'","SELECT driver.Citizenship , driver.Name FROM driver INNER JOIN vehicle_driver ON driver.Driver_ID = vehicle_driver.Driver_ID INNER JOIN vehicle ON vehicle_driver.Vehicle_ID = vehicle.Vehicle_ID WHERE vehicle.Model = 'DJ1'"
211,190,vehicle_driver,vehicle_driver,,,False,3,False,"SELECT T2.C9, T2.C10 FROM T3 AS T3 JOIN T2 ON T3.C13 = T2.C8 WHERE T3.C12 IN (SELECT C12 FROM T3 WHERE C5 = (SELECT C5 FROM T1 WHERE C2 = 'DJ1'))","SELECT driver.Name, driver.Citizenship FROM vehicle_driver AS vehicle_driver JOIN driver ON vehicle_driver.Vehicle_ID = driver.Driver_ID WHERE vehicle_driver.Driver_ID IN (SELECT Driver_ID FROM vehicle_driver WHERE Power = (SELECT Power FROM vehicle WHERE Model = 'DJ1'))"
212,199,online_exams,online_exams,,,False,0,True,"SELECT C3 FROM T1 WHERE C2 LIKE ""%data%"" ORDER BY C3 DESC","SELECT Exam_Date FROM Exams WHERE Subject_Code LIKE ""%data%"" ORDER BY Exam_Date DESC"
213,200,online_exams,online_exams,,,False,0,True,SELECT C3 FROM T1 WHERE C4 LIKE '%data%' ORDER BY C3 DESC,SELECT Exam_Date FROM Exams WHERE Exam_Name LIKE '%data%' ORDER BY Exam_Date DESC
214,213,online_exams,online_exams,,,False,0,True,SELECT T3.C17 FROM T3 GROUP BY T3.C17 ORDER BY COUNT(T3.C17) LIMIT 1,SELECT Student_Assessments.Assessment FROM Student_Assessments GROUP BY Student_Assessments.Assessment ORDER BY COUNT(Student_Assessments.Assessment) LIMIT 1
215,214,online_exams,online_exams,,,False,0,True,SELECT C5 FROM T1 ORDER BY C2 ASC LIMIT 1,SELECT Assessment FROM Student_Assessments ORDER BY Valid_Answer_ID ASC LIMIT 1
216,217,online_exams,online_exams,,,False,0,True,SELECT T3.C10 FROM T3 JOIN T1 ON T3.C11 = T1.C1 WHERE T1.C3 = 'valid' GROUP BY T3.C10 ORDER BY COUNT(*) DESC LIMIT 1,SELECT Student_Assessments.Student_Answer_ID FROM Student_Assessments JOIN Valid_Answers ON Student_Assessments.Valid_Answer_ID = Valid_Answers.Valid_Answer_ID WHERE Valid_Answers.Valid_Answer_Text = 'valid' GROUP BY Student_Assessments.Student_Answer_ID ORDER BY COUNT(*) DESC LIMIT 1
217,218,online_exams,online_exams,,,False,0,True,SELECT C3 FROM T1 GROUP BY C3 ORDER BY COUNT(C3) DESC LIMIT 1,SELECT Valid_Answer_Text FROM Valid_Answers GROUP BY Valid_Answer_Text ORDER BY COUNT(Valid_Answer_Text) DESC LIMIT 1
218,225,online_exams,online_exams,,,False,0,True,SELECT T1.C2 FROM T1 WHERE T1.C1 NOT IN (SELECT T2.C10 FROM T2),SELECT Students.First_Name FROM Students WHERE Students.Student_ID NOT IN (SELECT Student_Answers.Student_ID FROM Student_Answers)
219,226,online_exams,online_exams,,,False,0,True,SELECT T1.C2 FROM T1 WHERE T1.C1 NOT IN ( SELECT T2.C10 FROM T2 ),SELECT Students.First_Name FROM Students WHERE Students.Student_ID NOT IN ( SELECT Student_Answers.Student_ID FROM Student_Answers )
220,227,online_exams,online_exams,,,False,0,True,SELECT T2.C8 FROM T2 JOIN T1 ON T1.C1 = T2.C5 WHERE T2.C9 = 'Normal' INTERSECT SELECT T2.C8 FROM T2 JOIN T1 ON T1.C1 = T2.C5 WHERE T2.C9 = 'Absent',SELECT Student_Answers.Comments FROM Student_Answers JOIN Valid_Answers ON Valid_Answers.Valid_Answer_ID = Student_Answers.Exam_ID WHERE Student_Answers.Student_Answer_Text = 'Normal' INTERSECT SELECT Student_Answers.Comments FROM Student_Answers JOIN Valid_Answers ON Valid_Answers.Valid_Answer_ID = Student_Answers.Exam_ID WHERE Student_Answers.Student_Answer_Text = 'Absent'
221,228,online_exams,online_exams,,,False,0,True,SELECT T2.C8 FROM T2 WHERE T2.C9 = 'Normal' INTERSECT SELECT T2.C8 FROM T2 WHERE T2.C9 = 'Absent',SELECT Student_Answers.Comments FROM Student_Answers WHERE Student_Answers.Student_Answer_Text = 'Normal' INTERSECT SELECT Student_Answers.Comments FROM Student_Answers WHERE Student_Answers.Student_Answer_Text = 'Absent'
222,249,customers_and_orders,customers_and_orders,,,False,0,True,"SELECT T1.C3 , T1.C4 FROM T1 WHERE T1.C4 > ( SELECT AVG(C4) FROM T1 )","SELECT Products.product_name , Products.product_price FROM Products WHERE Products.product_price > ( SELECT AVG(product_price) FROM Products )"
223,250,customers_and_orders,customers_and_orders,,,False,0,True,SELECT T1.C2 FROM T1 WHERE T1.C4 > ( SELECT avg(C4) FROM T1 ),SELECT Products.product_type_code FROM Products WHERE Products.product_price > ( SELECT avg(product_price) FROM Products )
224,253,customers_and_orders,customers_and_orders,,,False,0,True,SELECT C2 FROM T1 WHERE C3 = 'Clothes' ORDER BY C4 DESC LIMIT 1,SELECT product_type_code FROM Products WHERE product_name = 'Clothes' ORDER BY product_price DESC LIMIT 1
225,254,customers_and_orders,customers_and_orders,,,False,0,True,SELECT T1.C3 FROM T1 WHERE T1.C4 = (SELECT max(C4) FROM T1),SELECT Products.product_name FROM Products WHERE Products.product_price = (SELECT max(product_price) FROM Products)
226,255,customers_and_orders,customers_and_orders,,,False,0,True,"SELECT T1.C1 , T1.C3 FROM T1 WHERE T1.C2 = ""Hardware"" ORDER BY T1.C4 LIMIT 1","SELECT Products.product_id , Products.product_name FROM Products WHERE Products.product_type_code = ""Hardware"" ORDER BY Products.product_price LIMIT 1"
227,256,customers_and_orders,customers_and_orders,,,False,0,True,"SELECT T1.C1 , T1.C2 FROM T1 WHERE T1.C3 = 'Hardware' ORDER BY T1.C4 LIMIT 1","SELECT Products.product_id , Products.product_type_code FROM Products WHERE Products.product_name = 'Hardware' ORDER BY Products.product_price LIMIT 1"
228,267,customers_and_orders,customers_and_orders,,,False,0,True,SELECT T2.C2 FROM T1 AS T1 JOIN T1 AS T2 ON T1.C1 = T2.C1 GROUP BY T2.C2 ORDER BY COUNT(T1.C1) DESC LIMIT 1,SELECT T2.product_type_code FROM Products AS Products JOIN Products AS T2 ON Products.product_id = T2.product_id GROUP BY T2.product_type_code ORDER BY COUNT(Products.product_id) DESC LIMIT 1
229,268,customers_and_orders,customers_and_orders,,,False,0,True,SELECT C2 FROM T1 GROUP BY C2 ORDER BY COUNT(C2) DESC LIMIT 1,SELECT product_type_code FROM Products GROUP BY product_type_code ORDER BY COUNT(product_type_code) DESC LIMIT 1
230,277,customers_and_orders,customers_and_orders,,,False,0,True,SELECT C5 FROM T1 WHERE C6 GROUP BY C5 ORDER BY COUNT(*) DESC LIMIT 1,SELECT customer_address FROM Customers WHERE customer_phone GROUP BY customer_address ORDER BY COUNT(*) DESC LIMIT 1
231,278,customers_and_orders,customers_and_orders,,,False,0,True,SELECT C5 FROM T1 GROUP BY C5 ORDER BY COUNT(C5) DESC LIMIT 1,SELECT customer_name FROM Customers GROUP BY customer_name ORDER BY COUNT(customer_name) DESC LIMIT 1
232,279,customers_and_orders,customers_and_orders,,,False,0,True,SELECT C6 FROM T1 GROUP BY C6 ORDER BY COUNT(C6) LIMIT 1,SELECT customer_phone FROM Customers GROUP BY customer_phone ORDER BY COUNT(customer_phone) LIMIT 1
233,280,customers_and_orders,customers_and_orders,,,False,0,True,SELECT C2 FROM T1 GROUP BY C2 ORDER BY COUNT(C2) LIMIT 1,SELECT payment_method_code FROM Customers GROUP BY payment_method_code ORDER BY COUNT(payment_method_code) LIMIT 1
234,287,customers_and_orders,customers_and_orders,,,False,0,True,SELECT C2 FROM T1 GROUP BY C2 ORDER BY COUNT(C1) LIMIT 1,SELECT product_type_code FROM Products GROUP BY product_type_code ORDER BY COUNT(product_id) LIMIT 1
235,288,customers_and_orders,customers_and_orders,,,False,0,True,SELECT C2 FROM T1 GROUP BY C2 ORDER BY COUNT(C2) ASC LIMIT 1,SELECT product_type_code FROM Products GROUP BY product_type_code ORDER BY COUNT(product_type_code) ASC LIMIT 1
236,299,customers_and_orders,customers_and_orders,,,False,0,True,SELECT T2.C7 FROM T2 GROUP BY T2.C7 ORDER BY COUNT(*) DESC LIMIT 1,SELECT Order_Items.product_id FROM Order_Items GROUP BY Order_Items.product_id ORDER BY COUNT(*) DESC LIMIT 1
237,300,customers_and_orders,customers_and_orders,,,False,0,True,SELECT T3.C14 FROM T3 JOIN T2 ON T3.C12 = T2.C7 GROUP BY T3.C14 ORDER BY COUNT(*) DESC LIMIT 1,SELECT Order_Items.order_quantity FROM Order_Items JOIN Customer_Orders ON Order_Items.order_id = Customer_Orders.order_id GROUP BY Order_Items.order_quantity ORDER BY COUNT(*) DESC LIMIT 1
238,303,customers_and_orders,customers_and_orders,,,False,0,True,SELECT T1.C3 FROM T1 WHERE T1.C1 NOT IN (SELECT T3.C11 FROM T3 WHERE T3.C12 != ''),SELECT Products.product_name FROM Products WHERE Products.product_id NOT IN (SELECT Order_Items.product_id FROM Order_Items WHERE Order_Items.order_quantity != '')
239,304,customers_and_orders,customers_and_orders,,,False,0,True,SELECT T1.C3 FROM T1 WHERE T1.C3 NOT IN (SELECT T3.C12 FROM T3),SELECT Products.product_name FROM Products WHERE Products.product_name NOT IN (SELECT Order_Items.order_quantity FROM Order_Items)
240,40,e_commerce,e_commerce,,,False,3,False,"SELECT T7.C28, T2.C8, T2.C9 FROM T2 INNER JOIN T7 ON T7.C28 = T2.C7 INNER JOIN T5 ON T5.C19 = T7.C28 INNER JOIN T4 ON T4.C15 = T5.C20 WHERE T4.C16 = T2.C7 GROUP BY T7.C28 HAVING COUNT(T7.C28) > 2 INTERSECT SELECT T7.C28 FROM T7 WHERE T7.C29 > 2 INTERSECT SELECT T5.C20 FROM T5 WHERE T5.C21 > 3","SELECT Shipment_Items.shipment_id, Customers.gender_code, Customers.customer_first_name FROM Customers INNER JOIN Shipment_Items ON Shipment_Items.shipment_id = Customers.customer_id INNER JOIN Order_Items ON Order_Items.order_item_id = Shipment_Items.shipment_id INNER JOIN Orders ON Orders.order_id = Order_Items.product_id WHERE Orders.customer_id = Customers.customer_id GROUP BY Shipment_Items.shipment_id HAVING COUNT(Shipment_Items.shipment_id) > 2 INTERSECT SELECT Shipment_Items.shipment_id FROM Shipment_Items WHERE Shipment_Items.order_item_id > 2 INTERSECT SELECT Order_Items.product_id FROM Order_Items WHERE Order_Items.order_id > 3"
241,41,e_commerce,e_commerce,,,False,3,False,"SELECT T2.C7, T2.C8, T2.C9 FROM T2 AS T1 JOIN T4 AS T2 ON T1.C7 = T2.C16 JOIN T5 AS T3 ON T2.C15 = T3.C21 WHERE T3.C20 > 2 AND T3.C20 >= 3","SELECT Customers.customer_id, Customers.gender_code, Customers.customer_first_name FROM Customers AS Products JOIN Orders AS Customers ON Products.customer_id = Customers.customer_id JOIN Order_Items AS Customer_Payment_Methods ON Customers.order_id = Customer_Payment_Methods.order_id WHERE Customer_Payment_Methods.product_id > 2 AND Customer_Payment_Methods.product_id >= 3"
242,46,e_commerce,e_commerce,,,False,0,True,"SELECT C2 , C3 , C4 FROM T1 WHERE C1 NOT IN (SELECT C8 FROM T2)","SELECT gender_code , customer_first_name , customer_middle_initial FROM Customers WHERE customer_id NOT IN (SELECT customer_id FROM Orders)"
243,47,e_commerce,e_commerce,,,False,0,True,"SELECT T1.C2, T1.C3, T1.C4 FROM T1 WHERE T1.C1 NOT IN (SELECT T2.C8 FROM T2)","SELECT Customers.gender_code, Customers.customer_first_name, Customers.customer_middle_initial FROM Customers WHERE Customers.customer_id NOT IN (SELECT Orders.customer_id FROM Orders)"
244,48,e_commerce,e_commerce,,,False,0,True,"SELECT T1.C1 , T1.C3 , T1.C4 , T1.C5 FROM T1 AS T1 LEFT JOIN T2 AS T2 ON T1.C1 = T2.C8 WHERE T2.C10 = '00:00:00'","SELECT Products.product_id , Products.product_name , Products.product_price , Products.product_color FROM Products AS Products LEFT JOIN Orders AS Orders ON Products.product_id = Orders.customer_id WHERE Orders.date_order_placed = '00:00:00'"
245,52,e_commerce,e_commerce,,,False,0,True,"SELECT T1.C1 , T1.C3 , T1.C4 FROM T1 AS T1 JOIN T5 AS T5 ON T5.C20 = T1.C1 JOIN T7 AS T7 ON T7.C28 = T6.C23 JOIN T6 AS T6 ON T6.C24 = T6.C24 JOIN T4 AS T4 ON T4.C16 = T6.C24 JOIN T3 AS T3 ON T3.C13 = T4.C16 WHERE T5.C21 = T4.C15 GROUP BY T1.C3 ORDER BY COUNT(T5.C21) DESC LIMIT 1","SELECT Products.product_id , Products.product_name , Products.product_price FROM Products AS Products JOIN Order_Items AS Order_Items ON Order_Items.product_id = Products.product_id JOIN Shipment_Items AS Shipment_Items ON Shipment_Items.shipment_id = Shipments.shipment_id JOIN Shipments AS Shipments ON Shipments.order_id = Shipments.order_id JOIN Orders AS Orders ON Orders.customer_id = Shipments.order_id JOIN Customer_Payment_Methods AS Customer_Payment_Methods ON Customer_Payment_Methods.customer_id = Orders.customer_id WHERE Order_Items.order_id = Orders.order_id GROUP BY Products.product_name ORDER BY COUNT(Order_Items.order_id) DESC LIMIT 1"
246,53,e_commerce,e_commerce,,,False,0,True,"SELECT T1.C1 , T1.C3 , T1.C4 FROM T1 AS T1 JOIN T2 AS T2 ON T1.C1 = T2.C8 GROUP BY T2.C8 ORDER BY COUNT(*) DESC LIMIT 1","SELECT Products.product_id , Products.product_name , Products.product_price FROM Products AS Products JOIN Order_Items AS Order_Items ON Products.product_id = Order_Items.product_id GROUP BY Order_Items.product_id ORDER BY COUNT(*) DESC LIMIT 1"
247,54,e_commerce,e_commerce,,,False,0,True,"SELECT T2.C7 , SUM(T1.C4) FROM T1 AS T1 JOIN T2 AS T2 ON T1.C1 = T2.C8 GROUP BY T2.C7 ORDER BY SUM(T1.C4) ASC LIMIT 1","SELECT Orders.order_id , SUM(Products.product_price) FROM Products AS Products JOIN Orders AS Orders ON Products.product_id = Orders.customer_id GROUP BY Orders.order_id ORDER BY SUM(Products.product_price) ASC LIMIT 1"
248,55,e_commerce,e_commerce,,,False,0,True,"SELECT T1.C1, sum(T2.C6) FROM T2 INNER JOIN T1 ON T2.C7 = T1.C1 GROUP BY T1.C1 ORDER BY sum(T2.C6) ASC LIMIT 1","SELECT Orders.order_id, sum(Order_Items.product_id) FROM Order_Items INNER JOIN Orders ON Order_Items.order_id = Orders.order_id GROUP BY Orders.order_id ORDER BY sum(Order_Items.product_id) ASC LIMIT 1"
249,72,e_commerce,e_commerce,,,False,0,True,"SELECT DISTINCT T1.C3, T1.C4, T1.C6 FROM T1 AS T1 JOIN T4 AS T4 ON T1.C1 = T4.C18 JOIN T2 AS T2 ON T4.C19 = T2.C7 WHERE T2.C8 = 'female'","SELECT DISTINCT Products.product_name, Products.product_price, Products.product_description FROM Products AS Products JOIN Order_Items AS Order_Items ON Products.product_id = Order_Items.product_id JOIN Customers AS Customers ON Order_Items.order_id = Customers.customer_id WHERE Customers.gender_code = 'female'"
250,73,e_commerce,e_commerce,,,False,0,True,"SELECT T1.C3, T1.C4, T1.C6 FROM T1 AS T1 JOIN T2 AS T2 ON T1.C1 = T2.C7 WHERE T2.C8 = 'female'","SELECT Products.product_name, Products.product_price, Products.product_description FROM Products AS Products JOIN Customers AS Customers ON Products.product_id = Customers.customer_id WHERE Customers.gender_code = 'female'"
251,88,e_commerce,e_commerce,,,False,0,True,"SELECT C3 , C6 FROM T1 WHERE C4 > (SELECT AVG(C4) FROM T1)","SELECT product_name , product_size FROM Products WHERE product_price > (SELECT AVG(product_price) FROM Products)"
252,89,e_commerce,e_commerce,,,False,0,True,"SELECT C4, C6 FROM T1 WHERE C4 > ( SELECT AVG(C4) FROM T1 )","SELECT product_price, product_size FROM Products WHERE product_price > ( SELECT AVG(product_price) FROM Products )"
253,90,e_commerce,e_commerce,,,False,0,True,SELECT COUNT(C3) FROM T1 WHERE C2 = 0,SELECT COUNT(product_name) FROM Products WHERE parent_product_id = 0
254,91,e_commerce,e_commerce,,,False,0,True,SELECT COUNT(T1.C3) FROM T1 WHERE T1.C1 NOT IN (SELECT T2.C8 FROM T2),SELECT COUNT(Products.product_name) FROM Products WHERE Products.product_id NOT IN (SELECT Order_Items.product_id FROM Order_Items)
255,92,e_commerce,e_commerce,,,False,2,True,SELECT COUNT(T1.C1) FROM T1 LEFT JOIN T2 ON T1.C1 = T2.C7 WHERE T2.C8 IS NULL,SELECT COUNT(Customers.customer_id) FROM Customers LEFT JOIN Customer_Payment_Methods ON Customers.customer_id = Customer_Payment_Methods.customer_id WHERE Customer_Payment_Methods.payment_method_code IS NULL
256,93,e_commerce,e_commerce,,,False,1,True,SELECT count(*) FROM T1 WHERE C2 IS NULL,SELECT count(*) FROM Customers WHERE gender_code IS NULL
257,106,e_commerce,e_commerce,,,False,0,True,"SELECT T1.C3 , T1.C5 , T1.C6 FROM T1 GROUP BY T1.C2 ORDER BY COUNT(T1.C2) ASC LIMIT 1","SELECT Customers.email_address , Customers.town_city , Customers.county FROM Customers GROUP BY Customers.gender_code ORDER BY COUNT(Customers.gender_code) ASC LIMIT 1"
258,107,e_commerce,e_commerce,,,False,0,True,"SELECT T1.C3, T1.C5, T1.C6 FROM T1 WHERE T1.C2 = (SELECT C2 FROM T1 GROUP BY C2 ORDER BY COUNT(C2) ASC LIMIT 1)","SELECT Customers.email_address, Customers.town_city, Customers.county FROM Customers WHERE Customers.gender_code = (SELECT gender_code FROM Customers GROUP BY gender_code ORDER BY COUNT(gender_code) ASC LIMIT 1)"
259,118,e_commerce,e_commerce,,,False,0,True,"SELECT C4 , C6 , C5 FROM T1 WHERE C3 < ( SELECT MAX(C3) FROM T1 )","SELECT product_color , product_description , product_size FROM Products WHERE product_price < ( SELECT MAX(product_price) FROM Products )"
260,119,e_commerce,e_commerce,,,False,0,True,"SELECT C5 , C6 , C4 FROM T1 WHERE C3 < ( SELECT MAX(C3) FROM T1 )","SELECT product_size , product_description , product_color FROM Products WHERE product_price < ( SELECT MAX(product_price) FROM Products )"
261,125,bbc_channels,bbc_channels,,,False,0,True,"SELECT T2.C6 , count(*) FROM T3 AS T1 JOIN T2 AS T2 ON T1.C12 = T2.C6 GROUP BY T2.C6 ORDER BY count(*) DESC LIMIT 1","SELECT director.Director_ID , count(*) FROM program AS channel JOIN director AS director ON channel.Director_ID = director.Director_ID GROUP BY director.Director_ID ORDER BY count(*) DESC LIMIT 1"
262,126,bbc_channels,bbc_channels,,,False,0,True,"SELECT T2.C7, T2.C8 FROM T2 INNER JOIN T3 ON T2.C6 = T3.C12 INNER JOIN T1 ON T3.C13 = T1.C1 WHERE T3.C9 = ( SELECT MAX(C9) FROM T3 )","SELECT director.Name, director.Age FROM director INNER JOIN program ON director.Director_ID = program.Director_ID INNER JOIN channel ON program.Channel_ID = channel.Channel_ID WHERE program.Program_ID = ( SELECT MAX(Program_ID) FROM program )"
263,130,bbc_channels,bbc_channels,,,False,1,True,SELECT COUNT(C5) FROM T1 WHERE C3 IS NULL,SELECT COUNT(Internet) FROM channel WHERE Analogue_terrestrial_channel IS NULL
264,132,bbc_channels,bbc_channels,,,False,0,True,"SELECT T1.C2, T1.C5 FROM T1 AS T1 JOIN T3 AS T3 ON T3.C13 = T1.C1 JOIN T2 AS T2 ON T2.C6 = T3.C12 GROUP BY T1.C2, T1.C5 ORDER BY COUNT(T2.C6) DESC LIMIT 1","SELECT channel.Name, channel.Internet FROM channel AS channel JOIN program AS program ON program.Channel_ID = channel.Channel_ID JOIN director AS director ON director.Director_ID = program.Director_ID GROUP BY channel.Name, channel.Internet ORDER BY COUNT(director.Director_ID) DESC LIMIT 1"
265,134,bbc_channels,bbc_channels,,,False,3,False,SELECT T2.C7 FROM T3 AS T2 JOIN T1 AS T1 ON T2.C13 = T1.C1 WHERE T1.C3 > 60 AND T1.C3 < 40,SELECT director.Name FROM program AS director JOIN channel AS channel ON director.Channel_ID = channel.Channel_ID WHERE channel.Analogue_terrestrial_channel > 60 AND channel.Analogue_terrestrial_channel < 40
266,181,vehicle_driver,vehicle_driver,,,False,0,True,"SELECT T1.C5, T1.C2 FROM T1 JOIN T3 ON T3.C13 = T1.C1 JOIN T2 ON T2.C8 = T3.C12 WHERE T2.C11 = 'Jeff Gordon' OR T3.C13 IN (SELECT C13 FROM T3 GROUP BY C13 HAVING count(*) > 2)","SELECT vehicle.Power, vehicle.Model FROM vehicle JOIN vehicle_driver ON vehicle_driver.Vehicle_ID = vehicle.Vehicle_ID JOIN driver ON driver.Driver_ID = vehicle_driver.Driver_ID WHERE driver.Racing_Series = 'Jeff Gordon' OR vehicle_driver.Vehicle_ID IN (SELECT Vehicle_ID FROM vehicle_driver GROUP BY Vehicle_ID HAVING count(*) > 2)"
267,182,vehicle_driver,vehicle_driver,,,False,0,True,"SELECT T1.C1 , T1.C2 FROM T1 AS T1 JOIN T3 AS T3 ON T1.C1 = T3.C13 JOIN T2 AS T2 ON T3.C12 = T2.C8 WHERE T2.C11 = 'Jeff Gordon' OR T3.C13 IN (SELECT T3.C13 FROM T3 AS T3 JOIN T2 AS T2 ON T3.C12 = T2.C8 GROUP BY T3.C13 HAVING count(*) > 2)","SELECT vehicle.Vehicle_ID , vehicle.Model FROM vehicle AS vehicle JOIN vehicle_driver AS vehicle_driver ON vehicle.Vehicle_ID = vehicle_driver.Vehicle_ID JOIN driver AS driver ON vehicle_driver.Driver_ID = driver.Driver_ID WHERE driver.Racing_Series = 'Jeff Gordon' OR vehicle_driver.Vehicle_ID IN (SELECT vehicle_driver.Vehicle_ID FROM vehicle_driver AS vehicle_driver JOIN driver AS driver ON vehicle_driver.Driver_ID = driver.Driver_ID GROUP BY vehicle_driver.Vehicle_ID HAVING count(*) > 2)"
268,191,vehicle_driver,vehicle_driver,,,False,0,True,SELECT COUNT(T3.C12) FROM T3 WHERE T3.C13 NOT IN (SELECT T1.C1 FROM T1),SELECT COUNT(vehicle_driver.Driver_ID) FROM vehicle_driver WHERE vehicle_driver.Vehicle_ID NOT IN (SELECT vehicle.Vehicle_ID FROM vehicle)
269,192,vehicle_driver,vehicle_driver,,,False,1,True,SELECT COUNT(T2.C8) FROM T2 WHERE T2.C11 NOT IN (SELECT T1.C6 FROM T1 WHERE T1.C5 = T2.C8),SELECT COUNT(driver.Driver_ID) FROM driver WHERE driver.Racing_Series NOT IN (SELECT vehicle.Builder FROM vehicle WHERE vehicle.Power = driver.Driver_ID)
270,251,customers_and_orders,customers_and_orders,,,False,0,True,SELECT C3 FROM T1 WHERE C4 > (SELECT AVG(C4) FROM T1 WHERE C2 = 'hardware'),SELECT product_name FROM Products WHERE product_price > (SELECT AVG(product_price) FROM Products WHERE product_type_code = 'hardware')
271,252,customers_and_orders,customers_and_orders,,,False,0,True,SELECT T1.C2 FROM T1 WHERE T1.C3 = 'Hardware' AND T1.C4 > ( SELECT AVG(C4) FROM T1 WHERE C3 = 'Hardware' ),SELECT Products.product_type_code FROM Products WHERE Products.product_name = 'Hardware' AND Products.product_price > ( SELECT AVG(product_price) FROM Products WHERE product_name = 'Hardware' )
272,295,customers_and_orders,customers_and_orders,,,False,0,True,"SELECT T1.C5 , T1.C3 , T1.C2 , T1.C6 FROM T1 INNER JOIN T3 ON T1.C1 = T3.C12 INNER JOIN T2 ON T3.C11 = T2.C8 WHERE T2.C8 = (SELECT T2.C8 FROM T2 GROUP BY T2.C8 ORDER BY COUNT(T2.C8) DESC LIMIT 1)","SELECT Customers.customer_phone , Customers.customer_number , Customers.address_id , Customers.customer_email FROM Customers INNER JOIN Order_Items ON Customers.customer_id = Order_Items.order_id INNER JOIN Customer_Orders ON Order_Items.order_item_id = Customer_Orders.customer_id WHERE Customer_Orders.customer_id = (SELECT Customer_Orders.customer_id FROM Customer_Orders GROUP BY Customer_Orders.customer_id ORDER BY COUNT(Customer_Orders.customer_id) DESC LIMIT 1)"
273,296,customers_and_orders,customers_and_orders,,,False,0,True,"SELECT T1.C1 , T1.C5 , T1.C2 , T1.C6 FROM T1 AS T1 JOIN T3 AS T2 ON T1.C1 = T2.C12 GROUP BY T1.C1 ORDER BY count(*) DESC LIMIT 1","SELECT Customers.customer_id , Customers.customer_phone , Customers.address_id , Customers.customer_email FROM Customers AS Customers JOIN Order_Items AS Customer_Orders ON Customers.customer_id = Customer_Orders.order_id GROUP BY Customers.customer_id ORDER BY count(*) DESC LIMIT 1"
274,301,customers_and_orders,customers_and_orders,,,False,0,True,SELECT COUNT(T1.C5) FROM T1 WHERE T1.C5 NOT IN (SELECT T3.C14 FROM T3),SELECT COUNT(Customers.customer_phone) FROM Customers WHERE Customers.customer_phone NOT IN (SELECT Order_Items.order_quantity FROM Order_Items)
275,302,customers_and_orders,customers_and_orders,,,False,0,True,SELECT COUNT(T1.C5) FROM T1 WHERE T1.C5 NOT IN (SELECT T1.C5 FROM T1 INNER JOIN T2 ON T1.C1 = T2.C8 INNER JOIN T3 ON T2.C7 = T3.C12 WHERE T3.C14 IS NOT NULL),SELECT COUNT(Customers.customer_phone) FROM Customers WHERE Customers.customer_phone NOT IN (SELECT Customers.customer_phone FROM Customers INNER JOIN Customer_Orders ON Customers.customer_id = Customer_Orders.customer_id INNER JOIN Order_Items ON Customer_Orders.order_id = Order_Items.order_id WHERE Order_Items.order_quantity IS NOT NULL)
276,313,customers_and_orders,customers_and_orders,,,False,0,True,"SELECT T2.C7, T2.C5 FROM T3 AS T1 JOIN T2 ON T1.C10 = T2.C5 WHERE T1.C11 = (SELECT C1 FROM T1 WHERE C4 > 6) OR T1.C11 = (SELECT C1 FROM T1 GROUP BY C1 HAVING COUNT(C1) > 3)","SELECT Customer_Orders.order_date, Customer_Orders.order_id FROM Order_Items AS Products JOIN Customer_Orders ON Products.order_id = Customer_Orders.order_id WHERE Products.product_id = (SELECT product_id FROM Products WHERE product_price > 6) OR Products.product_id = (SELECT product_id FROM Products GROUP BY product_id HAVING COUNT(product_id) > 3)"
277,314,customers_and_orders,customers_and_orders,,,False,0,True,"SELECT T3.C9 , T2.C7 FROM T3 JOIN T2 ON T3.C10 = T2.C5 WHERE T3.C11 = 1 AND (T3.C11 > 6 OR T3.C11 > 3)","SELECT Order_Items.order_item_id , Customer_Orders.order_date FROM Order_Items JOIN Customer_Orders ON Order_Items.order_id = Customer_Orders.order_id WHERE Order_Items.product_id = 1 AND (Order_Items.product_id > 6 OR Order_Items.product_id > 3)"
278,337,region_building,region_building,,,False,0,True,SELECT T2.C9 FROM T1 AS T1 JOIN T2 ON T1.C2 = T2.C7 ORDER BY T1.C3 DESC LIMIT 1,SELECT region.Capital FROM building AS building JOIN region ON building.Region_ID = region.Region_ID ORDER BY building.Name DESC LIMIT 1
279,338,region_building,region_building,,,False,1,True,"SELECT T2.C8, T2.C9 FROM T2 WHERE T2.C10 IN (SELECT T1.C5 FROM T1 GROUP BY T1.C5 ORDER BY COUNT(T1.C5) DESC LIMIT 1)","SELECT region.Name, region.Capital FROM region WHERE region.Area IN (SELECT building.Number_of_Stories FROM building GROUP BY building.Number_of_Stories ORDER BY COUNT(building.Number_of_Stories) DESC LIMIT 1)"
280,365,government_shift,government_shift,,,False,0,True,"SELECT T5.C16, T5.C17, T5.C18 FROM T5 JOIN T3 ON T5.C16 = T3.C5 JOIN T1 ON T3.C7 = T1.C1 WHERE T1.C2 = ( SELECT T1.C2 FROM T1 GROUP BY T1.C2 ORDER BY COUNT(*) DESC LIMIT 1 )","SELECT Analytical_Layer.Customers_and_Services_ID, Analytical_Layer.Pattern_Recognition, Analytical_Layer.Analytical_Layer_Type_Code FROM Analytical_Layer JOIN Customers_and_Services ON Analytical_Layer.Customers_and_Services_ID = Customers_and_Services.Customers_and_Services_ID JOIN Services ON Customers_and_Services.Service_ID = Services.Service_ID WHERE Services.Service_Details = ( SELECT Services.Service_Details FROM Services GROUP BY Services.Service_Details ORDER BY COUNT(*) DESC LIMIT 1 )"
281,366,government_shift,government_shift,,,False,0,True,"SELECT T5.C16, T5.C17, T5.C18 FROM T5 JOIN T3 ON T5.C16 = T3.C5 JOIN T2 ON T3.C6 = T2.C3 WHERE T2.C4 = (SELECT T2.C4 FROM T2 JOIN T3 ON T3.C6 = T2.C3 JOIN T5 ON T5.C16 = T3.C5 GROUP BY T2.C4 ORDER BY COUNT(T5.C16) DESC LIMIT 1)","SELECT Analytical_Layer.Customers_and_Services_ID, Analytical_Layer.Pattern_Recognition, Analytical_Layer.Analytical_Layer_Type_Code FROM Analytical_Layer JOIN Customers_and_Services ON Analytical_Layer.Customers_and_Services_ID = Customers_and_Services.Customers_and_Services_ID JOIN Customers ON Customers_and_Services.Customer_ID = Customers.Customer_ID WHERE Customers.Customer_Details = (SELECT Customers.Customer_Details FROM Customers JOIN Customers_and_Services ON Customers_and_Services.Customer_ID = Customers.Customer_ID JOIN Analytical_Layer ON Analytical_Layer.Customers_and_Services_ID = Customers_and_Services.Customers_and_Services_ID GROUP BY Customers.Customer_Details ORDER BY COUNT(Analytical_Layer.Customers_and_Services_ID) DESC LIMIT 1)"
282,367,government_shift,government_shift,,,False,0,True,SELECT T2.C4 FROM T3 AS T1 JOIN T2 ON T1.C6 = T2.C3 JOIN T1 AS T3 ON T1.C1 = T3.C7 GROUP BY T2.C4 ORDER BY COUNT(T2.C4) DESC LIMIT 1,SELECT Customers.Customer_Details FROM Customers_and_Services AS Services JOIN Customers ON Services.Customer_ID = Customers.Customer_ID JOIN Services AS Customers_and_Services ON Services.Service_ID = Customers_and_Services.Service_ID GROUP BY Customers.Customer_Details ORDER BY COUNT(Customers.Customer_Details) DESC LIMIT 1
283,368,government_shift,government_shift,,,False,0,True,"SELECT T4.C13 , T4.C14 , T1.C2 FROM T1 AS T1 JOIN T4 AS T4 ON T4.C12 = T1.C1 JOIN T3 AS T3 ON T3.C7 = T1.C1 GROUP BY T4.C13 , T4.C14 ORDER BY COUNT(T4.C13) DESC LIMIT 1","SELECT Customer_Interactions.Status_Code , Customer_Interactions.Services_and_Channels_Details , Services.Service_Details FROM Services AS Services JOIN Customer_Interactions AS Customer_Interactions ON Customer_Interactions.Service_ID = Services.Service_ID JOIN Customers_and_Services AS Customers_and_Services ON Customers_and_Services.Service_ID = Services.Service_ID GROUP BY Customer_Interactions.Status_Code , Customer_Interactions.Services_and_Channels_Details ORDER BY COUNT(Customer_Interactions.Status_Code) DESC LIMIT 1"
284,371,government_shift,government_shift,,,False,0,True,"SELECT T5.C16 , T5.C17 , T5.C18 FROM T5 INNER JOIN T3 ON T5.C16 = T3.C5 INNER JOIN T1 ON T3.C7 = T1.C1 WHERE T1.C2 = ( SELECT T1.C2 FROM T1 GROUP BY T1.C2 ORDER BY COUNT(*) ASC LIMIT 1 )","SELECT Analytical_Layer.Customers_and_Services_ID , Analytical_Layer.Pattern_Recognition , Analytical_Layer.Analytical_Layer_Type_Code FROM Analytical_Layer INNER JOIN Customers_and_Services ON Analytical_Layer.Customers_and_Services_ID = Customers_and_Services.Customers_and_Services_ID INNER JOIN Services ON Customers_and_Services.Service_ID = Services.Service_ID WHERE Services.Service_Details = ( SELECT Services.Service_Details FROM Services GROUP BY Services.Service_Details ORDER BY COUNT(*) ASC LIMIT 1 )"
285,372,government_shift,government_shift,,,False,1,True,SELECT DISTINCT T2.C4 FROM T3 AS T1 JOIN T2 ON T1.C6 = T2.C3 JOIN T1 AS T3 ON T1.C7 = T3.C1 WHERE T1.C8 = (SELECT C8 FROM T3 GROUP BY C8 ORDER BY COUNT(*) ASC LIMIT 1),SELECT DISTINCT Customers.Customer_Details FROM Customers_and_Services AS Services JOIN Customers ON Services.Customer_ID = Customers.Customer_ID JOIN Services AS Customers_and_Services ON Services.Service_ID = Customers_and_Services.Service_ID WHERE Services.Customers_and_Services_Details = (SELECT Customers_and_Services_Details FROM Customers_and_Services GROUP BY Customers_and_Services_Details ORDER BY COUNT(*) ASC LIMIT 1)
286,377,government_shift,government_shift,,,False,3,False,"SELECT T2.C2 FROM T1 AS T1 JOIN T3 AS T3 ON T1.C1 = T3.C7 JOIN T2 AS T2 ON T3.C6 = T2.C3 WHERE T2.C4 = ""Hardy Kutch"" INTERSECT SELECT T2.C2 FROM T1 AS T1 JOIN T4 AS T4 ON T1.C1 = T4.C12 JOIN T2 AS T2 ON T4.C11 = T2.C3 WHERE T4.C13 = ""good""","SELECT Customers.Service_Details FROM Services AS Services JOIN Customers_and_Services AS Customers_and_Services ON Services.Service_ID = Customers_and_Services.Service_ID JOIN Customers AS Customers ON Customers_and_Services.Customer_ID = Customers.Customer_ID WHERE Customers.Customer_Details = ""Hardy Kutch"" INTERSECT SELECT Customers.Service_Details FROM Services AS Services JOIN Customer_Interactions AS Customer_Interactions ON Services.Service_ID = Customer_Interactions.Service_ID JOIN Customers AS Customers ON Customer_Interactions.Customer_ID = Customers.Customer_ID WHERE Customer_Interactions.Status_Code = ""good"""
287,378,government_shift,government_shift,,,False,3,False,SELECT T2.C4 FROM T2 AS T1 JOIN T3 AS T2 ON T1.C3 = T2.C6 WHERE T2.C8 = 'Hardy Kutch' INTERSECT SELECT T2.C4 FROM T3 AS T1 JOIN T4 AS T2 ON T1.C7 = T2.C11 WHERE T2.C13 = 'good',SELECT Customers.Customer_Details FROM Customers AS Services JOIN Customers_and_Services AS Customers ON Services.Customer_ID = Customers.Customer_ID WHERE Customers.Customers_and_Services_Details = 'Hardy Kutch' INTERSECT SELECT Customers.Customer_Details FROM Customers_and_Services AS Services JOIN Customer_Interactions AS Customers ON Services.Service_ID = Customers.Customer_ID WHERE Customers.Status_Code = 'good'
288,379,government_shift,government_shift,,,False,3,False,SELECT T2.C2 FROM T1 AS T1 JOIN T3 AS T3 ON T1.C1 = T3.C7 JOIN T2 AS T2 ON T3.C6 = T2.C3 JOIN T4 AS T4 ON T4.C12 = T1.C1 WHERE T4.C13 = 'bad' AND T2.C4 = 'Hardy Kutch',SELECT Customers.Service_Details FROM Services AS Services JOIN Customers_and_Services AS Customers_and_Services ON Services.Service_ID = Customers_and_Services.Service_ID JOIN Customers AS Customers ON Customers_and_Services.Customer_ID = Customers.Customer_ID JOIN Customer_Interactions AS Customer_Interactions ON Customer_Interactions.Service_ID = Services.Service_ID WHERE Customer_Interactions.Status_Code = 'bad' AND Customers.Customer_Details = 'Hardy Kutch'
289,380,government_shift,government_shift,,,False,0,True,SELECT T2.C4 FROM T2 INNER JOIN T3 ON T2.C3 = T3.C6 INNER JOIN T1 ON T3.C7 = T1.C1 INNER JOIN T4 ON T4.C11 = T2.C3 WHERE T4.C13 = 'bad' AND T2.C4 = 'Hardy Kutch' AND T1.C2 = T4.C14,SELECT Customers.Customer_Details FROM Customers INNER JOIN Customers_and_Services ON Customers.Customer_ID = Customers_and_Services.Customer_ID INNER JOIN Services ON Customers_and_Services.Service_ID = Services.Service_ID INNER JOIN Customer_Interactions ON Customer_Interactions.Customer_ID = Customers.Customer_ID WHERE Customer_Interactions.Status_Code = 'bad' AND Customers.Customer_Details = 'Hardy Kutch' AND Services.Service_Details = Customer_Interactions.Services_and_Channels_Details
290,401,vehicle_rent,vehicle_rent,,,False,0,True,"SELECT T3.C9 , T3.C11 , T3.C12 FROM T3 JOIN T4 ON T4.C21 = T3.C8 WHERE T3.C10 = 2013 OR T3.C10 = 2014","SELECT Vehicles.name , Vehicles.Type_of_powertrain , Vehicles.Combined_fuel_economy_rate FROM Vehicles JOIN Renting_history ON Renting_history.vehicles_id = Vehicles.id WHERE Vehicles.Model_year = 2013 OR Vehicles.Model_year = 2014"
291,402,vehicle_rent,vehicle_rent,,,False,1,True,"SELECT T2.C6 , T3.C11 , T3.C16 FROM T3 AS T3 JOIN T4 AS T4 ON T4.C21 = T3.C8 JOIN T1 AS T1 ON T4.C19 = T1.C1 JOIN T2 AS T2 ON T1.C1 = T2.C5 WHERE T3.C10 = 2013 OR T3.C10 = 2014","SELECT Discount.name , Vehicles.Type_of_powertrain , Vehicles.Annual_fuel_cost FROM Vehicles AS Vehicles JOIN Renting_history AS Renting_history ON Renting_history.vehicles_id = Vehicles.id JOIN Customers AS Customers ON Renting_history.customer_id = Customers.id JOIN Discount AS Discount ON Customers.id = Discount.id WHERE Vehicles.Model_year = 2013 OR Vehicles.Model_year = 2014"
292,429,vehicle_rent,vehicle_rent,,,False,0,True,"SELECT T3.C17, T3.C10 FROM T4 AS T1 JOIN T3 ON T1.C21 = T3.C8 JOIN T2 ON T1.C20 = T2.C5 GROUP BY T3.C17 ORDER BY COUNT(T1.C18) DESC LIMIT 1","SELECT Vehicles.Notes, Vehicles.Model_year FROM Renting_history AS Customers JOIN Vehicles ON Customers.vehicles_id = Vehicles.id JOIN Discount ON Customers.discount_id = Discount.id GROUP BY Vehicles.Notes ORDER BY COUNT(Customers.id) DESC LIMIT 1"
293,430,vehicle_rent,vehicle_rent,,,False,0,True,"SELECT T3.C17, T3.C10 FROM T4 AS T4 INNER JOIN T3 ON T4.C21 = T3.C8 INNER JOIN T2 ON T4.C20 = T2.C5 WHERE T4.C18 = ( SELECT MAX(C18) FROM T4 )","SELECT Vehicles.Notes, Vehicles.Model_year FROM Renting_history AS Renting_history INNER JOIN Vehicles ON Renting_history.vehicles_id = Vehicles.id INNER JOIN Discount ON Renting_history.discount_id = Discount.id WHERE Renting_history.id = ( SELECT MAX(id) FROM Renting_history )"
294,433,vehicle_rent,vehicle_rent,,,False,0,True,SELECT T2.C6 FROM T4 AS T1 JOIN T2 AS T2 ON T1.C20 = T2.C5 JOIN T3 AS T3 ON T1.C21 = T3.C8 GROUP BY T2.C6 ORDER BY COUNT(T1.C18) DESC LIMIT 1,SELECT Discount.name FROM Renting_history AS Customers JOIN Discount AS Discount ON Customers.discount_id = Discount.id JOIN Vehicles AS Vehicles ON Customers.vehicles_id = Vehicles.id GROUP BY Discount.name ORDER BY COUNT(Customers.id) DESC LIMIT 1
295,434,vehicle_rent,vehicle_rent,,,False,0,True,SELECT T2.C6 FROM T4 AS T4 JOIN T2 AS T2 ON T4.C20 = T2.C5 GROUP BY T2.C6 ORDER BY COUNT(T4.C18) DESC LIMIT 1,SELECT Discount.name FROM Renting_history AS Renting_history JOIN Discount AS Discount ON Renting_history.discount_id = Discount.id GROUP BY Discount.name ORDER BY COUNT(Renting_history.id) DESC LIMIT 1
296,441,cre_Students_Information_Systems,cre_Students_Information_Systems,,,False,0,True,"SELECT T1.C2 , T1.C1 FROM T1 AS T1 JOIN T3 AS T3 ON T1.C1 = T3.C9 WHERE T3.C10 = '2 or more classes' INTERSECT SELECT T1.C2 , T1.C1 FROM T1 AS T1 JOIN T1 AS T2 ON T1.C3 = T2.C3 WHERE T2.C1 NOT IN (SELECT T1.C1 FROM T1 AS T1 JOIN T10 AS T10 ON T1.C1 = T10.C37 WHERE T10.C40 < 2)","SELECT Students.bio_data , Students.student_id FROM Students AS Students JOIN Behaviour_Monitoring AS Behaviour_Monitoring ON Students.student_id = Behaviour_Monitoring.student_id WHERE Behaviour_Monitoring.behaviour_monitoring_details = '2 or more classes' INTERSECT SELECT Students.bio_data , Students.student_id FROM Students AS Students JOIN Students AS Transcripts ON Students.student_details = Transcripts.student_details WHERE Transcripts.student_id NOT IN (SELECT Students.student_id FROM Students AS Students JOIN Detention AS Detention ON Students.student_id = Detention.student_id WHERE Detention.detention_summary < 2)"
297,442,cre_Students_Information_Systems,cre_Students_Information_Systems,,,False,0,True,"SELECT T1.C2 , T1.C1 FROM T1 JOIN T3 ON T3.C9 = T1.C1 WHERE T3.C10 = 'classes' INTERSECT SELECT T1.C2 , T1.C1 FROM T1 JOIN T8 ON T8.C26 = T1.C1 WHERE T8.C28 = 'classes' INTERSECT SELECT T1.C2 , T1.C1 FROM T1 WHERE T1.C3 = 'student' AND T1.C1 NOT IN (SELECT T1.C1 FROM T1 JOIN T10 ON T10.C37 = T1.C1 WHERE T10.C40 = 'detentions' GROUP BY T1.C1 HAVING COUNT(*) >= 2)","SELECT Students.bio_data , Students.student_id FROM Students JOIN Behaviour_Monitoring ON Behaviour_Monitoring.student_id = Students.student_id WHERE Behaviour_Monitoring.behaviour_monitoring_details = 'classes' INTERSECT SELECT Students.bio_data , Students.student_id FROM Students JOIN Classes ON Classes.student_id = Students.student_id WHERE Classes.class_details = 'classes' INTERSECT SELECT Students.bio_data , Students.student_id FROM Students WHERE Students.student_details = 'student' AND Students.student_id NOT IN (SELECT Students.student_id FROM Students JOIN Detention ON Detention.student_id = Students.student_id WHERE Detention.detention_summary = 'detentions' GROUP BY Students.student_id HAVING COUNT(*) >= 2)"
298,443,cre_Students_Information_Systems,cre_Students_Information_Systems,,,False,0,True,"SELECT T5.C17, T5.C19, T5.C20, T5.C21 FROM T5 JOIN T3 ON T5.C18 = T3.C7 JOIN T2 ON T3.C8 = T2.C4 WHERE T5.C17 LIKE '%data%' AND T3.C9 NOT LIKE 'net%'","SELECT Achievements.achievement_type_code, Achievements.date_achievement, Achievements.achievement_details, Achievements.other_details FROM Achievements JOIN Classes ON Achievements.student_id = Classes.student_id JOIN Teachers ON Classes.teacher_id = Teachers.teacher_id WHERE Achievements.achievement_type_code LIKE '%data%' AND Classes.class_details NOT LIKE 'net%'"
299,444,cre_Students_Information_Systems,cre_Students_Information_Systems,,,False,0,True,SELECT T5.C5 FROM T3 AS T1 INNER JOIN T2 AS T2_1 ON T1.C8 = T2_1.C4 INNER JOIN T1 AS T3_1 ON T1.C7 = T3_1.C1 INNER JOIN T4 AS T4_1 ON T3_1.C1 = T4_1.C12 INNER JOIN T2 AS T5 ON T1.C7 = T5.C4 WHERE T1.C9 LIKE '%data%' AND T1.C9 NOT LIKE 'net%',SELECT T5.teacher_details FROM Classes AS Students INNER JOIN Teachers AS T2_1 ON Students.teacher_id = T2_1.teacher_id INNER JOIN Students AS T3_1 ON Students.student_id = T3_1.student_id INNER JOIN Achievements AS T4_1 ON T3_1.student_id = T4_1.student_id INNER JOIN Teachers AS T5 ON Students.student_id = T5.teacher_id WHERE Students.class_details LIKE '%data%' AND Students.class_details NOT LIKE 'net%'
300,447,cre_Students_Information_Systems,cre_Students_Information_Systems,,,False,0,True,"SELECT T4.C13 , T4.C12 FROM T4 JOIN T1 ON T4.C11 = T1.C1 JOIN T6 ON T1.C1 = T6.C23 GROUP BY T4.C11 HAVING Count(T6.C26) >= 2","SELECT Student_Loans.amount_of_loan , Student_Loans.date_of_loan FROM Student_Loans JOIN Students ON Student_Loans.student_id = Students.student_id JOIN Achievements ON Students.student_id = Achievements.student_id GROUP BY Student_Loans.student_id HAVING Count(Achievements.other_details) >= 2"
301,448,cre_Students_Information_Systems,cre_Students_Information_Systems,,,False,0,True,"SELECT T5.C18, T6.C25 FROM T6 INNER JOIN T5 ON T6.C23 = T5.C16 INNER JOIN T1 ON T5.C16 = T1.C1 INNER JOIN T7 ON T7.C28 = T1.C1 WHERE T7.C31 = 'achievements' AND T1.C3 = 'students' GROUP BY T5.C16 HAVING COUNT(T5.C16) >= 2","SELECT Student_Loans.amount_of_loan, Students_Addresses.date_to FROM Students_Addresses INNER JOIN Student_Loans ON Students_Addresses.student_id = Student_Loans.student_id INNER JOIN Students ON Student_Loans.student_id = Students.student_id INNER JOIN Achievements ON Achievements.student_id = Students.student_id WHERE Achievements.other_details = 'achievements' AND Students.student_details = 'students' GROUP BY Student_Loans.student_id HAVING COUNT(Student_Loans.student_id) >= 2"
302,449,cre_Students_Information_Systems,cre_Students_Information_Systems,,,False,0,True,"SELECT T5.C17, T5.C16 FROM T5 JOIN T7 ON T5.C16 = T7.C25 GROUP BY T5.C16 ORDER BY COUNT(T7.C25) DESC LIMIT 1","SELECT Teachers.teacher_details, Teachers.teacher_id FROM Teachers JOIN Classes ON Teachers.teacher_id = Classes.teacher_id GROUP BY Teachers.teacher_id ORDER BY COUNT(Classes.teacher_id) DESC LIMIT 1"
303,450,cre_Students_Information_Systems,cre_Students_Information_Systems,,,False,0,True,"SELECT T3.C9 , T3.C8 FROM T3 AS T3 JOIN T4 AS T4 ON T3.C8 = T4.C12 JOIN T1 AS T1 ON T4.C11 = T1.C1 GROUP BY T3.C8 ORDER BY COUNT(T1.C1) DESC LIMIT 1","SELECT Teachers.teacher_details , Teachers.teacher_id FROM Teachers AS Teachers JOIN Classes AS Classes ON Teachers.teacher_id = Classes.teacher_id JOIN Students AS Students ON Classes.student_id = Students.student_id GROUP BY Teachers.teacher_id ORDER BY COUNT(Students.student_id) DESC LIMIT 1"
304,461,cre_Students_Information_Systems,cre_Students_Information_Systems,,,False,0,True,"SELECT T1.C2, T1.C3 FROM T1 JOIN T3 ON T3.C9 = T1.C1 JOIN T2 ON T2.C5 = T1.C1 WHERE T2.C7 IN ( SELECT T2.C7 FROM T2 GROUP BY T2.C7 ORDER BY COUNT(T2.C7) DESC LIMIT 1 ) AND T2.C7 IN ( SELECT T2.C7 FROM T2 WHERE T2.C5 = T1.C1 GROUP BY T2.C7 HAVING COUNT(T2.C7) = 3 )","SELECT Students.bio_data, Students.student_details FROM Students JOIN Behaviour_Monitoring ON Behaviour_Monitoring.student_id = Students.student_id JOIN Transcripts ON Transcripts.student_id = Students.student_id WHERE Transcripts.transcript_details IN ( SELECT Transcripts.transcript_details FROM Transcripts GROUP BY Transcripts.transcript_details ORDER BY COUNT(Transcripts.transcript_details) DESC LIMIT 1 ) AND Transcripts.transcript_details IN ( SELECT Transcripts.transcript_details FROM Transcripts WHERE Transcripts.student_id = Students.student_id GROUP BY Transcripts.transcript_details HAVING COUNT(Transcripts.transcript_details) = 3 )"
305,462,cre_Students_Information_Systems,cre_Students_Information_Systems,,,False,3,False,"SELECT T1.C2 , T1.C3 FROM T1 AS T1 JOIN T3 AS T3 ON T1.C1 = T3.C9 JOIN T4 AS T4 ON T1.C1 = T4.C13 WHERE T3.C10 = ""3 students"" INTERSECT SELECT T1.C2 , T1.C3 FROM T1 AS T1 JOIN T2 AS T2 ON T1.C1 = T2.C5 GROUP BY T2.C5 ORDER BY COUNT(T2.C5) DESC LIMIT 1","SELECT Students.bio_data , Students.student_details FROM Students AS Students JOIN Behaviour_Monitoring AS Behaviour_Monitoring ON Students.student_id = Behaviour_Monitoring.student_id JOIN Student_Events AS Student_Events ON Students.student_id = Student_Events.student_id WHERE Behaviour_Monitoring.behaviour_monitoring_details = ""3 students"" INTERSECT SELECT Students.bio_data , Students.student_details FROM Students AS Students JOIN Transcripts AS Transcripts ON Students.student_id = Transcripts.student_id GROUP BY Transcripts.student_id ORDER BY COUNT(Transcripts.student_id) DESC LIMIT 1"
306,463,cre_Students_Information_Systems,cre_Students_Information_Systems,,,False,0,True,"SELECT T1.C2 , T1.C3 FROM T1 WHERE T1.C1 IN (SELECT T3.C9 FROM T3 GROUP BY T3.C9 ORDER BY COUNT(T3.C9) DESC LIMIT 1)","SELECT Students.bio_data , Students.student_details FROM Students WHERE Students.student_id IN (SELECT Behaviour_Monitoring.student_id FROM Behaviour_Monitoring GROUP BY Behaviour_Monitoring.student_id ORDER BY COUNT(Behaviour_Monitoring.student_id) DESC LIMIT 1)"
307,464,cre_Students_Information_Systems,cre_Students_Information_Systems,,,False,0,True,"SELECT T1.C2 , T1.C3 FROM T1 JOIN T3 ON T1.C1 = T3.C9 GROUP BY T1.C1 ORDER BY COUNT(T1.C1) DESC LIMIT 1","SELECT Students.bio_data , Students.student_details FROM Students JOIN Behaviour_Monitoring ON Students.student_id = Behaviour_Monitoring.student_id GROUP BY Students.student_id ORDER BY COUNT(Students.student_id) DESC LIMIT 1"
308,467,cre_Students_Information_Systems,cre_Students_Information_Systems,,,False,0,True,"SELECT T1.C1 , T3.C8 , T3.C7 FROM T1 JOIN T6 ON T1.C1 = T6.C15 JOIN T3 ON T6.C14 = T3.C7 GROUP BY T3.C7 ORDER BY COUNT(T1.C1) DESC LIMIT 1","SELECT Students.student_id , Ref_Event_Types.event_type_description , Ref_Event_Types.event_type_code FROM Students JOIN Student_Events ON Students.student_id = Student_Events.student_id JOIN Ref_Event_Types ON Student_Events.event_type_code = Ref_Event_Types.event_type_code GROUP BY Ref_Event_Types.event_type_code ORDER BY COUNT(Students.student_id) DESC LIMIT 1"
309,468,cre_Students_Information_Systems,cre_Students_Information_Systems,,,False,3,False,"SELECT T1.C12, T1.C30, count(*) FROM T1 AS T1 JOIN T11 AS T11 ON T11.C39 = T1.C1 GROUP BY T1.C12 ORDER BY count(*) DESC LIMIT 1","SELECT Students.event_type_description, Students.class_details, count(*) FROM Students AS Students JOIN Detention AS Detention ON Detention.student_id = Students.student_id GROUP BY Students.event_type_description ORDER BY count(*) DESC LIMIT 1"
310,471,cre_Students_Information_Systems,cre_Students_Information_Systems,,,False,0,True,SELECT COUNT(T4.C17) FROM T4 WHERE T4.C20 IS NULL,SELECT COUNT(Achievements.student_id) FROM Achievements WHERE Achievements.other_details IS NULL
311,472,cre_Students_Information_Systems,cre_Students_Information_Systems,,,False,3,False,SELECT COUNT(T3.C7) FROM T3 AS T1 JOIN T6 AS T2 ON T1.C1 = T2.C19 JOIN T1 AS T3 ON T2.C18 = T3.C2 WHERE T2.C21 = 'NULL',SELECT COUNT(Teachers.teacher_details) FROM Teachers AS Students JOIN Achievements AS Ref_Achievement_Type ON Students.student_id = Ref_Achievement_Type.student_id JOIN Students AS Teachers ON Ref_Achievement_Type.achievement_type_code = Teachers.bio_data WHERE Ref_Achievement_Type.achievement_details = 'NULL'
312,489,cre_Students_Information_Systems,cre_Students_Information_Systems,,,False,0,True,"SELECT T1.C2, T1.C1 FROM T1 AS T1 JOIN T5 AS T2 ON T1.C1 = T2.C10 GROUP BY T1.C1 ORDER BY COUNT(T1.C1) ASC LIMIT 1","SELECT Ref_Event_Types.event_type_description, Ref_Event_Types.event_type_code FROM Ref_Event_Types AS Ref_Event_Types JOIN Detention AS Ref_Achievement_Type ON Ref_Event_Types.event_type_code = Ref_Achievement_Type.detention_type_code GROUP BY Ref_Event_Types.event_type_code ORDER BY COUNT(Ref_Event_Types.event_type_code) ASC LIMIT 1"
313,490,cre_Students_Information_Systems,cre_Students_Information_Systems,,,False,1,True,"SELECT T2.C4, T2.C3 FROM T2 JOIN T4 ON T4.C7 = T2.C3 GROUP BY T2.C3 ORDER BY COUNT(T2.C3) ASC LIMIT 1","SELECT Ref_Achievement_Type.achievement_type_description, Ref_Achievement_Type.achievement_type_code FROM Ref_Achievement_Type JOIN Ref_Detention_Type ON Ref_Detention_Type.detention_type_code = Ref_Achievement_Type.achievement_type_code GROUP BY Ref_Achievement_Type.achievement_type_code ORDER BY COUNT(Ref_Achievement_Type.achievement_type_code) ASC LIMIT 1"
314,491,cre_Students_Information_Systems,cre_Students_Information_Systems,,,False,0,True,"SELECT T1.C2 , T1.C3 , T3.C11 FROM T1 INNER JOIN T3 ON T1.C1 = T3.C9 WHERE T3.C11 > ( SELECT AVG(C11) FROM T3 )","SELECT Students.bio_data , Students.student_details , Student_Loans.amount_of_loan FROM Students INNER JOIN Student_Loans ON Students.student_id = Student_Loans.student_id WHERE Student_Loans.amount_of_loan > ( SELECT AVG(amount_of_loan) FROM Student_Loans )"
315,492,cre_Students_Information_Systems,cre_Students_Information_Systems,,,False,0,True,"SELECT T1.C2, T1.C3, T3.C11 FROM T1 INNER JOIN T3 ON T1.C1 = T3.C9 WHERE T3.C11 > ( SELECT AVG(C11) FROM T3 )","SELECT Students.bio_data, Students.student_details, Student_Loans.amount_of_loan FROM Students INNER JOIN Student_Loans ON Students.student_id = Student_Loans.student_id WHERE Student_Loans.amount_of_loan > ( SELECT AVG(amount_of_loan) FROM Student_Loans )"
316,499,cre_Students_Information_Systems,cre_Students_Information_Systems,,,False,3,False,SELECT T3.C9 FROM T1 AS T1 INNER JOIN T2 AS T2 ON T1.C1 = T2.C5 INNER JOIN T3 AS T3 ON T3.C8 = T5.C17 WHERE T2.C6 = ( SELECT MIN(C6) FROM T2 ),SELECT Teachers.teacher_details FROM Students AS Students INNER JOIN Transcripts AS Transcripts ON Students.student_id = Transcripts.student_id INNER JOIN Teachers AS Teachers ON Teachers.teacher_id = Classes.teacher_id WHERE Transcripts.date_of_transcript = ( SELECT MIN(date_of_transcript) FROM Transcripts )
317,500,cre_Students_Information_Systems,cre_Students_Information_Systems,,,False,0,True,SELECT T4.C14 FROM T4 INNER JOIN T2 ON T2.C5 = T4.C13 INNER JOIN T1 ON T1.C1 = T2.C5 WHERE T2.C6 = (SELECT MIN(C6) FROM T2),SELECT Teachers.teacher_details FROM Teachers INNER JOIN Transcripts ON Transcripts.student_id = Teachers.teacher_id INNER JOIN Students ON Students.student_id = Transcripts.student_id WHERE Transcripts.date_of_transcript = (SELECT MIN(date_of_transcript) FROM Transcripts)
318,507,cre_Students_Information_Systems,cre_Students_Information_Systems,,,False,0,True,"SELECT T3.C9 , T3.C9 FROM T3 INNER JOIN T8 ON T8.C22 = T3.C8 INNER JOIN T1 ON T8.C24 = T1.C1 GROUP BY T3.C9 ORDER BY COUNT(T1.C1) DESC LIMIT 1","SELECT Addresses.address_details , Addresses.address_details FROM Addresses INNER JOIN Students_Addresses ON Students_Addresses.address_id = Addresses.address_id INNER JOIN Students ON Students_Addresses.student_id = Students.student_id GROUP BY Addresses.address_details ORDER BY COUNT(Students.student_id) DESC LIMIT 1"
319,508,cre_Students_Information_Systems,cre_Students_Information_Systems,,,False,0,True,"SELECT T4.C8, T4.C9 FROM T7 INNER JOIN T4 ON T7.C19 = T4.C8 INNER JOIN T2 ON T7.C18 = T2.C4 GROUP BY T4.C8 ORDER BY COUNT(T4.C8) DESC LIMIT 1","SELECT Ref_Address_Types.address_type_code, Ref_Address_Types.address_type_description FROM Students_Addresses INNER JOIN Ref_Address_Types ON Students_Addresses.address_type_code = Ref_Address_Types.address_type_code INNER JOIN Addresses ON Students_Addresses.address_id = Addresses.address_id GROUP BY Ref_Address_Types.address_type_code ORDER BY COUNT(Ref_Address_Types.address_type_code) DESC LIMIT 1"
