pos,test_idx,db_id_gold,db_id_used,broker_pick,broker_correct,re_picked,retries,exec_success,difficulty,model_used,masked_sql,real_sql
0,0,soccer_3,soccer_3,,,False,0,True,,llama3.1-8b,SELECT COUNT(*) FROM T1,SELECT COUNT(*) FROM club
1,1,soccer_3,soccer_3,,,False,0,True,,llama3.1-8b,SELECT COUNT(*) FROM T1,SELECT COUNT(*) FROM club
2,2,soccer_3,soccer_3,,,False,0,True,,llama3.1-8b,SELECT DESCRIPTIVE_ATTRIBUTE_2 FROM T1 ORDER BY DESCRIPTIVE_ATTRIBUTE_2 ASC,SELECT Name FROM club ORDER BY Name ASC
3,3,soccer_3,soccer_3,,,False,0,True,,llama3.1-8b,SELECT T1.DESCRIPTIVE_ATTRIBUTE_2 FROM T1 WHERE T1.DESCRIPTIVE_ATTRIBUTE_2 LIKE 'club%' ORDER BY T1.DESCRIPTIVE_ATTRIBUTE_2,SELECT club.Name FROM club WHERE club.Name LIKE 'club%' ORDER BY club.Name
4,6,soccer_3,soccer_3,,,False,0,True,,llama3.1-8b,"SELECT T1.DESCRIPTIVE_ATTRIBUTE_2 FROM T1 WHERE T1.DESCRIPTIVE_ATTRIBUTE_2 != ""Nike""","SELECT club.Name FROM club WHERE club.Name != ""Nike"""
5,7,soccer_3,soccer_3,,,False,0,True,,llama3.1-8b,SELECT T1.DESCRIPTIVE_ATTRIBUTE_2 FROM T1 WHERE T1.DESCRIPTIVE_ATTRIBUTE_2 NOT IN (SELECT T2.DESCRIPTIVE_ATTRIBUTE_9 FROM T2 WHERE T2.DESCRIPTIVE_ATTRIBUTE_9 = 'Nike'),SELECT club.Name FROM club WHERE club.Name NOT IN (SELECT player.Country FROM player WHERE player.Country = 'Nike')
6,8,soccer_3,soccer_3,,,False,3,False,,llama3.1-8b,SELECT T1.DESCRIPITIVE_ATTRIBUTE_2 FROM T1 ORDER BY T2.MEASUREMENT_VALUE_11,SELECT club.DESCRIPITIVE_ATTRIBUTE_2 FROM club ORDER BY player.Events_number
7,9,soccer_3,soccer_3,,,False,0,True,,llama3.1-8b,SELECT T1.DESCRIPTIVE_ATTRIBUTE_2 FROM T1 WHERE T1.DESCRIPTIVE_ATTRIBUTE_2 IN ( SELECT T1.DESCRIPTIVE_ATTRIBUTE_2 FROM T1 GROUP BY T1.DESCRIPTIVE_ATTRIBUTE_2 ORDER BY COUNT(*) ASC ),SELECT club.Name FROM club WHERE club.Name IN ( SELECT club.Name FROM club GROUP BY club.Name ORDER BY COUNT(*) ASC )
8,12,soccer_3,soccer_3,,,False,3,False,,llama3.1-8b,SELECT DISTINCT T1.DESCRIPTIVE_ATTRIBUTE_2 FROM T1 WHERE T1.MEASUREMENT_VALUE_11 > 1200000,SELECT DISTINCT club.Name FROM club WHERE club.Events_number > 1200000
9,13,soccer_3,soccer_3,,,False,0,True,,llama3.1-8b,SELECT T2.DESCRIPTIVE_ATTRIBUTE_8 FROM T2 WHERE T2.NUMERIC_FIELD_10 > 1200000,SELECT player.Name FROM player WHERE player.Earnings > 1200000
10,28,soccer_3,soccer_3,,,False,0,True,,llama3.1-8b,SELECT T1.DESCRIPTIVE_ATTRIBUTE_2 FROM T1 WHERE T1.IDENTIFIER_PRIMARY_1 IN (SELECT T2.IDENTIFIER_REFERENCE_13 FROM T2 GROUP BY T2.IDENTIFIER_REFERENCE_13 HAVING COUNT(*) > 1),SELECT club.Name FROM club WHERE club.Club_ID IN (SELECT player.Club_ID FROM player GROUP BY player.Club_ID HAVING COUNT(*) > 1)
11,29,soccer_3,soccer_3,,,False,0,True,,llama3.1-8b,SELECT DISTINCT DESCRIPTIVE_ATTRIBUTE_2 FROM T1 WHERE IDENTIFIER_PRIMARY_1 IN (SELECT IDENTIFIER_REFERENCE_13 FROM T2 GROUP BY IDENTIFIER_REFERENCE_13 HAVING COUNT(*) > 1),SELECT DISTINCT Name FROM club WHERE Club_ID IN (SELECT Club_ID FROM player GROUP BY Club_ID HAVING COUNT(*) > 1)
12,30,soccer_3,soccer_3,,,False,0,True,,llama3.1-8b,SELECT T1.DESCRIPTIVE_ATTRIBUTE_2 FROM T1 WHERE EXISTS (SELECT 1 FROM T2 WHERE T2.IDENTIFIER_REFERENCE_13 = T1.IDENTIFIER_PRIMARY_1 GROUP BY T2.IDENTIFIER_REFERENCE_13 HAVING COUNT(*) > 1),SELECT club.Name FROM club WHERE EXISTS (SELECT 1 FROM player WHERE player.Club_ID = club.Club_ID GROUP BY player.Club_ID HAVING COUNT(*) > 1)
13,31,soccer_3,soccer_3,,,False,0,True,,llama3.1-8b,SELECT T1.DESCRIPTIVE_ATTRIBUTE_2 FROM T1 WHERE T1.DESCRIPTIVE_ATTRIBUTE_2 IN (SELECT T1.DESCRIPTIVE_ATTRIBUTE_2 FROM T1 GROUP BY T1.DESCRIPTIVE_ATTRIBUTE_2 HAVING COUNT(*) > 1),SELECT club.Name FROM club WHERE club.Name IN (SELECT club.Name FROM club GROUP BY club.Name HAVING COUNT(*) > 1)
14,36,soccer_3,soccer_3,,,False,0,True,,llama3.1-8b,SELECT COUNT(DISTINCT T1.DESCRIPTIVE_ATTRIBUTE_2) FROM T1,SELECT COUNT(DISTINCT club.Name) FROM club
15,37,soccer_3,soccer_3,,,False,0,True,,llama3.1-8b,SELECT COUNT(DISTINCT T2.DESCRIPTIVE_ATTRIBUTE_8) FROM T2,SELECT COUNT(DISTINCT player.Name) FROM player
16,78,e_commerce,e_commerce,,,False,0,True,,llama3.1-8b,SELECT COUNT(T1.IDENTIFIER_PRIMARY_1) FROM T1 AS T1 JOIN T2 AS T2 ON T1.IDENTIFIER_PRIMARY_1 = T2.IDENTIFIER_REFERENCE_8,SELECT COUNT(Customers.customer_id) FROM Customers AS Customers JOIN Orders AS Orders ON Customers.customer_id = Orders.customer_id
17,79,e_commerce,e_commerce,,,False,0,True,,llama3.1-8b,SELECT COUNT(DISTINCT T1.IDENTIFIER_PRIMARY_1) FROM T1 INNER JOIN T3 ON T3.IDENTIFIER_REFERENCE_10 = T1.IDENTIFIER_PRIMARY_1,SELECT COUNT(DISTINCT Customers.customer_id) FROM Customers INNER JOIN Orders ON Orders.customer_id = Customers.customer_id
18,80,e_commerce,e_commerce,,,False,0,True,,llama3.1-8b,SELECT COUNT(T2.IDENTIFIER_REFERENCE_7) FROM T2,SELECT COUNT(Order_Items.order_id) FROM Order_Items
19,81,e_commerce,e_commerce,,,False,0,True,,llama3.1-8b,SELECT DISTINCT DESCRIPTIVE_ATTRIBUTE_8 FROM T2,SELECT DISTINCT order_item_status_code FROM Order_Items
20,82,e_commerce,e_commerce,,,False,0,True,,llama3.1-8b,SELECT COUNT(DISTINCT TEXT_FIELD_2) FROM T1,SELECT COUNT(DISTINCT payment_method_code) FROM Customer_Payment_Methods
21,83,e_commerce,e_commerce,,,False,0,True,,llama3.1-8b,SELECT COUNT(DISTINCT TEXT_FIELD_8) FROM T2,SELECT COUNT(DISTINCT payment_method_code) FROM Customer_Payment_Methods
22,100,e_commerce,e_commerce,,,False,0,True,,llama3.1-8b,SELECT COUNT(*) FROM T2 WHERE IDENTIFIER_REFERENCE_7 IN (SELECT IDENTIFIER_PRIMARY_1 FROM T1),SELECT COUNT(*) FROM Order_Items WHERE order_id IN (SELECT order_id FROM Orders)
23,101,e_commerce,e_commerce,,,False,0,True,,llama3.1-8b,SELECT COUNT(*) FROM T1,SELECT COUNT(*) FROM Products
24,102,e_commerce,e_commerce,,,False,0,True,,llama3.1-8b,SELECT avg(CURRENCY_AMOUNT_4) FROM T1,SELECT avg(product_price) FROM Products
25,103,e_commerce,e_commerce,,,False,0,True,,llama3.1-8b,SELECT AVG(CURRENCY_AMOUNT_4) FROM T1,SELECT AVG(product_price) FROM Products
26,104,e_commerce,e_commerce,,,False,0,True,,llama3.1-8b,SELECT avg(CURRENCY_AMOUNT_4) FROM T1,SELECT avg(product_price) FROM Products
27,105,e_commerce,e_commerce,,,False,0,True,,llama3.1-8b,SELECT avg(CURRENCY_AMOUNT_4) FROM T1,SELECT avg(product_price) FROM Products
28,123,bbc_channels,bbc_channels,,,False,0,True,,llama3.1-8b,SELECT COUNT(DISTINCT TEXT_FIELD_3) FROM T1,SELECT COUNT(DISTINCT Analogue_terrestrial_channel) FROM channel
29,124,bbc_channels,bbc_channels,,,False,0,True,,llama3.1-8b,SELECT T3.DESCRIPTIVE_ATTRIBUTE_11 FROM T3 INNER JOIN T2 ON T3.IDENTIFIER_REFERENCE_12 = T2.IDENTIFIER_PRIMARY_6 ORDER BY T2.MEASUREMENT_VALUE_8 DESC,SELECT program.Title FROM program INNER JOIN director ON program.Director_ID = director.Director_ID ORDER BY director.Age DESC
30,133,bbc_channels,bbc_channels,,,False,0,True,,llama3.1-8b,SELECT T1.DESCRIPTIVE_ATTRIBUTE_2 FROM T1 INNER JOIN T3 ON T1.IDENTIFIER_PRIMARY_1 = T3.IDENTIFIER_REFERENCE_13 INNER JOIN T2 ON T3.IDENTIFIER_REFERENCE_12 = T2.IDENTIFIER_PRIMARY_6 WHERE T2.MEASUREMENT_VALUE_8 BETWEEN 30 AND 60,SELECT channel.Name FROM channel INNER JOIN program ON channel.Channel_ID = program.Channel_ID INNER JOIN director ON program.Director_ID = director.Director_ID WHERE director.Age BETWEEN 30 AND 60
31,136,tv_shows,tv_shows,,,False,0,True,,llama3.1-8b,SELECT count(*) FROM T1 WHERE TEXT_FIELD_2 = 'radio',SELECT count(*) FROM radio WHERE Transmitter = 'radio'
32,137,tv_shows,tv_shows,,,False,0,True,,llama3.1-8b,SELECT T2.DESCRIPTIVE_ATTRIBUTE_9 FROM T2 WHERE T2.IDENTIFIER_REFERENCE_8 IN ( SELECT T1.IDENTIFIER_PRIMARY_1 FROM T1 WHERE T1.TEXT_FIELD_2 = 'radios' ) ORDER BY T2.DESCRIPTIVE_ATTRIBUTE_9 ASC,SELECT city_channel_radio.Is_online FROM city_channel_radio WHERE city_channel_radio.Radio_ID IN ( SELECT radio.Radio_ID FROM radio WHERE radio.Transmitter = 'radios' ) ORDER BY city_channel_radio.Is_online ASC
33,139,tv_shows,tv_shows,,,False,0,True,,llama3.1-8b,SELECT TEXT_FIELD_7 FROM T2 WHERE TEXT_FIELD_8 != 'ABC',SELECT Transmitter FROM radio WHERE Radio_MHz != 'ABC'
34,142,tv_shows,tv_shows,,,False,0,True,,llama3.1-8b,SELECT avg(TEXT_FIELD_6) FROM T1,SELECT avg(ERP_kW) FROM radio
35,145,tv_shows,tv_shows,,,False,0,True,,llama3.1-8b,SELECT T2.DESCRIPTIVE_ATTRIBUTE_8 FROM T1 JOIN T2 ON T1.IDENTIFIER_PRIMARY_1 = T2.IDENTIFIER_PRIMARY_6 JOIN T3 ON T1.IDENTIFIER_PRIMARY_1 = T3.IDENTIFIER_PRIMARY_9 GROUP BY T2.DESCRIPTIVE_ATTRIBUTE_8 HAVING COUNT(T3.DESCRIPTIVE_ATTRIBUTE_11) > 3,SELECT city_channel_radio.Is_online FROM city_channel JOIN city_channel_radio ON city_channel.ID = city_channel_radio.City_channel_ID JOIN city_channel_tv_show ON city_channel.ID = city_channel_tv_show.City_channel_ID GROUP BY city_channel_radio.Is_online HAVING COUNT(city_channel_tv_show.Is_online) > 3
36,153,vehicle_driver,vehicle_driver,,,False,0,True,,llama3.1-8b,SELECT T2.DESCRIPTIVE_ATTRIBUTE_9 FROM T3 AS T1 JOIN T2 AS T2 ON T1.IDENTIFIER_REFERENCE_13 = T2.IDENTIFIER_PRIMARY_8,SELECT driver.Name FROM vehicle_driver AS vehicle JOIN driver AS driver ON vehicle.Vehicle_ID = driver.Driver_ID
37,154,vehicle_driver,vehicle_driver,,,False,0,True,,llama3.1-8b,SELECT T2.DESCRIPTIVE_ATTRIBUTE_9 FROM T3 AS T1 JOIN T2 AS T2 ON T1.IDENTIFIER_REFERENCE_13 = T2.IDENTIFIER_PRIMARY_8 WHERE T2.DESCRIPTIVE_ATTRIBUTE_9 = 'United States',SELECT driver.Name FROM vehicle_driver AS vehicle JOIN driver AS driver ON vehicle.Vehicle_ID = driver.Driver_ID WHERE driver.Name = 'United States'
38,167,vehicle_driver,vehicle_driver,,,False,0,True,,llama3.1-8b,SELECT COUNT(T1.IDENTIFIER_PRIMARY_1) FROM T1 AS T1 INNER JOIN T3 AS T3 ON T1.IDENTIFIER_PRIMARY_1 = T3.IDENTIFIER_REFERENCE_13 INNER JOIN T2 AS T2 ON T3.IDENTIFIER_PRIMARY_12 = T2.IDENTIFIER_PRIMARY_8 WHERE T2.DESCRIPTIVE_ATTRIBUTE_9 = 'NASCAR',SELECT COUNT(vehicle.Vehicle_ID) FROM vehicle AS vehicle INNER JOIN vehicle_driver AS vehicle_driver ON vehicle.Vehicle_ID = vehicle_driver.Vehicle_ID INNER JOIN driver AS driver ON vehicle_driver.Driver_ID = driver.Driver_ID WHERE driver.Name = 'NASCAR'
39,168,vehicle_driver,vehicle_driver,,,False,0,True,,llama3.1-8b,SELECT COUNT(*) FROM T1 WHERE TEXT_FIELD_6 = 'NASCAR',SELECT COUNT(*) FROM vehicle WHERE Builder = 'NASCAR'
40,169,vehicle_driver,vehicle_driver,,,False,0,True,,llama3.1-8b,SELECT AVG(NUMERIC_FIELD_4) FROM T1,SELECT AVG(Top_Speed) FROM vehicle
41,170,vehicle_driver,vehicle_driver,,,False,0,True,,llama3.1-8b,SELECT AVG(T1.NUMERIC_FIELD_5) FROM T1,SELECT AVG(vehicle.Power) FROM vehicle
42,185,vehicle_driver,vehicle_driver,,,False,0,True,,llama3.1-8b,SELECT T2.DESCRIPTIVE_ATTRIBUTE_9 FROM T3 AS T1 JOIN T2 ON T1.IDENTIFIER_REFERENCE_13 = T1.IDENTIFIER_PRIMARY_1,SELECT driver.Name FROM vehicle_driver AS vehicle JOIN driver ON vehicle.Vehicle_ID = vehicle.Vehicle_ID
43,186,vehicle_driver,vehicle_driver,,,False,0,True,,llama3.1-8b,SELECT T2.DESCRIPTIVE_ATTRIBUTE_9 FROM T2 JOIN T3 ON T2.IDENTIFIER_PRIMARY_8 = T3.IDENTIFIER_PRIMARY_12,SELECT driver.Name FROM driver JOIN vehicle_driver ON driver.Driver_ID = vehicle_driver.Driver_ID
44,193,online_exams,online_exams,,,False,0,True,,llama3.1-8b,SELECT count(*) FROM T1,SELECT count(*) FROM Exams
45,194,online_exams,online_exams,,,False,0,True,,llama3.1-8b,SELECT count(*) FROM T1,SELECT count(*) FROM Exams
46,195,online_exams,online_exams,,,False,0,True,,llama3.1-8b,SELECT DISTINCT TEXT_FIELD_2 FROM T1,SELECT DISTINCT Subject_Code FROM Exams
47,196,online_exams,online_exams,,,False,0,True,,llama3.1-8b,SELECT DISTINCT TEXT_FIELD_2 FROM T1,SELECT DISTINCT Subject_Code FROM Exams
48,203,online_exams,online_exams,,,False,0,True,,llama3.1-8b,SELECT DISTINCT T3.TEXT_FIELD_8 FROM T3 INNER JOIN T1 ON T3.IDENTIFIER_REFERENCE_7 = T1.IDENTIFIER_PRIMARY_1 INNER JOIN T2 ON T1.IDENTIFIER_PRIMARY_1 = T2.IDENTIFIER_REFERENCE_5 WHERE T2.IDENTIFIER_REFERENCE_5 = T1.IDENTIFIER_PRIMARY_1 AND T1.DESCRIPTIVE_ATTRIBUTE_2 = 'Normal',SELECT DISTINCT Valid_Answers.Valid_Answer_Text FROM Valid_Answers INNER JOIN Questions ON Valid_Answers.Question_ID = Questions.Question_ID INNER JOIN Questions_in_Exams ON Questions.Question_ID = Questions_in_Exams.Question_ID WHERE Questions_in_Exams.Question_ID = Questions.Question_ID AND Questions.Type_of_Question_Code = 'Normal'
49,204,online_exams,online_exams,,,False,0,True,,llama3.1-8b,SELECT DISTINCT T5.TEXT_FIELD_17 FROM T5 WHERE T5.TEXT_FIELD_18 = 'Normal',SELECT DISTINCT Student_Assessments.Student_Answer_Text FROM Student_Assessments WHERE Student_Assessments.Satisfactory_YN = 'Normal'
50,205,online_exams,online_exams,,,False,0,True,,llama3.1-8b,SELECT count(DISTINCT T2.TEXT_FIELD_12) FROM T2 JOIN T1 ON T2.IDENTIFIER_REFERENCE_9 = T1.IDENTIFIER_PRIMARY_1,SELECT count(DISTINCT Student_Answers.Student_Answer_Text) FROM Student_Answers JOIN Students ON Student_Answers.Student_ID = Students.Student_ID
51,206,online_exams,online_exams,,,False,0,True,,llama3.1-8b,SELECT COUNT(DISTINCT TEXT_FIELD_20) FROM T5,SELECT COUNT(DISTINCT Student_Answer_Text) FROM Student_Answers
52,219,online_exams,online_exams,,,False,0,True,,llama3.1-8b,"SELECT T1.DESCRIPTIVE_ATTRIBUTE_2 FROM T1 WHERE T1.DESCRIPTIVE_ATTRIBUTE_3 != ""M""","SELECT Students.First_Name FROM Students WHERE Students.Middle_Name != ""M"""
53,220,online_exams,online_exams,,,False,0,True,,llama3.1-8b,"SELECT DESCRIPTIVE_ATTRIBUTE_2 FROM T1 WHERE DESCRIPTIVE_ATTRIBUTE_5 != ""M""","SELECT First_Name FROM Students WHERE Gender_MFU != ""M"""
54,229,online_exams,online_exams,,,False,0,True,,llama3.1-8b,SELECT T1.DESCRIPTIVE_ATTRIBUTE_2 FROM T1 AS T1 JOIN T2 AS T2 ON T2.IDENTIFIER_REFERENCE_5 = T1.IDENTIFIER_PRIMARY_1 GROUP BY T1.DESCRIPTIVE_ATTRIBUTE_2 HAVING COUNT(*) >= 3,SELECT Questions.Type_of_Question_Code FROM Questions AS Questions JOIN Questions_in_Exams AS Questions_in_Exams ON Questions_in_Exams.Question_ID = Questions.Question_ID GROUP BY Questions.Type_of_Question_Code HAVING COUNT(*) >= 3
55,230,online_exams,online_exams,,,False,0,True,,llama3.1-8b,SELECT T1.DESCRIPTIVE_ATTRIBUTE_2 FROM T1 AS T1 JOIN T2 AS T2 ON T1.IDENTIFIER_PRIMARY_1 = T2.IDENTIFIER_REFERENCE_5 GROUP BY T1.DESCRIPTIVE_ATTRIBUTE_2 HAVING COUNT(T2.IDENTIFIER_PRIMARY_4) >= 3,SELECT Questions.Type_of_Question_Code FROM Questions AS Questions JOIN Questions_in_Exams AS Questions_in_Exams ON Questions.Question_ID = Questions_in_Exams.Question_ID GROUP BY Questions.Type_of_Question_Code HAVING COUNT(Questions_in_Exams.Exam_ID) >= 3
56,231,online_exams,online_exams,,,False,0,True,,llama3.1-8b,"SELECT T1.DESCRIPTIVE_ATTRIBUTE_2 , T1.DESCRIPTIVE_ATTRIBUTE_3 , T1.DESCRIPTIVE_ATTRIBUTE_4 , T1.DESCRIPTIVE_ATTRIBUTE_5 , T1.DESCRIPTIVE_ATTRIBUTE_6 FROM T1","SELECT Students.First_Name , Students.Middle_Name , Students.Last_Name , Students.Gender_MFU , Students.Student_Address FROM Students"
57,232,online_exams,online_exams,,,False,0,True,,llama3.1-8b,"SELECT T1.DESCRIPTIVE_ATTRIBUTE_2, T1.DESCRIPTIVE_ATTRIBUTE_3, T1.DESCRIPTIVE_ATTRIBUTE_4, T1.DESCRIPTIVE_ATTRIBUTE_5, T1.DESCRIPTIVE_ATTRIBUTE_6, T2.CHRONOLOGICAL_MARKER_11, T2.TEXT_FIELD_12 FROM T1 JOIN T2 ON T2.IDENTIFIER_REFERENCE_10 = T1.IDENTIFIER_PRIMARY_1","SELECT Students.First_Name, Students.Middle_Name, Students.Last_Name, Students.Gender_MFU, Students.Student_Address, Student_Answers.Date_of_Answer, Student_Answers.Student_Answer_Text FROM Students JOIN Student_Answers ON Student_Answers.Student_ID = Students.Student_ID"
58,233,customers_and_orders,customers_and_orders,,,False,0,True,,llama3.1-8b,SELECT COUNT(*) FROM T1,SELECT COUNT(*) FROM Addresses
59,234,customers_and_orders,customers_and_orders,,,False,0,True,,llama3.1-8b,SELECT COUNT(*) FROM T1,SELECT COUNT(*) FROM Addresses
60,237,customers_and_orders,customers_and_orders,,,False,0,True,,llama3.1-8b,SELECT COUNT(IDENTIFIER_PRIMARY_1) FROM T1,SELECT COUNT(product_id) FROM Products
61,238,customers_and_orders,customers_and_orders,,,False,0,True,,llama3.1-8b,SELECT COUNT(IDENTIFIER_PRIMARY_1) FROM T1,SELECT COUNT(product_id) FROM Products
62,241,customers_and_orders,customers_and_orders,,,False,0,True,,llama3.1-8b,SELECT CURRENCY_AMOUNT_4 FROM T1 WHERE DESCRIPTIVE_ATTRIBUTE_2 = 'Monitor',SELECT product_price FROM Products WHERE product_type_code = 'Monitor'
63,242,customers_and_orders,customers_and_orders,,,False,0,True,,llama3.1-8b,SELECT CURRENCY_AMOUNT_4 FROM T1,SELECT product_price FROM Products
64,245,customers_and_orders,customers_and_orders,,,False,0,True,,llama3.1-8b,"SELECT avg(CURRENCY_AMOUNT_4) FROM T1 WHERE DESCRIPTIVE_ATTRIBUTE_2 = ""Clothes""","SELECT avg(product_price) FROM Products WHERE product_type_code = ""Clothes"""
65,246,customers_and_orders,customers_and_orders,,,False,0,True,,llama3.1-8b,SELECT AVG(CURRENCY_AMOUNT_4) FROM T1 WHERE DESCRIPTIVE_ATTRIBUTE_2 = 'Clothes',SELECT AVG(product_price) FROM Products WHERE product_type_code = 'Clothes'
66,247,customers_and_orders,customers_and_orders,,,False,0,True,,llama3.1-8b,SELECT COUNT(*) FROM T1,SELECT COUNT(*) FROM Products
67,248,customers_and_orders,customers_and_orders,,,False,0,True,,llama3.1-8b,"SELECT COUNT(*) FROM T1 WHERE DESCRIPTIVE_ATTRIBUTE_2 = ""Hardware""","SELECT COUNT(*) FROM Products WHERE product_type_code = ""Hardware"""
68,257,customers_and_orders,customers_and_orders,,,False,3,False,,llama3.1-8b,SELECT T1.DESCRIPITIVE_ATTRIBUTE_2 FROM T1 INNER JOIN T3 ON T1.IDENTIFIER_PRIMARY_1 = T3.IDENTIFIER_REFERENCE_11 ORDER BY T3.MEASUREMENT_VALUE_12 DESC,SELECT Products.DESCRIPITIVE_ATTRIBUTE_2 FROM Products INNER JOIN Order_Items ON Products.product_id = Order_Items.product_id ORDER BY Order_Items.order_quantity DESC
69,258,customers_and_orders,customers_and_orders,,,False,0,True,,llama3.1-8b,SELECT DESCRIPTIVE_ATTRIBUTE_2 FROM T1 ORDER BY DESCRIPTIVE_ATTRIBUTE_3 DESC,SELECT product_type_code FROM Products ORDER BY product_name DESC
70,265,customers_and_orders,customers_and_orders,,,False,0,True,,llama3.1-8b,SELECT DESCRIPTIVE_ATTRIBUTE_2 FROM T1 GROUP BY DESCRIPTIVE_ATTRIBUTE_2 HAVING COUNT(*) >= 2,SELECT product_type_code FROM Products GROUP BY product_type_code HAVING COUNT(*) >= 2
71,266,customers_and_orders,customers_and_orders,,,False,0,True,,llama3.1-8b,SELECT DESCRIPTIVE_ATTRIBUTE_2 FROM T1 GROUP BY DESCRIPTIVE_ATTRIBUTE_2 HAVING COUNT(*) >= 2,SELECT product_type_code FROM Products GROUP BY product_type_code HAVING COUNT(*) >= 2
72,269,customers_and_orders,customers_and_orders,,,False,0,True,,llama3.1-8b,SELECT COUNT(IDENTIFIER_PRIMARY_1) FROM T1,SELECT COUNT(customer_id) FROM Customers
73,270,customers_and_orders,customers_and_orders,,,False,0,True,,llama3.1-8b,SELECT COUNT(IDENTIFIER_PRIMARY_1) FROM T1,SELECT COUNT(customer_id) FROM Customers
74,283,customers_and_orders,customers_and_orders,,,False,0,True,,llama3.1-8b,SELECT DISTINCT DESCRIPTIVE_ATTRIBUTE_4 FROM T1,SELECT DISTINCT customer_name FROM Customers
75,284,customers_and_orders,customers_and_orders,,,False,0,True,,llama3.1-8b,SELECT DISTINCT DESCRIPTIVE_ATTRIBUTE_5 FROM T1,SELECT DISTINCT customer_address FROM Customers
76,289,customers_and_orders,customers_and_orders,,,False,0,True,,llama3.1-8b,SELECT COUNT(*) FROM T2,SELECT COUNT(*) FROM Customer_Orders
77,290,customers_and_orders,customers_and_orders,,,False,0,True,,llama3.1-8b,SELECT COUNT(*) FROM T2 WHERE IDENTIFIER_REFERENCE_8 IN (SELECT IDENTIFIER_PRIMARY_1 FROM T1),SELECT COUNT(*) FROM Customer_Orders WHERE customer_id IN (SELECT customer_id FROM Customers)
78,309,customers_and_orders,customers_and_orders,,,False,0,True,,llama3.1-8b,SELECT COUNT(T2.IDENTIFIER_PRIMARY_7) FROM T1 AS T1 JOIN T2 AS T2 ON T1.IDENTIFIER_PRIMARY_1 = T2.IDENTIFIER_REFERENCE_8,SELECT COUNT(Customer_Orders.order_id) FROM Customers AS Customers JOIN Customer_Orders AS Customer_Orders ON Customers.customer_id = Customer_Orders.customer_id
79,310,customers_and_orders,customers_and_orders,,,False,0,True,,llama3.1-8b,SELECT COUNT(DISTINCT T2.IDENTIFIER_REFERENCE_8) FROM T2,SELECT COUNT(DISTINCT Customer_Orders.customer_id) FROM Customer_Orders
80,4,soccer_3,soccer_3,,,False,0,True,,llama3.1-8b,"SELECT T1.DESCRIPTIVE_ATTRIBUTE_2, T1.DESCRIPTIVE_ATTRIBUTE_2 FROM T1 AS T1 JOIN T2 AS T2 ON T1.IDENTIFIER_PRIMARY_1 = T2.IDENTIFIER_REFERENCE_13 WHERE T2.DESCRIPTIVE_ATTRIBUTE_9 = 'Manager' OR T2.DESCRIPTIVE_ATTRIBUTE_9 = 'Captain'","SELECT club.Name, club.Name FROM club AS club JOIN player AS player ON club.Club_ID = player.Club_ID WHERE player.Country = 'Manager' OR player.Country = 'Captain'"
81,5,soccer_3,soccer_3,,,False,0,True,,llama3.1-8b,"SELECT T1.DESCRIPTIVE_ATTRIBUTE_2, T1.DESCRIPTIVE_ATTRIBUTE_2 FROM T1 AS T1 JOIN T2 AS T2 ON T1.IDENTIFIER_PRIMARY_1 = T2.IDENTIFIER_REFERENCE_13 WHERE T2.DESCRIPTIVE_ATTRIBUTE_8 = 'Manager' INTERSECT SELECT T1.DESCRIPTIVE_ATTRIBUTE_2, T1.DESCRIPTIVE_ATTRIBUTE_2 FROM T1 AS T1 JOIN T2 AS T2 ON T1.IDENTIFIER_PRIMARY_1 = T2.IDENTIFIER_REFERENCE_13 WHERE T2.DESCRIPTIVE_ATTRIBUTE_8 = 'Captain'","SELECT club.Name, club.Name FROM club AS club JOIN player AS player ON club.Club_ID = player.Club_ID WHERE player.Name = 'Manager' INTERSECT SELECT club.Name, club.Name FROM club AS club JOIN player AS player ON club.Club_ID = player.Club_ID WHERE player.Name = 'Captain'"
82,10,soccer_3,soccer_3,,,False,3,False,,llama3.1-8b,SELECT T1.DESCRIPTIVE_ATTRIBUTE_2 FROM T1 WHERE T1.NUMERIC_FIELD_10 = ( SELECT MAX(NUMERIC_FIELD_10) FROM T1 ),SELECT club.Name FROM club WHERE club.Earnings = ( SELECT MAX(Earnings) FROM club )
83,11,soccer_3,soccer_3,,,False,0,True,,llama3.1-8b,SELECT T1.DESCRIPTIVE_ATTRIBUTE_2 FROM T1 INNER JOIN T2 ON T1.IDENTIFIER_PRIMARY_1 = T2.IDENTIFIER_REFERENCE_13 ORDER BY T2.MEASUREMENT_VALUE_11 DESC LIMIT 1,SELECT club.Name FROM club INNER JOIN player ON club.Club_ID = player.Club_ID ORDER BY player.Events_number DESC LIMIT 1
84,16,soccer_3,soccer_3,,,False,0,True,,llama3.1-8b,"SELECT T1.DESCRIPTIVE_ATTRIBUTE_2 , T2.DESCRIPTIVE_ATTRIBUTE_8 FROM T1 AS T1 JOIN T2 AS T2 ON T2.IDENTIFIER_REFERENCE_13 = T1.IDENTIFIER_PRIMARY_1","SELECT club.Name , player.Name FROM club AS club JOIN player AS player ON player.Club_ID = club.Club_ID"
85,17,soccer_3,soccer_3,,,False,0,True,,llama3.1-8b,"SELECT T1.DESCRIPTIVE_ATTRIBUTE_2, T1.DESCRIPTIVE_ATTRIBUTE_8 FROM T1 INNER JOIN T2 ON T1.IDENTIFIER_PRIMARY_1 = T2.IDENTIFIER_REFERENCE_13","SELECT club.Name, club.Name FROM club INNER JOIN player ON club.Club_ID = player.Club_ID"
86,18,soccer_3,soccer_3,,,False,0,True,,llama3.1-8b,SELECT T1.DESCRIPTIVE_ATTRIBUTE_2 FROM T1 WHERE T1.DESCRIPTIVE_ATTRIBUTE_2 IN (SELECT T2.DESCRIPTIVE_ATTRIBUTE_8 FROM T2 WHERE T2.NUMERIC_FIELD_10 > 2),SELECT club.Name FROM club WHERE club.Name IN (SELECT player.Name FROM player WHERE player.Earnings > 2)
87,19,soccer_3,soccer_3,,,False,0,True,,llama3.1-8b,SELECT T1.DESCRIPTIVE_ATTRIBUTE_2 FROM T1 WHERE T1.DESCRIPTIVE_ATTRIBUTE_2 IN (SELECT T2.DESCRIPTIVE_ATTRIBUTE_8 FROM T2 WHERE T2.NUMERIC_FIELD_10 > 2),SELECT club.Name FROM club WHERE club.Name IN (SELECT player.Name FROM player WHERE player.Earnings > 2)
88,20,soccer_3,soccer_3,,,False,1,True,,llama3.1-8b,"SELECT T1.DESCRIPTIVE_ATTRIBUTE_2 FROM T1 WHERE T1.DESCRIPTIVE_ATTRIBUTE_2 IN (SELECT T1.DESCRIPTIVE_ATTRIBUTE_2 FROM T1 WHERE T1.TEXT_FIELD_4 = ""Sam Allardyce"")","SELECT club.Name FROM club WHERE club.Name IN (SELECT club.Name FROM club WHERE club.Captain = ""Sam Allardyce"")"
89,21,soccer_3,soccer_3,,,False,0,True,,llama3.1-8b,"SELECT T1.DESCRIPTIVE_ATTRIBUTE_2 FROM T1 AS T1 JOIN T2 AS T2 ON T2.IDENTIFIER_REFERENCE_13 = T1.IDENTIFIER_PRIMARY_1 WHERE T2.DESCRIPTIVE_ATTRIBUTE_9 = ""Sam Allardyce""","SELECT club.Name FROM club AS club JOIN player AS player ON player.Club_ID = club.Club_ID WHERE player.Country = ""Sam Allardyce"""
90,24,soccer_3,soccer_3,,,False,0,True,,llama3.1-8b,"SELECT T1.DESCRIPTIVE_ATTRIBUTE_2 , count(*) FROM T1 AS T1 JOIN T2 AS T2 ON T1.IDENTIFIER_PRIMARY_1 = T2.IDENTIFIER_REFERENCE_13 GROUP BY T1.DESCRIPTIVE_ATTRIBUTE_2","SELECT club.Name , count(*) FROM club AS club JOIN player AS player ON club.Club_ID = player.Club_ID GROUP BY club.Name"
91,25,soccer_3,soccer_3,,,False,0,True,,llama3.1-8b,"SELECT T1.DESCRIPTIVE_ATTRIBUTE_2, COUNT(*) FROM T1 INNER JOIN T2 ON T1.IDENTIFIER_PRIMARY_1 = T2.IDENTIFIER_REFERENCE_13 GROUP BY T1.DESCRIPTIVE_ATTRIBUTE_2","SELECT club.Name, COUNT(*) FROM club INNER JOIN player ON club.Club_ID = player.Club_ID GROUP BY club.Name"
92,38,soccer_3,soccer_3,,,False,0,True,,llama3.1-8b,"SELECT T2.MEASUREMENT_VALUE_11 FROM T2 INNER JOIN T1 ON T2.IDENTIFIER_REFERENCE_13 = T1.IDENTIFIER_PRIMARY_1 WHERE T1.DESCRIPTIVE_ATTRIBUTE_2 = ""Australia"" OR T1.DESCRIPTIVE_ATTRIBUTE_2 = ""Zimbabwe""","SELECT player.Events_number FROM player INNER JOIN club ON player.Club_ID = club.Club_ID WHERE club.Name = ""Australia"" OR club.Name = ""Zimbabwe"""
93,39,soccer_3,soccer_3,,,False,0,True,,llama3.1-8b,"SELECT T2.DESCRIPTIVE_ATTRIBUTE_8 , T2.DESCRIPTIVE_ATTRIBUTE_9 FROM T2 WHERE T2.DESCRIPTIVE_ATTRIBUTE_9 = ""Australia"" OR T2.DESCRIPTIVE_ATTRIBUTE_9 = ""Zimbabwe""","SELECT player.Name , player.Country FROM player WHERE player.Country = ""Australia"" OR player.Country = ""Zimbabwe"""
94,42,e_commerce,e_commerce,,,False,0,True,,llama3.1-8b,"SELECT T1.IDENTIFIER_PRIMARY_1 , T1.DESCRIPTIVE_ATTRIBUTE_3 , count(*) FROM T1 AS T1 LEFT JOIN T4 AS T4 ON T1.IDENTIFIER_PRIMARY_1 = T4.IDENTIFIER_REFERENCE_15 GROUP BY T1.IDENTIFIER_PRIMARY_1 , T1.DESCRIPTIVE_ATTRIBUTE_3","SELECT Products.product_id , Products.product_name , count(*) FROM Products AS Products LEFT JOIN Order_Items AS Order_Items ON Products.product_id = Order_Items.product_id GROUP BY Products.product_id , Products.product_name"
95,43,e_commerce,e_commerce,,,False,0,True,,llama3.1-8b,"SELECT T4.IDENTIFIER_REFERENCE_15, COUNT(T5.IDENTIFIER_PRIMARY_18), T4.DESCRIPTIVE_ATTRIBUTE_17, T4.IDENTIFIER_PRIMARY_14 FROM T4 JOIN T5 ON T4.IDENTIFIER_REFERENCE_16 = T5.IDENTIFIER_REFERENCE_19 GROUP BY T4.IDENTIFIER_PRIMARY_14","SELECT Order_Items.product_id, COUNT(Shipments.shipment_id), Order_Items.order_item_status_code, Order_Items.order_item_id FROM Order_Items JOIN Shipments ON Order_Items.order_id = Shipments.order_id GROUP BY Order_Items.order_item_id"
96,50,e_commerce,e_commerce,,,False,0,True,,llama3.1-8b,"SELECT T1.IDENTIFIER_PRIMARY_1 , T1.DESCRIPTIVE_ATTRIBUTE_3 FROM T1 AS T1 JOIN T4 AS T4 ON T1.IDENTIFIER_PRIMARY_1 = T4.IDENTIFIER_REFERENCE_15 JOIN T6 AS T6 ON T4.IDENTIFIER_PRIMARY_14 = T6.IDENTIFIER_PRIMARY_23 WHERE T6.IDENTIFIER_REFERENCE_24 = ( SELECT T5.IDENTIFIER_REFERENCE_20 FROM T5 AS T5 JOIN T2 AS T2 ON T5.CHRONOLOGICAL_MARKER_22 = T2.CHRONOLOGICAL_MARKER_9 GROUP BY T5.IDENTIFIER_REFERENCE_20 HAVING COUNT(T5.IDENTIFIER_REFERENCE_20) >= 2 )","SELECT Products.product_id , Products.product_name FROM Products AS Products JOIN Order_Items AS Order_Items ON Products.product_id = Order_Items.product_id JOIN Shipment_Items AS Shipment_Items ON Order_Items.order_item_id = Shipment_Items.shipment_id WHERE Shipment_Items.order_item_id = ( SELECT Shipments.invoice_number FROM Shipments AS Shipments JOIN Invoices AS Invoices ON Shipments.shipment_date = Invoices.invoice_date GROUP BY Shipments.invoice_number HAVING COUNT(Shipments.invoice_number) >= 2 )"
97,51,e_commerce,e_commerce,,,False,0,True,,llama3.1-8b,"SELECT T5.IDENTIFIER_PRIMARY_18 , T2.DESCRIPTIVE_ATTRIBUTE_8 FROM T5 INNER JOIN T2 ON T5.IDENTIFIER_REFERENCE_20 = T2.IDENTIFIER_PRIMARY_7 GROUP BY T5.IDENTIFIER_PRIMARY_18 HAVING count(*) >= 2","SELECT Shipments.shipment_id , Invoices.invoice_status_code FROM Shipments INNER JOIN Invoices ON Shipments.invoice_number = Invoices.invoice_number GROUP BY Shipments.shipment_id HAVING count(*) >= 2"
98,60,e_commerce,e_commerce,,,False,3,False,,llama3.1-8b,"SELECT T1.DESCRIPITIVE_ATTRIBUTE_2 , COUNT(T2.IDENTIFIER_PRIMARY_7) FROM T1 JOIN T2 ON T1.IDENTIFIER_PRIMARY_1 = T2.IDENTIFIER_REFERENCE_8 GROUP BY T1.DESCRIPITIVE_ATTRIBUTE_2","SELECT Customers.DESCRIPITIVE_ATTRIBUTE_2 , COUNT(Orders.order_id) FROM Customers JOIN Orders ON Customers.customer_id = Orders.customer_id GROUP BY Customers.DESCRIPITIVE_ATTRIBUTE_2"
99,61,e_commerce,e_commerce,,,False,0,True,,llama3.1-8b,"SELECT T2.DESCRIPTIVE_ATTRIBUTE_8, COUNT(*) FROM T2 JOIN T1 ON T2.IDENTIFIER_REFERENCE_7 = T1.IDENTIFIER_PRIMARY_1 GROUP BY T2.DESCRIPTIVE_ATTRIBUTE_8","SELECT Order_Items.order_item_status_code, COUNT(*) FROM Order_Items JOIN Orders ON Order_Items.order_id = Orders.order_id GROUP BY Order_Items.order_item_status_code"
100,62,e_commerce,e_commerce,,,False,0,True,,llama3.1-8b,"SELECT T1.DESCRIPTIVE_ATTRIBUTE_2, T1.DESCRIPTIVE_ATTRIBUTE_3, T1.DESCRIPTIVE_ATTRIBUTE_5, T2.TEXT_FIELD_8 FROM T1 INNER JOIN T2 ON T1.IDENTIFIER_PRIMARY_1 = T2.IDENTIFIER_REFERENCE_7","SELECT Customers.gender_code, Customers.customer_first_name, Customers.customer_last_name, Customer_Payment_Methods.payment_method_code FROM Customers INNER JOIN Customer_Payment_Methods ON Customers.customer_id = Customer_Payment_Methods.customer_id"
101,63,e_commerce,e_commerce,,,False,0,True,,llama3.1-8b,"SELECT T1.DESCRIPTIVE_ATTRIBUTE_2 , T1.DESCRIPTIVE_ATTRIBUTE_3 , T1.DESCRIPTIVE_ATTRIBUTE_5 , T2.TEXT_FIELD_8 FROM T1 INNER JOIN T2 ON T1.IDENTIFIER_PRIMARY_1 = T2.IDENTIFIER_REFERENCE_7","SELECT Customers.gender_code , Customers.customer_first_name , Customers.customer_last_name , Customer_Payment_Methods.payment_method_code FROM Customers INNER JOIN Customer_Payment_Methods ON Customers.customer_id = Customer_Payment_Methods.customer_id"
102,64,e_commerce,e_commerce,,,False,0,True,,llama3.1-8b,"SELECT T2.DESCRIPTIVE_ATTRIBUTE_6, T2.CHRONOLOGICAL_MARKER_7, T4.CHRONOLOGICAL_MARKER_16 FROM T4 INNER JOIN T2 ON T4.IDENTIFIER_REFERENCE_13 = T2.IDENTIFIER_PRIMARY_4","SELECT Orders.order_status_code, Orders.date_order_placed, Shipments.shipment_date FROM Shipments INNER JOIN Orders ON Shipments.order_id = Orders.order_id"
103,65,e_commerce,e_commerce,,,False,0,True,,llama3.1-8b,"SELECT T2.DESCRIPTIVE_ATTRIBUTE_6, T2.CHRONOLOGICAL_MARKER_7, T2.CHRONOLOGICAL_MARKER_7 FROM T2 WHERE T2.IDENTIFIER_PRIMARY_4 IN (SELECT T4.IDENTIFIER_REFERENCE_13 FROM T4)","SELECT Orders.order_status_code, Orders.date_order_placed, Orders.date_order_placed FROM Orders WHERE Orders.order_id IN (SELECT Shipments.order_id FROM Shipments)"
104,68,e_commerce,e_commerce,,,False,1,True,,llama3.1-8b,"SELECT T4.MEASUREMENT_VALUE_15, T2.DESCRIPTIVE_ATTRIBUTE_6 FROM T5 JOIN T4 ON T5.IDENTIFIER_REFERENCE_18 = T4.IDENTIFIER_PRIMARY_12 JOIN T3 ON T5.IDENTIFIER_PRIMARY_17 = T3.IDENTIFIER_PRIMARY_8 JOIN T2 ON T3.IDENTIFIER_REFERENCE_10 = T2.IDENTIFIER_PRIMARY_4","SELECT Shipments.shipment_tracking_number, Orders.order_status_code FROM Shipment_Items JOIN Shipments ON Shipment_Items.order_item_id = Shipments.shipment_id JOIN Order_Items ON Shipment_Items.shipment_id = Order_Items.order_item_id JOIN Orders ON Order_Items.order_id = Orders.order_id"
105,69,e_commerce,e_commerce,,,False,3,False,,llama3.1-8b,"SELECT T3.DESCRIPTIVE_ATTRIBUTE_11 , T4.MEASUREMENT_VALUE_15 FROM T3 JOIN T4 ON T3.IDENTIFIER_REFERENCE_10 = T2.IDENTIFIER_PRIMARY_4 JOIN T4 ON T3.IDENTIFIER_REFERENCE_14 = T1.IDENTIFIER_PRIMARY_1 JOIN T4 ON T4.IDENTIFIER_REFERENCE_13 = T2.IDENTIFIER_PRIMARY_4 WHERE T3.DESCRIPTIVE_ATTRIBUTE_11 = 'Ordered' INTERSECT SELECT T3.DESCRIPTIVE_ATTRIBUTE_11 , T4.MEASUREMENT_VALUE_15 FROM T3 JOIN T4 ON T3.IDENTIFIER_REFERENCE_10 = T2.IDENTIFIER_PRIMARY_4 JOIN T4 ON T3.IDENTIFIER_REFERENCE_14 = T1.IDENTIFIER_PRIMARY_1 JOIN T4 ON T4.IDENTIFIER_REFERENCE_13 = T2.IDENTIFIER_PRIMARY_4 WHERE T3.DESCRIPTIVE_ATTRIBUTE_11 = 'Shipped'","SELECT Order_Items.order_item_status_code , Shipments.shipment_tracking_number FROM Order_Items JOIN Shipments ON Order_Items.order_id = Orders.order_id JOIN Shipments ON Order_Items.invoice_number = Invoices.invoice_number JOIN Shipments ON Shipments.order_id = Orders.order_id WHERE Order_Items.order_item_status_code = 'Ordered' INTERSECT SELECT Order_Items.order_item_status_code , Shipments.shipment_tracking_number FROM Order_Items JOIN Shipments ON Order_Items.order_id = Orders.order_id JOIN Shipments ON Order_Items.invoice_number = Invoices.invoice_number JOIN Shipments ON Shipments.order_id = Orders.order_id WHERE Order_Items.order_item_status_code = 'Shipped'"
106,84,e_commerce,e_commerce,,,False,0,True,,llama3.1-8b,"SELECT TEXT_FIELD_5, TEXT_FIELD_5 FROM T1 WHERE TEXT_FIELD_5 LIKE '+12%'","SELECT login_password, login_password FROM Customers WHERE login_password LIKE '+12%'"
107,85,e_commerce,e_commerce,,,False,1,True,,llama3.1-8b,"SELECT T1.DESCRIPTIVE_ATTRIBUTE_2 , T1.DESCRIPTIVE_ATTRIBUTE_4 FROM T1 AS T1 JOIN T2 ON T1.IDENTIFIER_PRIMARY_1 = T2.IDENTIFIER_REFERENCE_8 WHERE T1.DESCRIPTIVE_ATTRIBUTE_2 LIKE '+12%'","SELECT Customers.customer_first_name , Customers.customer_last_name FROM Customers AS Customers JOIN Orders ON Customers.customer_id = Orders.customer_id WHERE Customers.customer_first_name LIKE '+12%'"
108,86,e_commerce,e_commerce,,,False,0,True,,llama3.1-8b,SELECT DESCRIPTIVE_ATTRIBUTE_3 FROM T1 WHERE TEXT_FIELD_5 LIKE '%Dell%',SELECT product_name FROM Products WHERE product_color LIKE '%Dell%'
109,87,e_commerce,e_commerce,,,False,0,True,,llama3.1-8b,SELECT T1.DESCRIPTIVE_ATTRIBUTE_3 FROM T1 WHERE T1.DESCRIPTIVE_ATTRIBUTE_3 LIKE '%Dell%',SELECT Products.product_name FROM Products WHERE Products.product_name LIKE '%Dell%'
110,94,e_commerce,e_commerce,,,False,0,True,,llama3.1-8b,"SELECT T2.DESCRIPTIVE_ATTRIBUTE_8 , T3.CHRONOLOGICAL_MARKER_13 FROM T3 INNER JOIN T2 ON T3.IDENTIFIER_REFERENCE_11 = T2.IDENTIFIER_PRIMARY_5","SELECT Order_Items.order_item_status_code , Shipments.shipment_date FROM Shipments INNER JOIN Order_Items ON Shipments.invoice_number = Order_Items.order_item_id"
111,95,e_commerce,e_commerce,,,False,0,True,,llama3.1-8b,"SELECT T2.DESCRIPTIVE_ATTRIBUTE_8 , T1.CHRONOLOGICAL_MARKER_4 FROM T1 AS T1 JOIN T2 ON T2.IDENTIFIER_REFERENCE_7 = T1.IDENTIFIER_PRIMARY_1","SELECT Order_Items.order_item_status_code , Orders.date_order_placed FROM Orders AS Orders JOIN Order_Items ON Order_Items.order_id = Orders.order_id"
112,96,e_commerce,e_commerce,,,False,0,True,,llama3.1-8b,"SELECT TEXT_FIELD_6 , DESCRIPTIVE_ATTRIBUTE_3 , DESCRIPTIVE_ATTRIBUTE_4 FROM T1 WHERE DESCRIPTIVE_ATTRIBUTE_2 = ""USA""","SELECT county , email_address , address_line_1 FROM Customers WHERE customer_first_name = ""USA"""
113,97,e_commerce,e_commerce,,,False,0,True,,llama3.1-8b,SELECT TEXT_FIELD_6 FROM T1,SELECT county FROM Customers
114,112,e_commerce,e_commerce,,,False,0,True,,llama3.1-8b,"SELECT T1.IDENTIFIER_PRIMARY_1, T1.DESCRIPTIVE_ATTRIBUTE_3 FROM T1 JOIN T3 ON T1.IDENTIFIER_PRIMARY_1 = T3.IDENTIFIER_REFERENCE_10 JOIN T4 ON T3.IDENTIFIER_PRIMARY_9 = T4.IDENTIFIER_PRIMARY_13 WHERE T1.CURRENCY_AMOUNT_4 > 3","SELECT Products.product_id, Products.product_name FROM Products JOIN Order_Items ON Products.product_id = Order_Items.product_id JOIN Shipment_Items ON Order_Items.order_item_id = Shipment_Items.shipment_id WHERE Products.product_price > 3"
115,113,e_commerce,e_commerce,,,False,0,True,,llama3.1-8b,"SELECT T1.IDENTIFIER_PRIMARY_1, T1.DESCRIPTIVE_ATTRIBUTE_3 FROM T1 JOIN T5 ON T5.IDENTIFIER_REFERENCE_21 = T1.IDENTIFIER_PRIMARY_1 GROUP BY T1.IDENTIFIER_PRIMARY_1 HAVING count(*) > 3","SELECT Products.product_id, Products.product_name FROM Products JOIN Shipment_Items ON Shipment_Items.order_item_id = Products.product_id GROUP BY Products.product_id HAVING count(*) > 3"
116,114,e_commerce,e_commerce,,,False,0,True,,llama3.1-8b,"SELECT T2.CHRONOLOGICAL_MARKER_7 , T2.IDENTIFIER_PRIMARY_4 FROM T2 JOIN T5 ON T5.IDENTIFIER_REFERENCE_18 = T2.IDENTIFIER_PRIMARY_4 GROUP BY T2.IDENTIFIER_PRIMARY_4 HAVING COUNT(T5.IDENTIFIER_PRIMARY_17) >= 2","SELECT Orders.date_order_placed , Orders.order_id FROM Orders JOIN Shipment_Items ON Shipment_Items.order_item_id = Orders.order_id GROUP BY Orders.order_id HAVING COUNT(Shipment_Items.shipment_id) >= 2"
117,115,e_commerce,e_commerce,,,False,0,True,,llama3.1-8b,"SELECT T4.CHRONOLOGICAL_MARKER_16 , T4.IDENTIFIER_PRIMARY_12 FROM T4 JOIN T3 ON T4.IDENTIFIER_REFERENCE_14 = T3.IDENTIFIER_PRIMARY_8 JOIN T5 ON T3.IDENTIFIER_PRIMARY_8 = T5.IDENTIFIER_PRIMARY_17 GROUP BY T4.IDENTIFIER_PRIMARY_12 HAVING COUNT(T5.IDENTIFIER_PRIMARY_17) >= 2","SELECT Shipments.shipment_date , Shipments.shipment_id FROM Shipments JOIN Order_Items ON Shipments.invoice_number = Order_Items.order_item_id JOIN Shipment_Items ON Order_Items.order_item_id = Shipment_Items.shipment_id GROUP BY Shipments.shipment_id HAVING COUNT(Shipment_Items.shipment_id) >= 2"
118,116,e_commerce,e_commerce,,,False,0,True,,llama3.1-8b,"SELECT IDENTIFIER_REFERENCE_2 , CHRONOLOGICAL_MARKER_5 FROM T1","SELECT order_id , shipment_date FROM Shipments"
119,117,e_commerce,e_commerce,,,False,0,True,,llama3.1-8b,"SELECT T2.IDENTIFIER_REFERENCE_7 , T1.CHRONOLOGICAL_MARKER_4 FROM T1 AS T1 JOIN T2 AS T2 ON T1.IDENTIFIER_PRIMARY_1 = T2.IDENTIFIER_REFERENCE_7","SELECT Order_Items.order_id , Orders.date_order_placed FROM Orders AS Orders JOIN Order_Items AS Order_Items ON Orders.order_id = Order_Items.order_id"
120,121,bbc_channels,bbc_channels,,,False,0,True,,llama3.1-8b,SELECT T1.DESCRIPTIVE_ATTRIBUTE_2 FROM T1 INNER JOIN T3 ON T1.IDENTIFIER_PRIMARY_1 = T3.IDENTIFIER_REFERENCE_13 INNER JOIN T2 ON T3.IDENTIFIER_REFERENCE_12 = T2.IDENTIFIER_PRIMARY_6 ORDER BY T2.MEASUREMENT_VALUE_8 DESC LIMIT 1,SELECT channel.Name FROM channel INNER JOIN program ON channel.Channel_ID = program.Channel_ID INNER JOIN director ON program.Director_ID = director.Director_ID ORDER BY director.Age DESC LIMIT 1
121,122,bbc_channels,bbc_channels,,,False,0,True,,llama3.1-8b,SELECT COUNT(*) FROM T1 WHERE TEXT_FIELD_3 LIKE '%bbc%',SELECT COUNT(*) FROM channel WHERE Analogue_terrestrial_channel LIKE '%bbc%'
122,127,bbc_channels,bbc_channels,,,False,0,True,,llama3.1-8b,SELECT T1.DESCRIPTIVE_ATTRIBUTE_2 FROM T1 INNER JOIN T3 ON T1.IDENTIFIER_PRIMARY_1 = T3.IDENTIFIER_REFERENCE_13 WHERE T3.CHRONOLOGICAL_MARKER_10 = ( SELECT MAX(T3.CHRONOLOGICAL_MARKER_10) FROM T3 ),SELECT channel.Name FROM channel INNER JOIN program ON channel.Channel_ID = program.Channel_ID WHERE program.Start_Year = ( SELECT MAX(program.Start_Year) FROM program )
123,128,bbc_channels,bbc_channels,,,False,0,True,,llama3.1-8b,"SELECT T1.DESCRIPTIVE_ATTRIBUTE_2, T1.TEXT_FIELD_5 FROM T1 AS T1 JOIN T3 AS T3 ON T3.IDENTIFIER_REFERENCE_13 = T1.IDENTIFIER_PRIMARY_1 JOIN T2 AS T2 ON T2.IDENTIFIER_PRIMARY_6 = T3.IDENTIFIER_REFERENCE_12 GROUP BY T1.DESCRIPTIVE_ATTRIBUTE_2, T1.TEXT_FIELD_5 HAVING COUNT(T3.IDENTIFIER_PRIMARY_9) > 1","SELECT channel.Name, channel.Internet FROM channel AS channel JOIN program AS program ON program.Channel_ID = channel.Channel_ID JOIN director AS director ON director.Director_ID = program.Director_ID GROUP BY channel.Name, channel.Internet HAVING COUNT(program.Program_ID) > 1"
124,129,bbc_channels,bbc_channels,,,False,0,True,,llama3.1-8b,"SELECT T2.DESCRIPTIVE_ATTRIBUTE_7, COUNT(T3.DESCRIPTIVE_ATTRIBUTE_11) FROM T3 INNER JOIN T2 ON T3.IDENTIFIER_REFERENCE_12 = T2.IDENTIFIER_PRIMARY_6 GROUP BY T2.DESCRIPTIVE_ATTRIBUTE_7","SELECT director.Name, COUNT(program.Title) FROM program INNER JOIN director ON program.Director_ID = director.Director_ID GROUP BY director.Name"
125,131,bbc_channels,bbc_channels,,,False,0,True,,llama3.1-8b,SELECT T1.DESCRIPTIVE_ATTRIBUTE_2 FROM T1 INNER JOIN T3 ON T1.IDENTIFIER_PRIMARY_1 = T3.IDENTIFIER_REFERENCE_13 WHERE T3.DESCRIPTIVE_ATTRIBUTE_11 = 'Dracula',SELECT channel.Name FROM channel INNER JOIN program ON channel.Channel_ID = program.Channel_ID WHERE program.Title = 'Dracula'
126,138,tv_shows,tv_shows,,,False,0,True,,llama3.1-8b,"SELECT T1.DESCRIPTIVE_ATTRIBUTE_2, T1.TEXT_FIELD_3 FROM T1 INNER JOIN T2 ON T1.IDENTIFIER_PRIMARY_1 = T2.IDENTIFIER_REFERENCE_7","SELECT tv_show.tv_show_name, tv_show.Sub_tittle FROM tv_show INNER JOIN city_channel_tv_show ON tv_show.tv_show_ID = city_channel_tv_show.tv_show_ID"
127,140,tv_shows,tv_shows,,,False,0,True,,llama3.1-8b,SELECT T2.DESCRIPTIVE_ATTRIBUTE_9 FROM T2 WHERE T2.IDENTIFIER_REFERENCE_8 IN (SELECT IDENTIFIER_PRIMARY_1 FROM T1 WHERE TEXT_FIELD_6 > 150 OR TEXT_FIELD_6 < 30),SELECT city_channel_radio.Is_online FROM city_channel_radio WHERE city_channel_radio.Radio_ID IN (SELECT Radio_ID FROM radio WHERE ERP_kW > 150 OR ERP_kW < 30)
128,141,tv_shows,tv_shows,,,False,0,True,,llama3.1-8b,SELECT T2.DESCRIPTIVE_ATTRIBUTE_9 FROM T2 WHERE IDENTIFIER_REFERENCE_8 IN ( SELECT IDENTIFIER_PRIMARY_1 FROM T1 ORDER BY TEXT_FIELD_6 DESC LIMIT 1 ),SELECT city_channel_radio.Is_online FROM city_channel_radio WHERE Radio_ID IN ( SELECT Radio_ID FROM radio ORDER BY ERP_kW DESC LIMIT 1 )
129,143,tv_shows,tv_shows,,,False,0,True,,llama3.1-8b,"SELECT T2.DESCRIPTIVE_ATTRIBUTE_7 , COUNT(*) FROM T2 JOIN T4 ON T2.IDENTIFIER_PRIMARY_6 = T4.IDENTIFIER_REFERENCE_15 GROUP BY T2.DESCRIPTIVE_ATTRIBUTE_7","SELECT tv_show.tv_show_name , COUNT(*) FROM tv_show JOIN city_channel_tv_show ON tv_show.tv_show_ID = city_channel_tv_show.tv_show_ID GROUP BY tv_show.tv_show_name"
130,146,tv_shows,tv_shows,,,False,3,False,,llama3.1-8b,"SELECT T3.DESCRIPITIVE_ATTRIBUTE_12, T2.DESCRIPATIVE_ATTRIBUTE_8 FROM T2 JOIN T3 ON T2.IDENTIFIER_REFERENCE_7 = T3.IDENTIFIER_REFERENCE_10 WHERE T2.IDENTIFIER_REFERENCE_7 = T1.IDENTIFIER_PRIMARY_1","SELECT city_channel_tv_show.DESCRIPITIVE_ATTRIBUTE_12, city_channel_radio.DESCRIPATIVE_ATTRIBUTE_8 FROM city_channel_radio JOIN city_channel_tv_show ON city_channel_radio.Radio_ID = city_channel_tv_show.tv_show_ID WHERE city_channel_radio.Radio_ID = city_channel.ID"
131,147,tv_shows,tv_shows,,,False,0,True,,llama3.1-8b,"SELECT T2.TEXT_FIELD_7, T2.TEXT_FIELD_8 FROM T3 INNER JOIN T2 ON T3.IDENTIFIER_REFERENCE_13 = T2.IDENTIFIER_PRIMARY_6 WHERE T3.DESCRIPTIVE_ATTRIBUTE_14 = 'radios'","SELECT radio.Transmitter, radio.Radio_MHz FROM city_channel_radio INNER JOIN radio ON city_channel_radio.Radio_ID = radio.Radio_ID WHERE city_channel_radio.Is_online = 'radios'"
132,149,tv_shows,tv_shows,,,False,0,True,,llama3.1-8b,"SELECT T2.TEXT_FIELD_7 , COUNT(T4.DESCRIPTIVE_ATTRIBUTE_17) FROM T3 AS T1 JOIN T2 AS T2 ON T1.IDENTIFIER_REFERENCE_13 = T2.IDENTIFIER_PRIMARY_6 JOIN T4 AS T4 ON T1.IDENTIFIER_PRIMARY_12 = T4.IDENTIFIER_PRIMARY_15 GROUP BY T2.TEXT_FIELD_7","SELECT radio.Transmitter , COUNT(city_channel_tv_show.Is_online) FROM city_channel_radio AS city_channel JOIN radio AS radio ON city_channel.Radio_ID = radio.Radio_ID JOIN city_channel_tv_show AS city_channel_tv_show ON city_channel.City_channel_ID = city_channel_tv_show.City_channel_ID GROUP BY radio.Transmitter"
133,157,vehicle_driver,vehicle_driver,,,False,0,True,,llama3.1-8b,"SELECT MAX(MEASUREMENT_VALUE_7) AS max_power, AVG(MEASUREMENT_VALUE_7) AS avg_power FROM T1 JOIN T3 ON T1.IDENTIFIER_PRIMARY_1 = T3.IDENTIFIER_REFERENCE_13 JOIN T2 ON T2.IDENTIFIER_PRIMARY_8 = T3.IDENTIFIER_PRIMARY_12 WHERE TEXT_FIELD_2 = 'Zhuzhou'","SELECT MAX(Total_Production) AS max_power, AVG(Total_Production) AS avg_power FROM vehicle JOIN vehicle_driver ON vehicle.Vehicle_ID = vehicle_driver.Vehicle_ID JOIN driver ON driver.Driver_ID = vehicle_driver.Driver_ID WHERE Model = 'Zhuzhou'"
134,158,vehicle_driver,vehicle_driver,,,False,0,True,,llama3.1-8b,"SELECT MAX(MEASUREMENT_VALUE_7) AS max_power, AVG(MEASUREMENT_VALUE_7) AS avg_power FROM T1 JOIN T3 ON T1.IDENTIFIER_PRIMARY_1 = T3.IDENTIFIER_REFERENCE_13 JOIN T2 ON T2.IDENTIFIER_PRIMARY_8 = T3.IDENTIFIER_PRIMARY_12 WHERE TEXT_FIELD_2 = 'Zhuzhou'","SELECT MAX(Total_Production) AS max_power, AVG(Total_Production) AS avg_power FROM vehicle JOIN vehicle_driver ON vehicle.Vehicle_ID = vehicle_driver.Vehicle_ID JOIN driver ON driver.Driver_ID = vehicle_driver.Driver_ID WHERE Model = 'Zhuzhou'"
135,161,vehicle_driver,vehicle_driver,,,False,0,True,,llama3.1-8b,"SELECT T1.MEASUREMENT_VALUE_7 , T1.NUMERIC_FIELD_5 FROM T1 WHERE T1.NUMERIC_FIELD_4 = 1996","SELECT vehicle.Total_Production , vehicle.Power FROM vehicle WHERE vehicle.Top_Speed = 1996"
136,162,vehicle_driver,vehicle_driver,,,False,0,True,,llama3.1-8b,"SELECT T1.MEASUREMENT_VALUE_7 , T1.MEASUREMENT_VALUE_7 FROM T1 AS T1 JOIN T3 AS T2 ON T1.IDENTIFIER_PRIMARY_1 = T2.IDENTIFIER_REFERENCE_13 JOIN T2 AS T3 ON T2.IDENTIFIER_PRIMARY_8 = T3.IDENTIFIER_PRIMARY_8 WHERE T3.DESCRIPTIVE_ATTRIBUTE_9 = 'year' AND T3.TEXT_FIELD_10 = 'built' AND T3.TEXT_FIELD_11 = '1996'","SELECT vehicle.Total_Production , vehicle.Total_Production FROM vehicle AS vehicle JOIN vehicle_driver AS driver ON vehicle.Vehicle_ID = driver.Vehicle_ID JOIN driver AS vehicle_driver ON driver.Driver_ID = vehicle_driver.Driver_ID WHERE vehicle_driver.Name = 'year' AND vehicle_driver.Citizenship = 'built' AND vehicle_driver.Racing_Series = '1996'"
137,163,vehicle_driver,vehicle_driver,,,False,0,True,,llama3.1-8b,"SELECT T1.CHRONOLOGICAL_MARKER_3 , T2.DESCRIPTIVE_ATTRIBUTE_9 , T2.TEXT_FIELD_10 FROM T2 INNER JOIN T3 ON T2.IDENTIFIER_PRIMARY_8 = T3.IDENTIFIER_PRIMARY_12 INNER JOIN T1 ON T3.IDENTIFIER_REFERENCE_13 = T1.IDENTIFIER_PRIMARY_1","SELECT vehicle.Build_Year , driver.Name , driver.Citizenship FROM driver INNER JOIN vehicle_driver ON driver.Driver_ID = vehicle_driver.Driver_ID INNER JOIN vehicle ON vehicle_driver.Vehicle_ID = vehicle.Vehicle_ID"
138,164,vehicle_driver,vehicle_driver,,,False,0,True,,llama3.1-8b,"SELECT T1.NUMERIC_FIELD_5 , T2.TEXT_FIELD_10 , T2.TEXT_FIELD_11 FROM T1 JOIN T3 ON T1.IDENTIFIER_PRIMARY_1 = T3.IDENTIFIER_REFERENCE_13 JOIN T2 ON T3.IDENTIFIER_PRIMARY_12 = T2.IDENTIFIER_PRIMARY_8","SELECT vehicle.Power , driver.Citizenship , driver.Racing_Series FROM vehicle JOIN vehicle_driver ON vehicle.Vehicle_ID = vehicle_driver.Vehicle_ID JOIN driver ON vehicle_driver.Driver_ID = driver.Driver_ID"
139,165,vehicle_driver,vehicle_driver,,,False,0,True,,llama3.1-8b,"SELECT COUNT(*) FROM T3 JOIN T1 ON T3.IDENTIFIER_REFERENCE_13 = T1.IDENTIFIER_PRIMARY_1 WHERE T1.CHRONOLOGICAL_MARKER_3 = ""2012""","SELECT COUNT(*) FROM vehicle_driver JOIN vehicle ON vehicle_driver.Vehicle_ID = vehicle.Vehicle_ID WHERE vehicle.Build_Year = ""2012"""
140,166,vehicle_driver,vehicle_driver,,,False,0,True,,llama3.1-8b,SELECT COUNT(DISTINCT T1.IDENTIFIER_PRIMARY_1) FROM T1 AS T1 JOIN T3 AS T3 ON T1.IDENTIFIER_PRIMARY_1 = T3.IDENTIFIER_REFERENCE_13 WHERE T1.NUMERIC_FIELD_4 = 2012,SELECT COUNT(DISTINCT vehicle.Vehicle_ID) FROM vehicle AS vehicle JOIN vehicle_driver AS vehicle_driver ON vehicle.Vehicle_ID = vehicle_driver.Vehicle_ID WHERE vehicle.Top_Speed = 2012
141,173,vehicle_driver,vehicle_driver,,,False,0,True,,llama3.1-8b,SELECT T1.TEXT_FIELD_6 FROM T1 WHERE T1.NUMERIC_FIELD_4 > 100 OR T1.NUMERIC_FIELD_5 > 150,SELECT vehicle.Builder FROM vehicle WHERE vehicle.Top_Speed > 100 OR vehicle.Power > 150
142,174,vehicle_driver,vehicle_driver,,,False,0,True,,llama3.1-8b,SELECT T2.DESCRIPTIVE_ATTRIBUTE_9 FROM T1 AS T1 INNER JOIN T3 AS T3 ON T1.IDENTIFIER_PRIMARY_1 = T3.IDENTIFIER_REFERENCE_13 INNER JOIN T2 AS T2 ON T3.IDENTIFIER_PRIMARY_12 = T2.IDENTIFIER_PRIMARY_8 WHERE T1.NUMERIC_FIELD_5 > 150 OR T1.NUMERIC_FIELD_4 > 100,SELECT driver.Name FROM vehicle AS vehicle INNER JOIN vehicle_driver AS vehicle_driver ON vehicle.Vehicle_ID = vehicle_driver.Vehicle_ID INNER JOIN driver AS driver ON vehicle_driver.Driver_ID = driver.Driver_ID WHERE vehicle.Power > 150 OR vehicle.Top_Speed > 100
143,175,vehicle_driver,vehicle_driver,,,False,0,True,,llama3.1-8b,"SELECT T2.DESCRIPTIVE_ATTRIBUTE_9, T2.TEXT_FIELD_11 FROM T2 JOIN T3 ON T2.IDENTIFIER_PRIMARY_8 = T3.IDENTIFIER_PRIMARY_12 JOIN T1 ON T3.IDENTIFIER_REFERENCE_13 = T1.IDENTIFIER_PRIMARY_1 WHERE T1.TEXT_FIELD_6 LIKE '%DJ%'","SELECT driver.Name, driver.Racing_Series FROM driver JOIN vehicle_driver ON driver.Driver_ID = vehicle_driver.Driver_ID JOIN vehicle ON vehicle_driver.Vehicle_ID = vehicle.Vehicle_ID WHERE vehicle.Builder LIKE '%DJ%'"
144,176,vehicle_driver,vehicle_driver,,,False,0,True,,llama3.1-8b,"SELECT T1.TEXT_FIELD_6 , T1.NUMERIC_FIELD_5 FROM T1 JOIN T3 ON T3.IDENTIFIER_REFERENCE_13 = T1.IDENTIFIER_PRIMARY_1 WHERE T1.TEXT_FIELD_6 LIKE ""%DJ%""","SELECT vehicle.Builder , vehicle.Power FROM vehicle JOIN vehicle_driver ON vehicle_driver.Vehicle_ID = vehicle.Vehicle_ID WHERE vehicle.Builder LIKE ""%DJ%"""
145,187,vehicle_driver,vehicle_driver,,,False,0,True,,llama3.1-8b,SELECT COUNT(T1.IDENTIFIER_PRIMARY_1) FROM T1 AS T1 INNER JOIN T3 AS T3 ON T1.IDENTIFIER_PRIMARY_1 = T3.IDENTIFIER_REFERENCE_13 GROUP BY T3.IDENTIFIER_REFERENCE_13,SELECT COUNT(vehicle.Vehicle_ID) FROM vehicle AS vehicle INNER JOIN vehicle_driver AS vehicle_driver ON vehicle.Vehicle_ID = vehicle_driver.Vehicle_ID GROUP BY vehicle_driver.Vehicle_ID
146,188,vehicle_driver,vehicle_driver,,,False,0,True,,llama3.1-8b,SELECT COUNT(*) FROM T1 AS T1 JOIN T3 AS T2 ON T1.IDENTIFIER_PRIMARY_1 = T2.IDENTIFIER_REFERENCE_13 GROUP BY T2.IDENTIFIER_REFERENCE_13,SELECT COUNT(*) FROM vehicle AS vehicle JOIN vehicle_driver AS driver ON vehicle.Vehicle_ID = driver.Vehicle_ID GROUP BY driver.Vehicle_ID
147,197,online_exams,online_exams,,,False,0,True,,llama3.1-8b,"SELECT T2.TEXT_FIELD_5, T2.CHRONOLOGICAL_MARKER_6 FROM T2 WHERE T2.DESCRIPTIVE_ATTRIBUTE_7 NOT LIKE ""Database""","SELECT Exams.Subject_Code, Exams.Exam_Date FROM Exams WHERE Exams.Exam_Name NOT LIKE ""Database"""
148,198,online_exams,online_exams,,,False,0,True,,llama3.1-8b,"SELECT T1.DESCRIPTIVE_ATTRIBUTE_4, T1.CHRONOLOGICAL_MARKER_3 FROM T1 WHERE T1.TEXT_FIELD_2 != ""Database""","SELECT Exams.Exam_Name, Exams.Exam_Date FROM Exams WHERE Exams.Subject_Code != ""Database"""
149,201,online_exams,online_exams,,,False,0,True,,llama3.1-8b,"SELECT DESCRIPTIVE_ATTRIBUTE_2 , COUNT(*) FROM T1 GROUP BY DESCRIPTIVE_ATTRIBUTE_2","SELECT Type_of_Question_Code , COUNT(*) FROM Questions GROUP BY Type_of_Question_Code"
150,202,online_exams,online_exams,,,False,0,True,,llama3.1-8b,"SELECT T1.DESCRIPTIVE_ATTRIBUTE_2 , COUNT(*) FROM T1 GROUP BY T1.DESCRIPTIVE_ATTRIBUTE_2","SELECT Questions.Type_of_Question_Code , COUNT(*) FROM Questions GROUP BY Questions.Type_of_Question_Code"
151,207,online_exams,online_exams,,,False,0,True,,llama3.1-8b,SELECT T5.TEXT_FIELD_20 FROM T5 GROUP BY T5.TEXT_FIELD_20 ORDER BY COUNT(*) DESC,SELECT Student_Answers.Student_Answer_Text FROM Student_Answers GROUP BY Student_Answers.Student_Answer_Text ORDER BY COUNT(*) DESC
152,208,online_exams,online_exams,,,False,0,True,,llama3.1-8b,SELECT TEXT_FIELD_15 FROM T3 GROUP BY TEXT_FIELD_15 ORDER BY COUNT(TEXT_FIELD_15) DESC,SELECT Student_Answer_Text FROM Student_Answers GROUP BY Student_Answer_Text ORDER BY COUNT(Student_Answer_Text) DESC
153,209,online_exams,online_exams,,,False,0,True,,llama3.1-8b,"SELECT T5.TEXT_FIELD_21, T4.CHRONOLOGICAL_MARKER_17 FROM T5 JOIN T4 ON T5.IDENTIFIER_REFERENCE_20 = T4.IDENTIFIER_REFERENCE_14","SELECT Student_Assessments.Student_Answer_Text, Student_Answers.Date_of_Answer FROM Student_Assessments JOIN Student_Answers ON Student_Assessments.Valid_Answer_ID = Student_Answers.Exam_ID"
154,210,online_exams,online_exams,,,False,3,False,,llama3.1-8b,"SELECT T1.DESCRIPITIVE_ATTRIBUTE_2 , T2.CHRONOLOGICAL_MARKER_9 FROM T1 AS T1 INNER JOIN T4 AS T4 ON T1.IDENTIFIER_PRIMARY_1 = T4.IDENTIFIER_REFERENCE_16 INNER JOIN T2 AS T2 ON T4.IDENTIFIER_REFERENCE_14 = T2.IDENTIFIER_PRIMARY_7","SELECT Students.DESCRIPITIVE_ATTRIBUTE_2 , Exams.Exam_Date FROM Students AS Students INNER JOIN Student_Answers AS Student_Answers ON Students.Student_ID = Student_Answers.Student_ID INNER JOIN Exams AS Exams ON Student_Answers.Exam_ID = Exams.Exam_ID"
155,211,online_exams,online_exams,,,False,0,True,,llama3.1-8b,"SELECT T5.TEXT_FIELD_21 , T4.CHRONOLOGICAL_MARKER_17 FROM T4 JOIN T3 ON T4.IDENTIFIER_REFERENCE_14 = T3.IDENTIFIER_PRIMARY_11 JOIN T5 ON T3.IDENTIFIER_REFERENCE_12 = T5.IDENTIFIER_REFERENCE_20 ORDER BY T4.CHRONOLOGICAL_MARKER_17 DESC","SELECT Student_Assessments.Student_Answer_Text , Student_Answers.Date_of_Answer FROM Student_Answers JOIN Questions_in_Exams ON Student_Answers.Exam_ID = Questions_in_Exams.Exam_ID JOIN Student_Assessments ON Questions_in_Exams.Question_ID = Student_Assessments.Valid_Answer_ID ORDER BY Student_Answers.Date_of_Answer DESC"
156,212,online_exams,online_exams,,,False,0,True,,llama3.1-8b,"SELECT T5.TEXT_FIELD_21 , T4.CHRONOLOGICAL_MARKER_17 FROM T4 JOIN T3 ON T4.IDENTIFIER_REFERENCE_14 = T3.IDENTIFIER_PRIMARY_11 JOIN T1 ON T3.IDENTIFIER_REFERENCE_12 = T1.IDENTIFIER_PRIMARY_1 JOIN T5 ON T5.IDENTIFIER_REFERENCE_20 = T1.IDENTIFIER_PRIMARY_1 ORDER BY T4.CHRONOLOGICAL_MARKER_17 DESC","SELECT Student_Assessments.Student_Answer_Text , Student_Answers.Date_of_Answer FROM Student_Answers JOIN Questions_in_Exams ON Student_Answers.Exam_ID = Questions_in_Exams.Exam_ID JOIN Students ON Questions_in_Exams.Question_ID = Students.Student_ID JOIN Student_Assessments ON Student_Assessments.Valid_Answer_ID = Students.Student_ID ORDER BY Student_Answers.Date_of_Answer DESC"
157,215,online_exams,online_exams,,,False,3,False,,llama3.1-8b,SELECT T4.TEXT_FIELD_17 FROM T3 AS T1 INNER JOIN T4 AS T2 ON T2.IDENTIFIER_PRIMARY_15 = T1.IDENTIFIER_REFERENCE_10 WHERE T1.IDENTIFIER_REFERENCE_12 IN (SELECT IDENTIFIER_PRIMARY_1 FROM T1 GROUP BY IDENTIFIER_PRIMARY_1 HAVING COUNT(*) >= 2),SELECT Student_Assessments.Student_Answer_Text FROM Student_Answers AS Students INNER JOIN Student_Assessments AS Questions_in_Exams ON Questions_in_Exams.Student_Answer_ID = Students.Exam_ID WHERE Students.Student_ID IN (SELECT Student_ID FROM Students GROUP BY Student_ID HAVING COUNT(*) >= 2)
158,216,online_exams,online_exams,,,False,0,True,,llama3.1-8b,SELECT T3.TEXT_FIELD_15 FROM T2 AS T1 INNER JOIN T3 ON T1.IDENTIFIER_REFERENCE_8 = T3.IDENTIFIER_PRIMARY_13 GROUP BY T3.IDENTIFIER_PRIMARY_13 HAVING COUNT(*) >= 2,SELECT Student_Assessments.Student_Answer_Text FROM Student_Answers AS Students INNER JOIN Student_Assessments ON Students.Exam_ID = Student_Assessments.Student_Answer_ID GROUP BY Student_Assessments.Student_Answer_ID HAVING COUNT(*) >= 2
159,221,online_exams,online_exams,,,False,0,True,,llama3.1-8b,"SELECT DESCRIPTIVE_ATTRIBUTE_2 , COUNT(*) FROM T1 GROUP BY DESCRIPTIVE_ATTRIBUTE_2","SELECT First_Name , COUNT(*) FROM Students GROUP BY First_Name"
160,14,soccer_3,soccer_3,,,False,0,True,,llama3.1-8b,SELECT T2.DESCRIPTIVE_ATTRIBUTE_8 FROM T1 AS T1 JOIN T2 ON T1.IDENTIFIER_PRIMARY_1 = T2.IDENTIFIER_REFERENCE_13 WHERE T2.NUMERIC_FIELD_10 > 2 ORDER BY T2.NUMERIC_FIELD_10 DESC LIMIT 1,SELECT player.Name FROM club AS club JOIN player ON club.Club_ID = player.Club_ID WHERE player.Earnings > 2 ORDER BY player.Earnings DESC LIMIT 1
161,15,soccer_3,soccer_3,,,False,0,True,,llama3.1-8b,SELECT T2.DESCRIPTIVE_ATTRIBUTE_8 FROM T2 AS T1 JOIN T1 AS T2 ON T1.IDENTIFIER_REFERENCE_13 = T2.IDENTIFIER_PRIMARY_1 GROUP BY T1.IDENTIFIER_REFERENCE_13 HAVING count(*) > 2 ORDER BY count(*) DESC LIMIT 1,SELECT player.Name FROM player AS club JOIN club AS player ON club.Club_ID = player.Club_ID GROUP BY club.Club_ID HAVING count(*) > 2 ORDER BY count(*) DESC LIMIT 1
162,22,soccer_3,soccer_3,,,False,0,True,,llama3.1-8b,SELECT T2.DESCRIPTIVE_ATTRIBUTE_8 FROM T2 JOIN T1 ON T2.IDENTIFIER_REFERENCE_13 = T1.IDENTIFIER_PRIMARY_1 GROUP BY T2.DESCRIPTIVE_ATTRIBUTE_8 ORDER BY AVG(T2.MEASUREMENT_VALUE_11) DESC,SELECT player.Name FROM player JOIN club ON player.Club_ID = club.Club_ID GROUP BY player.Name ORDER BY AVG(player.Events_number) DESC
163,23,soccer_3,soccer_3,,,False,0,True,,llama3.1-8b,SELECT T1.DESCRIPTIVE_ATTRIBUTE_2 FROM T1 INNER JOIN T2 ON T1.IDENTIFIER_PRIMARY_1 = T2.IDENTIFIER_REFERENCE_13 GROUP BY T1.DESCRIPTIVE_ATTRIBUTE_2 ORDER BY AVG(T2.MEASUREMENT_VALUE_11) DESC,SELECT club.Name FROM club INNER JOIN player ON club.Club_ID = player.Club_ID GROUP BY club.Name ORDER BY AVG(player.Events_number) DESC
164,26,soccer_3,soccer_3,,,False,0,True,,llama3.1-8b,SELECT T1.DESCRIPTIVE_ATTRIBUTE_2 FROM T1 WHERE T1.DESCRIPTIVE_ATTRIBUTE_2 = (SELECT T1.DESCRIPTIVE_ATTRIBUTE_2 FROM T1 GROUP BY T1.DESCRIPTIVE_ATTRIBUTE_2 ORDER BY COUNT(*) DESC LIMIT 1),SELECT club.Name FROM club WHERE club.Name = (SELECT club.Name FROM club GROUP BY club.Name ORDER BY COUNT(*) DESC LIMIT 1)
165,27,soccer_3,soccer_3,,,False,0,True,,llama3.1-8b,SELECT T1.DESCRIPTIVE_ATTRIBUTE_2 FROM T1 AS T1 JOIN T2 AS T2 ON T1.IDENTIFIER_PRIMARY_1 = T2.IDENTIFIER_REFERENCE_13 GROUP BY T1.DESCRIPTIVE_ATTRIBUTE_2 ORDER BY count(*) DESC LIMIT 1,SELECT club.Name FROM club AS club JOIN player AS player ON club.Club_ID = player.Club_ID GROUP BY club.Name ORDER BY count(*) DESC LIMIT 1
166,32,soccer_3,soccer_3,,,False,0,True,,llama3.1-8b,SELECT DESCRIPTIVE_ATTRIBUTE_2 FROM T1 WHERE IDENTIFIER_PRIMARY_1 NOT IN (SELECT IDENTIFIER_REFERENCE_13 FROM T2),SELECT Name FROM club WHERE Club_ID NOT IN (SELECT Club_ID FROM player)
167,33,soccer_3,soccer_3,,,False,0,True,,llama3.1-8b,SELECT T1.DESCRIPTIVE_ATTRIBUTE_2 FROM T1 WHERE T1.DESCRIPTIVE_ATTRIBUTE_2 NOT IN (SELECT T2.DESCRIPTIVE_ATTRIBUTE_8 FROM T2),SELECT club.Name FROM club WHERE club.Name NOT IN (SELECT player.Name FROM player)
168,34,soccer_3,soccer_3,,,False,1,True,,llama3.1-8b,SELECT T1.DESCRIPTIVE_ATTRIBUTE_2 FROM T1 INNER JOIN T2 ON T1.IDENTIFIER_PRIMARY_1 = T2.IDENTIFIER_REFERENCE_13 WHERE T1.DESCRIPTIVE_ATTRIBUTE_2 = 'country' AND T2.MEASUREMENT_VALUE_11 > 1400000 INTERSECT SELECT T1.DESCRIPTIVE_ATTRIBUTE_2 FROM T1 INNER JOIN T2 ON T1.IDENTIFIER_PRIMARY_1 = T2.IDENTIFIER_REFERENCE_13 WHERE T1.DESCRIPTIVE_ATTRIBUTE_2 = 'country' AND T2.MEASUREMENT_VALUE_11 < 1100000,SELECT club.Name FROM club INNER JOIN player ON club.Club_ID = player.Club_ID WHERE club.Name = 'country' AND player.Events_number > 1400000 INTERSECT SELECT club.Name FROM club INNER JOIN player ON club.Club_ID = player.Club_ID WHERE club.Name = 'country' AND player.Events_number < 1100000
169,35,soccer_3,soccer_3,,,False,0,True,,llama3.1-8b,SELECT T2.DESCRIPTIVE_ATTRIBUTE_8 FROM T2 WHERE T2.NUMERIC_FIELD_10 > 1400000 INTERSECT SELECT T2.DESCRIPTIVE_ATTRIBUTE_8 FROM T2 WHERE T2.NUMERIC_FIELD_10 < 1100000,SELECT player.Name FROM player WHERE player.Earnings > 1400000 INTERSECT SELECT player.Name FROM player WHERE player.Earnings < 1100000
170,44,e_commerce,e_commerce,,,False,0,True,,llama3.1-8b,"SELECT T1.DESCRIPTIVE_ATTRIBUTE_3 , T1.CHRONOLOGICAL_MARKER_4 FROM T1 WHERE T1.CHRONOLOGICAL_MARKER_4 = (SELECT MIN(CHRONOLOGICAL_MARKER_4) FROM T1) OR T1.DESCRIPTIVE_ATTRIBUTE_3 = 1","SELECT Orders.order_status_code , Orders.date_order_placed FROM Orders WHERE Orders.date_order_placed = (SELECT MIN(date_order_placed) FROM Orders) OR Orders.order_status_code = 1"
171,45,e_commerce,e_commerce,,,False,0,True,,llama3.1-8b,SELECT DISTINCT CHRONOLOGICAL_MARKER_4 FROM T1 WHERE IDENTIFIER_PRIMARY_1 IN (SELECT IDENTIFIER_REFERENCE_7 FROM T2) UNION SELECT CHRONOLOGICAL_MARKER_4 FROM T1 WHERE IDENTIFIER_PRIMARY_1 IN (SELECT IDENTIFIER_REFERENCE_7 FROM T2 GROUP BY IDENTIFIER_REFERENCE_7 HAVING COUNT(*) > 1),SELECT DISTINCT date_order_placed FROM Orders WHERE order_id IN (SELECT order_id FROM Order_Items) UNION SELECT date_order_placed FROM Orders WHERE order_id IN (SELECT order_id FROM Order_Items GROUP BY order_id HAVING COUNT(*) > 1)
172,49,e_commerce,e_commerce,,,False,0,True,,llama3.1-8b,"SELECT T1.IDENTIFIER_PRIMARY_1 , T1.DESCRIPTIVE_ATTRIBUTE_3 , T1.CURRENCY_AMOUNT_4 , T1.TEXT_FIELD_5 FROM T1 LEFT JOIN T2 ON T2.IDENTIFIER_REFERENCE_8 = T1.IDENTIFIER_PRIMARY_1 LEFT JOIN T4 ON T4.IDENTIFIER_REFERENCE_17 = T2.IDENTIFIER_PRIMARY_7 WHERE T4.IDENTIFIER_PRIMARY_16 IS NULL","SELECT Products.product_id , Products.product_name , Products.product_price , Products.product_color FROM Products LEFT JOIN Order_Items ON Order_Items.product_id = Products.product_id LEFT JOIN Shipment_Items ON Shipment_Items.order_item_id = Order_Items.order_item_id WHERE Shipment_Items.shipment_id IS NULL"
173,56,e_commerce,e_commerce,,,False,0,True,,llama3.1-8b,SELECT TEXT_FIELD_2 FROM T1 GROUP BY TEXT_FIELD_2 ORDER BY COUNT(TEXT_FIELD_2) DESC LIMIT 1,SELECT payment_method_code FROM Customer_Payment_Methods GROUP BY payment_method_code ORDER BY COUNT(payment_method_code) DESC LIMIT 1
174,57,e_commerce,e_commerce,,,False,0,True,,llama3.1-8b,SELECT T2.TEXT_FIELD_8 FROM T2 INNER JOIN T1 ON T2.IDENTIFIER_REFERENCE_7 = T1.IDENTIFIER_PRIMARY_1 GROUP BY T2.TEXT_FIELD_8 ORDER BY COUNT(T2.TEXT_FIELD_8) DESC LIMIT 1,SELECT Customer_Payment_Methods.payment_method_code FROM Customer_Payment_Methods INNER JOIN Customers ON Customer_Payment_Methods.customer_id = Customers.customer_id GROUP BY Customer_Payment_Methods.payment_method_code ORDER BY COUNT(Customer_Payment_Methods.payment_method_code) DESC LIMIT 1
175,58,e_commerce,e_commerce,,,False,0,True,,llama3.1-8b,"SELECT T1.DESCRIPTIVE_ATTRIBUTE_3 , COUNT(*) FROM T1 GROUP BY T1.DESCRIPTIVE_ATTRIBUTE_3","SELECT Products.product_name , COUNT(*) FROM Products GROUP BY Products.product_name"
176,59,e_commerce,e_commerce,,,False,0,True,,llama3.1-8b,SELECT COUNT(*) FROM T1,SELECT COUNT(*) FROM Products
177,66,e_commerce,e_commerce,,,False,0,True,,llama3.1-8b,"SELECT T1.DESCRIPTIVE_ATTRIBUTE_3, T2.CHRONOLOGICAL_MARKER_9 FROM T1 AS T1 JOIN T5 AS T5 ON T1.IDENTIFIER_PRIMARY_1 = T5.IDENTIFIER_REFERENCE_20 JOIN T2 AS T2 ON T5.IDENTIFIER_REFERENCE_20 = T2.IDENTIFIER_PRIMARY_7","SELECT Products.product_name, Invoices.invoice_date FROM Products AS Products JOIN Shipments AS Shipments ON Products.product_id = Shipments.invoice_number JOIN Invoices AS Invoices ON Shipments.invoice_number = Invoices.invoice_number"
178,67,e_commerce,e_commerce,,,False,0,True,,llama3.1-8b,"SELECT T1.DESCRIPTIVE_ATTRIBUTE_3 , T2.CHRONOLOGICAL_MARKER_10 FROM T1 AS T1 INNER JOIN T2 AS T2 ON T1.IDENTIFIER_PRIMARY_1 = T2.IDENTIFIER_REFERENCE_8","SELECT Products.product_name , Orders.date_order_placed FROM Products AS Products INNER JOIN Orders AS Orders ON Products.product_id = Orders.customer_id"
179,70,e_commerce,e_commerce,,,False,0,True,,llama3.1-8b,"SELECT T3.DESCRIPTIVE_ATTRIBUTE_14 , T1.DESCRIPTIVE_ATTRIBUTE_3 FROM T3 JOIN T1 ON T3.IDENTIFIER_REFERENCE_12 = T1.IDENTIFIER_PRIMARY_1 JOIN T4 ON T4.IDENTIFIER_REFERENCE_16 = T3.IDENTIFIER_REFERENCE_13 WHERE T4.MEASUREMENT_VALUE_18 = 'shipped'","SELECT Order_Items.order_item_status_code , Products.product_name FROM Order_Items JOIN Products ON Order_Items.product_id = Products.product_id JOIN Shipments ON Shipments.order_id = Order_Items.order_id WHERE Shipments.shipment_tracking_number = 'shipped'"
180,71,e_commerce,e_commerce,,,False,3,False,,llama3.1-8b,"SELECT T1.DESCRIPTIVE_ATTRIBUTE_3 , T1.DESCRIPTIVE_ATTRIBUTE_9 FROM T1 AS T1 JOIN T2 AS T2 ON T1.IDENTIFIER_PRIMARY_1 = T2.IDENTIFIER_REFERENCE_8 WHERE T2.CHRONOLOGICAL_MARKER_10 = (SELECT max(CHRONOLOGICAL_MARKER_10) FROM T2)","SELECT Products.product_name , Products.order_status_code FROM Products AS Products JOIN Orders AS Orders ON Products.product_id = Orders.customer_id WHERE Orders.date_order_placed = (SELECT max(date_order_placed) FROM Orders)"
181,74,e_commerce,e_commerce,,,False,3,False,,llama3.1-8b,SELECT T4.MEASUREMENT_VALUE_15 FROM T4 AS T1 JOIN T2 AS T2 ON T1.IDENTIFIER_REFERENCE_14 = T2.IDENTIFIER_PRIMARY_4 WHERE T2.IDENTIFIER_PRIMARY_4 NOT IN (SELECT T2.IDENTIFIER_PRIMARY_4 FROM T2 AS T2 JOIN T3 AS T3 ON T2.IDENTIFIER_PRIMARY_4 = T3.IDENTIFIER_REFERENCE_10 JOIN T5 AS T5 ON T3.IDENTIFIER_PRIMARY_8 = T5.IDENTIFIER_PRIMARY_17 WHERE T5.IDENTIFIER_REFERENCE_18 = 1),SELECT Shipments.shipment_tracking_number FROM Shipments AS Invoices JOIN Orders AS Orders ON Invoices.invoice_number = Orders.order_id WHERE Orders.order_id NOT IN (SELECT Orders.order_id FROM Orders AS Orders JOIN Order_Items AS Order_Items ON Orders.order_id = Order_Items.order_id JOIN Shipment_Items AS Shipment_Items ON Order_Items.order_item_id = Shipment_Items.shipment_id WHERE Shipment_Items.order_item_id = 1)
182,75,e_commerce,e_commerce,,,False,1,True,,llama3.1-8b,SELECT T2.DESCRIPTIVE_ATTRIBUTE_6 FROM T2 WHERE T2.CHRONOLOGICAL_MARKER_7 = 'shipped',SELECT Orders.order_status_code FROM Orders WHERE Orders.date_order_placed = 'shipped'
183,76,e_commerce,e_commerce,,,False,0,True,,llama3.1-8b,"SELECT T4.MEASUREMENT_VALUE_18, T2.DESCRIPTIVE_ATTRIBUTE_9, T4.CHRONOLOGICAL_MARKER_19 FROM T4 JOIN T2 ON T4.IDENTIFIER_REFERENCE_16 = T2.IDENTIFIER_PRIMARY_7","SELECT Shipments.shipment_tracking_number, Orders.order_status_code, Shipments.shipment_date FROM Shipments JOIN Orders ON Shipments.order_id = Orders.order_id"
184,77,e_commerce,e_commerce,,,False,2,True,,llama3.1-8b,"SELECT T1.IDENTIFIER_PRIMARY_1, T4.CHRONOLOGICAL_MARKER_17, T1.CURRENCY_AMOUNT_4 FROM T1 JOIN T5 ON T5.IDENTIFIER_REFERENCE_19 = T1.IDENTIFIER_PRIMARY_1 JOIN T7 ON T7.IDENTIFIER_REFERENCE_28 = T4.IDENTIFIER_PRIMARY_15 JOIN T4 ON T4.IDENTIFIER_PRIMARY_15 = T7.IDENTIFIER_REFERENCE_28","SELECT Products.product_id, Invoices.invoice_date, Products.product_price FROM Products JOIN Orders ON Orders.customer_id = Products.product_id JOIN Shipments ON Shipments.invoice_number = Invoices.invoice_number JOIN Invoices ON Invoices.invoice_number = Shipments.invoice_number"
185,98,e_commerce,e_commerce,,,False,0,True,,llama3.1-8b,"SELECT T1.DESCRIPTIVE_ATTRIBUTE_3 , T1.DESCRIPTIVE_ATTRIBUTE_3 FROM T1","SELECT Products.product_name , Products.product_name FROM Products"
186,99,e_commerce,e_commerce,,,False,0,True,,llama3.1-8b,"SELECT T1.DESCRIPTIVE_ATTRIBUTE_3 , T1.TEXT_FIELD_5 FROM T1","SELECT Products.product_name , Products.product_color FROM Products"
187,108,e_commerce,e_commerce,,,False,2,True,,llama3.1-8b,SELECT T3.CHRONOLOGICAL_MARKER_11 FROM T1 AS T1 JOIN T4 AS T2 ON T1.IDENTIFIER_PRIMARY_1 = T2.IDENTIFIER_REFERENCE_13 JOIN T3 AS T3 ON T2.IDENTIFIER_PRIMARY_12 = T3.IDENTIFIER_PRIMARY_9 GROUP BY T3.IDENTIFIER_PRIMARY_9 HAVING count(DISTINCT T2.IDENTIFIER_REFERENCE_13) >= 2,SELECT Invoices.invoice_date FROM Customers AS Customers JOIN Orders AS Customer_Payment_Methods ON Customers.customer_id = Customer_Payment_Methods.customer_id JOIN Invoices AS Invoices ON Customer_Payment_Methods.order_id = Invoices.invoice_number GROUP BY Invoices.invoice_number HAVING count(DISTINCT Customer_Payment_Methods.customer_id) >= 2
188,109,e_commerce,e_commerce,,,False,1,True,,llama3.1-8b,"SELECT T3.CHRONOLOGICAL_MARKER_11 FROM T1 AS T1 JOIN T4 AS T4 ON T1.IDENTIFIER_PRIMARY_1 = T4.IDENTIFIER_REFERENCE_13 JOIN T3 AS T3 ON T4.IDENTIFIER_REFERENCE_13 = T3.IDENTIFIER_PRIMARY_9 WHERE T1.DESCRIPTIVE_ATTRIBUTE_5 = ""2""","SELECT Invoices.invoice_date FROM Customers AS Customers JOIN Orders AS Orders ON Customers.customer_id = Orders.customer_id JOIN Invoices AS Invoices ON Orders.customer_id = Invoices.invoice_number WHERE Customers.customer_last_name = ""2"""
189,110,e_commerce,e_commerce,,,False,0,True,,llama3.1-8b,SELECT DESCRIPTIVE_ATTRIBUTE_3 FROM T1 WHERE IDENTIFIER_REFERENCE_2 = (SELECT IDENTIFIER_REFERENCE_2 FROM T1 GROUP BY IDENTIFIER_REFERENCE_2 ORDER BY COUNT(*) LIMIT 1),SELECT order_status_code FROM Orders WHERE customer_id = (SELECT customer_id FROM Orders GROUP BY customer_id ORDER BY COUNT(*) LIMIT 1)
190,111,e_commerce,e_commerce,,,False,0,True,,llama3.1-8b,SELECT DESCRIPTIVE_ATTRIBUTE_8 FROM T2 WHERE IDENTIFIER_REFERENCE_7 IN (SELECT IDENTIFIER_PRIMARY_1 FROM T1 GROUP BY IDENTIFIER_PRIMARY_1 ORDER BY COUNT(*) LIMIT 1),SELECT order_item_status_code FROM Order_Items WHERE order_id IN (SELECT order_id FROM Orders GROUP BY order_id ORDER BY COUNT(*) LIMIT 1)
191,120,bbc_channels,bbc_channels,,,False,0,True,,llama3.1-8b,SELECT T1.DESCRIPTIVE_ATTRIBUTE_2 FROM T1 INNER JOIN T2 ON T1.IDENTIFIER_PRIMARY_1 = T2.IDENTIFIER_PRIMARY_6 WHERE T2.MEASUREMENT_VALUE_8 > (SELECT AVG(MEASUREMENT_VALUE_8) FROM T2),SELECT channel.Name FROM channel INNER JOIN director ON channel.Channel_ID = director.Director_ID WHERE director.Age > (SELECT AVG(Age) FROM director)
192,135,bbc_channels,bbc_channels,,,False,0,True,,llama3.1-8b,"SELECT T1.DESCRIPTIVE_ATTRIBUTE_2, T1.DESCRIPTIVE_ATTRIBUTE_2 FROM T1 JOIN T3 ON T3.IDENTIFIER_REFERENCE_13 = T1.IDENTIFIER_PRIMARY_1 WHERE T3.DESCRIPTIVE_ATTRIBUTE_11 NOT LIKE '%Hank Baskett%'","SELECT channel.Name, channel.Name FROM channel JOIN program ON program.Channel_ID = channel.Channel_ID WHERE program.Title NOT LIKE '%Hank Baskett%'"
193,144,tv_shows,tv_shows,,,False,0,True,,llama3.1-8b,SELECT T3.DESCRIPTIVE_ATTRIBUTE_11 FROM T1 AS T1 JOIN T3 ON T1.IDENTIFIER_PRIMARY_1 = T3.IDENTIFIER_PRIMARY_9 GROUP BY T3.DESCRIPTIVE_ATTRIBUTE_11 ORDER BY COUNT(*) DESC LIMIT 1,SELECT city_channel_tv_show.Is_online FROM city_channel AS city_channel JOIN city_channel_tv_show ON city_channel.ID = city_channel_tv_show.City_channel_ID GROUP BY city_channel_tv_show.Is_online ORDER BY COUNT(*) DESC LIMIT 1
194,148,tv_shows,tv_shows,,,False,0,True,,llama3.1-8b,"SELECT T2.TEXT_FIELD_7, T2.TEXT_FIELD_8 FROM T3 AS T1 JOIN T2 ON T1.IDENTIFIER_REFERENCE_13 = T2.IDENTIFIER_PRIMARY_6 WHERE T1.DESCRIPTIVE_ATTRIBUTE_14 = ""radios"" ORDER BY T1.DESCRIPTIVE_ATTRIBUTE_14 DESC","SELECT radio.Transmitter, radio.Radio_MHz FROM city_channel_radio AS city_channel JOIN radio ON city_channel.Radio_ID = radio.Radio_ID WHERE city_channel.Is_online = ""radios"" ORDER BY city_channel.Is_online DESC"
195,150,tv_shows,tv_shows,,,False,0,True,,llama3.1-8b,SELECT DISTINCT T2.TEXT_FIELD_7 FROM T2 WHERE T2.TEXT_FIELD_8 NOT IN (SELECT T4.DESCRIPTIVE_ATTRIBUTE_17 FROM T4),SELECT DISTINCT radio.Transmitter FROM radio WHERE radio.Radio_MHz NOT IN (SELECT city_channel_tv_show.Is_online FROM city_channel_tv_show)
196,151,vehicle_driver,vehicle_driver,,,False,0,True,,llama3.1-8b,SELECT T2.DESCRIPTIVE_ATTRIBUTE_9 FROM T1 AS T1 INNER JOIN T3 AS T3 ON T1.IDENTIFIER_PRIMARY_1 = T3.IDENTIFIER_REFERENCE_13 INNER JOIN T2 AS T2 ON T2.IDENTIFIER_PRIMARY_8 = T3.IDENTIFIER_PRIMARY_12 WHERE T1.NUMERIC_FIELD_4 > 6000 ORDER BY T1.NUMERIC_FIELD_5 DESC LIMIT 1,SELECT driver.Name FROM vehicle AS vehicle INNER JOIN vehicle_driver AS vehicle_driver ON vehicle.Vehicle_ID = vehicle_driver.Vehicle_ID INNER JOIN driver AS driver ON driver.Driver_ID = vehicle_driver.Driver_ID WHERE vehicle.Top_Speed > 6000 ORDER BY vehicle.Power DESC LIMIT 1
197,152,vehicle_driver,vehicle_driver,,,False,3,False,,llama3.1-8b,SELECT T2.TEXT_FIELD_10 FROM T1 AS T1 JOIN T3 AS T2 ON T1.IDENTIFIER_PRIMARY_1 = T2.IDENTIFIER_REFERENCE_13 WHERE T1.MEASUREMENT_VALUE_7 > 6000 ORDER BY T1.NUMERIC_FIELD_5 DESC LIMIT 1,SELECT driver.Citizenship FROM vehicle AS vehicle JOIN vehicle_driver AS driver ON vehicle.Vehicle_ID = driver.Vehicle_ID WHERE vehicle.Total_Production > 6000 ORDER BY vehicle.Power DESC LIMIT 1
198,155,vehicle_driver,vehicle_driver,,,False,0,True,,llama3.1-8b,"SELECT COUNT(*) , T1.IDENTIFIER_PRIMARY_1 FROM T1 INNER JOIN T3 ON T1.IDENTIFIER_PRIMARY_1 = T3.IDENTIFIER_REFERENCE_13 GROUP BY T1.IDENTIFIER_PRIMARY_1 ORDER BY COUNT(*) DESC LIMIT 1","SELECT COUNT(*) , vehicle.Vehicle_ID FROM vehicle INNER JOIN vehicle_driver ON vehicle.Vehicle_ID = vehicle_driver.Vehicle_ID GROUP BY vehicle.Vehicle_ID ORDER BY COUNT(*) DESC LIMIT 1"
199,156,vehicle_driver,vehicle_driver,,,False,0,True,,llama3.1-8b,"SELECT T1.IDENTIFIER_PRIMARY_1 , count(*) FROM T1 JOIN T3 ON T1.IDENTIFIER_PRIMARY_1 = T3.IDENTIFIER_REFERENCE_13 GROUP BY T1.IDENTIFIER_PRIMARY_1 ORDER BY count(*) DESC LIMIT 1","SELECT vehicle.Vehicle_ID , count(*) FROM vehicle JOIN vehicle_driver ON vehicle.Vehicle_ID = vehicle_driver.Vehicle_ID GROUP BY vehicle.Vehicle_ID ORDER BY count(*) DESC LIMIT 1"
200,159,vehicle_driver,vehicle_driver,,,False,0,True,,llama3.1-8b,SELECT T1.IDENTIFIER_PRIMARY_1 FROM T1 WHERE T1.NUMERIC_FIELD_4 = (SELECT MIN(T1.NUMERIC_FIELD_4) FROM T1),SELECT vehicle.Vehicle_ID FROM vehicle WHERE vehicle.Top_Speed = (SELECT MIN(vehicle.Top_Speed) FROM vehicle)
201,160,vehicle_driver,vehicle_driver,,,False,0,True,,llama3.1-8b,SELECT T3.IDENTIFIER_PRIMARY_12 FROM T3 WHERE T3.IDENTIFIER_REFERENCE_13 = ( SELECT T3.IDENTIFIER_REFERENCE_13 FROM T3 ORDER BY T3.IDENTIFIER_REFERENCE_13 ASC LIMIT 1 ),SELECT vehicle_driver.Driver_ID FROM vehicle_driver WHERE vehicle_driver.Vehicle_ID = ( SELECT vehicle_driver.Vehicle_ID FROM vehicle_driver ORDER BY vehicle_driver.Vehicle_ID ASC LIMIT 1 )
202,171,vehicle_driver,vehicle_driver,,,False,3,False,,llama3.1-8b,SELECT DISTINCT T2.DESCRIPTIVE_ATTRIBUTE_9 FROM T1 AS T1 JOIN T3 AS T2 ON T1.IDENTIFIER_PRIMARY_1 = T2.IDENTIFIER_REFERENCE_13 WHERE T1.NUMERIC_FIELD_4 > 5000,SELECT DISTINCT driver.Name FROM vehicle AS vehicle JOIN vehicle_driver AS driver ON vehicle.Vehicle_ID = driver.Vehicle_ID WHERE vehicle.Top_Speed > 5000
203,172,vehicle_driver,vehicle_driver,,,False,0,True,,llama3.1-8b,SELECT T2.DESCRIPTIVE_ATTRIBUTE_9 FROM T2 INNER JOIN T3 ON T2.IDENTIFIER_PRIMARY_8 = T3.IDENTIFIER_PRIMARY_12 INNER JOIN T1 ON T3.IDENTIFIER_REFERENCE_13 = T1.IDENTIFIER_PRIMARY_1 WHERE T1.NUMERIC_FIELD_5 > 5000,SELECT driver.Name FROM driver INNER JOIN vehicle_driver ON driver.Driver_ID = vehicle_driver.Driver_ID INNER JOIN vehicle ON vehicle_driver.Vehicle_ID = vehicle.Vehicle_ID WHERE vehicle.Power > 5000
204,177,vehicle_driver,vehicle_driver,,,False,1,True,,llama3.1-8b,SELECT T2.DESCRIPTIVE_ATTRIBUTE_9 FROM T3 AS T1 JOIN T2 ON T1.IDENTIFIER_PRIMARY_12 = T2.IDENTIFIER_PRIMARY_8 WHERE T1.IDENTIFIER_PRIMARY_12 NOT IN (SELECT T1.IDENTIFIER_PRIMARY_1 FROM T1 AS T1 JOIN T3 AS T2 ON T1.IDENTIFIER_PRIMARY_1 = T2.IDENTIFIER_REFERENCE_13),SELECT driver.Name FROM vehicle_driver AS vehicle JOIN driver ON vehicle.Driver_ID = driver.Driver_ID WHERE vehicle.Driver_ID NOT IN (SELECT vehicle.Vehicle_ID FROM vehicle AS vehicle JOIN vehicle_driver AS driver ON vehicle.Vehicle_ID = driver.Vehicle_ID)
205,178,vehicle_driver,vehicle_driver,,,False,0,True,,llama3.1-8b,SELECT T2.DESCRIPTIVE_ATTRIBUTE_9 FROM T2 INNER JOIN T3 ON T2.IDENTIFIER_PRIMARY_8 = T3.IDENTIFIER_PRIMARY_12 LEFT JOIN T1 ON T3.IDENTIFIER_REFERENCE_13 = T1.IDENTIFIER_PRIMARY_1 WHERE T1.IDENTIFIER_PRIMARY_1 IS NULL,SELECT driver.Name FROM driver INNER JOIN vehicle_driver ON driver.Driver_ID = vehicle_driver.Driver_ID LEFT JOIN vehicle ON vehicle_driver.Vehicle_ID = vehicle.Vehicle_ID WHERE vehicle.Vehicle_ID IS NULL
206,179,vehicle_driver,vehicle_driver,,,False,0,True,,llama3.1-8b,"SELECT T2.DESCRIPTIVE_ATTRIBUTE_9, T2.TEXT_FIELD_10 FROM T3 JOIN T2 ON T3.IDENTIFIER_PRIMARY_12 = T2.IDENTIFIER_PRIMARY_8 WHERE T3.IDENTIFIER_REFERENCE_13 IN (SELECT T1.IDENTIFIER_PRIMARY_1 FROM T1 GROUP BY T1.IDENTIFIER_PRIMARY_1 HAVING COUNT(T1.IDENTIFIER_PRIMARY_1) >= 2) OR T2.TEXT_FIELD_11 = 'Ziyang'","SELECT driver.Name, driver.Citizenship FROM vehicle_driver JOIN driver ON vehicle_driver.Driver_ID = driver.Driver_ID WHERE vehicle_driver.Vehicle_ID IN (SELECT vehicle.Vehicle_ID FROM vehicle GROUP BY vehicle.Vehicle_ID HAVING COUNT(vehicle.Vehicle_ID) >= 2) OR driver.Racing_Series = 'Ziyang'"
207,180,vehicle_driver,vehicle_driver,,,False,0,True,,llama3.1-8b,"SELECT T1.IDENTIFIER_PRIMARY_1, T2.TEXT_FIELD_10 FROM T1 JOIN T3 ON T1.IDENTIFIER_PRIMARY_1 = T3.IDENTIFIER_REFERENCE_13 JOIN T2 ON T3.IDENTIFIER_PRIMARY_12 = T2.IDENTIFIER_PRIMARY_8 WHERE (SELECT COUNT(*) FROM T3 AS T4 WHERE T4.IDENTIFIER_REFERENCE_13 = T1.IDENTIFIER_PRIMARY_1) = 2 OR T2.TEXT_FIELD_11 = ""Ziyang""","SELECT vehicle.Vehicle_ID, driver.Citizenship FROM vehicle JOIN vehicle_driver ON vehicle.Vehicle_ID = vehicle_driver.Vehicle_ID JOIN driver ON vehicle_driver.Driver_ID = driver.Driver_ID WHERE (SELECT COUNT(*) FROM vehicle_driver AS T4 WHERE T4.Vehicle_ID = vehicle.Vehicle_ID) = 2 OR driver.Racing_Series = ""Ziyang"""
208,183,vehicle_driver,vehicle_driver,,,False,0,True,,llama3.1-8b,SELECT COUNT(T1.IDENTIFIER_PRIMARY_1) FROM T1 AS T1 INNER JOIN T3 AS T3 ON T1.IDENTIFIER_PRIMARY_1 = T3.IDENTIFIER_REFERENCE_13 WHERE T1.MEASUREMENT_VALUE_7 = 'maximum top speed',SELECT COUNT(vehicle.Vehicle_ID) FROM vehicle AS vehicle INNER JOIN vehicle_driver AS vehicle_driver ON vehicle.Vehicle_ID = vehicle_driver.Vehicle_ID WHERE vehicle.Total_Production = 'maximum top speed'
209,184,vehicle_driver,vehicle_driver,,,False,0,True,,llama3.1-8b,SELECT COUNT(*) FROM T1 WHERE NUMERIC_FIELD_4 = (SELECT MAX(NUMERIC_FIELD_4) FROM T1),SELECT COUNT(*) FROM vehicle WHERE Top_Speed = (SELECT MAX(Top_Speed) FROM vehicle)
210,189,vehicle_driver,vehicle_driver,,,False,0,True,,llama3.1-8b,"SELECT T2.DESCRIPTIVE_ATTRIBUTE_9 , T2.TEXT_FIELD_10 FROM T3 INNER JOIN T2 ON T3.IDENTIFIER_PRIMARY_12 = T2.IDENTIFIER_PRIMARY_8 WHERE T3.IDENTIFIER_REFERENCE_13 = ( SELECT IDENTIFIER_PRIMARY_1 FROM T1 WHERE TEXT_FIELD_6 = 'DJ1' )","SELECT driver.Name , driver.Citizenship FROM vehicle_driver INNER JOIN driver ON vehicle_driver.Driver_ID = driver.Driver_ID WHERE vehicle_driver.Vehicle_ID = ( SELECT Vehicle_ID FROM vehicle WHERE Builder = 'DJ1' )"
211,190,vehicle_driver,vehicle_driver,,,False,0,True,,llama3.1-8b,"SELECT T2.DESCRIPTIVE_ATTRIBUTE_9, T2.TEXT_FIELD_10 FROM T1 JOIN T3 ON T1.IDENTIFIER_PRIMARY_1 = T3.IDENTIFIER_REFERENCE_13 JOIN T2 ON T2.IDENTIFIER_PRIMARY_8 = T3.IDENTIFIER_PRIMARY_12 WHERE T1.TEXT_FIELD_6 = 'DJ1'","SELECT driver.Name, driver.Citizenship FROM vehicle JOIN vehicle_driver ON vehicle.Vehicle_ID = vehicle_driver.Vehicle_ID JOIN driver ON driver.Driver_ID = vehicle_driver.Driver_ID WHERE vehicle.Builder = 'DJ1'"
212,199,online_exams,online_exams,,,False,0,True,,llama3.1-8b,"SELECT CHRONOLOGICAL_MARKER_3 FROM T1 WHERE TEXT_FIELD_2 LIKE ""%data%"" ORDER BY CHRONOLOGICAL_MARKER_3 DESC","SELECT Exam_Date FROM Exams WHERE Subject_Code LIKE ""%data%"" ORDER BY Exam_Date DESC"
213,200,online_exams,online_exams,,,False,0,True,,llama3.1-8b,SELECT CHRONOLOGICAL_MARKER_3 FROM T1 WHERE TEXT_FIELD_2 LIKE '%data%' ORDER BY CHRONOLOGICAL_MARKER_3 DESC,SELECT Exam_Date FROM Exams WHERE Subject_Code LIKE '%data%' ORDER BY Exam_Date DESC
214,213,online_exams,online_exams,,,False,0,True,,llama3.1-8b,SELECT T3.TEXT_FIELD_15 FROM T3 WHERE T3.IDENTIFIER_REFERENCE_14 = ( SELECT IDENTIFIER_REFERENCE_10 FROM T1 GROUP BY IDENTIFIER_REFERENCE_10 ORDER BY COUNT(*) ASC LIMIT 1 ),SELECT Student_Assessments.Student_Answer_Text FROM Student_Assessments WHERE Student_Assessments.Valid_Answer_ID = ( SELECT Student_ID FROM Students GROUP BY Student_ID ORDER BY COUNT(*) ASC LIMIT 1 )
215,214,online_exams,online_exams,,,False,0,True,,llama3.1-8b,SELECT TEXT_FIELD_5 FROM T1 WHERE IDENTIFIER_REFERENCE_2 = ( SELECT IDENTIFIER_REFERENCE_2 FROM T1 GROUP BY IDENTIFIER_REFERENCE_2 ORDER BY COUNT(*) ASC LIMIT 1 ),SELECT Assessment FROM Student_Assessments WHERE Valid_Answer_ID = ( SELECT Valid_Answer_ID FROM Student_Assessments GROUP BY Valid_Answer_ID ORDER BY COUNT(*) ASC LIMIT 1 )
216,217,online_exams,online_exams,,,False,0,True,,llama3.1-8b,SELECT T3.TEXT_FIELD_12 FROM T3 GROUP BY T3.TEXT_FIELD_12 ORDER BY COUNT(*) DESC LIMIT 1,SELECT Student_Assessments.Student_Answer_Text FROM Student_Assessments GROUP BY Student_Assessments.Student_Answer_Text ORDER BY COUNT(*) DESC LIMIT 1
217,218,online_exams,online_exams,,,False,0,True,,llama3.1-8b,SELECT TEXT_FIELD_9 FROM T2 GROUP BY TEXT_FIELD_9 ORDER BY COUNT(TEXT_FIELD_9) DESC LIMIT 1,SELECT Student_Answer_Text FROM Student_Answers GROUP BY Student_Answer_Text ORDER BY COUNT(Student_Answer_Text) DESC LIMIT 1
218,225,online_exams,online_exams,,,False,0,True,,llama3.1-8b,SELECT T3.TEXT_FIELD_15 FROM T3 WHERE T3.IDENTIFIER_REFERENCE_14 NOT IN (SELECT T2.IDENTIFIER_REFERENCE_8 FROM T2),SELECT Student_Assessments.Student_Answer_Text FROM Student_Assessments WHERE Student_Assessments.Valid_Answer_ID NOT IN (SELECT Student_Answers.Exam_ID FROM Student_Answers)
219,226,online_exams,online_exams,,,False,3,False,,llama3.1-8b,SELECT T1.DESCRIPITIVE_ATTRIBUTE_2 FROM T1 WHERE T1.IDENTIFIER_PRIMARY_1 NOT IN (SELECT T2.IDENTIFIER_REFERENCE_10 FROM T2),SELECT Students.DESCRIPITIVE_ATTRIBUTE_2 FROM Students WHERE Students.Student_ID NOT IN (SELECT Student_Answers.Student_ID FROM Student_Answers)
220,227,online_exams,online_exams,,,False,0,True,,llama3.1-8b,SELECT T2.TEXT_FIELD_8 FROM T2 WHERE T2.TEXT_FIELD_9 IN (SELECT TEXT_FIELD_3 FROM T1 WHERE IDENTIFIER_REFERENCE_2 = 1),SELECT Student_Answers.Comments FROM Student_Answers WHERE Student_Answers.Student_Answer_Text IN (SELECT Valid_Answer_Text FROM Valid_Answers WHERE Question_ID = 1)
221,228,online_exams,online_exams,,,False,0,True,,llama3.1-8b,SELECT T3.TEXT_FIELD_12 FROM T3 WHERE T3.TEXT_FIELD_13 = 'Normal' INTERSECT SELECT T3.TEXT_FIELD_12 FROM T3 WHERE T3.TEXT_FIELD_13 = 'Absent',SELECT Student_Assessments.Student_Answer_Text FROM Student_Assessments WHERE Student_Assessments.Satisfactory_YN = 'Normal' INTERSECT SELECT Student_Assessments.Student_Answer_Text FROM Student_Assessments WHERE Student_Assessments.Satisfactory_YN = 'Absent'
222,249,customers_and_orders,customers_and_orders,,,False,0,True,,llama3.1-8b,SELECT DESCRIPTIVE_ATTRIBUTE_2 FROM T1 WHERE CURRENCY_AMOUNT_4 > ( SELECT AVG(CURRENCY_AMOUNT_4) FROM T1 ),SELECT product_type_code FROM Products WHERE product_price > ( SELECT AVG(product_price) FROM Products )
223,250,customers_and_orders,customers_and_orders,,,False,0,True,,llama3.1-8b,SELECT DESCRIPTIVE_ATTRIBUTE_2 FROM T1 WHERE CURRENCY_AMOUNT_4 > (SELECT avg(CURRENCY_AMOUNT_4) FROM T1),SELECT product_type_code FROM Products WHERE product_price > (SELECT avg(product_price) FROM Products)
224,253,customers_and_orders,customers_and_orders,,,False,0,True,,llama3.1-8b,SELECT DESCRIPTIVE_ATTRIBUTE_2 FROM T1 ORDER BY CURRENCY_AMOUNT_4 DESC LIMIT 1,SELECT product_type_code FROM Products ORDER BY product_price DESC LIMIT 1
225,254,customers_and_orders,customers_and_orders,,,False,0,True,,llama3.1-8b,SELECT DESCRIPTIVE_ATTRIBUTE_2 FROM T1 WHERE CURRENCY_AMOUNT_4 = (SELECT max(CURRENCY_AMOUNT_4) FROM T1),SELECT product_type_code FROM Products WHERE product_price = (SELECT max(product_price) FROM Products)
226,255,customers_and_orders,customers_and_orders,,,False,0,True,,llama3.1-8b,"SELECT T2.IDENTIFIER_REFERENCE_6 , T2.MEASUREMENT_VALUE_8 FROM T2 WHERE T2.IDENTIFIER_REFERENCE_7 IN ( SELECT T1.IDENTIFIER_PRIMARY_1 FROM T1 WHERE T1.DESCRIPTIVE_ATTRIBUTE_2 = ""Hardware"" ORDER BY T1.CURRENCY_AMOUNT_4 ASC LIMIT 1 )","SELECT Order_Items.order_id , Order_Items.order_quantity FROM Order_Items WHERE Order_Items.product_id IN ( SELECT Products.product_id FROM Products WHERE Products.product_type_code = ""Hardware"" ORDER BY Products.product_price ASC LIMIT 1 )"
227,256,customers_and_orders,customers_and_orders,,,False,3,False,,llama3.1-8b,"SELECT T1.IDENTIFIER_PRIMARY_1 , T1.DESCRIBITIVE_ATTRIBUTE_2 FROM T1 WHERE T1.CURRENCY_AMOUNT_4 = ( SELECT MIN(CURRENCY_AMOUNT_4) FROM T1 WHERE T1.DESCRIBITIVE_ATTRIBUTE_3 = 'Hardware' )","SELECT Products.product_id , Products.DESCRIBITIVE_ATTRIBUTE_2 FROM Products WHERE Products.product_price = ( SELECT MIN(product_price) FROM Products WHERE Products.DESCRIBITIVE_ATTRIBUTE_3 = 'Hardware' )"
228,267,customers_and_orders,customers_and_orders,,,False,0,True,,llama3.1-8b,SELECT DESCRIPTIVE_ATTRIBUTE_2 FROM T1 GROUP BY DESCRIPTIVE_ATTRIBUTE_2 ORDER BY COUNT(*) DESC LIMIT 1,SELECT product_type_code FROM Products GROUP BY product_type_code ORDER BY COUNT(*) DESC LIMIT 1
229,268,customers_and_orders,customers_and_orders,,,False,0,True,,llama3.1-8b,SELECT DESCRIPTIVE_ATTRIBUTE_2 FROM T1 GROUP BY DESCRIPTIVE_ATTRIBUTE_2 ORDER BY COUNT(DESCRIPTIVE_ATTRIBUTE_2) DESC LIMIT 1,SELECT product_type_code FROM Products GROUP BY product_type_code ORDER BY COUNT(product_type_code) DESC LIMIT 1
230,277,customers_and_orders,customers_and_orders,,,False,0,True,,llama3.1-8b,SELECT DESCRIPTIVE_ATTRIBUTE_6 FROM T1 GROUP BY DESCRIPTIVE_ATTRIBUTE_6 ORDER BY COUNT(*) DESC LIMIT 1,SELECT customer_phone FROM Customers GROUP BY customer_phone ORDER BY COUNT(*) DESC LIMIT 1
231,278,customers_and_orders,customers_and_orders,,,False,0,True,,llama3.1-8b,SELECT IDENTIFIER_CODE_2 FROM T1 GROUP BY IDENTIFIER_CODE_2 ORDER BY COUNT(*) DESC LIMIT 1,SELECT address_id FROM Customers GROUP BY address_id ORDER BY COUNT(*) DESC LIMIT 1
232,279,customers_and_orders,customers_and_orders,,,False,0,True,,llama3.1-8b,SELECT TEXT_FIELD_2 FROM T1 GROUP BY TEXT_FIELD_2 ORDER BY COUNT(TEXT_FIELD_2) ASC LIMIT 1,SELECT payment_method_code FROM Customers GROUP BY payment_method_code ORDER BY COUNT(payment_method_code) ASC LIMIT 1
233,280,customers_and_orders,customers_and_orders,,,False,0,True,,llama3.1-8b,SELECT TEXT_FIELD_2 FROM T1 GROUP BY TEXT_FIELD_2 ORDER BY COUNT(TEXT_FIELD_2) LIMIT 1,SELECT payment_method_code FROM Customers GROUP BY payment_method_code ORDER BY COUNT(payment_method_code) LIMIT 1
234,287,customers_and_orders,customers_and_orders,,,False,0,True,,llama3.1-8b,SELECT DESCRIPTIVE_ATTRIBUTE_2 FROM T1 GROUP BY DESCRIPTIVE_ATTRIBUTE_2 ORDER BY COUNT(*) ASC LIMIT 1,SELECT product_type_code FROM Products GROUP BY product_type_code ORDER BY COUNT(*) ASC LIMIT 1
235,288,customers_and_orders,customers_and_orders,,,False,0,True,,llama3.1-8b,SELECT DESCRIPTIVE_ATTRIBUTE_2 FROM T1 GROUP BY DESCRIPTIVE_ATTRIBUTE_2 ORDER BY COUNT(*) ASC LIMIT 1,SELECT product_type_code FROM Products GROUP BY product_type_code ORDER BY COUNT(*) ASC LIMIT 1
236,299,customers_and_orders,customers_and_orders,,,False,0,True,,llama3.1-8b,SELECT T2.IDENTIFIER_CODE_5 FROM T2 GROUP BY T2.IDENTIFIER_CODE_5 ORDER BY COUNT(*) DESC LIMIT 1,SELECT Order_Items.order_item_id FROM Order_Items GROUP BY Order_Items.order_item_id ORDER BY COUNT(*) DESC LIMIT 1
237,300,customers_and_orders,customers_and_orders,,,False,1,True,,llama3.1-8b,SELECT T3.IDENTIFIER_CODE_11 FROM T2 AS T2 JOIN T3 AS T3 ON T2.IDENTIFIER_PRIMARY_7 = T3.IDENTIFIER_REFERENCE_12 GROUP BY T3.IDENTIFIER_CODE_11 ORDER BY COUNT(*) DESC LIMIT 1,SELECT Order_Items.order_item_id FROM Customer_Orders AS Customer_Orders JOIN Order_Items AS Order_Items ON Customer_Orders.order_id = Order_Items.order_id GROUP BY Order_Items.order_item_id ORDER BY COUNT(*) DESC LIMIT 1
238,303,customers_and_orders,customers_and_orders,,,False,0,True,,llama3.1-8b,SELECT T1.DESCRIPTIVE_ATTRIBUTE_2 FROM T1 EXCEPT SELECT T1.DESCRIPTIVE_ATTRIBUTE_2 FROM T1 INNER JOIN T3 ON T1.IDENTIFIER_PRIMARY_1 = T3.IDENTIFIER_REFERENCE_11,SELECT Products.product_type_code FROM Products EXCEPT SELECT Products.product_type_code FROM Products INNER JOIN Order_Items ON Products.product_id = Order_Items.product_id
239,304,customers_and_orders,customers_and_orders,,,False,0,True,,llama3.1-8b,SELECT DESCRIPTIVE_ATTRIBUTE_2 FROM T1 WHERE IDENTIFIER_PRIMARY_1 NOT IN (SELECT IDENTIFIER_REFERENCE_11 FROM T3),SELECT product_type_code FROM Products WHERE product_id NOT IN (SELECT product_id FROM Order_Items)
240,40,e_commerce,e_commerce,,,False,0,True,,llama3.1-8b,"SELECT T1.IDENTIFIER_PRIMARY_1, T1.DESCRIPTIVE_ATTRIBUTE_3, T1.DESCRIPTIVE_ATTRIBUTE_3 FROM T1 INNER JOIN T5 ON T5.IDENTIFIER_REFERENCE_20 = T1.IDENTIFIER_PRIMARY_1 INNER JOIN T7 ON T7.IDENTIFIER_PRIMARY_28 = T6.IDENTIFIER_PRIMARY_23 INNER JOIN T6 ON T6.IDENTIFIER_REFERENCE_25 = T7.IDENTIFIER_PRIMARY_28 WHERE T5.DESCRIPTIVE_ATTRIBUTE_22 = 'order' GROUP BY T1.IDENTIFIER_PRIMARY_1 HAVING COUNT(T5.DESCRIPTIVE_ATTRIBUTE_22) > 2 AND COUNT(T5.DESCRIPTIVE_ATTRIBUTE_22) > 3","SELECT Products.product_id, Products.product_name, Products.product_name FROM Products INNER JOIN Order_Items ON Order_Items.product_id = Products.product_id INNER JOIN Shipment_Items ON Shipment_Items.shipment_id = Shipments.shipment_id INNER JOIN Shipments ON Shipments.invoice_number = Shipment_Items.shipment_id WHERE Order_Items.order_item_status_code = 'order' GROUP BY Products.product_id HAVING COUNT(Order_Items.order_item_status_code) > 2 AND COUNT(Order_Items.order_item_status_code) > 3"
241,41,e_commerce,e_commerce,,,False,1,True,,llama3.1-8b,"SELECT T1.IDENTIFIER_PRIMARY_1, T1.DESCRIPTIVE_ATTRIBUTE_3, T2.DESCRIPTIVE_ATTRIBUTE_8 FROM T1 JOIN T5 ON T1.IDENTIFIER_PRIMARY_1 = T5.IDENTIFIER_REFERENCE_20 JOIN T4 ON T5.IDENTIFIER_REFERENCE_21 = T4.IDENTIFIER_PRIMARY_15 JOIN T2 ON T4.IDENTIFIER_REFERENCE_16 = T2.IDENTIFIER_PRIMARY_7 WHERE T5.IDENTIFIER_REFERENCE_21 IN (SELECT T4.IDENTIFIER_PRIMARY_15 FROM T4 GROUP BY T4.IDENTIFIER_PRIMARY_15 HAVING COUNT(T4.IDENTIFIER_PRIMARY_15) > 2) AND T2.DESCRIPTIVE_ATTRIBUTE_9 IN (SELECT T2.DESCRIPTIVE_ATTRIBUTE_9 FROM T2 GROUP BY T2.DESCRIPTIVE_ATTRIBUTE_9 HAVING COUNT(T2.DESCRIPTIVE_ATTRIBUTE_9) >= 3)","SELECT Products.product_id, Products.product_name, Customers.gender_code FROM Products JOIN Order_Items ON Products.product_id = Order_Items.product_id JOIN Orders ON Order_Items.order_id = Orders.order_id JOIN Customers ON Orders.customer_id = Customers.customer_id WHERE Order_Items.order_id IN (SELECT Orders.order_id FROM Orders GROUP BY Orders.order_id HAVING COUNT(Orders.order_id) > 2) AND Customers.customer_first_name IN (SELECT Customers.customer_first_name FROM Customers GROUP BY Customers.customer_first_name HAVING COUNT(Customers.customer_first_name) >= 3)"
242,46,e_commerce,e_commerce,,,False,0,True,,llama3.1-8b,"SELECT T1.DESCRIPTIVE_ATTRIBUTE_2 , T1.DESCRIPTIVE_ATTRIBUTE_3 , T1.DESCRIPTIVE_ATTRIBUTE_5 FROM T1 WHERE T1.IDENTIFIER_PRIMARY_1 NOT IN (SELECT T2.IDENTIFIER_REFERENCE_8 FROM T2)","SELECT Customers.gender_code , Customers.customer_first_name , Customers.customer_last_name FROM Customers WHERE Customers.customer_id NOT IN (SELECT Orders.customer_id FROM Orders)"
243,47,e_commerce,e_commerce,,,False,0,True,,llama3.1-8b,"SELECT T1.DESCRIPTIVE_ATTRIBUTE_2, T1.DESCRIPTIVE_ATTRIBUTE_3, T1.DESCRIPTIVE_ATTRIBUTE_5 FROM T1 LEFT JOIN T2 ON T2.IDENTIFIER_REFERENCE_8 = T1.IDENTIFIER_PRIMARY_1 WHERE T2.IDENTIFIER_REFERENCE_8 IS NULL","SELECT Customers.gender_code, Customers.customer_first_name, Customers.customer_last_name FROM Customers LEFT JOIN Orders ON Orders.customer_id = Customers.customer_id WHERE Orders.customer_id IS NULL"
244,48,e_commerce,e_commerce,,,False,0,True,,llama3.1-8b,"SELECT T1.IDENTIFIER_PRIMARY_1 , T1.DESCRIPTIVE_ATTRIBUTE_3 , T1.CURRENCY_AMOUNT_4 , T1.TEXT_FIELD_5 FROM T1 LEFT JOIN T5 ON T1.IDENTIFIER_PRIMARY_1 = T5.IDENTIFIER_REFERENCE_21 LEFT JOIN T4 ON T5.IDENTIFIER_PRIMARY_20 = T4.IDENTIFIER_PRIMARY_15 WHERE T4.MEASUREMENT_VALUE_18 NOT IN ( SELECT T4.MEASUREMENT_VALUE_18 FROM T4 GROUP BY T4.MEASUREMENT_VALUE_18 HAVING COUNT(*) >= 2 )","SELECT Products.product_id , Products.product_name , Products.product_price , Products.product_color FROM Products LEFT JOIN Shipment_Items ON Products.product_id = Shipment_Items.order_item_id LEFT JOIN Shipments ON Shipment_Items.shipment_id = Shipments.shipment_id WHERE Shipments.shipment_tracking_number NOT IN ( SELECT Shipments.shipment_tracking_number FROM Shipments GROUP BY Shipments.shipment_tracking_number HAVING COUNT(*) >= 2 )"
245,52,e_commerce,e_commerce,,,False,0,True,,llama3.1-8b,"SELECT T1.IDENTIFIER_PRIMARY_1 , T2.DESCRIPTIVE_ATTRIBUTE_8 , T2.DESCRIPTIVE_ATTRIBUTE_9 FROM T1 AS T1 JOIN T5 AS T5 ON T1.IDENTIFIER_PRIMARY_1 = T5.IDENTIFIER_REFERENCE_20 JOIN T2 AS T2 ON T5.IDENTIFIER_REFERENCE_21 = T2.IDENTIFIER_PRIMARY_7 GROUP BY T2.DESCRIPTIVE_ATTRIBUTE_8 , T2.DESCRIPTIVE_ATTRIBUTE_9 ORDER BY COUNT(*) DESC LIMIT 1","SELECT Products.product_id , Customers.gender_code , Customers.customer_first_name FROM Products AS Products JOIN Order_Items AS Order_Items ON Products.product_id = Order_Items.product_id JOIN Customers AS Customers ON Order_Items.order_id = Customers.customer_id GROUP BY Customers.gender_code , Customers.customer_first_name ORDER BY COUNT(*) DESC LIMIT 1"
246,53,e_commerce,e_commerce,,,False,0,True,,llama3.1-8b,"SELECT T1.IDENTIFIER_PRIMARY_1 , T1.DESCRIPTIVE_ATTRIBUTE_3 , T1.CURRENCY_AMOUNT_4 FROM T1 AS T1 JOIN T2 AS T2 ON T1.IDENTIFIER_PRIMARY_1 = T2.IDENTIFIER_REFERENCE_8 JOIN T4 AS T4 ON T2.IDENTIFIER_PRIMARY_7 = T4.IDENTIFIER_REFERENCE_17 GROUP BY T4.IDENTIFIER_PRIMARY_16 ORDER BY COUNT(T4.IDENTIFIER_PRIMARY_16) DESC LIMIT 1","SELECT Products.product_id , Products.product_name , Products.product_price FROM Products AS Products JOIN Order_Items AS Order_Items ON Products.product_id = Order_Items.product_id JOIN Shipment_Items AS Shipment_Items ON Order_Items.order_item_id = Shipment_Items.order_item_id GROUP BY Shipment_Items.shipment_id ORDER BY COUNT(Shipment_Items.shipment_id) DESC LIMIT 1"
247,54,e_commerce,e_commerce,,,False,0,True,,llama3.1-8b,"SELECT T5.IDENTIFIER_REFERENCE_21 , SUM(T1.CURRENCY_AMOUNT_4 * T1.CURRENCY_AMOUNT_4) FROM T1 AS T1 JOIN T3 AS T3 ON T1.IDENTIFIER_PRIMARY_1 = T3.IDENTIFIER_REFERENCE_12 JOIN T5 AS T5 ON T3.IDENTIFIER_PRIMARY_11 = T5.IDENTIFIER_PRIMARY_20 GROUP BY T5.IDENTIFIER_REFERENCE_21 ORDER BY SUM(T1.CURRENCY_AMOUNT_4 * T1.CURRENCY_AMOUNT_4) ASC LIMIT 1","SELECT Shipment_Items.order_item_id , SUM(Products.product_price * Products.product_price) FROM Products AS Products JOIN Order_Items AS Order_Items ON Products.product_id = Order_Items.product_id JOIN Shipment_Items AS Shipment_Items ON Order_Items.order_item_id = Shipment_Items.shipment_id GROUP BY Shipment_Items.order_item_id ORDER BY SUM(Products.product_price * Products.product_price) ASC LIMIT 1"
248,55,e_commerce,e_commerce,,,False,0,True,,llama3.1-8b,"SELECT T1.DESCRIPTIVE_ATTRIBUTE_3, MIN(T1.CHRONOLOGICAL_MARKER_4) FROM T1 INNER JOIN T2 ON T1.IDENTIFIER_PRIMARY_1 = T2.IDENTIFIER_REFERENCE_7 GROUP BY T1.DESCRIPTIVE_ATTRIBUTE_3","SELECT Orders.order_status_code, MIN(Orders.date_order_placed) FROM Orders INNER JOIN Order_Items ON Orders.order_id = Order_Items.order_id GROUP BY Orders.order_status_code"
249,72,e_commerce,e_commerce,,,False,0,True,,llama3.1-8b,"SELECT DISTINCT T1.DESCRIPTIVE_ATTRIBUTE_3, T1.CURRENCY_AMOUNT_4, T1.TEXTUAL_CONTENT_6 FROM T1 JOIN T4 ON T1.IDENTIFIER_PRIMARY_1 = T4.IDENTIFIER_REFERENCE_18 JOIN T2 ON T4.IDENTIFIER_REFERENCE_19 = T2.IDENTIFIER_PRIMARY_7 WHERE T2.DESCRIPTIVE_ATTRIBUTE_8 = 'female'","SELECT DISTINCT Products.product_name, Products.product_price, Products.product_description FROM Products JOIN Order_Items ON Products.product_id = Order_Items.product_id JOIN Customers ON Order_Items.order_id = Customers.customer_id WHERE Customers.gender_code = 'female'"
250,73,e_commerce,e_commerce,,,False,1,True,,llama3.1-8b,"SELECT T1.DESCRIPTIVE_ATTRIBUTE_3, T1.CURRENCY_AMOUNT_4, T2.DESCRIPTIVE_ATTRIBUTE_11 FROM T1 INNER JOIN T2 ON T1.IDENTIFIER_PRIMARY_1 = T2.IDENTIFIER_PRIMARY_7 WHERE T2.DESCRIPTIVE_ATTRIBUTE_8 = 'female'","SELECT Products.product_name, Products.product_price, Customers.customer_last_name FROM Products INNER JOIN Customers ON Products.product_id = Customers.customer_id WHERE Customers.gender_code = 'female'"
251,88,e_commerce,e_commerce,,,False,0,True,,llama3.1-8b,"SELECT CURRENCY_AMOUNT_4 , MEASUREMENT_VALUE_6 FROM T1 WHERE CURRENCY_AMOUNT_4 > ( SELECT AVG(CURRENCY_AMOUNT_4) FROM T1 )","SELECT product_price , product_size FROM Products WHERE product_price > ( SELECT AVG(product_price) FROM Products )"
252,89,e_commerce,e_commerce,,,False,0,True,,llama3.1-8b,"SELECT CURRENCY_AMOUNT_4, MEASUREMENT_VALUE_6 FROM T1 WHERE CURRENCY_AMOUNT_4 > ( SELECT AVG(CURRENCY_AMOUNT_4) FROM T1 )","SELECT product_price, product_size FROM Products WHERE product_price > ( SELECT AVG(product_price) FROM Products )"
253,90,e_commerce,e_commerce,,,False,0,True,,llama3.1-8b,SELECT COUNT(*) FROM T1 WHERE CURRENCY_AMOUNT_4 = 0,SELECT COUNT(*) FROM Products WHERE product_price = 0
254,91,e_commerce,e_commerce,,,False,0,True,,llama3.1-8b,SELECT COUNT(*) FROM T1 WHERE IDENTIFIER_PRIMARY_1 NOT IN (SELECT IDENTIFIER_REFERENCE_8 FROM T2),SELECT COUNT(*) FROM Products WHERE product_id NOT IN (SELECT product_id FROM Order_Items)
255,92,e_commerce,e_commerce,,,False,0,True,,llama3.1-8b,SELECT COUNT(T1.DESCRIPTIVE_ATTRIBUTE_2) FROM T1 LEFT JOIN T2 ON T2.IDENTIFIER_REFERENCE_7 = T1.IDENTIFIER_PRIMARY_1 WHERE T2.TEXT_FIELD_8 IS NULL,SELECT COUNT(Customers.gender_code) FROM Customers LEFT JOIN Customer_Payment_Methods ON Customer_Payment_Methods.customer_id = Customers.customer_id WHERE Customer_Payment_Methods.payment_method_code IS NULL
256,93,e_commerce,e_commerce,,,False,0,True,,llama3.1-8b,SELECT COUNT(*) FROM T1 WHERE IDENTIFIER_PRIMARY_1 NOT IN (SELECT IDENTIFIER_REFERENCE_7 FROM T2),SELECT COUNT(*) FROM Customers WHERE customer_id NOT IN (SELECT customer_id FROM Customer_Payment_Methods)
257,106,e_commerce,e_commerce,,,False,0,True,,llama3.1-8b,"SELECT TEXT_FIELD_6 , DESCRIPTIVE_ATTRIBUTE_3 , DESCRIPTIVE_ATTRIBUTE_4 FROM T1 GROUP BY DESCRIPTIVE_ATTRIBUTE_2 ORDER BY COUNT(DESCRIPTIVE_ATTRIBUTE_2) LIMIT 1","SELECT county , email_address , address_line_1 FROM Customers GROUP BY gender_code ORDER BY COUNT(gender_code) LIMIT 1"
258,107,e_commerce,e_commerce,,,False,0,True,,llama3.1-8b,"SELECT T1.DESCRIPTIVE_ATTRIBUTE_2, T1.DESCRIPTIVE_ATTRIBUTE_3, T1.DESCRIPTIVE_ATTRIBUTE_4 FROM T1 WHERE T1.DESCRIPTIVE_ATTRIBUTE_5 = (SELECT DESCRIPTIVE_ATTRIBUTE_9 FROM T2 GROUP BY DESCRIPTIVE_ATTRIBUTE_9 ORDER BY COUNT(*) ASC LIMIT 1)","SELECT Customers.gender_code, Customers.email_address, Customers.address_line_1 FROM Customers WHERE Customers.town_city = (SELECT order_status_code FROM Orders GROUP BY order_status_code ORDER BY COUNT(*) ASC LIMIT 1)"
259,118,e_commerce,e_commerce,,,False,0,True,,llama3.1-8b,"SELECT TEXT_FIELD_4 , TEXTUAL_CONTENT_6 , MEASUREMENT_VALUE_5 FROM T1 WHERE CURRENCY_AMOUNT_3 < ( SELECT MAX(CURRENCY_AMOUNT_3) FROM T1 )","SELECT product_color , product_description , product_size FROM Products WHERE product_price < ( SELECT MAX(product_price) FROM Products )"
260,119,e_commerce,e_commerce,,,False,0,True,,llama3.1-8b,"SELECT TEXT_FIELD_4 , TEXTUAL_CONTENT_6 , MEASUREMENT_VALUE_5 FROM T1 WHERE CURRENCY_AMOUNT_3 < (SELECT MAX(CURRENCY_AMOUNT_3) FROM T1)","SELECT product_color , product_description , product_size FROM Products WHERE product_price < (SELECT MAX(product_price) FROM Products)"
261,125,bbc_channels,bbc_channels,,,False,0,True,,llama3.1-8b,"SELECT T1.DESCRIPTIVE_ATTRIBUTE_2 , COUNT(T4.IDENTIFIER_PRIMARY_14) FROM T1 JOIN T4 ON T1.IDENTIFIER_PRIMARY_1 = T4.IDENTIFIER_REFERENCE_15 GROUP BY T1.DESCRIPTIVE_ATTRIBUTE_2 ORDER BY COUNT(T4.IDENTIFIER_PRIMARY_14) DESC LIMIT 1","SELECT channel.Name , COUNT(director_admin.Director_ID) FROM channel JOIN director_admin ON channel.Channel_ID = director_admin.Channel_ID GROUP BY channel.Name ORDER BY COUNT(director_admin.Director_ID) DESC LIMIT 1"
262,126,bbc_channels,bbc_channels,,,False,0,True,,llama3.1-8b,"SELECT T1.DESCRIPTIVE_ATTRIBUTE_2, T2.MEASUREMENT_VALUE_8 FROM T1 JOIN T3 ON T1.IDENTIFIER_PRIMARY_1 = T3.IDENTIFIER_REFERENCE_13 JOIN T2 ON T3.IDENTIFIER_REFERENCE_12 = T2.IDENTIFIER_PRIMARY_6 JOIN T4 ON T4.IDENTIFIER_REFERENCE_15 = T1.IDENTIFIER_PRIMARY_1 GROUP BY T1.DESCRIPTIVE_ATTRIBUTE_2, T2.MEASUREMENT_VALUE_8 ORDER BY COUNT(T4.ORDERING_MARKER_16) DESC LIMIT 1","SELECT channel.Name, director.Age FROM channel JOIN program ON channel.Channel_ID = program.Channel_ID JOIN director ON program.Director_ID = director.Director_ID JOIN director_admin ON director_admin.Channel_ID = channel.Channel_ID GROUP BY channel.Name, director.Age ORDER BY COUNT(director_admin.Is_first_director) DESC LIMIT 1"
263,130,bbc_channels,bbc_channels,,,False,0,True,,llama3.1-8b,SELECT COUNT(*) FROM T1 WHERE IDENTIFIER_PRIMARY_1 NOT IN (SELECT IDENTIFIER_REFERENCE_15 FROM T4),SELECT COUNT(*) FROM channel WHERE Channel_ID NOT IN (SELECT Channel_ID FROM director_admin)
264,132,bbc_channels,bbc_channels,,,False,0,True,,llama3.1-8b,"SELECT T1.DESCRIPTIVE_ATTRIBUTE_2, T1.TEXT_FIELD_5 FROM T1 AS T1 INNER JOIN T3 AS T3 ON T1.IDENTIFIER_PRIMARY_1 = T3.IDENTIFIER_REFERENCE_13 GROUP BY T1.DESCRIPTIVE_ATTRIBUTE_2, T1.TEXT_FIELD_5 ORDER BY COUNT(T3.IDENTIFIER_PRIMARY_9) DESC LIMIT 1","SELECT channel.Name, channel.Internet FROM channel AS channel INNER JOIN program AS program ON channel.Channel_ID = program.Channel_ID GROUP BY channel.Name, channel.Internet ORDER BY COUNT(program.Program_ID) DESC LIMIT 1"
265,134,bbc_channels,bbc_channels,,,False,3,False,,llama3.1-8b,SELECT T1.DESCRIPTIVE_ATTRIBUTE_2 FROM T3 AS T1 JOIN T2 AS T2 ON T1.IDENTIFIER_REFERENCE_12 = T2.IDENTIFIER_PRIMARY_6 WHERE T2.MEASUREMENT_VALUE_8 < 40 AND T2.MEASUREMENT_VALUE_8 > 60,SELECT channel.Name FROM program AS channel JOIN director AS director ON channel.Director_ID = director.Director_ID WHERE director.Age < 40 AND director.Age > 60
266,181,vehicle_driver,vehicle_driver,,,False,0,True,,llama3.1-8b,"SELECT T1.IDENTIFIER_PRIMARY_1, T2.TEXT_FIELD_10 FROM T1 JOIN T3 ON T1.IDENTIFIER_PRIMARY_1 = T3.IDENTIFIER_REFERENCE_13 JOIN T2 ON T3.IDENTIFIER_PRIMARY_12 = T2.IDENTIFIER_PRIMARY_8 WHERE T2.DESCRIPTIVE_ATTRIBUTE_9 = 'Jeff Gordon' OR T2.TEXT_FIELD_11 > 2","SELECT vehicle.Vehicle_ID, driver.Citizenship FROM vehicle JOIN vehicle_driver ON vehicle.Vehicle_ID = vehicle_driver.Vehicle_ID JOIN driver ON vehicle_driver.Driver_ID = driver.Driver_ID WHERE driver.Name = 'Jeff Gordon' OR driver.Racing_Series > 2"
267,182,vehicle_driver,vehicle_driver,,,False,0,True,,llama3.1-8b,"SELECT T2.DESCRIPTIVE_ATTRIBUTE_9 , T2.TEXT_FIELD_10 FROM T3 JOIN T2 ON T3.IDENTIFIER_PRIMARY_12 = T2.IDENTIFIER_PRIMARY_8 JOIN T1 ON T3.IDENTIFIER_REFERENCE_13 = T1.IDENTIFIER_PRIMARY_1 WHERE T1.NUMERIC_FIELD_4 > 2 OR T1.TEXT_FIELD_6 = 'Jeff Gordon'","SELECT driver.Name , driver.Citizenship FROM vehicle_driver JOIN driver ON vehicle_driver.Driver_ID = driver.Driver_ID JOIN vehicle ON vehicle_driver.Vehicle_ID = vehicle.Vehicle_ID WHERE vehicle.Top_Speed > 2 OR vehicle.Builder = 'Jeff Gordon'"
268,191,vehicle_driver,vehicle_driver,,,False,0,True,,llama3.1-8b,SELECT COUNT(*) FROM T2 WHERE TEXT_FIELD_10 NOT IN (SELECT TEXT_FIELD_10 FROM T3),SELECT COUNT(*) FROM driver WHERE Citizenship NOT IN (SELECT Citizenship FROM vehicle_driver)
269,192,vehicle_driver,vehicle_driver,,,False,0,True,,llama3.1-8b,SELECT COUNT(*) FROM T1 WHERE IDENTIFIER_PRIMARY_1 NOT IN (SELECT IDENTIFIER_REFERENCE_13 FROM T3),SELECT COUNT(*) FROM vehicle WHERE Vehicle_ID NOT IN (SELECT Vehicle_ID FROM vehicle_driver)
270,251,customers_and_orders,customers_and_orders,,,False,0,True,,llama3.1-8b,SELECT DESCRIPTIVE_ATTRIBUTE_2 FROM T1 WHERE CURRENCY_AMOUNT_4 > (SELECT AVG(CURRENCY_AMOUNT_4) FROM T1),SELECT product_type_code FROM Products WHERE product_price > (SELECT AVG(product_price) FROM Products)
271,252,customers_and_orders,customers_and_orders,,,False,0,True,,llama3.1-8b,SELECT DESCRIPTIVE_ATTRIBUTE_2 FROM T1 WHERE CURRENCY_AMOUNT_4 > ( SELECT AVG(CURRENCY_AMOUNT_4) FROM T1 WHERE DESCRIPTIVE_ATTRIBUTE_2 = 'Hardware' ),SELECT product_type_code FROM Products WHERE product_price > ( SELECT AVG(product_price) FROM Products WHERE product_type_code = 'Hardware' )
272,295,customers_and_orders,customers_and_orders,,,False,0,True,,llama3.1-8b,"SELECT T1.IDENTIFIER_CODE_2 , T1.DESCRIPTIVE_ATTRIBUTE_4 , T1.DESCRIPTIVE_ATTRIBUTE_5 , T1.DESCRIPTIVE_ATTRIBUTE_6 FROM T1 JOIN T2 ON T1.IDENTIFIER_PRIMARY_1 = T2.IDENTIFIER_REFERENCE_8 JOIN T3 ON T2.IDENTIFIER_PRIMARY_7 = T3.IDENTIFIER_REFERENCE_12 WHERE T3.IDENTIFIER_REFERENCE_13 = (SELECT IDENTIFIER_REFERENCE_13 FROM T3 ORDER BY IDENTIFIER_REFERENCE_13 DESC LIMIT 1)","SELECT Customers.address_id , Customers.customer_name , Customers.customer_phone , Customers.customer_email FROM Customers JOIN Customer_Orders ON Customers.customer_id = Customer_Orders.customer_id JOIN Order_Items ON Customer_Orders.order_id = Order_Items.order_id WHERE Order_Items.product_id = (SELECT product_id FROM Order_Items ORDER BY product_id DESC LIMIT 1)"
273,296,customers_and_orders,customers_and_orders,,,False,0,True,,llama3.1-8b,"SELECT T1.IDENTIFIER_PRIMARY_1, T1.DESCRIPTIVE_ATTRIBUTE_4, T1.DESCRIPTIVE_ATTRIBUTE_5, T1.DESCRIPTIVE_ATTRIBUTE_6 FROM T1 JOIN T2 ON T1.IDENTIFIER_PRIMARY_1 = T2.IDENTIFIER_REFERENCE_8 JOIN T3 ON T2.IDENTIFIER_PRIMARY_7 = T3.IDENTIFIER_REFERENCE_12 GROUP BY T1.IDENTIFIER_PRIMARY_1 ORDER BY COUNT(*) DESC LIMIT 1","SELECT Customers.customer_id, Customers.customer_name, Customers.customer_phone, Customers.customer_email FROM Customers JOIN Customer_Orders ON Customers.customer_id = Customer_Orders.customer_id JOIN Order_Items ON Customer_Orders.order_id = Order_Items.order_id GROUP BY Customers.customer_id ORDER BY COUNT(*) DESC LIMIT 1"
274,301,customers_and_orders,customers_and_orders,,,False,0,True,,llama3.1-8b,SELECT COUNT(*) FROM T1 WHERE IDENTIFIER_PRIMARY_1 NOT IN (SELECT IDENTIFIER_REFERENCE_8 FROM T2),SELECT COUNT(*) FROM Customers WHERE customer_id NOT IN (SELECT customer_id FROM Customer_Orders)
275,302,customers_and_orders,customers_and_orders,,,False,0,True,,llama3.1-8b,SELECT COUNT(*) FROM T1 WHERE IDENTIFIER_PRIMARY_1 NOT IN (SELECT IDENTIFIER_REFERENCE_8 FROM T2),SELECT COUNT(*) FROM Customers WHERE customer_id NOT IN (SELECT customer_id FROM Customer_Orders)
276,313,customers_and_orders,customers_and_orders,,,False,0,True,,llama3.1-8b,"SELECT T2.CHRONOLOGICAL_MARKER_7, T2.IDENTIFIER_PRIMARY_5 FROM T3 JOIN T2 ON T3.IDENTIFIER_REFERENCE_10 = T2.IDENTIFIER_PRIMARY_5 WHERE T3.MEASUREMENT_VALUE_12 > 6 OR T3.IDENTIFIER_REFERENCE_11 > 3","SELECT Customer_Orders.order_date, Customer_Orders.order_id FROM Order_Items JOIN Customer_Orders ON Order_Items.order_id = Customer_Orders.order_id WHERE Order_Items.order_quantity > 6 OR Order_Items.product_id > 3"
277,314,customers_and_orders,customers_and_orders,,,False,0,True,,llama3.1-8b,"SELECT T2.IDENTIFIER_PRIMARY_5 , T2.CHRONOLOGICAL_MARKER_7 FROM T3 AS T1 JOIN T2 ON T1.IDENTIFIER_REFERENCE_11 = T2.IDENTIFIER_PRIMARY_5 WHERE T1.MEASUREMENT_VALUE_12 = '6' OR T1.IDENTIFIER_REFERENCE_10 = 3","SELECT Customer_Orders.order_id , Customer_Orders.order_date FROM Order_Items AS Products JOIN Customer_Orders ON Products.product_id = Customer_Orders.order_id WHERE Products.order_quantity = '6' OR Products.order_id = 3"
278,337,region_building,region_building,,,False,0,True,,llama3.1-8b,SELECT T2.LOCATION_ATTRIBUTE_9 FROM T1 AS T1 JOIN T2 ON T1.IDENTIFIER_REFERENCE_2 = T2.IDENTIFIER_PRIMARY_7 GROUP BY T2.LOCATION_ATTRIBUTE_9 ORDER BY COUNT(T1.IDENTIFIER_PRIMARY_1) DESC LIMIT 1,SELECT region.Capital FROM building AS building JOIN region ON building.Region_ID = region.Region_ID GROUP BY region.Capital ORDER BY COUNT(building.Building_ID) DESC LIMIT 1
279,338,region_building,region_building,,,False,0,True,,llama3.1-8b,"SELECT T2.LOCATION_ATTRIBUTE_9, T2.LOCATION_ATTRIBUTE_10 FROM T1 JOIN T2 ON T1.IDENTIFIER_REFERENCE_2 = T2.IDENTIFIER_PRIMARY_7 GROUP BY T2.LOCATION_ATTRIBUTE_9 ORDER BY COUNT(T1.IDENTIFIER_PRIMARY_1) DESC LIMIT 1","SELECT region.Capital, region.Area FROM building JOIN region ON building.Region_ID = region.Region_ID GROUP BY region.Capital ORDER BY COUNT(building.Building_ID) DESC LIMIT 1"
280,365,government_shift,government_shift,,,False,0,True,,llama3.1-8b,SELECT T4.DESCRIPTIVE_ATTRIBUTE_13 FROM T4 WHERE T4.IDENTIFIER_REFERENCE_10 = ( SELECT T4.IDENTIFIER_REFERENCE_10 FROM T4 GROUP BY T4.IDENTIFIER_REFERENCE_10 ORDER BY COUNT(*) DESC LIMIT 1 ),SELECT Customer_Interactions.Status_Code FROM Customer_Interactions WHERE Customer_Interactions.Channel_ID = ( SELECT Customer_Interactions.Channel_ID FROM Customer_Interactions GROUP BY Customer_Interactions.Channel_ID ORDER BY COUNT(*) DESC LIMIT 1 )
281,366,government_shift,government_shift,,,False,3,False,,llama3.1-8b,"SELECT T5.TEXT_FIELD_17, T5.DESCRITIVE_ATTRIBUTE_18, COUNT(T5.IDENTIFIER_PRIMARY_15) FROM T5 INNER JOIN T3 ON T5.IDENTIFIER_REFERENCE_16 = T3.IDENTIFIER_PRIMARY_5 GROUP BY T5.IDENTIFIER_PRIMARY_15 ORDER BY COUNT(T5.IDENTIFIER_PRIMARY_15) DESC LIMIT 1","SELECT Analytical_Layer.Pattern_Recognition, Analytical_Layer.DESCRITIVE_ATTRIBUTE_18, COUNT(Analytical_Layer.Analytical_ID) FROM Analytical_Layer INNER JOIN Customers_and_Services ON Analytical_Layer.Customers_and_Services_ID = Customers_and_Services.Customers_and_Services_ID GROUP BY Analytical_Layer.Analytical_ID ORDER BY COUNT(Analytical_Layer.Analytical_ID) DESC LIMIT 1"
282,367,government_shift,government_shift,,,False,0,True,,llama3.1-8b,SELECT T2.TEXT_FIELD_4 FROM T3 AS T1 JOIN T2 ON T1.IDENTIFIER_REFERENCE_6 = T2.IDENTIFIER_PRIMARY_3 JOIN T5 AS T3 ON T1.IDENTIFIER_PRIMARY_5 = T3.IDENTIFIER_PRIMARY_15 GROUP BY T2.TEXT_FIELD_4 ORDER BY COUNT(DISTINCT T3.IDENTIFIER_REFERENCE_16) DESC LIMIT 1,SELECT Customers.Customer_Details FROM Customers_and_Services AS Services JOIN Customers ON Services.Customer_ID = Customers.Customer_ID JOIN Analytical_Layer AS Customers_and_Services ON Services.Customers_and_Services_ID = Customers_and_Services.Analytical_ID GROUP BY Customers.Customer_Details ORDER BY COUNT(DISTINCT Customers_and_Services.Customers_and_Services_ID) DESC LIMIT 1
283,368,government_shift,government_shift,,,False,0,True,,llama3.1-8b,"SELECT T1.TEXT_FIELD_2 , COUNT(T5.IDENTIFIER_REFERENCE_16) FROM T1 AS T1 JOIN T3 AS T3 ON T1.IDENTIFIER_PRIMARY_1 = T3.IDENTIFIER_REFERENCE_7 JOIN T5 AS T5 ON T3.IDENTIFIER_PRIMARY_5 = T5.IDENTIFIER_PRIMARY_15 GROUP BY T1.IDENTIFIER_PRIMARY_1 ORDER BY COUNT(T5.IDENTIFIER_REFERENCE_16) DESC LIMIT 1","SELECT Services.Service_Details , COUNT(Analytical_Layer.Customers_and_Services_ID) FROM Services AS Services JOIN Customers_and_Services AS Customers_and_Services ON Services.Service_ID = Customers_and_Services.Service_ID JOIN Analytical_Layer AS Analytical_Layer ON Customers_and_Services.Customers_and_Services_ID = Analytical_Layer.Analytical_ID GROUP BY Services.Service_ID ORDER BY COUNT(Analytical_Layer.Customers_and_Services_ID) DESC LIMIT 1"
284,371,government_shift,government_shift,,,False,1,True,,llama3.1-8b,"SELECT T5.DESCRIPTIVE_ATTRIBUTE_18 , T5.TEXT_FIELD_17 , T5.IDENTIFIER_PRIMARY_15 FROM T5 JOIN T3 ON T5.IDENTIFIER_REFERENCE_16 = T3.IDENTIFIER_PRIMARY_5 JOIN T1 ON T3.IDENTIFIER_REFERENCE_7 = T1.IDENTIFIER_PRIMARY_1 JOIN T2 ON T3.IDENTIFIER_REFERENCE_6 = T2.IDENTIFIER_PRIMARY_3 JOIN T4 ON T2.IDENTIFIER_PRIMARY_3 = T4.IDENTIFIER_REFERENCE_11 WHERE T4.DESCRIPTIVE_ATTRIBUTE_13 = ( SELECT DESCRIPTIVE_ATTRIBUTE_13 FROM T4 GROUP BY DESCRIPTIVE_ATTRIBUTE_13 ORDER BY COUNT(*) ASC LIMIT 1 )","SELECT Analytical_Layer.Analytical_Layer_Type_Code , Analytical_Layer.Pattern_Recognition , Analytical_Layer.Analytical_ID FROM Analytical_Layer JOIN Customers_and_Services ON Analytical_Layer.Customers_and_Services_ID = Customers_and_Services.Customers_and_Services_ID JOIN Services ON Customers_and_Services.Service_ID = Services.Service_ID JOIN Customers ON Customers_and_Services.Customer_ID = Customers.Customer_ID JOIN Customer_Interactions ON Customers.Customer_ID = Customer_Interactions.Customer_ID WHERE Customer_Interactions.Status_Code = ( SELECT Status_Code FROM Customer_Interactions GROUP BY Status_Code ORDER BY COUNT(*) ASC LIMIT 1 )"
285,372,government_shift,government_shift,,,False,0,True,,llama3.1-8b,"SELECT DISTINCT T4.DESCRIPTIVE_ATTRIBUTE_13, T4.TEXT_FIELD_14 FROM T4 JOIN T3 ON T4.IDENTIFIER_REFERENCE_11 = T3.IDENTIFIER_PRIMARY_3 JOIN T2 ON T3.IDENTIFIER_REFERENCE_6 = T2.IDENTIFIER_PRIMARY_3 GROUP BY T4.DESCRIPTIVE_ATTRIBUTE_13, T4.TEXT_FIELD_14 ORDER BY COUNT(T4.DESCRIPTIVE_ATTRIBUTE_13) ASC LIMIT 1","SELECT DISTINCT Customer_Interactions.Status_Code, Customer_Interactions.Services_and_Channels_Details FROM Customer_Interactions JOIN Customers_and_Services ON Customer_Interactions.Customer_ID = Customers_and_Services.Customer_ID JOIN Customers ON Customers_and_Services.Customer_ID = Customers.Customer_ID GROUP BY Customer_Interactions.Status_Code, Customer_Interactions.Services_and_Channels_Details ORDER BY COUNT(Customer_Interactions.Status_Code) ASC LIMIT 1"
286,377,government_shift,government_shift,,,False,0,True,,llama3.1-8b,SELECT T5.TEXT_FIELD_17 FROM T5 WHERE T5.IDENTIFIER_REFERENCE_16 IN (SELECT T3.IDENTIFIER_PRIMARY_5 FROM T3 WHERE T3.IDENTIFIER_REFERENCE_7 IN (SELECT T1.IDENTIFIER_PRIMARY_1 FROM T1 WHERE T1.TEXT_FIELD_2 = 'Hardy Kutch')) OR T5.IDENTIFIER_REFERENCE_16 IN (SELECT T3.IDENTIFIER_PRIMARY_5 FROM T3 JOIN T4 ON T3.IDENTIFIER_PRIMARY_5 = T4.IDENTIFIER_REFERENCE_10 WHERE T4.DESCRIPTIVE_ATTRIBUTE_13 = 'good'),SELECT Analytical_Layer.Pattern_Recognition FROM Analytical_Layer WHERE Analytical_Layer.Customers_and_Services_ID IN (SELECT Customers_and_Services.Customers_and_Services_ID FROM Customers_and_Services WHERE Customers_and_Services.Service_ID IN (SELECT Services.Service_ID FROM Services WHERE Services.Service_Details = 'Hardy Kutch')) OR Analytical_Layer.Customers_and_Services_ID IN (SELECT Customers_and_Services.Customers_and_Services_ID FROM Customers_and_Services JOIN Customer_Interactions ON Customers_and_Services.Customers_and_Services_ID = Customer_Interactions.Channel_ID WHERE Customer_Interactions.Status_Code = 'good')
287,378,government_shift,government_shift,,,False,0,True,,llama3.1-8b,"SELECT T4.DESCRIPTIVE_ATTRIBUTE_13, T4.TEXT_FIELD_14 FROM T4 JOIN T2 ON T4.IDENTIFIER_REFERENCE_10 = T2.IDENTIFIER_PRIMARY_3 WHERE T2.TEXT_FIELD_4 = 'Hardy Kutch' INTERSECT SELECT T4.DESCRIPTIVE_ATTRIBUTE_13, T4.TEXT_FIELD_14 FROM T4 JOIN T2 ON T4.IDENTIFIER_REFERENCE_10 = T2.IDENTIFIER_PRIMARY_3 WHERE T4.DESCRIPTIVE_ATTRIBUTE_13 = 'good'","SELECT Customer_Interactions.Status_Code, Customer_Interactions.Services_and_Channels_Details FROM Customer_Interactions JOIN Customers ON Customer_Interactions.Channel_ID = Customers.Customer_ID WHERE Customers.Customer_Details = 'Hardy Kutch' INTERSECT SELECT Customer_Interactions.Status_Code, Customer_Interactions.Services_and_Channels_Details FROM Customer_Interactions JOIN Customers ON Customer_Interactions.Channel_ID = Customers.Customer_ID WHERE Customer_Interactions.Status_Code = 'good'"
288,379,government_shift,government_shift,,,False,0,True,,llama3.1-8b,SELECT T5.TEXT_FIELD_17 FROM T5 INNER JOIN T3 ON T5.IDENTIFIER_REFERENCE_16 = T3.IDENTIFIER_PRIMARY_5 INNER JOIN T4 ON T3.IDENTIFIER_REFERENCE_7 = T4.IDENTIFIER_PRIMARY_9 WHERE T4.DESCRIPTIVE_ATTRIBUTE_13 = 'bad' AND T4.IDENTIFIER_REFERENCE_10 = ( SELECT IDENTIFIER_REFERENCE_10 FROM T4 WHERE TEXT_FIELD_14 = 'Hardy Kutch' ),SELECT Analytical_Layer.Pattern_Recognition FROM Analytical_Layer INNER JOIN Customers_and_Services ON Analytical_Layer.Customers_and_Services_ID = Customers_and_Services.Customers_and_Services_ID INNER JOIN Customer_Interactions ON Customers_and_Services.Service_ID = Customer_Interactions.Customer_Interaction_ID WHERE Customer_Interactions.Status_Code = 'bad' AND Customer_Interactions.Channel_ID = ( SELECT Channel_ID FROM Customer_Interactions WHERE Services_and_Channels_Details = 'Hardy Kutch' )
289,380,government_shift,government_shift,,,False,3,False,,llama3.1-8b,SELECT T3.TEXT_FIELD_8 FROM T3 INNER JOIN T4 ON T3.IDENTIFIER_REFERENCE_6 = T4.IDENTIFIER_REFERENCE_10 INNER JOIN T1 ON T4.IDENTIFIER_REFERENCE_12 = T1.IDENTIFIER_PRIMARY_1 INNER JOIN T2 ON T4.IDENTIFIER_REFERENCE_11 = T2.IDENTIFIER_PRIMARY_3 WHERE T1.TEXT_FIELD_2 = 'Hardy Kutch' AND T4.DESCRITIVE_ATTRIBUTE_13 = 'bad',SELECT Customers_and_Services.Customers_and_Services_Details FROM Customers_and_Services INNER JOIN Customer_Interactions ON Customers_and_Services.Customer_ID = Customer_Interactions.Channel_ID INNER JOIN Services ON Customer_Interactions.Service_ID = Services.Service_ID INNER JOIN Customers ON Customer_Interactions.Customer_ID = Customers.Customer_ID WHERE Services.Service_Details = 'Hardy Kutch' AND Customer_Interactions.DESCRITIVE_ATTRIBUTE_13 = 'bad'
290,401,vehicle_rent,vehicle_rent,,,False,3,False,,llama3.1-8b,"SELECT T1.DESCRIPTIVE_ATTRIBUTE_2 , T2.DESCRIPTIVE_ATTRIBUTE_6 , T3.CURRENCY_AMOUNT_15 FROM T1 INNER JOIN T4 ON T1.IDENTIFIER_PRIMARY_1 = T4.IDENTIFIER_REFERENCE_19 INNER JOIN T3 ON T4.IDENTIFIER_REFERENCE_21 = T3.IDENTIFIER_PRIMARY_8 WHERE T1.NUMERIC_FIELD_4 = 2013 OR T1.NUMERIC_FIELD_4 = 2014","SELECT Customers.name , Discount.name , Vehicles.Cost_per_25_miles FROM Customers INNER JOIN Renting_history ON Customers.id = Renting_history.customer_id INNER JOIN Vehicles ON Renting_history.vehicles_id = Vehicles.id WHERE Customers.membership_credit = 2013 OR Customers.membership_credit = 2014"
291,402,vehicle_rent,vehicle_rent,,,False,0,True,,llama3.1-8b,"SELECT T1.DESCRIPTIVE_ATTRIBUTE_2 , T2.DESCRIPTIVE_ATTRIBUTE_6 , T3.CURRENCY_AMOUNT_15 FROM T1 JOIN T4 ON T1.IDENTIFIER_PRIMARY_1 = T4.IDENTIFIER_REFERENCE_19 JOIN T2 ON T4.IDENTIFIER_REFERENCE_20 = T2.IDENTIFIER_PRIMARY_5 JOIN T3 ON T4.IDENTIFIER_REFERENCE_21 = T3.IDENTIFIER_PRIMARY_8 WHERE T3.STATISTICAL_VALUE_12 = 2013 OR T3.STATISTICAL_VALUE_12 = 2014","SELECT Customers.name , Discount.name , Vehicles.Cost_per_25_miles FROM Customers JOIN Renting_history ON Customers.id = Renting_history.customer_id JOIN Discount ON Renting_history.discount_id = Discount.id JOIN Vehicles ON Renting_history.vehicles_id = Vehicles.id WHERE Vehicles.Combined_fuel_economy_rate = 2013 OR Vehicles.Combined_fuel_economy_rate = 2014"
292,429,vehicle_rent,vehicle_rent,,,False,0,True,,llama3.1-8b,"SELECT T3.DESCRIPTIVE_ATTRIBUTE_9, T3.DESCRIPTIVE_ATTRIBUTE_11 FROM T4 AS T4 JOIN T2 AS T2 ON T4.IDENTIFIER_REFERENCE_20 = T2.IDENTIFIER_PRIMARY_5 JOIN T3 AS T3 ON T4.IDENTIFIER_REFERENCE_21 = T3.IDENTIFIER_PRIMARY_8 GROUP BY T3.DESCRIPTIVE_ATTRIBUTE_9 ORDER BY COUNT(*) DESC LIMIT 1","SELECT Vehicles.name, Vehicles.Type_of_powertrain FROM Renting_history AS Renting_history JOIN Discount AS Discount ON Renting_history.discount_id = Discount.id JOIN Vehicles AS Vehicles ON Renting_history.vehicles_id = Vehicles.id GROUP BY Vehicles.name ORDER BY COUNT(*) DESC LIMIT 1"
293,430,vehicle_rent,vehicle_rent,,,False,3,False,,llama3.1-8b,"SELECT T2.DESCRIPITIVE_ATTRIBUTE_6, T3.DESCRIPATIVE_ATTRIBUTE_9 FROM T4 JOIN T2 ON T4.IDENTIFIER_REFERENCE_20 = T2.IDENTIFIER_PRIMARY_5 JOIN T3 ON T4.IDENTIFIER_REFERENCE_21 = T3.IDENTIFIER_PRIMARY_8 JOIN T1 ON T4.IDENTIFIER_REFERENCE_19 = T1.IDENTIFIER_PRIMARY_1 ORDER BY T4.MEASUREMENT_VALUE_22 DESC LIMIT 1","SELECT Discount.DESCRIPITIVE_ATTRIBUTE_6, Vehicles.DESCRIPATIVE_ATTRIBUTE_9 FROM Renting_history JOIN Discount ON Renting_history.discount_id = Discount.id JOIN Vehicles ON Renting_history.vehicles_id = Vehicles.id JOIN Customers ON Renting_history.customer_id = Customers.id ORDER BY Renting_history.total_hours DESC LIMIT 1"
294,433,vehicle_rent,vehicle_rent,,,False,3,False,,llama3.1-8b,SELECT T2.DESCRIBITIVE_ATTRIBUTE_6 FROM T4 AS T1 JOIN T2 AS T2 ON T1.IDENTIFIER_REFERENCE_20 = T2.IDENTIFIER_PRIMARY_5 GROUP BY T2.DESCRIBITIVE_ATTRIBUTE_6 ORDER BY COUNT(T1.IDENTIFIER_PRIMARY_18) DESC LIMIT 1,SELECT Discount.DESCRIBITIVE_ATTRIBUTE_6 FROM Renting_history AS Customers JOIN Discount AS Discount ON Customers.discount_id = Discount.id GROUP BY Discount.DESCRIBITIVE_ATTRIBUTE_6 ORDER BY COUNT(Customers.id) DESC LIMIT 1
295,434,vehicle_rent,vehicle_rent,,,False,0,True,,llama3.1-8b,SELECT T3.DESCRIPTIVE_ATTRIBUTE_9 FROM T4 AS T4 JOIN T2 AS T2 ON T4.IDENTIFIER_REFERENCE_20 = T2.IDENTIFIER_PRIMARY_5 JOIN T3 AS T3 ON T4.IDENTIFIER_REFERENCE_21 = T3.IDENTIFIER_PRIMARY_8 GROUP BY T3.DESCRIPTIVE_ATTRIBUTE_9 ORDER BY COUNT(T4.IDENTIFIER_PRIMARY_18) DESC LIMIT 1,SELECT Vehicles.name FROM Renting_history AS Renting_history JOIN Discount AS Discount ON Renting_history.discount_id = Discount.id JOIN Vehicles AS Vehicles ON Renting_history.vehicles_id = Vehicles.id GROUP BY Vehicles.name ORDER BY COUNT(Renting_history.id) DESC LIMIT 1
296,441,cre_Students_Information_Systems,cre_Students_Information_Systems,,,False,3,False,,llama3.1-8b,"SELECT T11.TEXT_FIELD_45 , T11.IDENTIFIER_REFERENCE_42 FROM T11 AS T1 JOIN T1 AS T2 ON T1.IDENTIFIER_PRIMARY_1 = T2.IDENTIFIER_REFERENCE_5 WHERE T2.IDENTIFIER_PRIMARY_1 IN (SELECT T3.IDENTIFIER_REFERENCE_9 FROM T3 WHERE T3.IDENTIFIER_PRIMARY_1 IN (SELECT T5.IDENTIFIER_REFERENCE_15 FROM T5 WHERE T5.CHRONOLOGICAL_MARKER_16 = T5.CHRONOLOGICAL_MARKER_16 GROUP BY T5.IDENTIFIER_REFERENCE_15 HAVING COUNT(*) >= 2)) INTERSECT SELECT T11.TEXT_FIELD_45 , T11.IDENTIFIER_REFERENCE_42 FROM T11 AS T1 JOIN T1 AS T2 ON T1.IDENTIFIER_PRIMARY_1 = T2.IDENTIFIER_REFERENCE_5 WHERE T2.IDENTIFIER_PRIMARY_1 NOT IN (SELECT T8.IDENTIFIER_REFERENCE_26 FROM T8 WHERE T8.DESCRIPTIVE_ATTRIBUTE_28 = 'detention')","SELECT Achievements.achievement_details , Achievements.achievement_type_code FROM Achievements AS Students JOIN Students AS Transcripts ON Students.student_id = Transcripts.student_id WHERE Transcripts.student_id IN (SELECT Behaviour_Monitoring.student_id FROM Behaviour_Monitoring WHERE Behaviour_Monitoring.student_id IN (SELECT Student_Events.student_id FROM Student_Events WHERE Student_Events.event_date = Student_Events.event_date GROUP BY Student_Events.student_id HAVING COUNT(*) >= 2)) INTERSECT SELECT Achievements.achievement_details , Achievements.achievement_type_code FROM Achievements AS Students JOIN Students AS Transcripts ON Students.student_id = Transcripts.student_id WHERE Transcripts.student_id NOT IN (SELECT Classes.student_id FROM Classes WHERE Classes.class_details = 'detention')"
297,442,cre_Students_Information_Systems,cre_Students_Information_Systems,,,False,3,False,,llama3.1-8b,"SELECT T4.DESCRIPTIVE_ATTRIBUTE_12 , T6.TEXT_FIELD_19 FROM T6 AS T1 JOIN T11 AS T2 ON T1.IDENTIFIER_PRIMARY_18 = T2.IDENTIFIER_REFERENCE_42 JOIN T4 AS T3 ON T3.IDENTIFIER_PRIMARY_11 = T2.IDENTIFIER_REFERENCE_36 WHERE T2.IDENTIFIER_REFERENCE_43 IN (SELECT T2.IDENTIFIER_REFERENCE_43 FROM T11 AS T2 GROUP BY T2.IDENTIFIER_REFERENCE_43 HAVING COUNT(*) >= 2) OR T2.IDENTIFIER_REFERENCE_43 IN (SELECT T2.IDENTIFIER_REFERENCE_43 FROM T11 AS T2 GROUP BY T2.IDENTIFIER_REFERENCE_43 HAVING COUNT(*) < 2)","SELECT Ref_Detention_Type.detention_type_description , Teachers.teacher_details FROM Teachers AS Students JOIN Achievements AS Transcripts ON Students.teacher_id = Transcripts.achievement_type_code JOIN Ref_Detention_Type AS Behaviour_Monitoring ON Behaviour_Monitoring.detention_type_code = Transcripts.detention_type_code WHERE Transcripts.student_id IN (SELECT Transcripts.student_id FROM Achievements AS Transcripts GROUP BY Transcripts.student_id HAVING COUNT(*) >= 2) OR Transcripts.student_id IN (SELECT Transcripts.student_id FROM Achievements AS Transcripts GROUP BY Transcripts.student_id HAVING COUNT(*) < 2)"
298,443,cre_Students_Information_Systems,cre_Students_Information_Systems,,,False,3,False,,llama3.1-8b,"SELECT T1.TEXT_FIELD_2, T1.TEXT_FIELD_3 FROM T1 JOIN T3 ON T1.IDENTIFIER_PRIMARY_1 = T3.IDENTIFIER_REFERENCE_7 WHERE T3.DESCRIBITIVE_ATTRIBUTE_9 LIKE '%data%' AND T1.IDENTIFIER_PRIMARY_1 NOT IN (SELECT T1.IDENTIFIER_PRIMARY_1 FROM T1 JOIN T3 ON T1.IDENTIFIER_PRIMARY_1 = T3.IDENTIFIER_REFERENCE_7 JOIN T2 ON T3.IDENTIFIER_REFERENCE_8 = T2.IDENTIFIER_PRIMARY_4 WHERE T3.DESCRIBITIVE_ATTRIBUTE_9 LIKE 'net%')","SELECT Students.bio_data, Students.student_details FROM Students JOIN Classes ON Students.student_id = Classes.student_id WHERE Classes.DESCRIBITIVE_ATTRIBUTE_9 LIKE '%data%' AND Students.student_id NOT IN (SELECT Students.student_id FROM Students JOIN Classes ON Students.student_id = Classes.student_id JOIN Teachers ON Classes.teacher_id = Teachers.teacher_id WHERE Classes.DESCRIBITIVE_ATTRIBUTE_9 LIKE 'net%')"
299,444,cre_Students_Information_Systems,cre_Students_Information_Systems,,,False,3,False,,llama3.1-8b,SELECT T1.TEXT_FIELD_2 FROM T1 INNER JOIN T3 ON T1.IDENTIFIER_PRIMARY_1 = T3.IDENTIFIER_REFERENCE_7 WHERE T3.DESCRITIVE_ATTRIBUTE_9 LIKE '%data%' AND T3.DESCRITIVE_ATTRIBUTE_9 NOT LIKE 'net%',SELECT Students.bio_data FROM Students INNER JOIN Classes ON Students.student_id = Classes.student_id WHERE Classes.DESCRITIVE_ATTRIBUTE_9 LIKE '%data%' AND Classes.DESCRITIVE_ATTRIBUTE_9 NOT LIKE 'net%'
300,447,cre_Students_Information_Systems,cre_Students_Information_Systems,,,False,0,True,,llama3.1-8b,"SELECT T4.CURRENCY_AMOUNT_13 , T4.CHRONOLOGICAL_MARKER_12 FROM T4 JOIN T6 ON T4.IDENTIFIER_REFERENCE_11 = T6.IDENTIFIER_REFERENCE_23 GROUP BY T4.IDENTIFIER_REFERENCE_11 HAVING Count(*) >= 2","SELECT Student_Loans.amount_of_loan , Student_Loans.date_of_loan FROM Student_Loans JOIN Achievements ON Student_Loans.student_id = Achievements.student_id GROUP BY Student_Loans.student_id HAVING Count(*) >= 2"
301,448,cre_Students_Information_Systems,cre_Students_Information_Systems,,,False,0,True,,llama3.1-8b,"SELECT T5.CURRENCY_AMOUNT_18, T5.CHRONOLOGICAL_MARKER_17 FROM T5 JOIN T1 ON T5.IDENTIFIER_REFERENCE_16 = T1.IDENTIFIER_PRIMARY_1 JOIN T4 ON T4.IDENTIFIER_REFERENCE_12 = T1.IDENTIFIER_PRIMARY_1 WHERE T4.IDENTIFIER_REFERENCE_11 IN (SELECT IDENTIFIER_REFERENCE_22 FROM T6 WHERE IDENTIFIER_REFERENCE_21 = 2)","SELECT Student_Loans.amount_of_loan, Student_Loans.date_of_loan FROM Student_Loans JOIN Students ON Student_Loans.student_id = Students.student_id JOIN Student_Events ON Student_Events.student_id = Students.student_id WHERE Student_Events.event_type_code IN (SELECT address_type_code FROM Students_Addresses WHERE address_id = 2)"
302,449,cre_Students_Information_Systems,cre_Students_Information_Systems,,,False,0,True,,llama3.1-8b,"SELECT T3.TEXT_FIELD_10 , T1.IDENTIFIER_PRIMARY_1 FROM T1 INNER JOIN T3 ON T1.IDENTIFIER_PRIMARY_1 = T3.IDENTIFIER_REFERENCE_9 GROUP BY T1.IDENTIFIER_PRIMARY_1 ORDER BY COUNT(*) DESC LIMIT 1","SELECT Behaviour_Monitoring.behaviour_monitoring_details , Students.student_id FROM Students INNER JOIN Behaviour_Monitoring ON Students.student_id = Behaviour_Monitoring.student_id GROUP BY Students.student_id ORDER BY COUNT(*) DESC LIMIT 1"
303,450,cre_Students_Information_Systems,cre_Students_Information_Systems,,,False,0,True,,llama3.1-8b,"SELECT T1.TEXT_FIELD_2 , T1.IDENTIFIER_PRIMARY_1 FROM T1 AS T1 JOIN T5 AS T5 ON T1.IDENTIFIER_PRIMARY_1 = T5.IDENTIFIER_REFERENCE_16 GROUP BY T1.IDENTIFIER_PRIMARY_1 ORDER BY COUNT(T5.IDENTIFIER_REFERENCE_16) DESC LIMIT 1","SELECT Students.bio_data , Students.student_id FROM Students AS Students JOIN Achievements AS Achievements ON Students.student_id = Achievements.student_id GROUP BY Students.student_id ORDER BY COUNT(Achievements.student_id) DESC LIMIT 1"
304,461,cre_Students_Information_Systems,cre_Students_Information_Systems,,,False,0,True,,llama3.1-8b,"SELECT T1.TEXT_FIELD_2, T1.TEXT_FIELD_3 FROM T1 JOIN T2 ON T1.IDENTIFIER_PRIMARY_1 = T2.IDENTIFIER_REFERENCE_5 WHERE T2.CHRONOLOGICAL_MARKER_6 IN ( SELECT CHRONOLOGICAL_MARKER_6 FROM T2 GROUP BY CHRONOLOGICAL_MARKER_6 ORDER BY COUNT(*) DESC LIMIT 1 ) AND T2.CHRONOLOGICAL_MARKER_6 IN ( SELECT CHRONOLOGICAL_MARKER_6 FROM T2 JOIN T4 ON T2.IDENTIFIER_PRIMARY_4 = T4.IDENTIFIER_PRIMARY_11 GROUP BY CHRONOLOGICAL_MARKER_6 HAVING COUNT(DISTINCT T4.IDENTIFIER_REFERENCE_13) = 3 )","SELECT Students.bio_data, Students.student_details FROM Students JOIN Transcripts ON Students.student_id = Transcripts.student_id WHERE Transcripts.date_of_transcript IN ( SELECT date_of_transcript FROM Transcripts GROUP BY date_of_transcript ORDER BY COUNT(*) DESC LIMIT 1 ) AND Transcripts.date_of_transcript IN ( SELECT date_of_transcript FROM Transcripts JOIN Student_Events ON Transcripts.transcript_id = Student_Events.event_id GROUP BY date_of_transcript HAVING COUNT(DISTINCT Student_Events.student_id) = 3 )"
305,462,cre_Students_Information_Systems,cre_Students_Information_Systems,,,False,0,True,,llama3.1-8b,"SELECT T1.TEXT_FIELD_2 , T1.TEXT_FIELD_3 FROM T1 AS T1 JOIN T4 AS T4 ON T1.IDENTIFIER_PRIMARY_1 = T4.IDENTIFIER_REFERENCE_13 JOIN T6 AS T6 ON T1.IDENTIFIER_PRIMARY_1 = T6.IDENTIFIER_REFERENCE_23 WHERE T4.IDENTIFIER_REFERENCE_12 = ( SELECT IDENTIFIER_REFERENCE_12 FROM T4 GROUP BY IDENTIFIER_REFERENCE_12 ORDER BY COUNT(*) DESC LIMIT 1 ) INTERSECT SELECT T1.TEXT_FIELD_2 , T1.TEXT_FIELD_3 FROM T1 AS T1 JOIN T4 AS T4 ON T1.IDENTIFIER_PRIMARY_1 = T4.IDENTIFIER_REFERENCE_13 JOIN T6 AS T6 ON T1.IDENTIFIER_PRIMARY_1 = T6.IDENTIFIER_REFERENCE_23 WHERE T4.IDENTIFIER_REFERENCE_12 = ( SELECT IDENTIFIER_REFERENCE_12 FROM T4 WHERE IDENTIFIER_REFERENCE_13 = ( SELECT IDENTIFIER_REFERENCE_13 FROM T4 GROUP BY IDENTIFIER_REFERENCE_13 ORDER BY COUNT(*) DESC LIMIT 1 ) GROUP BY IDENTIFIER_REFERENCE_12 ORDER BY COUNT(*) DESC LIMIT 1 ) LIMIT 1","SELECT Students.bio_data , Students.student_details FROM Students AS Students JOIN Student_Events AS Student_Events ON Students.student_id = Student_Events.student_id JOIN Achievements AS Achievements ON Students.student_id = Achievements.student_id WHERE Student_Events.event_type_code = ( SELECT event_type_code FROM Student_Events GROUP BY event_type_code ORDER BY COUNT(*) DESC LIMIT 1 ) INTERSECT SELECT Students.bio_data , Students.student_details FROM Students AS Students JOIN Student_Events AS Student_Events ON Students.student_id = Student_Events.student_id JOIN Achievements AS Achievements ON Students.student_id = Achievements.student_id WHERE Student_Events.event_type_code = ( SELECT event_type_code FROM Student_Events WHERE student_id = ( SELECT student_id FROM Student_Events GROUP BY student_id ORDER BY COUNT(*) DESC LIMIT 1 ) GROUP BY event_type_code ORDER BY COUNT(*) DESC LIMIT 1 ) LIMIT 1"
306,463,cre_Students_Information_Systems,cre_Students_Information_Systems,,,False,0,True,,llama3.1-8b,"SELECT T1.TEXT_FIELD_2 , T1.TEXT_FIELD_3 FROM T1 AS T1 JOIN T2 AS T2 ON T2.IDENTIFIER_REFERENCE_5 = T1.IDENTIFIER_PRIMARY_1 WHERE T2.CHRONOLOGICAL_MARKER_6 = (SELECT CHRONOLOGICAL_MARKER_6 FROM T2 GROUP BY CHRONOLOGICAL_MARKER_6 ORDER BY COUNT(*) DESC LIMIT 1)","SELECT Students.bio_data , Students.student_details FROM Students AS Students JOIN Transcripts AS Transcripts ON Transcripts.student_id = Students.student_id WHERE Transcripts.date_of_transcript = (SELECT date_of_transcript FROM Transcripts GROUP BY date_of_transcript ORDER BY COUNT(*) DESC LIMIT 1)"
307,464,cre_Students_Information_Systems,cre_Students_Information_Systems,,,False,0,True,,llama3.1-8b,"SELECT T1.TEXT_FIELD_2 , T1.TEXT_FIELD_3 FROM T1 AS T1 JOIN T2 AS T2 ON T1.IDENTIFIER_PRIMARY_1 = T2.IDENTIFIER_REFERENCE_5 WHERE T2.CHRONOLOGICAL_MARKER_6 = ( SELECT CHRONOLOGICAL_MARKER_6 FROM T2 GROUP BY CHRONOLOGICAL_MARKER_6 ORDER BY COUNT(*) DESC LIMIT 1 )","SELECT Students.bio_data , Students.student_details FROM Students AS Students JOIN Transcripts AS Transcripts ON Students.student_id = Transcripts.student_id WHERE Transcripts.date_of_transcript = ( SELECT date_of_transcript FROM Transcripts GROUP BY date_of_transcript ORDER BY COUNT(*) DESC LIMIT 1 )"
308,467,cre_Students_Information_Systems,cre_Students_Information_Systems,,,False,3,False,,llama3.1-8b,"SELECT count(*) , T3.DESCRIPTIVE_ATTRIBUTE_8 , T3.DESCRIPTIVE_ATTRIBUTE_8 FROM T6 AS T1 JOIN T3 AS T2 ON T1.IDENTIFIER_REFERENCE_14 = T2.IDENTIFIER_PRIMARY_7 JOIN T1 AS T3 ON T1.IDENTIFIER_REFERENCE_15 = T3.IDENTIFIER_PRIMARY_1 GROUP BY T3.DESCRIPTIVE_ATTRIBUTE_8 ORDER BY count(*) DESC LIMIT 1","SELECT count(*) , Ref_Event_Types.event_type_description , Ref_Event_Types.event_type_description FROM Student_Events AS Students JOIN Ref_Event_Types AS Behaviour_Monitoring ON Students.event_type_code = Behaviour_Monitoring.event_type_code JOIN Students AS Ref_Event_Types ON Students.student_id = Ref_Event_Types.student_id GROUP BY Ref_Event_Types.event_type_description ORDER BY count(*) DESC LIMIT 1"
309,468,cre_Students_Information_Systems,cre_Students_Information_Systems,,,False,3,False,,llama3.1-8b,"SELECT T4.DESCRIPTIVE_ATTRIBUTE_12, COUNT(T11.IDENTIFIER_REFERENCE_38) AS number_of_students, T5.DESCRIPTIVE_ATTRIBUTE_14, T5.DESCRIPTIVE_ATTRIBUTE_14 FROM T11 INNER JOIN T6 AS T5 ON T11.IDENTIFIER_REFERENCE_38 = T5.IDENTIFIER_PRIMARY_15 INNER JOIN T4 ON T5.DESCRIPTIVE_ATTRIBUTE_16 = T4.DESCRIPTIVE_ATTRIBUTE_12 GROUP BY T4.DESCRIPTIVE_ATTRIBUTE_12 ORDER BY COUNT(T11.IDENTIFIER_REFERENCE_38) DESC LIMIT 1","SELECT Ref_Event_Types.event_type_description, COUNT(Detention.detention_type_code) AS number_of_students, Ref_Achievement_Type.achievement_type_description, Ref_Achievement_Type.achievement_type_description FROM Detention INNER JOIN Ref_Detention_Type AS Ref_Achievement_Type ON Detention.detention_type_code = Ref_Achievement_Type.detention_type_code INNER JOIN Ref_Event_Types ON Ref_Achievement_Type.detention_type_description = Ref_Event_Types.event_type_description GROUP BY Ref_Event_Types.event_type_description ORDER BY COUNT(Detention.detention_type_code) DESC LIMIT 1"
310,471,cre_Students_Information_Systems,cre_Students_Information_Systems,,,False,0,True,,llama3.1-8b,SELECT COUNT(T1.IDENTIFIER_PRIMARY_1) FROM T1 AS T1 LEFT JOIN T2 AS T2 ON T1.IDENTIFIER_PRIMARY_1 = T2.IDENTIFIER_REFERENCE_5 LEFT JOIN T4 AS T4 ON T1.IDENTIFIER_PRIMARY_1 = T4.IDENTIFIER_REFERENCE_17 WHERE T2.CURRENCY_AMOUNT_7 = 0,SELECT COUNT(Students.student_id) FROM Students AS Students LEFT JOIN Student_Loans AS Student_Loans ON Students.student_id = Student_Loans.student_id LEFT JOIN Achievements AS Achievements ON Students.student_id = Achievements.student_id WHERE Student_Loans.amount_of_loan = 0
311,472,cre_Students_Information_Systems,cre_Students_Information_Systems,,,False,0,True,,llama3.1-8b,SELECT COUNT(T1.IDENTIFIER_PRIMARY_1) FROM T1 AS T1 JOIN T5 AS T2 ON T1.IDENTIFIER_PRIMARY_1 = T2.IDENTIFIER_REFERENCE_14 JOIN T6 AS T3 ON T2.IDENTIFIER_REFERENCE_15 = T3.IDENTIFIER_PRIMARY_17 WHERE T3.IDENTIFIER_REFERENCE_18 NOT IN (SELECT T6.IDENTIFIER_REFERENCE_18 FROM T6 AS T6 JOIN T5 AS T7 ON T6.IDENTIFIER_REFERENCE_19 = T7.IDENTIFIER_REFERENCE_15 JOIN T4 AS T8 ON T7.IDENTIFIER_REFERENCE_14 = T8.IDENTIFIER_REFERENCE_9 WHERE T8.CURRENCY_AMOUNT_11 > 0),SELECT COUNT(Students.student_id) FROM Students AS Students JOIN Classes AS Ref_Achievement_Type ON Students.student_id = Ref_Achievement_Type.student_id JOIN Achievements AS Teachers ON Ref_Achievement_Type.teacher_id = Teachers.achievement_id WHERE Teachers.achievement_type_code NOT IN (SELECT Achievements.achievement_type_code FROM Achievements AS Achievements JOIN Classes AS T7 ON Achievements.student_id = T7.teacher_id JOIN Student_Loans AS T8 ON T7.student_id = T8.student_id WHERE T8.amount_of_loan > 0)
312,489,cre_Students_Information_Systems,cre_Students_Information_Systems,,,False,0,True,,llama3.1-8b,SELECT T4.DESCRIPTIVE_ATTRIBUTE_8 FROM T4 WHERE T4.DESCRIPTIVE_ATTRIBUTE_8 IN ( SELECT T4.DESCRIPTIVE_ATTRIBUTE_8 FROM T4 GROUP BY T4.DESCRIPTIVE_ATTRIBUTE_8 ORDER BY COUNT(*) ASC LIMIT 1 ),SELECT Ref_Detention_Type.detention_type_description FROM Ref_Detention_Type WHERE Ref_Detention_Type.detention_type_description IN ( SELECT Ref_Detention_Type.detention_type_description FROM Ref_Detention_Type GROUP BY Ref_Detention_Type.detention_type_description ORDER BY COUNT(*) ASC LIMIT 1 )
313,490,cre_Students_Information_Systems,cre_Students_Information_Systems,,,False,0,True,,llama3.1-8b,"SELECT T4.DESCRIPTIVE_ATTRIBUTE_8 , T4.DESCRIPTIVE_ATTRIBUTE_8 FROM T5 AS T1 JOIN T4 AS T2 ON T1.IDENTIFIER_REFERENCE_10 = T2.IDENTIFIER_PRIMARY_7 JOIN T4 AS T3 ON T1.IDENTIFIER_REFERENCE_11 = T3.IDENTIFIER_PRIMARY_7 JOIN T4 AS T4 ON T1.IDENTIFIER_REFERENCE_10 = T4.IDENTIFIER_PRIMARY_7 GROUP BY T4.DESCRIPTIVE_ATTRIBUTE_8 ORDER BY COUNT(T4.DESCRIPTIVE_ATTRIBUTE_8) LIMIT 1","SELECT Ref_Detention_Type.detention_type_description , Ref_Detention_Type.detention_type_description FROM Detention AS Ref_Event_Types JOIN Ref_Detention_Type AS Ref_Achievement_Type ON Ref_Event_Types.detention_type_code = Ref_Achievement_Type.detention_type_code JOIN Ref_Detention_Type AS Ref_Address_Types ON Ref_Event_Types.student_id = Ref_Address_Types.detention_type_code JOIN Ref_Detention_Type AS Ref_Detention_Type ON Ref_Event_Types.detention_type_code = Ref_Detention_Type.detention_type_code GROUP BY Ref_Detention_Type.detention_type_description ORDER BY COUNT(Ref_Detention_Type.detention_type_description) LIMIT 1"
314,491,cre_Students_Information_Systems,cre_Students_Information_Systems,,,False,0,True,,llama3.1-8b,"SELECT T1.TEXT_FIELD_2, T1.TEXT_FIELD_3, T3.CURRENCY_AMOUNT_11 FROM T1 JOIN T3 ON T1.IDENTIFIER_PRIMARY_1 = T3.IDENTIFIER_REFERENCE_9 WHERE T3.CURRENCY_AMOUNT_11 > ( SELECT AVG(CURRENCY_AMOUNT_11) FROM T3 )","SELECT Students.bio_data, Students.student_details, Student_Loans.amount_of_loan FROM Students JOIN Student_Loans ON Students.student_id = Student_Loans.student_id WHERE Student_Loans.amount_of_loan > ( SELECT AVG(amount_of_loan) FROM Student_Loans )"
315,492,cre_Students_Information_Systems,cre_Students_Information_Systems,,,False,0,True,,llama3.1-8b,"SELECT T1.TEXT_FIELD_2, T1.TEXT_FIELD_3 FROM T1 JOIN T3 ON T1.IDENTIFIER_PRIMARY_1 = T3.IDENTIFIER_REFERENCE_9 WHERE T3.CURRENCY_AMOUNT_11 > ( SELECT AVG(CURRENCY_AMOUNT_11) FROM T3 )","SELECT Students.bio_data, Students.student_details FROM Students JOIN Student_Loans ON Students.student_id = Student_Loans.student_id WHERE Student_Loans.amount_of_loan > ( SELECT AVG(amount_of_loan) FROM Student_Loans )"
316,499,cre_Students_Information_Systems,cre_Students_Information_Systems,,,False,0,True,,llama3.1-8b,SELECT T3.TEXT_FIELD_9 FROM T1 JOIN T2 ON T1.IDENTIFIER_PRIMARY_1 = T2.IDENTIFIER_REFERENCE_5 JOIN T4 ON T1.IDENTIFIER_PRIMARY_1 = T4.IDENTIFIER_REFERENCE_11 JOIN T3 ON T4.IDENTIFIER_REFERENCE_11 = T3.IDENTIFIER_PRIMARY_8 WHERE T2.CHRONOLOGICAL_MARKER_6 = ( SELECT MIN(CHRONOLOGICAL_MARKER_6) FROM T2 ),SELECT Teachers.teacher_details FROM Students JOIN Transcripts ON Students.student_id = Transcripts.student_id JOIN Student_Loans ON Students.student_id = Student_Loans.student_id JOIN Teachers ON Student_Loans.student_id = Teachers.teacher_id WHERE Transcripts.date_of_transcript = ( SELECT MIN(date_of_transcript) FROM Transcripts )
317,500,cre_Students_Information_Systems,cre_Students_Information_Systems,,,False,0,True,,llama3.1-8b,SELECT T3.* FROM T3 INNER JOIN T2 ON T3.IDENTIFIER_PRIMARY_8 = T2.IDENTIFIER_REFERENCE_5 INNER JOIN T1 ON T2.IDENTIFIER_REFERENCE_5 = T1.IDENTIFIER_PRIMARY_1 WHERE T2.CHRONOLOGICAL_MARKER_6 = (SELECT MIN(CHRONOLOGICAL_MARKER_6) FROM T2),SELECT Student_Events.* FROM Student_Events INNER JOIN Transcripts ON Student_Events.event_id = Transcripts.student_id INNER JOIN Students ON Transcripts.student_id = Students.student_id WHERE Transcripts.date_of_transcript = (SELECT MIN(date_of_transcript) FROM Transcripts)
318,507,cre_Students_Information_Systems,cre_Students_Information_Systems,,,False,0,True,,llama3.1-8b,"SELECT T5.DESCRIPTIVE_ATTRIBUTE_13 , T5.DESCRIPTIVE_ATTRIBUTE_13 FROM T5 GROUP BY T5.DESCRIPTIVE_ATTRIBUTE_13 ORDER BY COUNT(*) DESC LIMIT 1","SELECT Ref_Address_Types.address_type_description , Ref_Address_Types.address_type_description FROM Ref_Address_Types GROUP BY Ref_Address_Types.address_type_description ORDER BY COUNT(*) DESC LIMIT 1"
319,508,cre_Students_Information_Systems,cre_Students_Information_Systems,,,False,0,True,,llama3.1-8b,"SELECT T4.DESCRIPTIVE_ATTRIBUTE_9, T4.IDENTIFIER_PRIMARY_8 FROM T4 JOIN T7 ON T7.IDENTIFIER_REFERENCE_19 = T4.IDENTIFIER_PRIMARY_8 GROUP BY T4.DESCRIPTIVE_ATTRIBUTE_9 ORDER BY COUNT(T7.IDENTIFIER_PRIMARY_17) DESC LIMIT 1","SELECT Ref_Address_Types.address_type_description, Ref_Address_Types.address_type_code FROM Ref_Address_Types JOIN Students_Addresses ON Students_Addresses.address_type_code = Ref_Address_Types.address_type_code GROUP BY Ref_Address_Types.address_type_description ORDER BY COUNT(Students_Addresses.student_address_id) DESC LIMIT 1"
