pos,test_idx,db_id_gold,db_id_used,broker_pick,broker_correct,re_picked,retries,exec_success,difficulty,model_used,retrieval_used,masked_sql,real_sql
0,0,soccer_3,soccer_3,,,False,0,True,,llama3.1-8b,lexical,SELECT COUNT(T1.IDENTIFIER_PRIMARY_1) FROM T1,SELECT COUNT(club.Club_ID) FROM club
1,1,soccer_3,soccer_3,,,False,0,True,,llama3.1-8b,lexical,SELECT COUNT(*) FROM T1,SELECT COUNT(*) FROM club
2,2,soccer_3,soccer_3,,,False,0,True,,llama3.1-8b,lexical,SELECT DISTINCT DESCRIPTIVE_ATTRIBUTE_2 FROM T1 ORDER BY DESCRIPTIVE_ATTRIBUTE_2 ASC,SELECT DISTINCT Name FROM club ORDER BY Name ASC
3,3,soccer_3,soccer_3,,,False,0,True,,llama3.1-8b,lexical,SELECT T1.IDENTIFIER_PRIMARY_1 FROM T1 ORDER BY T1.IDENTIFIER_PRIMARY_1 ASC,SELECT club.Club_ID FROM club ORDER BY club.Club_ID ASC
4,6,soccer_3,soccer_3,,,False,0,True,,llama3.1-8b,lexical,SELECT T1.DESCRIPTIVE_ATTRIBUTE_2 FROM T1 WHERE T1.TEXT_FIELD_5 != 'Nike',SELECT club.Name FROM club WHERE club.Manufacturer != 'Nike'
5,7,soccer_3,soccer_3,,,False,0,True,,llama3.1-8b,lexical,SELECT T1.IDENTIFIER_PRIMARY_1 FROM T1 INNER JOIN T2 ON T1.IDENTIFIER_PRIMARY_1 = T2.IDENTIFIER_REFERENCE_13 WHERE T2.DESCRIPTIVE_ATTRIBUTE_8 != 'Nike',SELECT club.Club_ID FROM club INNER JOIN player ON club.Club_ID = player.Club_ID WHERE player.Name != 'Nike'
6,8,soccer_3,soccer_3,,,False,0,True,,llama3.1-8b,lexical,SELECT T2.DESCRIPTIVE_ATTRIBUTE_9 FROM T2 JOIN T1 ON T2.IDENTIFIER_REFERENCE_13 = T1.IDENTIFIER_PRIMARY_1 ORDER BY T2.MEASUREMENT_VALUE_12 ASC,SELECT player.Country FROM player JOIN club ON player.Club_ID = club.Club_ID ORDER BY player.Wins_count ASC
7,9,soccer_3,soccer_3,,,False,0,True,,llama3.1-8b,lexical,SELECT T2.DESCRIPTIVE_ATTRIBUTE_9 FROM T2 JOIN T1 ON T2.IDENTIFIER_REFERENCE_13 = T1.IDENTIFIER_PRIMARY_1 GROUP BY T2.DESCRIPTIVE_ATTRIBUTE_9 ORDER BY COUNT(T2.MEASUREMENT_VALUE_12) ASC,SELECT player.Country FROM player JOIN club ON player.Club_ID = club.Club_ID GROUP BY player.Country ORDER BY COUNT(player.Wins_count) ASC
8,12,soccer_3,soccer_3,,,False,0,True,,llama3.1-8b,lexical,SELECT DISTINCT DESCRIPTIVE_ATTRIBUTE_9 FROM T2 WHERE NUMERIC_FIELD_10 > 1200000,SELECT DISTINCT Country FROM player WHERE Earnings > 1200000
9,13,soccer_3,soccer_3,,,False,0,True,,llama3.1-8b,lexical,SELECT T1.DESCRIPTIVE_ATTRIBUTE_2 FROM T1 JOIN T2 ON T2.IDENTIFIER_REFERENCE_13 = T1.IDENTIFIER_PRIMARY_1 WHERE T2.NUMERIC_FIELD_10 > 1200000,SELECT club.Name FROM club JOIN player ON player.Club_ID = club.Club_ID WHERE player.Earnings > 1200000
10,28,soccer_3,soccer_3,,,False,0,True,,llama3.1-8b,lexical,SELECT T1.DESCRIPTIVE_ATTRIBUTE_2 FROM T1 JOIN T2 ON T1.IDENTIFIER_PRIMARY_1 = T2.IDENTIFIER_REFERENCE_13 GROUP BY T1.DESCRIPTIVE_ATTRIBUTE_2 HAVING count(*) > 1,SELECT club.Name FROM club JOIN player ON club.Club_ID = player.Club_ID GROUP BY club.Name HAVING count(*) > 1
11,29,soccer_3,soccer_3,,,False,0,True,,llama3.1-8b,lexical,SELECT T1.DESCRIPTIVE_ATTRIBUTE_2 FROM T1 INNER JOIN T2 ON T1.IDENTIFIER_PRIMARY_1 = T2.IDENTIFIER_REFERENCE_13 GROUP BY T1.DESCRIPTIVE_ATTRIBUTE_2 HAVING COUNT(T2.IDENTIFIER_REFERENCE_13) > 1,SELECT club.Name FROM club INNER JOIN player ON club.Club_ID = player.Club_ID GROUP BY club.Name HAVING COUNT(player.Club_ID) > 1
12,30,soccer_3,soccer_3,,,False,1,True,,llama3.1-8b,lexical,SELECT T1.DESCRIPTIVE_ATTRIBUTE_2 FROM T1 WHERE T1.IDENTIFIER_PRIMARY_1 IN (SELECT T2.IDENTIFIER_REFERENCE_13 FROM T2 GROUP BY T2.IDENTIFIER_REFERENCE_13 HAVING COUNT(T2.IDENTIFIER_REFERENCE_13) > 1),SELECT club.Name FROM club WHERE club.Club_ID IN (SELECT player.Club_ID FROM player GROUP BY player.Club_ID HAVING COUNT(player.Club_ID) > 1)
13,31,soccer_3,soccer_3,,,False,3,False,,llama3.1-8b,lexical,SELECT T1.DESCRIPTIVE_ATTRIBUTE_9 FROM T1 AS T1 JOIN T2 AS T2 ON T2.IDENTIFIER_REFERENCE_13 = T1.IDENTIFIER_PRIMARY_1 GROUP BY T1.DESCRIPTIVE_ATTRIBUTE_9 HAVING COUNT(T2.IDENTIFIER_PRIMARY_7) > 1,SELECT club.Country FROM club AS club JOIN player AS player ON player.Club_ID = club.Club_ID GROUP BY club.Country HAVING COUNT(player.Player_ID) > 1
14,36,soccer_3,soccer_3,,,False,0,True,,llama3.1-8b,lexical,SELECT COUNT(DISTINCT T1.DESCRIPTIVE_ATTRIBUTE_2) FROM T1 JOIN T2 ON T1.IDENTIFIER_PRIMARY_1 = T2.IDENTIFIER_REFERENCE_13,SELECT COUNT(DISTINCT club.Name) FROM club JOIN player ON club.Club_ID = player.Club_ID
15,37,soccer_3,soccer_3,,,False,0,True,,llama3.1-8b,lexical,SELECT COUNT(DISTINCT T1.DESCRIPTIVE_ATTRIBUTE_2) FROM T1 JOIN T2 ON T2.IDENTIFIER_REFERENCE_13 = T1.IDENTIFIER_PRIMARY_1,SELECT COUNT(DISTINCT club.Name) FROM club JOIN player ON player.Club_ID = club.Club_ID
16,78,e_commerce,e_commerce,,,False,0,True,,llama3.1-8b,lexical,SELECT COUNT(T2.IDENTIFIER_PRIMARY_7) FROM T2 JOIN T1 ON T2.IDENTIFIER_REFERENCE_8 = T1.IDENTIFIER_PRIMARY_1,SELECT COUNT(Orders.order_id) FROM Orders JOIN Customers ON Orders.customer_id = Customers.customer_id
17,79,e_commerce,e_commerce,,,False,0,True,,llama3.1-8b,lexical,SELECT COUNT(DISTINCT T1.IDENTIFIER_PRIMARY_1) FROM T1 INNER JOIN T3 ON T1.IDENTIFIER_PRIMARY_1 = T3.IDENTIFIER_REFERENCE_10 INNER JOIN T4 ON T3.IDENTIFIER_PRIMARY_9 = T4.IDENTIFIER_REFERENCE_15,SELECT COUNT(DISTINCT Customers.customer_id) FROM Customers INNER JOIN Orders ON Customers.customer_id = Orders.customer_id INNER JOIN Order_Items ON Orders.order_id = Order_Items.order_id
18,80,e_commerce,e_commerce,,,False,0,True,,llama3.1-8b,lexical,SELECT count(*) FROM T1,SELECT count(*) FROM Orders
19,81,e_commerce,e_commerce,,,False,0,True,,llama3.1-8b,lexical,SELECT COUNT(DISTINCT T2.DESCRIPTIVE_ATTRIBUTE_8) FROM T2,SELECT COUNT(DISTINCT Order_Items.order_item_status_code) FROM Order_Items
20,82,e_commerce,e_commerce,,,False,0,True,,llama3.1-8b,lexical,SELECT COUNT(*) FROM T1,SELECT COUNT(*) FROM Customer_Payment_Methods
21,83,e_commerce,e_commerce,,,False,0,True,,llama3.1-8b,lexical,SELECT COUNT(DISTINCT T2.TEXT_FIELD_8) FROM T2,SELECT COUNT(DISTINCT Customer_Payment_Methods.payment_method_code) FROM Customer_Payment_Methods
22,100,e_commerce,e_commerce,,,False,0,True,,llama3.1-8b,lexical,SELECT COUNT(IDENTIFIER_PRIMARY_9) FROM T3,SELECT COUNT(shipment_id) FROM Shipments
23,101,e_commerce,e_commerce,,,False,0,True,,llama3.1-8b,lexical,SELECT COUNT(*) FROM T2,SELECT COUNT(*) FROM Shipments
24,102,e_commerce,e_commerce,,,False,0,True,,llama3.1-8b,lexical,SELECT CURRENCY_AMOUNT_4 FROM T1,SELECT product_price FROM Products
25,103,e_commerce,e_commerce,,,False,0,True,,llama3.1-8b,lexical,SELECT AVG(CURRENCY_AMOUNT_4) FROM T1,SELECT AVG(product_price) FROM Products
26,104,e_commerce,e_commerce,,,False,0,True,,llama3.1-8b,lexical,SELECT avg(CURRENCY_AMOUNT_4) FROM T1,SELECT avg(product_price) FROM Products
27,105,e_commerce,e_commerce,,,False,0,True,,llama3.1-8b,lexical,SELECT AVG(CURRENCY_AMOUNT_4) FROM T1,SELECT AVG(product_price) FROM Products
28,123,bbc_channels,bbc_channels,,,False,0,True,,llama3.1-8b,lexical,SELECT COUNT(*) FROM T1 WHERE TEXT_FIELD_4 = 'digital terrestrial',SELECT COUNT(*) FROM channel WHERE Digital_terrestrial_channel = 'digital terrestrial'
29,124,bbc_channels,bbc_channels,,,False,3,False,,llama3.1-8b,lexical,SELECT T3.DESCRIPITIVE_ATTRIBUTE_11 FROM T3 ORDER BY T3.CHRONOLOGICAL_MARKER_10 DESC,SELECT program.DESCRIPITIVE_ATTRIBUTE_11 FROM program ORDER BY program.Start_Year DESC
30,133,bbc_channels,bbc_channels,,,False,0,True,,llama3.1-8b,lexical,SELECT T2.DESCRIPTIVE_ATTRIBUTE_7 FROM T2 INNER JOIN T3 ON T2.IDENTIFIER_PRIMARY_6 = T3.IDENTIFIER_REFERENCE_12 WHERE T2.MEASUREMENT_VALUE_8 BETWEEN 30 AND 60,SELECT director.Name FROM director INNER JOIN program ON director.Director_ID = program.Director_ID WHERE director.Age BETWEEN 30 AND 60
31,136,tv_shows,tv_shows,,,False,0,True,,llama3.1-8b,lexical,SELECT count(*) FROM T1,SELECT count(*) FROM radio
32,137,tv_shows,tv_shows,,,False,0,True,,llama3.1-8b,lexical,SELECT T1.TEXT_FIELD_2 FROM T1 AS T1 JOIN T2 AS T2 ON T1.IDENTIFIER_PRIMARY_1 = T2.IDENTIFIER_REFERENCE_8 ORDER BY T1.TEXT_FIELD_6 ASC,SELECT radio.Transmitter FROM radio AS radio JOIN city_channel_radio AS city_channel_radio ON radio.Radio_ID = city_channel_radio.Radio_ID ORDER BY radio.ERP_kW ASC
33,139,tv_shows,tv_shows,,,False,1,True,,llama3.1-8b,lexical,SELECT T3.DESCRIPTIVE_ATTRIBUTE_11 FROM T1 INNER JOIN T2 ON T1.IDENTIFIER_PRIMARY_1 = T2.IDENTIFIER_PRIMARY_6 INNER JOIN T3 ON T1.IDENTIFIER_PRIMARY_1 = T3.IDENTIFIER_PRIMARY_9 WHERE T2.DESCRIPTIVE_ATTRIBUTE_8 != 'ABC' AND T1.DESCRIPTIVE_ATTRIBUTE_2 = T3.DESCRIPTIVE_ATTRIBUTE_11,SELECT city_channel_tv_show.Is_online FROM city_channel INNER JOIN city_channel_radio ON city_channel.ID = city_channel_radio.City_channel_ID INNER JOIN city_channel_tv_show ON city_channel.ID = city_channel_tv_show.City_channel_ID WHERE city_channel_radio.Is_online != 'ABC' AND city_channel.City = city_channel_tv_show.Is_online
34,142,tv_shows,tv_shows,,,False,3,False,,llama3.1-8b,lexical,SELECT avg(TEXT_FIELD_4) FROM T1,SELECT avg(2FM_MHz) FROM radio
35,145,tv_shows,tv_shows,,,False,0,True,,llama3.1-8b,lexical,SELECT DESCRIPTIVE_ATTRIBUTE_5 FROM T1 GROUP BY DESCRIPTIVE_ATTRIBUTE_5 HAVING COUNT(DISTINCT IDENTIFIER_PRIMARY_1) > 3,SELECT Affiliation FROM city_channel GROUP BY Affiliation HAVING COUNT(DISTINCT ID) > 3
36,153,vehicle_driver,vehicle_driver,,,False,0,True,,llama3.1-8b,lexical,SELECT T1.TEXT_FIELD_6 FROM T1 JOIN T3 ON T3.IDENTIFIER_REFERENCE_13 = T1.IDENTIFIER_PRIMARY_1 JOIN T2 ON T2.IDENTIFIER_PRIMARY_8 = T3.IDENTIFIER_PRIMARY_12 WHERE T2.DESCRIPTIVE_ATTRIBUTE_9 = 'United States',SELECT vehicle.Builder FROM vehicle JOIN vehicle_driver ON vehicle_driver.Vehicle_ID = vehicle.Vehicle_ID JOIN driver ON driver.Driver_ID = vehicle_driver.Driver_ID WHERE driver.Name = 'United States'
37,154,vehicle_driver,vehicle_driver,,,False,3,False,,llama3.1-8b,lexical,SELECT T3.TEXT_FIELD_11 FROM T2 AS T2 JOIN T3 ON T2.IDENTIFIER_PRIMARY_8 = T3.IDENTIFIER_PRIMARY_12 WHERE T2.DESCRIPTIVE_ATTRIBUTE_9 = 'United States',SELECT vehicle_driver.Racing_Series FROM driver AS driver JOIN vehicle_driver ON driver.Driver_ID = vehicle_driver.Driver_ID WHERE driver.Name = 'United States'
38,167,vehicle_driver,vehicle_driver,,,False,0,True,,llama3.1-8b,lexical,SELECT COUNT(T3.IDENTIFIER_PRIMARY_12) FROM T2 AS T1 JOIN T3 ON T1.IDENTIFIER_PRIMARY_8 = T3.IDENTIFIER_PRIMARY_12 WHERE T1.DESCRIPTIVE_ATTRIBUTE_9 = 'NASCAR',SELECT COUNT(vehicle_driver.Driver_ID) FROM driver AS vehicle JOIN vehicle_driver ON vehicle.Driver_ID = vehicle_driver.Driver_ID WHERE vehicle.Name = 'NASCAR'
39,168,vehicle_driver,vehicle_driver,,,False,0,True,,llama3.1-8b,lexical,SELECT COUNT(*) FROM T2 WHERE TEXT_FIELD_10 = 'NASCAR',SELECT COUNT(*) FROM driver WHERE Citizenship = 'NASCAR'
40,169,vehicle_driver,vehicle_driver,,,False,0,True,,llama3.1-8b,lexical,SELECT AVG(NUMERIC_FIELD_4) FROM T1,SELECT AVG(Top_Speed) FROM vehicle
41,170,vehicle_driver,vehicle_driver,,,False,0,True,,llama3.1-8b,lexical,SELECT AVG(T1.NUMERIC_FIELD_4) FROM T1,SELECT AVG(vehicle.Top_Speed) FROM vehicle
42,185,vehicle_driver,vehicle_driver,,,False,3,False,,llama3.1-8b,lexical,SELECT T2.DESCRIPITIVE_ATTRIBUTE_9 FROM T3 AS T1 JOIN T2 ON T1.IDENTIFIER_PRIMARY_12 = T2.IDENTIFIER_PRIMARY_8 WHERE T2.DESCRIPITIVE_ATTRIBUTE_9 LIKE '%driver%' ORDER BY T2.DESCRIPITIVE_ATTRIBUTE_9,SELECT driver.DESCRIPITIVE_ATTRIBUTE_9 FROM vehicle_driver AS vehicle JOIN driver ON vehicle.Driver_ID = driver.Driver_ID WHERE driver.DESCRIPITIVE_ATTRIBUTE_9 LIKE '%driver%' ORDER BY driver.DESCRIPITIVE_ATTRIBUTE_9
43,186,vehicle_driver,vehicle_driver,,,False,3,False,,llama3.1-8b,lexical,SELECT T3.TEXT_FIELD_11 FROM T3 JOIN T2 ON T3.IDENTIFIER_PRIMARY_12 = T2.IDENTIFIER_PRIMARY_8 WHERE T2.DESCRIPTIVE_ATTRIBUTE_9 = 'drivers' ORDER BY T3.TEXT_FIELD_11 ASC,SELECT vehicle_driver.Racing_Series FROM vehicle_driver JOIN driver ON vehicle_driver.Driver_ID = driver.Driver_ID WHERE driver.Name = 'drivers' ORDER BY vehicle_driver.Racing_Series ASC
44,193,online_exams,online_exams,,,False,0,True,,llama3.1-8b,lexical,SELECT count(*) FROM T1,SELECT count(*) FROM Exams
45,194,online_exams,online_exams,,,False,0,True,,llama3.1-8b,lexical,SELECT count(*) FROM T1,SELECT count(*) FROM Exams
46,195,online_exams,online_exams,,,False,0,True,,llama3.1-8b,lexical,SELECT DISTINCT TEXT_FIELD_2 FROM T1 ORDER BY TEXT_FIELD_2 ASC,SELECT DISTINCT Subject_Code FROM Exams ORDER BY Subject_Code ASC
47,196,online_exams,online_exams,,,False,0,True,,llama3.1-8b,lexical,SELECT DISTINCT TEXT_FIELD_2 FROM T1 ORDER BY TEXT_FIELD_2,SELECT DISTINCT Subject_Code FROM Exams ORDER BY Subject_Code
48,203,online_exams,online_exams,,,False,0,True,,llama3.1-8b,lexical,"SELECT DISTINCT T3.TEXT_FIELD_12 FROM T3 JOIN T2 ON T3.IDENTIFIER_REFERENCE_11 = T2.IDENTIFIER_REFERENCE_5 WHERE T2.TEXT_FIELD_8 = ""Normal""","SELECT DISTINCT Student_Assessments.Student_Answer_Text FROM Student_Assessments JOIN Student_Answers ON Student_Assessments.Valid_Answer_ID = Student_Answers.Exam_ID WHERE Student_Answers.Comments = ""Normal"""
49,204,online_exams,online_exams,,,False,0,True,,llama3.1-8b,lexical,SELECT DISTINCT T3.TEXT_FIELD_12 FROM T3 JOIN T2 ON T3.IDENTIFIER_REFERENCE_11 = T2.IDENTIFIER_REFERENCE_5 WHERE T2.TEXT_FIELD_8 = 'Normal',SELECT DISTINCT Student_Assessments.Student_Answer_Text FROM Student_Assessments JOIN Student_Answers ON Student_Assessments.Valid_Answer_ID = Student_Answers.Exam_ID WHERE Student_Answers.Comments = 'Normal'
50,205,online_exams,online_exams,,,False,0,True,,llama3.1-8b,lexical,SELECT COUNT(DISTINCT T2.TEXT_FIELD_12) FROM T2,SELECT COUNT(DISTINCT Student_Answers.Student_Answer_Text) FROM Student_Answers
51,206,online_exams,online_exams,,,False,0,True,,llama3.1-8b,lexical,SELECT COUNT(DISTINCT TEXT_FIELD_11) FROM T2,SELECT COUNT(DISTINCT Comments) FROM Student_Answers
52,219,online_exams,online_exams,,,False,0,True,,llama3.1-8b,lexical,"SELECT DESCRIPTIVE_ATTRIBUTE_4 FROM T1 WHERE DESCRIPTIVE_ATTRIBUTE_5 != ""M""","SELECT Last_Name FROM Students WHERE Gender_MFU != ""M"""
53,220,online_exams,online_exams,,,False,0,True,,llama3.1-8b,lexical,"SELECT DESCRIPTIVE_ATTRIBUTE_4 FROM T1 WHERE DESCRIPTIVE_ATTRIBUTE_5 != ""M""","SELECT Last_Name FROM Students WHERE Gender_MFU != ""M"""
54,229,online_exams,online_exams,,,False,0,True,,llama3.1-8b,lexical,SELECT DESCRIPTIVE_ATTRIBUTE_2 FROM T1 GROUP BY DESCRIPTIVE_ATTRIBUTE_2 HAVING COUNT(TEXT_FIELD_3) >= 3,SELECT Type_of_Question_Code FROM Questions GROUP BY Type_of_Question_Code HAVING COUNT(Question_Text) >= 3
55,230,online_exams,online_exams,,,False,0,True,,llama3.1-8b,lexical,SELECT T1.DESCRIPTIVE_ATTRIBUTE_2 FROM T1 WHERE T1.IDENTIFIER_PRIMARY_1 IN (SELECT T2.IDENTIFIER_REFERENCE_5 FROM T2 GROUP BY T2.IDENTIFIER_REFERENCE_5 HAVING COUNT(T2.IDENTIFIER_REFERENCE_5) >= 3),SELECT Questions.Type_of_Question_Code FROM Questions WHERE Questions.Question_ID IN (SELECT Questions_in_Exams.Question_ID FROM Questions_in_Exams GROUP BY Questions_in_Exams.Question_ID HAVING COUNT(Questions_in_Exams.Question_ID) >= 3)
56,231,online_exams,online_exams,,,False,3,False,,llama3.1-8b,lexical,"SELECT T1.IDENTIFIER_PRIMARY_1 , T1.DESCRIPITIVE_ATTRIBUTE_2 , T1.DESCRIPITIVE_ATTRIBUTE_3 , T1.DESCRIPITIVE_ATTRIBUTE_4 , T1.DESCRIPITIVE_ATTRIBUTE_5 , T1.DESCRIPITIVE_ATTRIBUTE_6 FROM T1","SELECT Students.Student_ID , Students.DESCRIPITIVE_ATTRIBUTE_2 , Students.DESCRIPITIVE_ATTRIBUTE_3 , Students.DESCRIPITIVE_ATTRIBUTE_4 , Students.DESCRIPITIVE_ATTRIBUTE_5 , Students.DESCRIPITIVE_ATTRIBUTE_6 FROM Students"
57,232,online_exams,online_exams,,,False,0,True,,llama3.1-8b,lexical,"SELECT T1.DESCRIPTIVE_ATTRIBUTE_2, T1.DESCRIPTIVE_ATTRIBUTE_3, T1.DESCRIPTIVE_ATTRIBUTE_4, T1.DESCRIPTIVE_ATTRIBUTE_5, T1.DESCRIPTIVE_ATTRIBUTE_6, T2.IDENTIFIER_REFERENCE_8, T2.IDENTIFIER_REFERENCE_9, T2.IDENTIFIER_REFERENCE_10, T2.CHRONOLOGICAL_MARKER_11, T2.TEXT_FIELD_12, T3.IDENTIFIER_PRIMARY_13, T3.IDENTIFIER_REFERENCE_14, T3.TEXT_FIELD_15, T3.TEXT_FIELD_16, T3.TEXT_FIELD_17 FROM T1 JOIN T2 ON T2.IDENTIFIER_REFERENCE_10 = T1.IDENTIFIER_PRIMARY_1 JOIN T3 ON T3.IDENTIFIER_REFERENCE_14 = T2.IDENTIFIER_REFERENCE_10","SELECT Students.First_Name, Students.Middle_Name, Students.Last_Name, Students.Gender_MFU, Students.Student_Address, Student_Answers.Exam_ID, Student_Answers.Question_ID, Student_Answers.Student_ID, Student_Answers.Date_of_Answer, Student_Answers.Student_Answer_Text, Student_Assessments.Student_Answer_ID, Student_Assessments.Valid_Answer_ID, Student_Assessments.Student_Answer_Text, Student_Assessments.Satisfactory_YN, Student_Assessments.Assessment FROM Students JOIN Student_Answers ON Student_Answers.Student_ID = Students.Student_ID JOIN Student_Assessments ON Student_Assessments.Valid_Answer_ID = Student_Answers.Student_ID"
58,233,customers_and_orders,customers_and_orders,,,False,0,True,,llama3.1-8b,lexical,SELECT COUNT(*) FROM T1,SELECT COUNT(*) FROM Addresses
59,234,customers_and_orders,customers_and_orders,,,False,0,True,,llama3.1-8b,lexical,SELECT COUNT(IDENTIFIER_PRIMARY_1) FROM T1,SELECT COUNT(address_id) FROM Addresses
60,237,customers_and_orders,customers_and_orders,,,False,0,True,,llama3.1-8b,lexical,SELECT COUNT(*) FROM T1,SELECT COUNT(*) FROM Products
61,238,customers_and_orders,customers_and_orders,,,False,0,True,,llama3.1-8b,lexical,SELECT COUNT(*) FROM T1,SELECT COUNT(*) FROM Products
62,241,customers_and_orders,customers_and_orders,,,False,0,True,,llama3.1-8b,lexical,SELECT CURRENCY_AMOUNT_4 FROM T1 WHERE DESCRIPTIVE_ATTRIBUTE_3 = 'Monitor',SELECT product_price FROM Products WHERE product_name = 'Monitor'
63,242,customers_and_orders,customers_and_orders,,,False,0,True,,llama3.1-8b,lexical,SELECT CURRENCY_AMOUNT_4 FROM T1 WHERE DESCRIPTIVE_ATTRIBUTE_3 = 'Monitor',SELECT product_price FROM Products WHERE product_name = 'Monitor'
64,245,customers_and_orders,customers_and_orders,,,False,0,True,,llama3.1-8b,lexical,"SELECT avg(CURRENCY_AMOUNT_4) FROM T1 WHERE DESCRIPTIVE_ATTRIBUTE_2 = ""Clothes""","SELECT avg(product_price) FROM Products WHERE product_type_code = ""Clothes"""
65,246,customers_and_orders,customers_and_orders,,,False,0,True,,llama3.1-8b,lexical,SELECT AVG(CURRENCY_AMOUNT_4) FROM T1 WHERE DESCRIPTIVE_ATTRIBUTE_2 = 'Clothes',SELECT AVG(product_price) FROM Products WHERE product_type_code = 'Clothes'
66,247,customers_and_orders,customers_and_orders,,,False,0,True,,llama3.1-8b,lexical,"SELECT COUNT(*) FROM T1 WHERE DESCRIPTIVE_ATTRIBUTE_2 = ""hardware type products""","SELECT COUNT(*) FROM Products WHERE product_type_code = ""hardware type products"""
67,248,customers_and_orders,customers_and_orders,,,False,0,True,,llama3.1-8b,lexical,"SELECT COUNT(*) FROM T1 WHERE DESCRIPTIVE_ATTRIBUTE_2 = ""Hardware""","SELECT COUNT(*) FROM Products WHERE product_type_code = ""Hardware"""
68,257,customers_and_orders,customers_and_orders,,,False,3,False,,llama3.1-8b,lexical,SELECT T1.DESCRIPITIVE_ATTRIBUTE_2 FROM T1 ORDER BY T1.CURRENCY_AMOUNT_4 DESC,SELECT Products.DESCRIPITIVE_ATTRIBUTE_2 FROM Products ORDER BY Products.product_price DESC
69,258,customers_and_orders,customers_and_orders,,,False,0,True,,llama3.1-8b,lexical,SELECT DESCRIPTIVE_ATTRIBUTE_3 FROM T1 ORDER BY CURRENCY_AMOUNT_4 DESC,SELECT product_name FROM Products ORDER BY product_price DESC
70,265,customers_and_orders,customers_and_orders,,,False,0,True,,llama3.1-8b,lexical,SELECT DESCRIPTIVE_ATTRIBUTE_2 FROM T1 GROUP BY DESCRIPTIVE_ATTRIBUTE_2 HAVING count(DISTINCT DESCRIPTIVE_ATTRIBUTE_3) >= 2,SELECT product_type_code FROM Products GROUP BY product_type_code HAVING count(DISTINCT product_name) >= 2
71,266,customers_and_orders,customers_and_orders,,,False,0,True,,llama3.1-8b,lexical,SELECT DESCRIPTIVE_ATTRIBUTE_2 FROM T1 GROUP BY DESCRIPTIVE_ATTRIBUTE_2 HAVING COUNT(DESCRIPTIVE_ATTRIBUTE_3) > 1,SELECT product_type_code FROM Products GROUP BY product_type_code HAVING COUNT(product_name) > 1
72,269,customers_and_orders,customers_and_orders,,,False,1,True,,llama3.1-8b,lexical,SELECT COUNT(DESCRIPTIVE_ATTRIBUTE_5) FROM T1,SELECT COUNT(customer_phone) FROM Customers
73,270,customers_and_orders,customers_and_orders,,,False,0,True,,llama3.1-8b,lexical,SELECT COUNT(*) FROM T1,SELECT COUNT(*) FROM Customers
74,283,customers_and_orders,customers_and_orders,,,False,0,True,,llama3.1-8b,lexical,SELECT DISTINCT TEXT_FIELD_2 FROM T1,SELECT DISTINCT payment_method_code FROM Customers
75,284,customers_and_orders,customers_and_orders,,,False,0,True,,llama3.1-8b,lexical,SELECT DISTINCT TEXT_FIELD_2 FROM T1,SELECT DISTINCT payment_method_code FROM Customers
76,289,customers_and_orders,customers_and_orders,,,False,0,True,,llama3.1-8b,lexical,SELECT COUNT(IDENTIFIER_PRIMARY_7) FROM T2,SELECT COUNT(order_id) FROM Customer_Orders
77,290,customers_and_orders,customers_and_orders,,,False,0,True,,llama3.1-8b,lexical,SELECT COUNT(*) FROM T2,SELECT COUNT(*) FROM Customer_Orders
78,309,customers_and_orders,customers_and_orders,,,False,0,True,,llama3.1-8b,lexical,SELECT COUNT(T2.IDENTIFIER_PRIMARY_7) FROM T2 WHERE T2.IDENTIFIER_REFERENCE_8 IS NOT NULL,SELECT COUNT(Customer_Orders.order_id) FROM Customer_Orders WHERE Customer_Orders.customer_id IS NOT NULL
79,310,customers_and_orders,customers_and_orders,,,False,0,True,,llama3.1-8b,lexical,SELECT COUNT(DISTINCT T1.DESCRIPTIVE_ATTRIBUTE_5) FROM T3 AS T3 JOIN T2 AS T2 ON T3.IDENTIFIER_REFERENCE_12 = T2.IDENTIFIER_PRIMARY_7 JOIN T1 AS T1 ON T2.IDENTIFIER_REFERENCE_8 = T1.IDENTIFIER_PRIMARY_1,SELECT COUNT(DISTINCT Customers.customer_phone) FROM Order_Items AS Order_Items JOIN Customer_Orders AS Customer_Orders ON Order_Items.order_id = Customer_Orders.order_id JOIN Customers AS Customers ON Customer_Orders.customer_id = Customers.customer_id
80,4,soccer_3,soccer_3,,,False,0,True,,llama3.1-8b,lexical,"SELECT TEXT_FIELD_3, TEXT_FIELD_4 FROM T1","SELECT Manager, Captain FROM club"
81,5,soccer_3,soccer_3,,,False,0,True,,llama3.1-8b,lexical,"SELECT T1.TEXT_FIELD_3, T1.TEXT_FIELD_4 FROM T1","SELECT club.Manager, club.Captain FROM club"
82,10,soccer_3,soccer_3,,,False,0,True,,llama3.1-8b,lexical,SELECT T2.DESCRIPTIVE_ATTRIBUTE_8 FROM T2 WHERE T2.NUMERIC_FIELD_10 = ( SELECT MAX(T2.NUMERIC_FIELD_10) FROM T2 ),SELECT player.Name FROM player WHERE player.Earnings = ( SELECT MAX(player.Earnings) FROM player )
83,11,soccer_3,soccer_3,,,False,0,True,,llama3.1-8b,lexical,SELECT T2.DESCRIPTIVE_ATTRIBUTE_8 FROM T2 INNER JOIN T1 ON T2.IDENTIFIER_REFERENCE_13 = T1.IDENTIFIER_PRIMARY_1 ORDER BY T2.NUMERIC_FIELD_10 DESC LIMIT 1,SELECT player.Name FROM player INNER JOIN club ON player.Club_ID = club.Club_ID ORDER BY player.Earnings DESC LIMIT 1
84,16,soccer_3,soccer_3,,,False,0,True,,llama3.1-8b,lexical,"SELECT T1.DESCRIPTIVE_ATTRIBUTE_2 , T2.DESCRIPTIVE_ATTRIBUTE_8 FROM T1 AS T1 JOIN T2 AS T2 ON T2.IDENTIFIER_REFERENCE_13 = T1.IDENTIFIER_PRIMARY_1","SELECT club.Name , player.Name FROM club AS club JOIN player AS player ON player.Club_ID = club.Club_ID"
85,17,soccer_3,soccer_3,,,False,0,True,,llama3.1-8b,lexical,"SELECT T2.DESCRIPTIVE_ATTRIBUTE_8, T1.DESCRIPTIVE_ATTRIBUTE_2 FROM T2 INNER JOIN T1 ON T2.IDENTIFIER_REFERENCE_13 = T1.IDENTIFIER_PRIMARY_1","SELECT player.Name, club.Name FROM player INNER JOIN club ON player.Club_ID = club.Club_ID"
86,18,soccer_3,soccer_3,,,False,0,True,,llama3.1-8b,lexical,SELECT T1.IDENTIFIER_PRIMARY_1 FROM T1 JOIN T2 ON T2.IDENTIFIER_REFERENCE_13 = T1.IDENTIFIER_PRIMARY_1 GROUP BY T1.IDENTIFIER_PRIMARY_1 HAVING SUM(T2.MEASUREMENT_VALUE_12) > 2,SELECT club.Club_ID FROM club JOIN player ON player.Club_ID = club.Club_ID GROUP BY club.Club_ID HAVING SUM(player.Wins_count) > 2
87,19,soccer_3,soccer_3,,,False,0,True,,llama3.1-8b,lexical,SELECT T1.IDENTIFIER_PRIMARY_1 FROM T1 AS T1 JOIN T2 AS T2 ON T2.IDENTIFIER_REFERENCE_13 = T1.IDENTIFIER_PRIMARY_1 WHERE T2.MEASUREMENT_VALUE_12 > T2.MEASUREMENT_VALUE_12,SELECT club.Club_ID FROM club AS club JOIN player AS player ON player.Club_ID = club.Club_ID WHERE player.Wins_count > player.Wins_count
88,20,soccer_3,soccer_3,,,False,0,True,,llama3.1-8b,lexical,"SELECT T2.NUMERIC_FIELD_10 FROM T2 JOIN T1 ON T2.IDENTIFIER_REFERENCE_13 = T1.IDENTIFIER_PRIMARY_1 WHERE T1.TEXT_FIELD_3 = ""Sam Allardyce""","SELECT player.Earnings FROM player JOIN club ON player.Club_ID = club.Club_ID WHERE club.Manager = ""Sam Allardyce"""
89,21,soccer_3,soccer_3,,,False,0,True,,llama3.1-8b,lexical,"SELECT T1.TEXT_FIELD_5 FROM T1 AS T1 JOIN T2 AS T2 ON T2.IDENTIFIER_REFERENCE_13 = T1.IDENTIFIER_PRIMARY_1 WHERE T1.TEXT_FIELD_4 = ""Sam Allardyce""","SELECT club.Manufacturer FROM club AS club JOIN player AS player ON player.Club_ID = club.Club_ID WHERE club.Captain = ""Sam Allardyce"""
90,24,soccer_3,soccer_3,,,False,0,True,,llama3.1-8b,lexical,"SELECT T1.DESCRIPTIVE_ATTRIBUTE_2 , count(*) FROM T1 JOIN T2 ON T1.IDENTIFIER_PRIMARY_1 = T2.IDENTIFIER_REFERENCE_13 GROUP BY T1.DESCRIPTIVE_ATTRIBUTE_2","SELECT club.Name , count(*) FROM club JOIN player ON club.Club_ID = player.Club_ID GROUP BY club.Name"
91,25,soccer_3,soccer_3,,,False,3,False,,llama3.1-8b,lexical,"SELECT TEXT_FIELD_3, COUNT(*) FROM T2 GROUP BY TEXT_FIELD_3","SELECT Manager, COUNT(*) FROM player GROUP BY Manager"
92,38,soccer_3,soccer_3,,,False,0,True,,llama3.1-8b,lexical,"SELECT NUMERIC_FIELD_10 FROM T2 WHERE DESCRIPTIVE_ATTRIBUTE_9 = ""Australia"" OR DESCRIPTIVE_ATTRIBUTE_9 = ""Zimbabwe""","SELECT Earnings FROM player WHERE Country = ""Australia"" OR Country = ""Zimbabwe"""
93,39,soccer_3,soccer_3,,,False,2,True,,llama3.1-8b,lexical,"SELECT T2.NUMERIC_FIELD_10 FROM T2 AS T2 JOIN T1 AS T1 ON T2.IDENTIFIER_REFERENCE_13 = T1.IDENTIFIER_PRIMARY_1 WHERE T1.DESCRIPTIVE_ATTRIBUTE_2 = ""Australia"" OR T1.DESCRIPTIVE_ATTRIBUTE_2 = ""Zimbabwe""","SELECT player.Earnings FROM player AS player JOIN club AS club ON player.Club_ID = club.Club_ID WHERE club.Name = ""Australia"" OR club.Name = ""Zimbabwe"""
94,42,e_commerce,e_commerce,,,False,0,True,,llama3.1-8b,lexical,"SELECT T2.DESCRIPTIVE_ATTRIBUTE_9 , COUNT(T1.IDENTIFIER_PRIMARY_1) , T2.IDENTIFIER_PRIMARY_7 FROM T3 AS T1 JOIN T2 AS T2 ON T1.IDENTIFIER_REFERENCE_13 = T2.IDENTIFIER_PRIMARY_7 GROUP BY T2.IDENTIFIER_PRIMARY_7","SELECT Orders.order_status_code , COUNT(Products.product_id) , Orders.order_id FROM Order_Items AS Products JOIN Orders AS Orders ON Products.order_id = Orders.order_id GROUP BY Orders.order_id"
95,43,e_commerce,e_commerce,,,False,0,True,,llama3.1-8b,lexical,"SELECT COUNT(T3.IDENTIFIER_REFERENCE_12), T2.DESCRIPTIVE_ATTRIBUTE_9, T2.IDENTIFIER_PRIMARY_7 FROM T2 AS T2 JOIN T3 AS T3 ON T2.IDENTIFIER_PRIMARY_7 = T3.IDENTIFIER_REFERENCE_13 GROUP BY T2.IDENTIFIER_PRIMARY_7","SELECT COUNT(Order_Items.product_id), Orders.order_status_code, Orders.order_id FROM Orders AS Orders JOIN Order_Items AS Order_Items ON Orders.order_id = Order_Items.order_id GROUP BY Orders.order_id"
96,50,e_commerce,e_commerce,,,False,0,True,,llama3.1-8b,lexical,"SELECT T2.IDENTIFIER_PRIMARY_7 , T2.CHRONOLOGICAL_MARKER_10 FROM T3 AS T1 JOIN T2 AS T2 ON T1.IDENTIFIER_REFERENCE_13 = T2.IDENTIFIER_PRIMARY_7 GROUP BY T2.IDENTIFIER_PRIMARY_7 HAVING COUNT(T1.IDENTIFIER_REFERENCE_12) >= 2","SELECT Orders.order_id , Orders.date_order_placed FROM Order_Items AS Products JOIN Orders AS Orders ON Products.order_id = Orders.order_id GROUP BY Orders.order_id HAVING COUNT(Products.product_id) >= 2"
97,51,e_commerce,e_commerce,,,False,0,True,,llama3.1-8b,lexical,"SELECT T2.IDENTIFIER_PRIMARY_7 , T2.CHRONOLOGICAL_MARKER_10 FROM T2 JOIN T3 ON T3.IDENTIFIER_REFERENCE_13 = T2.IDENTIFIER_PRIMARY_7 JOIN T1 ON T1.IDENTIFIER_PRIMARY_1 = T3.IDENTIFIER_REFERENCE_12 GROUP BY T2.IDENTIFIER_PRIMARY_7 HAVING count(*) >= 2","SELECT Orders.order_id , Orders.date_order_placed FROM Orders JOIN Order_Items ON Order_Items.order_id = Orders.order_id JOIN Products ON Products.product_id = Order_Items.product_id GROUP BY Orders.order_id HAVING count(*) >= 2"
98,60,e_commerce,e_commerce,,,False,3,False,,llama3.1-8b,lexical,"SELECT T1.DESCRIPITIVE_ATTRIBUTE_2 , count(T2.IDENTIFIER_PRIMARY_7) FROM T1 AS T1 JOIN T2 AS T2 ON T1.IDENTIFIER_PRIMARY_1 = T2.IDENTIFIER_REFERENCE_8 GROUP BY T1.DESCRIPITIVE_ATTRIBUTE_2","SELECT Customers.DESCRIPITIVE_ATTRIBUTE_2 , count(Orders.order_id) FROM Customers AS Customers JOIN Orders AS Orders ON Customers.customer_id = Orders.customer_id GROUP BY Customers.DESCRIPITIVE_ATTRIBUTE_2"
99,61,e_commerce,e_commerce,,,False,0,True,,llama3.1-8b,lexical,"SELECT T2.DESCRIPTIVE_ATTRIBUTE_8, count(*) FROM T1 AS T1 JOIN T2 AS T2 ON T2.IDENTIFIER_REFERENCE_7 = T1.IDENTIFIER_PRIMARY_1 GROUP BY T2.DESCRIPTIVE_ATTRIBUTE_8","SELECT Order_Items.order_item_status_code, count(*) FROM Orders AS Orders JOIN Order_Items AS Order_Items ON Order_Items.order_id = Orders.order_id GROUP BY Order_Items.order_item_status_code"
100,62,e_commerce,e_commerce,,,False,0,True,,llama3.1-8b,lexical,"SELECT T1.DESCRIPTIVE_ATTRIBUTE_3, T1.TEXT_FIELD_4, T1.DESCRIPTIVE_ATTRIBUTE_2, T2.TEXT_FIELD_8 FROM T1 JOIN T2 ON T1.IDENTIFIER_PRIMARY_1 = T2.IDENTIFIER_REFERENCE_7","SELECT Customers.customer_first_name, Customers.customer_middle_initial, Customers.gender_code, Customer_Payment_Methods.payment_method_code FROM Customers JOIN Customer_Payment_Methods ON Customers.customer_id = Customer_Payment_Methods.customer_id"
101,63,e_commerce,e_commerce,,,False,1,True,,llama3.1-8b,lexical,"SELECT T1.DESCRIPTIVE_ATTRIBUTE_2 , T1.DESCRIPTIVE_ATTRIBUTE_3 , T1.DESCRIPTIVE_ATTRIBUTE_5 , T2.TEXT_FIELD_8 FROM T1 JOIN T2 ON T1.IDENTIFIER_PRIMARY_1 = T2.IDENTIFIER_REFERENCE_7","SELECT Customers.gender_code , Customers.customer_first_name , Customers.customer_last_name , Customer_Payment_Methods.payment_method_code FROM Customers JOIN Customer_Payment_Methods ON Customers.customer_id = Customer_Payment_Methods.customer_id"
102,64,e_commerce,e_commerce,,,False,0,True,,llama3.1-8b,lexical,"SELECT T1.DESCRIPTIVE_ATTRIBUTE_2 , T2.CHRONOLOGICAL_MARKER_7 , T4.CHRONOLOGICAL_MARKER_16 FROM T1 INNER JOIN T4 ON T1.IDENTIFIER_PRIMARY_1 = T4.IDENTIFIER_REFERENCE_14 INNER JOIN T2 ON T4.IDENTIFIER_REFERENCE_13 = T2.IDENTIFIER_PRIMARY_4","SELECT Invoices.invoice_status_code , Orders.date_order_placed , Shipments.shipment_date FROM Invoices INNER JOIN Shipments ON Invoices.invoice_number = Shipments.invoice_number INNER JOIN Orders ON Shipments.order_id = Orders.order_id"
103,65,e_commerce,e_commerce,,,False,2,True,,llama3.1-8b,lexical,"SELECT T2.IDENTIFIER_PRIMARY_4, T2.MEASUREMENT_VALUE_7, T2.CHRONOLOGICAL_MARKER_8 FROM T2","SELECT Shipments.shipment_id, Shipments.shipment_tracking_number, Shipments.shipment_date FROM Shipments"
104,68,e_commerce,e_commerce,,,False,0,True,,llama3.1-8b,lexical,"SELECT T1.DESCRIPTIVE_ATTRIBUTE_3, T3.MEASUREMENT_VALUE_12 FROM T1 JOIN T2 ON T1.IDENTIFIER_PRIMARY_1 = T2.IDENTIFIER_REFERENCE_7 JOIN T3 ON T1.IDENTIFIER_PRIMARY_1 = T3.IDENTIFIER_REFERENCE_10","SELECT Orders.order_status_code, Shipments.shipment_tracking_number FROM Orders JOIN Order_Items ON Orders.order_id = Order_Items.order_id JOIN Shipments ON Orders.order_id = Shipments.order_id"
105,69,e_commerce,e_commerce,,,False,0,True,,llama3.1-8b,lexical,"SELECT T1.DESCRIPTIVE_ATTRIBUTE_3 , T3.MEASUREMENT_VALUE_12 FROM T1 JOIN T2 ON T1.IDENTIFIER_PRIMARY_1 = T2.IDENTIFIER_REFERENCE_7 JOIN T3 ON T1.IDENTIFIER_PRIMARY_1 = T3.IDENTIFIER_REFERENCE_10 JOIN T4 ON T3.IDENTIFIER_PRIMARY_9 = T4.IDENTIFIER_PRIMARY_14 WHERE T2.IDENTIFIER_REFERENCE_7 = T3.IDENTIFIER_REFERENCE_10","SELECT Orders.order_status_code , Shipments.shipment_tracking_number FROM Orders JOIN Order_Items ON Orders.order_id = Order_Items.order_id JOIN Shipments ON Orders.order_id = Shipments.order_id JOIN Shipment_Items ON Shipments.shipment_id = Shipment_Items.shipment_id WHERE Order_Items.order_id = Shipments.order_id"
106,84,e_commerce,e_commerce,,,False,0,True,,llama3.1-8b,lexical,"SELECT DESCRIPTIVE_ATTRIBUTE_4, TEXT_FIELD_5 FROM T1 WHERE MEASUREMENT_VALUE_6 LIKE '+12%'","SELECT login_name, login_password FROM Customers WHERE phone_number LIKE '+12%'"
107,85,e_commerce,e_commerce,,,False,1,True,,llama3.1-8b,lexical,"SELECT T1.DESCRIPTIVE_ATTRIBUTE_2 , T1.TEXT_FIELD_5 FROM T1 WHERE T1.DESCRIPTIVE_ATTRIBUTE_4 LIKE '+12%'","SELECT Customers.customer_first_name , Customers.login_password FROM Customers WHERE Customers.customer_last_name LIKE '+12%'"
108,86,e_commerce,e_commerce,,,False,0,True,,llama3.1-8b,lexical,SELECT MEASUREMENT_VALUE_6 FROM T1 WHERE DESCRIPTIVE_ATTRIBUTE_3 LIKE '%Dell%',SELECT product_size FROM Products WHERE product_name LIKE '%Dell%'
109,87,e_commerce,e_commerce,,,False,0,True,,llama3.1-8b,lexical,"SELECT T1.MEASUREMENT_VALUE_6 FROM T1 WHERE T1.DESCRIPTIVE_ATTRIBUTE_3 LIKE ""%Dell%""","SELECT Products.product_size FROM Products WHERE Products.product_name LIKE ""%Dell%"""
110,94,e_commerce,e_commerce,,,False,0,True,,llama3.1-8b,lexical,"SELECT DESCRIPTIVE_ATTRIBUTE_3 , CHRONOLOGICAL_MARKER_4 FROM T1","SELECT order_status_code , date_order_placed FROM Orders"
111,95,e_commerce,e_commerce,,,False,0,True,,llama3.1-8b,lexical,"SELECT DESCRIPTIVE_ATTRIBUTE_3 , CHRONOLOGICAL_MARKER_4 FROM T1","SELECT order_status_code , date_order_placed FROM Orders"
112,96,e_commerce,e_commerce,,,False,1,True,,llama3.1-8b,lexical,"SELECT T1.DESCRIPTIVE_ATTRIBUTE_2 , T1.DESCRIPTIVE_ATTRIBUTE_3 , T1.DESCRIPTIVE_ATTRIBUTE_4 FROM T1 WHERE T1.DESCRIPTIVE_ATTRIBUTE_5 = ""USA""","SELECT Customers.customer_first_name , Customers.email_address , Customers.address_line_1 FROM Customers WHERE Customers.town_city = ""USA"""
113,97,e_commerce,e_commerce,,,False,0,True,,llama3.1-8b,lexical,"SELECT DESCRIPTIVE_ATTRIBUTE_5, DESCRIPTIVE_ATTRIBUTE_2, TEXT_FIELD_6 FROM T1 WHERE DESCRIPTIVE_ATTRIBUTE_5 LIKE '%United States%'","SELECT town_city, customer_first_name, county FROM Customers WHERE town_city LIKE '%United States%'"
114,112,e_commerce,e_commerce,,,False,0,True,,llama3.1-8b,lexical,"SELECT T1.IDENTIFIER_PRIMARY_1, T1.DESCRIPTIVE_ATTRIBUTE_3 FROM T1 WHERE T1.DESCRIPTIVE_ATTRIBUTE_3 > 3","SELECT Products.product_id, Products.product_name FROM Products WHERE Products.product_name > 3"
115,113,e_commerce,e_commerce,,,False,0,True,,llama3.1-8b,lexical,"SELECT IDENTIFIER_PRIMARY_1, DESCRIPTIVE_ATTRIBUTE_3 FROM T1 GROUP BY IDENTIFIER_PRIMARY_1 HAVING count(*) > 3","SELECT product_id, product_name FROM Products GROUP BY product_id HAVING count(*) > 3"
116,114,e_commerce,e_commerce,,,False,0,True,,llama3.1-8b,lexical,"SELECT T1.IDENTIFIER_PRIMARY_1 , T1.DESCRIPTIVE_ATTRIBUTE_2 , T1.CHRONOLOGICAL_MARKER_3 FROM T1 JOIN T2 ON T2.IDENTIFIER_REFERENCE_6 = T1.IDENTIFIER_PRIMARY_1 GROUP BY T1.IDENTIFIER_PRIMARY_1 HAVING COUNT(T2.IDENTIFIER_PRIMARY_4) >= 2","SELECT Invoices.invoice_number , Invoices.invoice_status_code , Invoices.invoice_date FROM Invoices JOIN Shipments ON Shipments.invoice_number = Invoices.invoice_number GROUP BY Invoices.invoice_number HAVING COUNT(Shipments.shipment_id) >= 2"
117,115,e_commerce,e_commerce,,,False,0,True,,llama3.1-8b,lexical,"SELECT T1.IDENTIFIER_PRIMARY_1 , T1.CHRONOLOGICAL_MARKER_3 FROM T1 INNER JOIN T2 ON T1.IDENTIFIER_PRIMARY_1 = T2.IDENTIFIER_REFERENCE_6 GROUP BY T1.IDENTIFIER_PRIMARY_1 HAVING COUNT(T2.IDENTIFIER_PRIMARY_4) >= 2","SELECT Invoices.invoice_number , Invoices.invoice_date FROM Invoices INNER JOIN Shipments ON Invoices.invoice_number = Shipments.invoice_number GROUP BY Invoices.invoice_number HAVING COUNT(Shipments.shipment_id) >= 2"
118,116,e_commerce,e_commerce,,,False,0,True,,llama3.1-8b,lexical,"SELECT MEASUREMENT_VALUE_4, CHRONOLOGICAL_MARKER_5 FROM T1","SELECT shipment_tracking_number, shipment_date FROM Shipments"
119,117,e_commerce,e_commerce,,,False,0,True,,llama3.1-8b,lexical,"SELECT T1.MEASUREMENT_VALUE_4 , T1.CHRONOLOGICAL_MARKER_5 FROM T1","SELECT Shipments.shipment_tracking_number , Shipments.shipment_date FROM Shipments"
120,121,bbc_channels,bbc_channels,,,False,3,False,,llama3.1-8b,lexical,SELECT T2.DESCRIPTIVE_ATTRIBUTE_7 FROM T3 AS T1 JOIN T2 ON T1.IDENTIFIER_REFERENCE_12 = T2.IDENTIFIER_PRIMARY_6 JOIN T1 AS T3 ON T1.IDENTIFIER_PRIMARY_1 = T3.IDENTIFIER_REFERENCE_13 ORDER BY T3.DESCRIPTIVE_ATTRIBUTE_11 ASC LIMIT 1,SELECT director.Name FROM program AS channel JOIN director ON channel.Director_ID = director.Director_ID JOIN channel AS program ON channel.Channel_ID = program.Channel_ID ORDER BY program.Title ASC LIMIT 1
121,122,bbc_channels,bbc_channels,,,False,0,True,,llama3.1-8b,lexical,SELECT COUNT(*) FROM T1 WHERE TEXT_FIELD_5 LIKE '%bbc%',SELECT COUNT(*) FROM channel WHERE Internet LIKE '%bbc%'
122,127,bbc_channels,bbc_channels,,,False,0,True,,llama3.1-8b,lexical,SELECT T3.DESCRIPTIVE_ATTRIBUTE_11 FROM T3 ORDER BY T3.IDENTIFIER_PRIMARY_9 DESC LIMIT 1,SELECT program.Title FROM program ORDER BY program.Program_ID DESC LIMIT 1
123,128,bbc_channels,bbc_channels,,,False,0,True,,llama3.1-8b,lexical,"SELECT T1.DESCRIPTIVE_ATTRIBUTE_2 , T1.TEXT_FIELD_3 FROM T1 WHERE T1.IDENTIFIER_PRIMARY_1 IN (SELECT T3.IDENTIFIER_REFERENCE_13 FROM T3 GROUP BY T3.IDENTIFIER_REFERENCE_13 HAVING COUNT(T3.IDENTIFIER_REFERENCE_13) > 1)","SELECT channel.Name , channel.Analogue_terrestrial_channel FROM channel WHERE channel.Channel_ID IN (SELECT program.Channel_ID FROM program GROUP BY program.Channel_ID HAVING COUNT(program.Channel_ID) > 1)"
124,129,bbc_channels,bbc_channels,,,False,0,True,,llama3.1-8b,lexical,"SELECT T1.DESCRIPTIVE_ATTRIBUTE_2, COUNT(T3.IDENTIFIER_PRIMARY_9) FROM T1 INNER JOIN T3 ON T3.IDENTIFIER_REFERENCE_13 = T1.IDENTIFIER_PRIMARY_1 GROUP BY T1.DESCRIPTIVE_ATTRIBUTE_2","SELECT channel.Name, COUNT(program.Program_ID) FROM channel INNER JOIN program ON program.Channel_ID = channel.Channel_ID GROUP BY channel.Name"
125,131,bbc_channels,bbc_channels,,,False,0,True,,llama3.1-8b,lexical,"SELECT T2.DESCRIPTIVE_ATTRIBUTE_7 FROM T3 AS T1 JOIN T2 ON T1.IDENTIFIER_REFERENCE_12 = T2.IDENTIFIER_PRIMARY_6 WHERE T1.DESCRIPTIVE_ATTRIBUTE_11 = ""Dracula""","SELECT director.Name FROM program AS channel JOIN director ON channel.Director_ID = director.Director_ID WHERE channel.Title = ""Dracula"""
126,138,tv_shows,tv_shows,,,False,3,False,,llama3.1-8b,lexical,"SELECT T1.DESCRIPITIVE_ATTRIBUTE_2, T1.TEXT_FIELD_3 FROM T1","SELECT tv_show.DESCRIPITIVE_ATTRIBUTE_2, tv_show.Sub_tittle FROM tv_show"
127,140,tv_shows,tv_shows,,,False,0,True,,llama3.1-8b,lexical,SELECT T1.TEXT_FIELD_2 FROM T1 JOIN T2 ON T1.IDENTIFIER_PRIMARY_1 = T2.IDENTIFIER_REFERENCE_8 WHERE T2.DESCRIPTIVE_ATTRIBUTE_9 > 150 OR T2.DESCRIPTIVE_ATTRIBUTE_9 < 30,SELECT radio.Transmitter FROM radio JOIN city_channel_radio ON radio.Radio_ID = city_channel_radio.Radio_ID WHERE city_channel_radio.Is_online > 150 OR city_channel_radio.Is_online < 30
128,141,tv_shows,tv_shows,,,False,0,True,,llama3.1-8b,lexical,SELECT T2.DESCRIPTIVE_ATTRIBUTE_9 FROM T1 AS T1 INNER JOIN T2 ON T1.IDENTIFIER_PRIMARY_1 = T2.IDENTIFIER_REFERENCE_8 WHERE T1.TEXT_FIELD_6 = ( SELECT TEXT_FIELD_6 FROM T1 ORDER BY TEXT_FIELD_6 DESC LIMIT 1 ),SELECT city_channel_radio.Is_online FROM radio AS radio INNER JOIN city_channel_radio ON radio.Radio_ID = city_channel_radio.Radio_ID WHERE radio.ERP_kW = ( SELECT ERP_kW FROM radio ORDER BY ERP_kW DESC LIMIT 1 )
129,143,tv_shows,tv_shows,,,False,0,True,,llama3.1-8b,lexical,"SELECT DESCRIPTIVE_ATTRIBUTE_5 , COUNT(*) FROM T1 JOIN T2 ON T1.IDENTIFIER_PRIMARY_1 = T2.IDENTIFIER_PRIMARY_6 GROUP BY DESCRIPTIVE_ATTRIBUTE_5","SELECT Affiliation , COUNT(*) FROM city_channel JOIN city_channel_radio ON city_channel.ID = city_channel_radio.City_channel_ID GROUP BY Affiliation"
130,146,tv_shows,tv_shows,,,False,3,False,,llama3.1-8b,lexical,"SELECT T1.DESCRIPITIVE_ATTRIBUTE_2 , T2.DESCRIPATIVE_ATTRIBUTE_8 FROM T1 JOIN T2 ON T1.IDENTIFIER_PRIMARY_1 = T2.IDENTIFIER_PRIMARY_6 WHERE T1.DESCRIPITIVE_ATTRIBUTE_2 LIKE '%city%' ORDER BY T2.DESCRIPATIVE_ATTRIBUTE_8 ASC","SELECT city_channel.DESCRIPITIVE_ATTRIBUTE_2 , city_channel_radio.DESCRIPATIVE_ATTRIBUTE_8 FROM city_channel JOIN city_channel_radio ON city_channel.ID = city_channel_radio.City_channel_ID WHERE city_channel.DESCRIPITIVE_ATTRIBUTE_2 LIKE '%city%' ORDER BY city_channel_radio.DESCRIPATIVE_ATTRIBUTE_8 ASC"
131,147,tv_shows,tv_shows,,,False,0,True,,llama3.1-8b,lexical,"SELECT TEXT_FIELD_7, DESCRIPTIVE_ATTRIBUTE_2 FROM T2 INNER JOIN T3 ON T2.IDENTIFIER_PRIMARY_6 = T3.IDENTIFIER_REFERENCE_13 INNER JOIN T1 ON T3.IDENTIFIER_PRIMARY_12 = T1.IDENTIFIER_PRIMARY_1","SELECT Transmitter, City FROM radio INNER JOIN city_channel_radio ON radio.Radio_ID = city_channel_radio.Radio_ID INNER JOIN city_channel ON city_channel_radio.City_channel_ID = city_channel.ID"
132,149,tv_shows,tv_shows,,,False,0,True,,llama3.1-8b,lexical,"SELECT T2.TEXT_FIELD_7 , COUNT(T3.IDENTIFIER_PRIMARY_12) FROM T2 AS T2 JOIN T3 AS T3 ON T2.IDENTIFIER_PRIMARY_6 = T3.IDENTIFIER_REFERENCE_13 GROUP BY T2.TEXT_FIELD_7","SELECT radio.Transmitter , COUNT(city_channel_radio.City_channel_ID) FROM radio AS radio JOIN city_channel_radio AS city_channel_radio ON radio.Radio_ID = city_channel_radio.Radio_ID GROUP BY radio.Transmitter"
133,157,vehicle_driver,vehicle_driver,,,False,0,True,,llama3.1-8b,lexical,"SELECT MAX(T2.DESCRIPTIVE_ATTRIBUTE_9), AVG(T2.DESCRIPTIVE_ATTRIBUTE_9) FROM T2 INNER JOIN T3 ON T2.IDENTIFIER_PRIMARY_8 = T3.IDENTIFIER_PRIMARY_12 INNER JOIN T1 ON T3.IDENTIFIER_REFERENCE_13 = T1.IDENTIFIER_PRIMARY_1 WHERE T1.TEXT_FIELD_2 = 'Zhuzhou'","SELECT MAX(driver.Name), AVG(driver.Name) FROM driver INNER JOIN vehicle_driver ON driver.Driver_ID = vehicle_driver.Driver_ID INNER JOIN vehicle ON vehicle_driver.Vehicle_ID = vehicle.Vehicle_ID WHERE vehicle.Model = 'Zhuzhou'"
134,158,vehicle_driver,vehicle_driver,,,False,0,True,,llama3.1-8b,lexical,"SELECT MAX(T2.DESCRIPTIVE_ATTRIBUTE_9), AVG(T2.DESCRIPTIVE_ATTRIBUTE_9) FROM T1 AS T1_1 INNER JOIN T3 ON T1_1.IDENTIFIER_PRIMARY_1 = T3.IDENTIFIER_REFERENCE_13 INNER JOIN T2 ON T3.IDENTIFIER_PRIMARY_12 = T2.IDENTIFIER_PRIMARY_8 WHERE T1_1.TEXT_FIELD_6 = 'Zhuzhou'","SELECT MAX(driver.Name), AVG(driver.Name) FROM vehicle AS T1_1 INNER JOIN vehicle_driver ON T1_1.Vehicle_ID = vehicle_driver.Vehicle_ID INNER JOIN driver ON vehicle_driver.Driver_ID = driver.Driver_ID WHERE T1_1.Builder = 'Zhuzhou'"
135,161,vehicle_driver,vehicle_driver,,,False,0,True,,llama3.1-8b,lexical,"SELECT T1.NUMERIC_FIELD_4 , T1.NUMERIC_FIELD_5 FROM T1 WHERE T1.CHRONOLOGICAL_MARKER_3 = ""1996""","SELECT vehicle.Top_Speed , vehicle.Power FROM vehicle WHERE vehicle.Build_Year = ""1996"""
136,162,vehicle_driver,vehicle_driver,,,False,0,True,,llama3.1-8b,lexical,"SELECT T1.NUMERIC_FIELD_4 , T1.NUMERIC_FIELD_5 FROM T1 JOIN T3 ON T1.IDENTIFIER_PRIMARY_1 = T3.IDENTIFIER_REFERENCE_13 WHERE T1.CHRONOLOGICAL_MARKER_3 = ""1996""","SELECT vehicle.Top_Speed , vehicle.Power FROM vehicle JOIN vehicle_driver ON vehicle.Vehicle_ID = vehicle_driver.Vehicle_ID WHERE vehicle.Build_Year = ""1996"""
137,163,vehicle_driver,vehicle_driver,,,False,0,True,,llama3.1-8b,lexical,"SELECT T1.CHRONOLOGICAL_MARKER_3 , T1.TEXT_FIELD_2 , T2.DESCRIPTIVE_ATTRIBUTE_9 FROM T1 INNER JOIN T3 ON T1.IDENTIFIER_PRIMARY_1 = T3.IDENTIFIER_REFERENCE_13 INNER JOIN T2 ON T3.IDENTIFIER_PRIMARY_12 = T2.IDENTIFIER_PRIMARY_8","SELECT vehicle.Build_Year , vehicle.Model , driver.Name FROM vehicle INNER JOIN vehicle_driver ON vehicle.Vehicle_ID = vehicle_driver.Vehicle_ID INNER JOIN driver ON vehicle_driver.Driver_ID = driver.Driver_ID"
138,164,vehicle_driver,vehicle_driver,,,False,0,True,,llama3.1-8b,lexical,"SELECT T1.CHRONOLOGICAL_MARKER_3 , T1.TEXT_FIELD_2 , T2.TEXT_FIELD_10 FROM T1 JOIN T3 ON T1.IDENTIFIER_PRIMARY_1 = T3.IDENTIFIER_REFERENCE_13 JOIN T2 ON T3.IDENTIFIER_PRIMARY_12 = T2.IDENTIFIER_PRIMARY_8","SELECT vehicle.Build_Year , vehicle.Model , driver.Citizenship FROM vehicle JOIN vehicle_driver ON vehicle.Vehicle_ID = vehicle_driver.Vehicle_ID JOIN driver ON vehicle_driver.Driver_ID = driver.Driver_ID"
139,165,vehicle_driver,vehicle_driver,,,False,0,True,,llama3.1-8b,lexical,"SELECT COUNT(T3.IDENTIFIER_PRIMARY_12) FROM T1 AS T1 JOIN T3 AS T3 ON T3.IDENTIFIER_REFERENCE_13 = T1.IDENTIFIER_PRIMARY_1 WHERE T1.CHRONOLOGICAL_MARKER_3 = ""2012""","SELECT COUNT(vehicle_driver.Driver_ID) FROM vehicle AS vehicle JOIN vehicle_driver AS vehicle_driver ON vehicle_driver.Vehicle_ID = vehicle.Vehicle_ID WHERE vehicle.Build_Year = ""2012"""
140,166,vehicle_driver,vehicle_driver,,,False,3,False,,llama3.1-8b,lexical,SELECT COUNT(DISTINCT T2.DESCRIPTIVE_ATTRIBUTE_9) FROM T3 AS T1 JOIN T2 ON T1.IDENTIFIER_PRIMARY_12 = T2.IDENTIFIER_PRIMARY_8 WHERE T1.CHRONOLOGICAL_MARKER_3 = '2012',SELECT COUNT(DISTINCT driver.Name) FROM vehicle_driver AS vehicle JOIN driver ON vehicle.Driver_ID = driver.Driver_ID WHERE vehicle.Build_Year = '2012'
141,173,vehicle_driver,vehicle_driver,,,False,0,True,,llama3.1-8b,lexical,SELECT T1.TEXT_FIELD_2 FROM T1 WHERE T1.NUMERIC_FIELD_4 > 150 OR T1.MEASUREMENT_VALUE_7 > 100,SELECT vehicle.Model FROM vehicle WHERE vehicle.Top_Speed > 150 OR vehicle.Total_Production > 100
142,174,vehicle_driver,vehicle_driver,,,False,0,True,,llama3.1-8b,lexical,SELECT T2.TEXT_FIELD_11 FROM T3 AS T3 JOIN T1 AS T1 ON T3.IDENTIFIER_REFERENCE_13 = T1.IDENTIFIER_PRIMARY_1 JOIN T2 AS T2 ON T3.IDENTIFIER_PRIMARY_12 = T2.IDENTIFIER_PRIMARY_8 WHERE T1.NUMERIC_FIELD_4 > 150 OR T1.MEASUREMENT_VALUE_7 > 100,SELECT driver.Racing_Series FROM vehicle_driver AS vehicle_driver JOIN vehicle AS vehicle ON vehicle_driver.Vehicle_ID = vehicle.Vehicle_ID JOIN driver AS driver ON vehicle_driver.Driver_ID = driver.Driver_ID WHERE vehicle.Top_Speed > 150 OR vehicle.Total_Production > 100
143,175,vehicle_driver,vehicle_driver,,,False,1,True,,llama3.1-8b,lexical,"SELECT T1.TEXT_FIELD_6, T1.NUMERIC_FIELD_4 FROM T1 WHERE T1.TEXT_FIELD_2 LIKE '%DJ%'","SELECT vehicle.Builder, vehicle.Top_Speed FROM vehicle WHERE vehicle.Model LIKE '%DJ%'"
144,176,vehicle_driver,vehicle_driver,,,False,0,True,,llama3.1-8b,lexical,"SELECT T1.TEXT_FIELD_2 , T1.CHRONOLOGICAL_MARKER_3 FROM T1 WHERE T1.TEXT_FIELD_2 LIKE ""%DJ%""","SELECT vehicle.Model , vehicle.Build_Year FROM vehicle WHERE vehicle.Model LIKE ""%DJ%"""
145,187,vehicle_driver,vehicle_driver,,,False,0,True,,llama3.1-8b,lexical,"SELECT T2.DESCRIPTIVE_ATTRIBUTE_9, COUNT(T3.IDENTIFIER_PRIMARY_12) FROM T1 AS T1 JOIN T3 AS T3 ON T1.IDENTIFIER_PRIMARY_1 = T3.IDENTIFIER_REFERENCE_13 JOIN T2 AS T2 ON T3.IDENTIFIER_PRIMARY_12 = T2.IDENTIFIER_PRIMARY_8 GROUP BY T2.DESCRIPTIVE_ATTRIBUTE_9","SELECT driver.Name, COUNT(vehicle_driver.Driver_ID) FROM vehicle AS vehicle JOIN vehicle_driver AS vehicle_driver ON vehicle.Vehicle_ID = vehicle_driver.Vehicle_ID JOIN driver AS driver ON vehicle_driver.Driver_ID = driver.Driver_ID GROUP BY driver.Name"
146,188,vehicle_driver,vehicle_driver,,,False,0,True,,llama3.1-8b,lexical,SELECT COUNT(T2.IDENTIFIER_PRIMARY_8) FROM T2 JOIN T3 ON T2.IDENTIFIER_PRIMARY_8 = T3.IDENTIFIER_PRIMARY_12 JOIN T1 ON T3.IDENTIFIER_REFERENCE_13 = T1.IDENTIFIER_PRIMARY_1,SELECT COUNT(driver.Driver_ID) FROM driver JOIN vehicle_driver ON driver.Driver_ID = vehicle_driver.Driver_ID JOIN vehicle ON vehicle_driver.Vehicle_ID = vehicle.Vehicle_ID
147,197,online_exams,online_exams,,,False,0,True,,llama3.1-8b,lexical,"SELECT TEXT_FIELD_2 , CHRONOLOGICAL_MARKER_3 FROM T1 WHERE TEXT_FIELD_2 != ""Database""","SELECT Subject_Code , Exam_Date FROM Exams WHERE Subject_Code != ""Database"""
148,198,online_exams,online_exams,,,False,0,True,,llama3.1-8b,lexical,"SELECT T1.DESCRIPTIVE_ATTRIBUTE_4, T1.CHRONOLOGICAL_MARKER_3 FROM T1 WHERE T1.TEXT_FIELD_2 != ""Database""","SELECT Exams.Exam_Name, Exams.Exam_Date FROM Exams WHERE Exams.Subject_Code != ""Database"""
149,201,online_exams,online_exams,,,False,0,True,,llama3.1-8b,lexical,"SELECT DESCRIPTIVE_ATTRIBUTE_2 , COUNT(*) FROM T1 GROUP BY DESCRIPTIVE_ATTRIBUTE_2","SELECT Type_of_Question_Code , COUNT(*) FROM Questions GROUP BY Type_of_Question_Code"
150,202,online_exams,online_exams,,,False,0,True,,llama3.1-8b,lexical,"SELECT DESCRIPTIVE_ATTRIBUTE_2 , COUNT(*) FROM T1 GROUP BY DESCRIPTIVE_ATTRIBUTE_2","SELECT Type_of_Question_Code , COUNT(*) FROM Questions GROUP BY Type_of_Question_Code"
151,207,online_exams,online_exams,,,False,0,True,,llama3.1-8b,lexical,SELECT T2.TEXT_FIELD_9 FROM T2 JOIN T3 ON T2.IDENTIFIER_PRIMARY_7 = T3.IDENTIFIER_REFERENCE_11 GROUP BY T2.TEXT_FIELD_9 ORDER BY COUNT(*) DESC,SELECT Valid_Answers.Valid_Answer_Text FROM Valid_Answers JOIN Student_Answers ON Valid_Answers.Valid_Answer_ID = Student_Answers.Exam_ID GROUP BY Valid_Answers.Valid_Answer_Text ORDER BY COUNT(*) DESC
152,208,online_exams,online_exams,,,False,0,True,,llama3.1-8b,lexical,SELECT TEXT_FIELD_15 FROM T3 GROUP BY TEXT_FIELD_15 ORDER BY COUNT(TEXT_FIELD_15) DESC,SELECT Student_Answer_Text FROM Student_Answers GROUP BY Student_Answer_Text ORDER BY COUNT(Student_Answer_Text) DESC
153,209,online_exams,online_exams,,,False,0,True,,llama3.1-8b,lexical,"SELECT DESCRIPTIVE_ATTRIBUTE_2, DESCRIPTIVE_ATTRIBUTE_6 FROM T1 AS T1 JOIN T2 AS T2 ON T1.IDENTIFIER_PRIMARY_1 = T2.IDENTIFIER_REFERENCE_10","SELECT First_Name, Student_Address FROM Students AS Students JOIN Student_Answers AS Student_Answers ON Students.Student_ID = Student_Answers.Student_ID"
154,210,online_exams,online_exams,,,False,0,True,,llama3.1-8b,lexical,"SELECT T1.DESCRIPTIVE_ATTRIBUTE_2 , T2.CHRONOLOGICAL_MARKER_11 FROM T1 AS T1 JOIN T2 AS T2 ON T2.IDENTIFIER_REFERENCE_10 = T1.IDENTIFIER_PRIMARY_1","SELECT Students.First_Name , Student_Answers.Date_of_Answer FROM Students AS Students JOIN Student_Answers AS Student_Answers ON Student_Answers.Student_ID = Students.Student_ID"
155,211,online_exams,online_exams,,,False,0,True,,llama3.1-8b,lexical,"SELECT T1.DESCRIPTIVE_ATTRIBUTE_6 , T2.CHRONOLOGICAL_MARKER_11 FROM T1 JOIN T2 ON T2.IDENTIFIER_REFERENCE_10 = T1.IDENTIFIER_PRIMARY_1 ORDER BY T2.CHRONOLOGICAL_MARKER_11 DESC","SELECT Students.Email_Adress , Student_Answers.Date_of_Answer FROM Students JOIN Student_Answers ON Student_Answers.Student_ID = Students.Student_ID ORDER BY Student_Answers.Date_of_Answer DESC"
156,212,online_exams,online_exams,,,False,0,True,,llama3.1-8b,lexical,"SELECT T1.DESCRIPTIVE_ATTRIBUTE_6 , T2.CHRONOLOGICAL_MARKER_11 FROM T1 AS T1 JOIN T2 AS T2 ON T2.IDENTIFIER_REFERENCE_10 = T1.IDENTIFIER_PRIMARY_1 ORDER BY T2.CHRONOLOGICAL_MARKER_11 DESC","SELECT Students.Email_Adress , Student_Answers.Date_of_Answer FROM Students AS Students JOIN Student_Answers AS Student_Answers ON Student_Answers.Student_ID = Students.Student_ID ORDER BY Student_Answers.Date_of_Answer DESC"
157,215,online_exams,online_exams,,,False,3,False,,llama3.1-8b,lexical,SELECT T1.DESCRIPATIVE_ATTRIBUTE_2 FROM T1 INNER JOIN T2 ON T1.IDENTIFIER_PRIMARY_1 = T2.IDENTIFIER_REFERENCE_10 GROUP BY T1.DESCRIPATIVE_ATTRIBUTE_2 HAVING COUNT(T2.IDENTIFIER_REFERENCE_10) >= 2,SELECT Students.DESCRIPATIVE_ATTRIBUTE_2 FROM Students INNER JOIN Student_Answers ON Students.Student_ID = Student_Answers.Student_ID GROUP BY Students.DESCRIPATIVE_ATTRIBUTE_2 HAVING COUNT(Student_Answers.Student_ID) >= 2
158,216,online_exams,online_exams,,,False,0,True,,llama3.1-8b,lexical,SELECT T1.DESCRIPTIVE_ATTRIBUTE_2 FROM T1 JOIN T2 ON T1.IDENTIFIER_PRIMARY_1 = T2.IDENTIFIER_REFERENCE_10 GROUP BY T1.IDENTIFIER_PRIMARY_1 HAVING COUNT(*) >= 2,SELECT Students.First_Name FROM Students JOIN Student_Answers ON Students.Student_ID = Student_Answers.Student_ID GROUP BY Students.Student_ID HAVING COUNT(*) >= 2
159,221,online_exams,online_exams,,,False,0,True,,llama3.1-8b,lexical,"SELECT DESCRIPTIVE_ATTRIBUTE_5 , COUNT(*) FROM T1 GROUP BY DESCRIPTIVE_ATTRIBUTE_5","SELECT Gender_MFU , COUNT(*) FROM Students GROUP BY Gender_MFU"
160,14,soccer_3,soccer_3,,,False,0,True,,llama3.1-8b,lexical,SELECT T1.DESCRIPTIVE_ATTRIBUTE_2 FROM T1 INNER JOIN T2 ON T2.IDENTIFIER_REFERENCE_13 = T1.IDENTIFIER_PRIMARY_1 WHERE T2.MEASUREMENT_VALUE_12 > 2 ORDER BY T2.NUMERIC_FIELD_10 DESC LIMIT 1,SELECT club.Name FROM club INNER JOIN player ON player.Club_ID = club.Club_ID WHERE player.Wins_count > 2 ORDER BY player.Earnings DESC LIMIT 1
161,15,soccer_3,soccer_3,,,False,0,True,,llama3.1-8b,lexical,SELECT T1.DESCRIPTIVE_ATTRIBUTE_2 FROM T1 AS T1 JOIN T2 AS T2 ON T1.IDENTIFIER_PRIMARY_1 = T2.IDENTIFIER_REFERENCE_13 WHERE T2.MEASUREMENT_VALUE_12 > 2 GROUP BY T2.IDENTIFIER_REFERENCE_13 ORDER BY T2.NUMERIC_FIELD_10 DESC LIMIT 1,SELECT club.Name FROM club AS club JOIN player AS player ON club.Club_ID = player.Club_ID WHERE player.Wins_count > 2 GROUP BY player.Club_ID ORDER BY player.Earnings DESC LIMIT 1
162,22,soccer_3,soccer_3,,,False,0,True,,llama3.1-8b,lexical,SELECT T1.IDENTIFIER_PRIMARY_1 FROM T1 JOIN T2 ON T2.IDENTIFIER_REFERENCE_13 = T1.IDENTIFIER_PRIMARY_1 GROUP BY T1.IDENTIFIER_PRIMARY_1 ORDER BY avg(T2.NUMERIC_FIELD_10) DESC,SELECT club.Club_ID FROM club JOIN player ON player.Club_ID = club.Club_ID GROUP BY club.Club_ID ORDER BY avg(player.Earnings) DESC
163,23,soccer_3,soccer_3,,,False,0,True,,llama3.1-8b,lexical,SELECT T1.DESCRIPTIVE_ATTRIBUTE_2 FROM T1 INNER JOIN T2 ON T1.IDENTIFIER_PRIMARY_1 = T2.IDENTIFIER_REFERENCE_13 GROUP BY T1.IDENTIFIER_PRIMARY_1 ORDER BY AVG(T2.NUMERIC_FIELD_10) DESC,SELECT club.Name FROM club INNER JOIN player ON club.Club_ID = player.Club_ID GROUP BY club.Club_ID ORDER BY AVG(player.Earnings) DESC
164,26,soccer_3,soccer_3,,,False,0,True,,llama3.1-8b,lexical,SELECT T2.DESCRIPTIVE_ATTRIBUTE_8 FROM T2 JOIN T1 ON T2.IDENTIFIER_REFERENCE_13 = T1.IDENTIFIER_PRIMARY_1 GROUP BY T2.DESCRIPTIVE_ATTRIBUTE_8 ORDER BY COUNT(*) DESC LIMIT 1,SELECT player.Name FROM player JOIN club ON player.Club_ID = club.Club_ID GROUP BY player.Name ORDER BY COUNT(*) DESC LIMIT 1
165,27,soccer_3,soccer_3,,,False,1,True,,llama3.1-8b,lexical,SELECT TEXT_FIELD_5 FROM T1 WHERE IDENTIFIER_PRIMARY_1 IN (SELECT IDENTIFIER_PRIMARY_1 FROM T1 GROUP BY IDENTIFIER_PRIMARY_1 ORDER BY COUNT(*) DESC LIMIT 1),SELECT Manufacturer FROM club WHERE Club_ID IN (SELECT Club_ID FROM club GROUP BY Club_ID ORDER BY COUNT(*) DESC LIMIT 1)
166,32,soccer_3,soccer_3,,,False,0,True,,llama3.1-8b,lexical,SELECT T1.DESCRIPTIVE_ATTRIBUTE_2 FROM T1 WHERE T1.IDENTIFIER_PRIMARY_1 NOT IN (SELECT T2.IDENTIFIER_REFERENCE_13 FROM T2),SELECT club.Name FROM club WHERE club.Club_ID NOT IN (SELECT player.Club_ID FROM player)
167,33,soccer_3,soccer_3,,,False,0,True,,llama3.1-8b,lexical,SELECT T1.IDENTIFIER_PRIMARY_1 FROM T1 WHERE IDENTIFIER_PRIMARY_1 NOT IN ( SELECT T2.IDENTIFIER_REFERENCE_13 FROM T2 ),SELECT club.Club_ID FROM club WHERE Club_ID NOT IN ( SELECT player.Club_ID FROM player )
168,34,soccer_3,soccer_3,,,False,0,True,,llama3.1-8b,lexical,SELECT T1.DESCRIPTIVE_ATTRIBUTE_2 FROM T1 INNER JOIN T2 ON T1.IDENTIFIER_PRIMARY_1 = T2.IDENTIFIER_REFERENCE_13 WHERE T2.NUMERIC_FIELD_10 > 1400000 OR T2.NUMERIC_FIELD_10 < 1100000,SELECT club.Name FROM club INNER JOIN player ON club.Club_ID = player.Club_ID WHERE player.Earnings > 1400000 OR player.Earnings < 1100000
169,35,soccer_3,soccer_3,,,False,3,False,,llama3.1-8b,lexical,SELECT T1.DESCRIPITIVE_ATTRIBUTE_2 FROM T1 INNER JOIN T2 ON T1.IDENTIFIER_PRIMARY_1 = T2.IDENTIFIER_REFERENCE_13 WHERE T2.NUMERIC_FIELD_10 > 1400000 INTERSECT SELECT T1.DESCRIPITIVE_ATTRIBUTE_2 FROM T1 INNER JOIN T2 ON T1.IDENTIFIER_PRIMARY_1 = T2.IDENTIFIER_REFERENCE_13 WHERE T2.NUMERIC_FIELD_10 < 1100000,SELECT club.DESCRIPITIVE_ATTRIBUTE_2 FROM club INNER JOIN player ON club.Club_ID = player.Club_ID WHERE player.Earnings > 1400000 INTERSECT SELECT club.DESCRIPITIVE_ATTRIBUTE_2 FROM club INNER JOIN player ON club.Club_ID = player.Club_ID WHERE player.Earnings < 1100000
170,44,e_commerce,e_commerce,,,False,1,True,,llama3.1-8b,lexical,"SELECT T1.DESCRIPTIVE_ATTRIBUTE_3 , T1.CHRONOLOGICAL_MARKER_4 FROM T1 WHERE T1.CHRONOLOGICAL_MARKER_4 = (SELECT MIN(CHRONOLOGICAL_MARKER_4) FROM T1) OR T1.IDENTIFIER_PRIMARY_1 IN (SELECT IDENTIFIER_REFERENCE_7 FROM T2 GROUP BY IDENTIFIER_REFERENCE_7 HAVING COUNT(*) > 1)","SELECT Orders.order_status_code , Orders.date_order_placed FROM Orders WHERE Orders.date_order_placed = (SELECT MIN(date_order_placed) FROM Orders) OR Orders.order_id IN (SELECT order_id FROM Order_Items GROUP BY order_id HAVING COUNT(*) > 1)"
171,45,e_commerce,e_commerce,,,False,2,True,,llama3.1-8b,lexical,"SELECT DISTINCT T1.DESCRIPTIVE_ATTRIBUTE_3, T1.CHRONOLOGICAL_MARKER_4 FROM T1 WHERE T1.DESCRIPTIVE_ATTRIBUTE_3 IN (SELECT T1.DESCRIPTIVE_ATTRIBUTE_3 FROM T1 JOIN T2 ON T1.IDENTIFIER_PRIMARY_1 = T2.IDENTIFIER_REFERENCE_7 GROUP BY T1.DESCRIPTIVE_ATTRIBUTE_3 HAVING COUNT(T2.IDENTIFIER_REFERENCE_7) > 1)","SELECT DISTINCT Orders.order_status_code, Orders.date_order_placed FROM Orders WHERE Orders.order_status_code IN (SELECT Orders.order_status_code FROM Orders JOIN Order_Items ON Orders.order_id = Order_Items.order_id GROUP BY Orders.order_status_code HAVING COUNT(Order_Items.order_id) > 1)"
172,49,e_commerce,e_commerce,,,False,1,True,,llama3.1-8b,lexical,"SELECT T1.IDENTIFIER_PRIMARY_1 , T1.DESCRIPTIVE_ATTRIBUTE_3 , T1.CURRENCY_AMOUNT_4 , T1.TEXT_FIELD_5 FROM T1 WHERE T1.IDENTIFIER_PRIMARY_1 NOT IN (SELECT IDENTIFIER_PRIMARY_1 FROM T1 GROUP BY IDENTIFIER_PRIMARY_1 HAVING count(*) >= 2)","SELECT Products.product_id , Products.product_name , Products.product_price , Products.product_color FROM Products WHERE Products.product_id NOT IN (SELECT product_id FROM Products GROUP BY product_id HAVING count(*) >= 2)"
173,56,e_commerce,e_commerce,,,False,0,True,,llama3.1-8b,lexical,SELECT TEXT_FIELD_2 FROM T1,SELECT payment_method_code FROM Customer_Payment_Methods
174,57,e_commerce,e_commerce,,,False,0,True,,llama3.1-8b,lexical,SELECT TEXT_FIELD_8 FROM T2 GROUP BY TEXT_FIELD_8 HAVING count(*) >= ( SELECT count(*) FROM T1 ),SELECT payment_method_code FROM Customer_Payment_Methods GROUP BY payment_method_code HAVING count(*) >= ( SELECT count(*) FROM Customers )
175,58,e_commerce,e_commerce,,,False,0,True,,llama3.1-8b,lexical,"SELECT DESCRIPTIVE_ATTRIBUTE_8 , COUNT(*) FROM T1 JOIN T2 ON T1.IDENTIFIER_PRIMARY_1 = T2.IDENTIFIER_PRIMARY_7 GROUP BY DESCRIPTIVE_ATTRIBUTE_8","SELECT gender_code , COUNT(*) FROM Products JOIN Customers ON Products.product_id = Customers.customer_id GROUP BY gender_code"
176,59,e_commerce,e_commerce,,,False,0,True,,llama3.1-8b,lexical,"SELECT MEASUREMENT_VALUE_6, COUNT(*) FROM T1 GROUP BY MEASUREMENT_VALUE_6","SELECT product_size, COUNT(*) FROM Products GROUP BY product_size"
177,66,e_commerce,e_commerce,,,False,3,False,,llama3.1-8b,lexical,"SELECT T1.DESCRIBATIVE_ATTRIBUTE_3, T2.MEASUREMENT_VALUE_10 FROM T2 JOIN T1 ON T2.IDENTIFIER_REFERENCE_8 = T1.IDENTIFIER_PRIMARY_1","SELECT Products.DESCRIBATIVE_ATTRIBUTE_3, Shipments.shipment_tracking_number FROM Shipments JOIN Products ON Shipments.order_id = Products.product_id"
178,67,e_commerce,e_commerce,,,False,2,True,,llama3.1-8b,lexical,"SELECT T1.DESCRIPTIVE_ATTRIBUTE_3 , T2.MEASUREMENT_VALUE_10 FROM T1 JOIN T2 ON T1.IDENTIFIER_PRIMARY_1 = T2.IDENTIFIER_REFERENCE_8","SELECT Products.product_name , Shipments.shipment_tracking_number FROM Products JOIN Shipments ON Products.product_id = Shipments.order_id"
179,70,e_commerce,e_commerce,,,False,1,True,,llama3.1-8b,lexical,"SELECT T1.DESCRIPTIVE_ATTRIBUTE_3 , T1.TEXT_FIELD_5 FROM T3 AS T3 JOIN T1 AS T1 ON T3.IDENTIFIER_REFERENCE_12 = T1.IDENTIFIER_PRIMARY_1 JOIN T2 AS T2 ON T3.IDENTIFIER_REFERENCE_13 = T2.IDENTIFIER_PRIMARY_7","SELECT Products.product_name , Products.product_color FROM Order_Items AS Order_Items JOIN Products AS Products ON Order_Items.product_id = Products.product_id JOIN Orders AS Orders ON Order_Items.order_id = Orders.order_id"
180,71,e_commerce,e_commerce,,,False,0,True,,llama3.1-8b,lexical,"SELECT T1.DESCRIPTIVE_ATTRIBUTE_3 , T1.TEXT_FIELD_5 FROM T1 JOIN T2 ON T1.IDENTIFIER_PRIMARY_1 = T2.IDENTIFIER_REFERENCE_8","SELECT Products.product_name , Products.product_color FROM Products JOIN Shipments ON Products.product_id = Shipments.order_id"
181,74,e_commerce,e_commerce,,,False,0,True,,llama3.1-8b,lexical,SELECT T1.DESCRIPTIVE_ATTRIBUTE_2 FROM T1 AS T1 JOIN T2 AS T2 ON T1.IDENTIFIER_PRIMARY_1 = T2.IDENTIFIER_REFERENCE_5 WHERE T2.IDENTIFIER_PRIMARY_4 NOT IN (SELECT T2.IDENTIFIER_PRIMARY_4 FROM T2 AS T2 JOIN T4 AS T4 ON T2.IDENTIFIER_PRIMARY_4 = T4.IDENTIFIER_REFERENCE_13),SELECT Invoices.invoice_status_code FROM Invoices AS Invoices JOIN Orders AS Orders ON Invoices.invoice_number = Orders.customer_id WHERE Orders.order_id NOT IN (SELECT Orders.order_id FROM Orders AS Orders JOIN Shipments AS Shipments ON Orders.order_id = Shipments.order_id)
182,75,e_commerce,e_commerce,,,False,0,True,,llama3.1-8b,lexical,SELECT DESCRIPTIVE_ATTRIBUTE_2 FROM T1 WHERE IDENTIFIER_PRIMARY_1 NOT IN (SELECT IDENTIFIER_REFERENCE_14 FROM T4 WHERE IDENTIFIER_REFERENCE_13 IS NULL),SELECT invoice_status_code FROM Invoices WHERE invoice_number NOT IN (SELECT invoice_number FROM Shipments WHERE order_id IS NULL)
183,76,e_commerce,e_commerce,,,False,0,True,,llama3.1-8b,lexical,"SELECT IDENTIFIER_PRIMARY_1, CHRONOLOGICAL_MARKER_4, DESCRIPTIVE_ATTRIBUTE_3 FROM T1","SELECT order_id, date_order_placed, order_status_code FROM Orders"
184,77,e_commerce,e_commerce,,,False,0,True,,llama3.1-8b,lexical,"SELECT T1.IDENTIFIER_PRIMARY_1, T1.DESCRIPTIVE_ATTRIBUTE_3, T1.CHRONOLOGICAL_MARKER_4 FROM T1","SELECT Orders.order_id, Orders.order_status_code, Orders.date_order_placed FROM Orders"
185,98,e_commerce,e_commerce,,,False,1,True,,llama3.1-8b,lexical,"SELECT T1.DESCRIPTIVE_ATTRIBUTE_3 , T1.TEXT_FIELD_5 FROM T1","SELECT Products.product_name , Products.product_color FROM Products"
186,99,e_commerce,e_commerce,,,False,1,True,,llama3.1-8b,lexical,"SELECT T1.DESCRIPTIVE_ATTRIBUTE_3 , T1.TEXT_FIELD_5 FROM T1","SELECT Products.product_name , Products.product_color FROM Products"
187,108,e_commerce,e_commerce,,,False,0,True,,llama3.1-8b,lexical,SELECT T3.CHRONOLOGICAL_MARKER_12 FROM T1 AS T1 JOIN T2 AS T2 ON T1.IDENTIFIER_PRIMARY_1 = T2.IDENTIFIER_REFERENCE_7 JOIN T3 AS T3 ON T1.IDENTIFIER_PRIMARY_1 = T3.IDENTIFIER_REFERENCE_10 GROUP BY T3.IDENTIFIER_PRIMARY_9 HAVING count(T2.IDENTIFIER_REFERENCE_7) >= 2,SELECT Orders.date_order_placed FROM Customers AS Customers JOIN Customer_Payment_Methods AS Customer_Payment_Methods ON Customers.customer_id = Customer_Payment_Methods.customer_id JOIN Orders AS Orders ON Customers.customer_id = Orders.customer_id GROUP BY Orders.order_id HAVING count(Customer_Payment_Methods.customer_id) >= 2
188,109,e_commerce,e_commerce,,,False,0,True,,llama3.1-8b,lexical,SELECT T3.CHRONOLOGICAL_MARKER_12 FROM T1 AS T1 JOIN T2 AS T2 ON T1.IDENTIFIER_PRIMARY_1 = T2.IDENTIFIER_REFERENCE_7 JOIN T3 AS T3 ON T1.IDENTIFIER_PRIMARY_1 = T3.IDENTIFIER_REFERENCE_10 WHERE T2.IDENTIFIER_REFERENCE_7 IN (SELECT T2.IDENTIFIER_REFERENCE_7 FROM T1 AS T1 JOIN T2 AS T2 ON T1.IDENTIFIER_PRIMARY_1 = T2.IDENTIFIER_REFERENCE_7 GROUP BY T2.IDENTIFIER_REFERENCE_7 HAVING COUNT(T2.IDENTIFIER_REFERENCE_7) >= 2),SELECT Orders.date_order_placed FROM Customers AS Customers JOIN Customer_Payment_Methods AS Customer_Payment_Methods ON Customers.customer_id = Customer_Payment_Methods.customer_id JOIN Orders AS Orders ON Customers.customer_id = Orders.customer_id WHERE Customer_Payment_Methods.customer_id IN (SELECT Customer_Payment_Methods.customer_id FROM Customers AS Customers JOIN Customer_Payment_Methods AS Customer_Payment_Methods ON Customers.customer_id = Customer_Payment_Methods.customer_id GROUP BY Customer_Payment_Methods.customer_id HAVING COUNT(Customer_Payment_Methods.customer_id) >= 2)
189,110,e_commerce,e_commerce,,,False,0,True,,llama3.1-8b,lexical,SELECT DESCRIPTIVE_ATTRIBUTE_3 FROM T1 GROUP BY DESCRIPTIVE_ATTRIBUTE_3 ORDER BY COUNT(*) ASC LIMIT 1,SELECT order_status_code FROM Orders GROUP BY order_status_code ORDER BY COUNT(*) ASC LIMIT 1
190,111,e_commerce,e_commerce,,,False,0,True,,llama3.1-8b,lexical,SELECT MIN(DESCRIPTIVE_ATTRIBUTE_3) FROM T1,SELECT MIN(order_status_code) FROM Orders
191,120,bbc_channels,bbc_channels,,,False,0,True,,llama3.1-8b,lexical,SELECT T2.DESCRIPTIVE_ATTRIBUTE_7 FROM T2 INNER JOIN T4 ON T2.IDENTIFIER_PRIMARY_6 = T4.IDENTIFIER_PRIMARY_14 INNER JOIN T1 ON T4.IDENTIFIER_REFERENCE_15 = T1.IDENTIFIER_PRIMARY_1 WHERE T2.MEASUREMENT_VALUE_8 > ( SELECT AVG(MEASUREMENT_VALUE_8) FROM T2 ),SELECT director.Name FROM director INNER JOIN director_admin ON director.Director_ID = director_admin.Director_ID INNER JOIN channel ON director_admin.Channel_ID = channel.Channel_ID WHERE director.Age > ( SELECT AVG(Age) FROM director )
192,135,bbc_channels,bbc_channels,,,False,0,True,,llama3.1-8b,lexical,"SELECT T1.IDENTIFIER_PRIMARY_1 , T1.DESCRIPTIVE_ATTRIBUTE_2 FROM T1 AS T1 JOIN T3 AS T3 ON T1.IDENTIFIER_PRIMARY_1 = T3.IDENTIFIER_REFERENCE_13 JOIN T2 AS T2 ON T3.IDENTIFIER_REFERENCE_12 = T2.IDENTIFIER_PRIMARY_6 WHERE T2.MEASUREMENT_VALUE_8 = ( SELECT IDENTIFIER_PRIMARY_6 FROM T2 WHERE DESCRIPTIVE_ATTRIBUTE_7 = ""Hank Baskett"" ) AND T1.TEXT_FIELD_4 != ""directed""","SELECT channel.Channel_ID , channel.Name FROM channel AS channel JOIN program AS program ON channel.Channel_ID = program.Channel_ID JOIN director AS director ON program.Director_ID = director.Director_ID WHERE director.Age = ( SELECT Director_ID FROM director WHERE Name = ""Hank Baskett"" ) AND channel.Digital_terrestrial_channel != ""directed"""
193,144,tv_shows,tv_shows,,,False,0,True,,llama3.1-8b,lexical,SELECT DESCRIPTIVE_ATTRIBUTE_5 FROM T1 GROUP BY DESCRIPTIVE_ATTRIBUTE_5 ORDER BY COUNT(*) DESC LIMIT 1,SELECT Affiliation FROM city_channel GROUP BY Affiliation ORDER BY COUNT(*) DESC LIMIT 1
194,148,tv_shows,tv_shows,,,False,0,True,,llama3.1-8b,lexical,"SELECT T1.DESCRIPTIVE_ATTRIBUTE_3, T2.TEXT_FIELD_7 FROM T3 AS T3 JOIN T1 ON T3.IDENTIFIER_PRIMARY_12 = T1.IDENTIFIER_PRIMARY_1 JOIN T2 ON T3.IDENTIFIER_REFERENCE_13 = T2.IDENTIFIER_PRIMARY_6 ORDER BY T2.TEXT_FIELD_11 DESC","SELECT city_channel.Station_name, radio.Transmitter FROM city_channel_radio AS city_channel_radio JOIN city_channel ON city_channel_radio.City_channel_ID = city_channel.ID JOIN radio ON city_channel_radio.Radio_ID = radio.Radio_ID ORDER BY radio.ERP_kW DESC"
195,150,tv_shows,tv_shows,,,False,1,True,,llama3.1-8b,lexical,SELECT DISTINCT T2.TEXT_FIELD_7 FROM T2 WHERE T2.IDENTIFIER_PRIMARY_6 NOT IN (SELECT T3.IDENTIFIER_REFERENCE_13 FROM T3 WHERE T3.IDENTIFIER_PRIMARY_12 IN (SELECT T1.IDENTIFIER_PRIMARY_1 FROM T1)),SELECT DISTINCT radio.Transmitter FROM radio WHERE radio.Radio_ID NOT IN (SELECT city_channel_radio.Radio_ID FROM city_channel_radio WHERE city_channel_radio.City_channel_ID IN (SELECT city_channel.ID FROM city_channel))
196,151,vehicle_driver,vehicle_driver,,,False,0,True,,llama3.1-8b,lexical,SELECT T2.TEXT_FIELD_10 FROM T1 AS T1 JOIN T3 AS T3 ON T1.IDENTIFIER_PRIMARY_1 = T3.IDENTIFIER_REFERENCE_13 JOIN T2 AS T2 ON T2.IDENTIFIER_PRIMARY_8 = T3.IDENTIFIER_PRIMARY_12 WHERE T1.NUMERIC_FIELD_4 = ( SELECT MAX(NUMERIC_FIELD_4) FROM T1 ) AND T1.NUMERIC_FIELD_5 > 6000,SELECT driver.Citizenship FROM vehicle AS vehicle JOIN vehicle_driver AS vehicle_driver ON vehicle.Vehicle_ID = vehicle_driver.Vehicle_ID JOIN driver AS driver ON driver.Driver_ID = vehicle_driver.Driver_ID WHERE vehicle.Top_Speed = ( SELECT MAX(Top_Speed) FROM vehicle ) AND vehicle.Power > 6000
197,152,vehicle_driver,vehicle_driver,,,False,1,True,,llama3.1-8b,lexical,SELECT T2.TEXT_FIELD_10 FROM T1 AS T1 JOIN T3 AS T3 ON T1.IDENTIFIER_PRIMARY_1 = T3.IDENTIFIER_REFERENCE_13 JOIN T2 AS T2 ON T3.IDENTIFIER_PRIMARY_12 = T2.IDENTIFIER_PRIMARY_8 WHERE T1.NUMERIC_FIELD_5 > 6000 ORDER BY T1.NUMERIC_FIELD_4 DESC LIMIT 1,SELECT driver.Citizenship FROM vehicle AS vehicle JOIN vehicle_driver AS vehicle_driver ON vehicle.Vehicle_ID = vehicle_driver.Vehicle_ID JOIN driver AS driver ON vehicle_driver.Driver_ID = driver.Driver_ID WHERE vehicle.Power > 6000 ORDER BY vehicle.Top_Speed DESC LIMIT 1
198,155,vehicle_driver,vehicle_driver,,,False,0,True,,llama3.1-8b,lexical,"SELECT COUNT(*) , T2.IDENTIFIER_PRIMARY_8 FROM T3 AS T3 JOIN T2 ON T3.IDENTIFIER_PRIMARY_12 = T2.IDENTIFIER_PRIMARY_8 JOIN T1 ON T3.IDENTIFIER_REFERENCE_13 = T1.IDENTIFIER_PRIMARY_1 GROUP BY T2.IDENTIFIER_PRIMARY_8 ORDER BY COUNT(*) DESC LIMIT 1","SELECT COUNT(*) , driver.Driver_ID FROM vehicle_driver AS vehicle_driver JOIN driver ON vehicle_driver.Driver_ID = driver.Driver_ID JOIN vehicle ON vehicle_driver.Vehicle_ID = vehicle.Vehicle_ID GROUP BY driver.Driver_ID ORDER BY COUNT(*) DESC LIMIT 1"
199,156,vehicle_driver,vehicle_driver,,,False,0,True,,llama3.1-8b,lexical,"SELECT T2.IDENTIFIER_PRIMARY_8 , count(*) FROM T3 AS T3 JOIN T2 ON T3.IDENTIFIER_PRIMARY_12 = T2.IDENTIFIER_PRIMARY_8 JOIN T1 ON T3.IDENTIFIER_REFERENCE_13 = T1.IDENTIFIER_PRIMARY_1 GROUP BY T2.IDENTIFIER_PRIMARY_8 ORDER BY count(*) DESC LIMIT 1","SELECT driver.Driver_ID , count(*) FROM vehicle_driver AS vehicle_driver JOIN driver ON vehicle_driver.Driver_ID = driver.Driver_ID JOIN vehicle ON vehicle_driver.Vehicle_ID = vehicle.Vehicle_ID GROUP BY driver.Driver_ID ORDER BY count(*) DESC LIMIT 1"
200,159,vehicle_driver,vehicle_driver,,,False,0,True,,llama3.1-8b,lexical,SELECT T1.IDENTIFIER_PRIMARY_1 FROM T1 INNER JOIN T3 ON T1.IDENTIFIER_PRIMARY_1 = T3.IDENTIFIER_REFERENCE_13 INNER JOIN T2 ON T3.IDENTIFIER_PRIMARY_12 = T2.IDENTIFIER_PRIMARY_8 WHERE T2.TEXT_FIELD_11 = 'vehicles ever used' ORDER BY T1.MEASUREMENT_VALUE_7 ASC LIMIT 1,SELECT vehicle.Vehicle_ID FROM vehicle INNER JOIN vehicle_driver ON vehicle.Vehicle_ID = vehicle_driver.Vehicle_ID INNER JOIN driver ON vehicle_driver.Driver_ID = driver.Driver_ID WHERE driver.Racing_Series = 'vehicles ever used' ORDER BY vehicle.Total_Production ASC LIMIT 1
201,160,vehicle_driver,vehicle_driver,,,False,0,True,,llama3.1-8b,lexical,SELECT T1.IDENTIFIER_PRIMARY_1 FROM T1 INNER JOIN T3 ON T1.IDENTIFIER_PRIMARY_1 = T3.IDENTIFIER_REFERENCE_13 INNER JOIN T2 ON T3.IDENTIFIER_PRIMARY_12 = T2.IDENTIFIER_PRIMARY_8 ORDER BY T2.DESCRIPTIVE_ATTRIBUTE_9 LIMIT 1,SELECT vehicle.Vehicle_ID FROM vehicle INNER JOIN vehicle_driver ON vehicle.Vehicle_ID = vehicle_driver.Vehicle_ID INNER JOIN driver ON vehicle_driver.Driver_ID = driver.Driver_ID ORDER BY driver.Name LIMIT 1
202,171,vehicle_driver,vehicle_driver,,,False,3,False,,llama3.1-8b,lexical,SELECT DISTINCT T2.DESCRIPITIVE_ATTRIBUTE_9 FROM T3 AS T2 JOIN T1 AS T1 ON T2.IDENTIFIER_PRIMARY_12 = T1.IDENTIFIER_PRIMARY_1 WHERE T1.NUMERIC_FIELD_5 > 5000,SELECT DISTINCT driver.DESCRIPITIVE_ATTRIBUTE_9 FROM vehicle_driver AS driver JOIN vehicle AS vehicle ON driver.Driver_ID = vehicle.Vehicle_ID WHERE vehicle.Power > 5000
203,172,vehicle_driver,vehicle_driver,,,False,0,True,,llama3.1-8b,lexical,SELECT T2.DESCRIPTIVE_ATTRIBUTE_9 FROM T2 INNER JOIN T3 ON T2.IDENTIFIER_PRIMARY_8 = T3.IDENTIFIER_PRIMARY_12 INNER JOIN T1 ON T3.IDENTIFIER_REFERENCE_13 = T1.IDENTIFIER_PRIMARY_1 WHERE T1.NUMERIC_FIELD_5 > 5000,SELECT driver.Name FROM driver INNER JOIN vehicle_driver ON driver.Driver_ID = vehicle_driver.Driver_ID INNER JOIN vehicle ON vehicle_driver.Vehicle_ID = vehicle.Vehicle_ID WHERE vehicle.Power > 5000
204,177,vehicle_driver,vehicle_driver,,,False,0,True,,llama3.1-8b,lexical,SELECT T1.TEXT_FIELD_2 FROM T1 WHERE T1.IDENTIFIER_PRIMARY_1 NOT IN (SELECT T3.IDENTIFIER_REFERENCE_13 FROM T3),SELECT vehicle.Model FROM vehicle WHERE vehicle.Vehicle_ID NOT IN (SELECT vehicle_driver.Vehicle_ID FROM vehicle_driver)
205,178,vehicle_driver,vehicle_driver,,,False,0,True,,llama3.1-8b,lexical,SELECT TEXT_FIELD_2 FROM T1 WHERE IDENTIFIER_PRIMARY_1 NOT IN (SELECT IDENTIFIER_REFERENCE_13 FROM T3),SELECT Model FROM vehicle WHERE Vehicle_ID NOT IN (SELECT Vehicle_ID FROM vehicle_driver)
206,179,vehicle_driver,vehicle_driver,,,False,3,True,,llama3.1-8b,lexical,"SELECT T1.IDENTIFIER_PRIMARY_1, T2.DESCRIPTIVE_ATTRIBUTE_9 FROM T1 JOIN T3 ON T1.IDENTIFIER_PRIMARY_1 = T3.IDENTIFIER_REFERENCE_13 JOIN T2 ON T3.IDENTIFIER_PRIMARY_12 = T2.IDENTIFIER_PRIMARY_8 WHERE T2.TEXT_FIELD_10 = 'Ziyang' OR T2.DESCRIPTIVE_ATTRIBUTE_9 = 'two'","SELECT vehicle.Vehicle_ID, driver.Name FROM vehicle JOIN vehicle_driver ON vehicle.Vehicle_ID = vehicle_driver.Vehicle_ID JOIN driver ON vehicle_driver.Driver_ID = driver.Driver_ID WHERE driver.Citizenship = 'Ziyang' OR driver.Name = 'two'"
207,180,vehicle_driver,vehicle_driver,,,False,0,True,,llama3.1-8b,lexical,"SELECT T1.IDENTIFIER_PRIMARY_1, T1.TEXT_FIELD_2 FROM T1 JOIN T3 ON T1.IDENTIFIER_PRIMARY_1 = T3.IDENTIFIER_REFERENCE_13 WHERE T3.IDENTIFIER_PRIMARY_12 IN (SELECT IDENTIFIER_PRIMARY_12 FROM T3 GROUP BY IDENTIFIER_PRIMARY_12 HAVING COUNT(*) = 2) OR T1.TEXT_FIELD_6 = ""Ziyang""","SELECT vehicle.Vehicle_ID, vehicle.Model FROM vehicle JOIN vehicle_driver ON vehicle.Vehicle_ID = vehicle_driver.Vehicle_ID WHERE vehicle_driver.Driver_ID IN (SELECT Driver_ID FROM vehicle_driver GROUP BY Driver_ID HAVING COUNT(*) = 2) OR vehicle.Builder = ""Ziyang"""
208,183,vehicle_driver,vehicle_driver,,,False,0,True,,llama3.1-8b,lexical,SELECT COUNT(T1.IDENTIFIER_PRIMARY_1) FROM T1 JOIN T3 ON T1.IDENTIFIER_PRIMARY_1 = T3.IDENTIFIER_REFERENCE_13 JOIN T2 ON T3.IDENTIFIER_PRIMARY_12 = T2.IDENTIFIER_PRIMARY_8 WHERE T2.DESCRIPTIVE_ATTRIBUTE_9 = 'maximum top speed',SELECT COUNT(vehicle.Vehicle_ID) FROM vehicle JOIN vehicle_driver ON vehicle.Vehicle_ID = vehicle_driver.Vehicle_ID JOIN driver ON vehicle_driver.Driver_ID = driver.Driver_ID WHERE driver.Name = 'maximum top speed'
209,184,vehicle_driver,vehicle_driver,,,False,3,False,,llama3.1-8b,lexical,SELECT COUNT(*) FROM T1 WHERE NUMERIC_FIELD_4 = (SELECT MAX(NUMERIC_FIELD_4) FROM T3 JOIN T2 ON T3.IDENTIFIER_PRIMARY_12 = T2.IDENTIFIER_PRIMARY_8 GROUP BY T2.DESCRIPTIVE_ATTRIBUTE_9),SELECT COUNT(*) FROM vehicle WHERE Top_Speed = (SELECT MAX(Top_Speed) FROM vehicle_driver JOIN driver ON vehicle_driver.Driver_ID = driver.Driver_ID GROUP BY driver.Name)
210,189,vehicle_driver,vehicle_driver,,,False,0,True,,llama3.1-8b,lexical,"SELECT T2.DESCRIPTIVE_ATTRIBUTE_9 , T2.TEXT_FIELD_10 FROM T2 INNER JOIN T3 ON T2.IDENTIFIER_PRIMARY_8 = T3.IDENTIFIER_PRIMARY_12 INNER JOIN T1 ON T3.IDENTIFIER_REFERENCE_13 = T1.IDENTIFIER_PRIMARY_1 WHERE T1.TEXT_FIELD_2 = 'DJ1'","SELECT driver.Name , driver.Citizenship FROM driver INNER JOIN vehicle_driver ON driver.Driver_ID = vehicle_driver.Driver_ID INNER JOIN vehicle ON vehicle_driver.Vehicle_ID = vehicle.Vehicle_ID WHERE vehicle.Model = 'DJ1'"
211,190,vehicle_driver,vehicle_driver,,,False,0,True,,llama3.1-8b,lexical,"SELECT T2.DESCRIPTIVE_ATTRIBUTE_9, T2.TEXT_FIELD_10 FROM T2 JOIN T3 ON T2.IDENTIFIER_PRIMARY_8 = T3.IDENTIFIER_PRIMARY_12 JOIN T1 ON T3.IDENTIFIER_REFERENCE_13 = T1.IDENTIFIER_PRIMARY_1 WHERE T1.TEXT_FIELD_2 = 'DJ1'","SELECT driver.Name, driver.Citizenship FROM driver JOIN vehicle_driver ON driver.Driver_ID = vehicle_driver.Driver_ID JOIN vehicle ON vehicle_driver.Vehicle_ID = vehicle.Vehicle_ID WHERE vehicle.Model = 'DJ1'"
212,199,online_exams,online_exams,,,False,0,True,,llama3.1-8b,lexical,"SELECT CHRONOLOGICAL_MARKER_3 FROM T1 WHERE TEXT_FIELD_2 LIKE ""%data%"" ORDER BY CHRONOLOGICAL_MARKER_3 DESC","SELECT Exam_Date FROM Exams WHERE Subject_Code LIKE ""%data%"" ORDER BY Exam_Date DESC"
213,200,online_exams,online_exams,,,False,0,True,,llama3.1-8b,lexical,SELECT CHRONOLOGICAL_MARKER_3 FROM T1 WHERE TEXT_FIELD_2 LIKE '%data%' ORDER BY CHRONOLOGICAL_MARKER_3 DESC,SELECT Exam_Date FROM Exams WHERE Subject_Code LIKE '%data%' ORDER BY Exam_Date DESC
214,213,online_exams,online_exams,,,False,0,True,,llama3.1-8b,lexical,SELECT TEXT_FIELD_17 FROM T3 GROUP BY TEXT_FIELD_17 ORDER BY COUNT(*) ASC LIMIT 1,SELECT Assessment FROM Student_Assessments GROUP BY Assessment ORDER BY COUNT(*) ASC LIMIT 1
215,214,online_exams,online_exams,,,False,0,True,,llama3.1-8b,lexical,SELECT TEXT_FIELD_5 FROM T1 GROUP BY TEXT_FIELD_5 ORDER BY count(TEXT_FIELD_5) ASC LIMIT 1,SELECT Assessment FROM Student_Assessments GROUP BY Assessment ORDER BY count(Assessment) ASC LIMIT 1
216,217,online_exams,online_exams,,,False,1,True,,llama3.1-8b,lexical,SELECT T3.TEXT_FIELD_12 FROM T3 GROUP BY T3.TEXT_FIELD_12 ORDER BY COUNT(*) DESC LIMIT 1,SELECT Student_Assessments.Student_Answer_Text FROM Student_Assessments GROUP BY Student_Assessments.Student_Answer_Text ORDER BY COUNT(*) DESC LIMIT 1
217,218,online_exams,online_exams,,,False,0,True,,llama3.1-8b,lexical,SELECT TEXT_FIELD_3 FROM T1 GROUP BY TEXT_FIELD_3 ORDER BY COUNT(TEXT_FIELD_3) DESC LIMIT 1,SELECT Valid_Answer_Text FROM Valid_Answers GROUP BY Valid_Answer_Text ORDER BY COUNT(Valid_Answer_Text) DESC LIMIT 1
218,225,online_exams,online_exams,,,False,0,True,,llama3.1-8b,lexical,SELECT T1.DESCRIPTIVE_ATTRIBUTE_2 FROM T1 WHERE T1.IDENTIFIER_PRIMARY_1 NOT IN (SELECT T1.IDENTIFIER_PRIMARY_1 FROM T1 JOIN T2 ON T1.IDENTIFIER_PRIMARY_1 = T2.IDENTIFIER_REFERENCE_10),SELECT Students.First_Name FROM Students WHERE Students.Student_ID NOT IN (SELECT Students.Student_ID FROM Students JOIN Student_Answers ON Students.Student_ID = Student_Answers.Student_ID)
219,226,online_exams,online_exams,,,False,0,True,,llama3.1-8b,lexical,SELECT T1.DESCRIPTIVE_ATTRIBUTE_2 FROM T1 WHERE T1.IDENTIFIER_PRIMARY_1 NOT IN (SELECT T1.IDENTIFIER_PRIMARY_1 FROM T1 INNER JOIN T2 ON T1.IDENTIFIER_PRIMARY_1 = T2.IDENTIFIER_REFERENCE_10),SELECT Students.First_Name FROM Students WHERE Students.Student_ID NOT IN (SELECT Students.Student_ID FROM Students INNER JOIN Student_Answers ON Students.Student_ID = Student_Answers.Student_ID)
220,227,online_exams,online_exams,,,False,1,True,,llama3.1-8b,lexical,SELECT T2.TEXT_FIELD_8 FROM T2 JOIN T1 ON T2.IDENTIFIER_REFERENCE_6 = T1.IDENTIFIER_PRIMARY_1 WHERE T1.TEXT_FIELD_3 = 'Normal' INTERSECT SELECT T2.TEXT_FIELD_8 FROM T2 JOIN T1 ON T2.IDENTIFIER_REFERENCE_6 = T1.IDENTIFIER_PRIMARY_1 WHERE T1.TEXT_FIELD_3 = 'Absent',SELECT Student_Answers.Comments FROM Student_Answers JOIN Valid_Answers ON Student_Answers.Student_ID = Valid_Answers.Valid_Answer_ID WHERE Valid_Answers.Valid_Answer_Text = 'Normal' INTERSECT SELECT Student_Answers.Comments FROM Student_Answers JOIN Valid_Answers ON Student_Answers.Student_ID = Valid_Answers.Valid_Answer_ID WHERE Valid_Answers.Valid_Answer_Text = 'Absent'
221,228,online_exams,online_exams,,,False,0,True,,llama3.1-8b,lexical,SELECT T2.TEXT_FIELD_9 FROM T2 WHERE T2.IDENTIFIER_REFERENCE_6 = ( SELECT IDENTIFIER_REFERENCE_6 FROM T2 WHERE T2.TEXT_FIELD_8 = 'Normal' ) AND T2.IDENTIFIER_REFERENCE_6 = ( SELECT IDENTIFIER_REFERENCE_6 FROM T2 WHERE T2.TEXT_FIELD_8 = 'Absent' ),SELECT Student_Answers.Student_Answer_Text FROM Student_Answers WHERE Student_Answers.Student_ID = ( SELECT Student_ID FROM Student_Answers WHERE Student_Answers.Comments = 'Normal' ) AND Student_Answers.Student_ID = ( SELECT Student_ID FROM Student_Answers WHERE Student_Answers.Comments = 'Absent' )
222,249,customers_and_orders,customers_and_orders,,,False,0,True,,llama3.1-8b,lexical,"SELECT DESCRIPTIVE_ATTRIBUTE_3 , CURRENCY_AMOUNT_4 FROM T1 GROUP BY DESCRIPTIVE_ATTRIBUTE_3 HAVING AVG(CURRENCY_AMOUNT_4) < CURRENCY_AMOUNT_4","SELECT product_name , product_price FROM Products GROUP BY product_name HAVING AVG(product_price) < product_price"
223,250,customers_and_orders,customers_and_orders,,,False,0,True,,llama3.1-8b,lexical,SELECT DESCRIPTIVE_ATTRIBUTE_3 FROM T1 WHERE CURRENCY_AMOUNT_4 > ( SELECT avg(CURRENCY_AMOUNT_4) FROM T1 ),SELECT product_name FROM Products WHERE product_price > ( SELECT avg(product_price) FROM Products )
224,253,customers_and_orders,customers_and_orders,,,False,0,True,,llama3.1-8b,lexical,SELECT DESCRIPTIVE_ATTRIBUTE_3 FROM T1 WHERE DESCRIPTIVE_ATTRIBUTE_2 = 'Clothes' ORDER BY CURRENCY_AMOUNT_4 DESC LIMIT 1,SELECT product_name FROM Products WHERE product_type_code = 'Clothes' ORDER BY product_price DESC LIMIT 1
225,254,customers_and_orders,customers_and_orders,,,False,0,True,,llama3.1-8b,lexical,"SELECT DESCRIPTIVE_ATTRIBUTE_3 FROM T1 WHERE CURRENCY_AMOUNT_4 = (SELECT max(CURRENCY_AMOUNT_4) FROM T1 WHERE DESCRIPTIVE_ATTRIBUTE_3 = ""Clothes"")","SELECT product_name FROM Products WHERE product_price = (SELECT max(product_price) FROM Products WHERE product_name = ""Clothes"")"
226,255,customers_and_orders,customers_and_orders,,,False,3,False,,llama3.1-8b,lexical,"SELECT T2.IDENTIFIER_CODE_5 , T1.DESCRIPITIVE_ATTRIBUTE_2 FROM T1 AS T1 JOIN T2 AS T2 ON T2.IDENTIFIER_REFERENCE_7 = T1.IDENTIFIER_PRIMARY_1 WHERE T1.DESCRIPITIVE_ATTRIBUTE_2 = ""Hardware"" ORDER BY T1.CURRENCY_AMOUNT_4 ASC LIMIT 1","SELECT Order_Items.order_item_id , Products.DESCRIPITIVE_ATTRIBUTE_2 FROM Products AS Products JOIN Order_Items AS Order_Items ON Order_Items.product_id = Products.product_id WHERE Products.DESCRIPITIVE_ATTRIBUTE_2 = ""Hardware"" ORDER BY Products.product_price ASC LIMIT 1"
227,256,customers_and_orders,customers_and_orders,,,False,3,False,,llama3.1-8b,lexical,"SELECT T1.IDENTIFIER_PRIMARY_1 , T1.DESCRIPITIVE_ATTRIBUTE_2 FROM T1 WHERE T1.DESCRIPITIVE_ATTRIBUTE_3 = ( SELECT T1.DESCRIPITIVE_ATTRIBUTE_3 FROM T1 ORDER BY T1.CURRENCY_AMOUNT_4 ASC LIMIT 1 )","SELECT Products.product_id , Products.DESCRIPITIVE_ATTRIBUTE_2 FROM Products WHERE Products.DESCRIPITIVE_ATTRIBUTE_3 = ( SELECT Products.DESCRIPITIVE_ATTRIBUTE_3 FROM Products ORDER BY Products.product_price ASC LIMIT 1 )"
228,267,customers_and_orders,customers_and_orders,,,False,0,True,,llama3.1-8b,lexical,SELECT DESCRIPTIVE_ATTRIBUTE_2 FROM T1 GROUP BY DESCRIPTIVE_ATTRIBUTE_2 ORDER BY COUNT(*) DESC LIMIT 1,SELECT product_type_code FROM Products GROUP BY product_type_code ORDER BY COUNT(*) DESC LIMIT 1
229,268,customers_and_orders,customers_and_orders,,,False,0,True,,llama3.1-8b,lexical,SELECT DESCRIPTIVE_ATTRIBUTE_2 FROM T1 GROUP BY DESCRIPTIVE_ATTRIBUTE_2 ORDER BY COUNT(*) DESC LIMIT 1,SELECT product_type_code FROM Products GROUP BY product_type_code ORDER BY COUNT(*) DESC LIMIT 1
230,277,customers_and_orders,customers_and_orders,,,False,0,True,,llama3.1-8b,lexical,SELECT TEXT_FIELD_2 FROM T1 GROUP BY TEXT_FIELD_2 ORDER BY COUNT(*) DESC LIMIT 1,SELECT payment_method_code FROM Customers GROUP BY payment_method_code ORDER BY COUNT(*) DESC LIMIT 1
231,278,customers_and_orders,customers_and_orders,,,False,0,True,,llama3.1-8b,lexical,SELECT IDENTIFIER_CODE_2 FROM T1 GROUP BY IDENTIFIER_CODE_2 ORDER BY COUNT(*) DESC LIMIT 1,SELECT address_id FROM Customers GROUP BY address_id ORDER BY COUNT(*) DESC LIMIT 1
232,279,customers_and_orders,customers_and_orders,,,False,0,True,,llama3.1-8b,lexical,SELECT DESCRIPTIVE_ATTRIBUTE_4 FROM T1 GROUP BY DESCRIPTIVE_ATTRIBUTE_6 ORDER BY COUNT(DESCRIPTIVE_ATTRIBUTE_6) ASC LIMIT 1,SELECT customer_name FROM Customers GROUP BY customer_phone ORDER BY COUNT(customer_phone) ASC LIMIT 1
233,280,customers_and_orders,customers_and_orders,,,False,0,True,,llama3.1-8b,lexical,SELECT DESCRIPTIVE_ATTRIBUTE_4 FROM T1 GROUP BY TEXT_FIELD_2 ORDER BY COUNT(TEXT_FIELD_2) LIMIT 1,SELECT customer_name FROM Customers GROUP BY payment_method_code ORDER BY COUNT(payment_method_code) LIMIT 1
234,287,customers_and_orders,customers_and_orders,,,False,0,True,,llama3.1-8b,lexical,SELECT DESCRIPTIVE_ATTRIBUTE_2 FROM T1 GROUP BY DESCRIPTIVE_ATTRIBUTE_2 ORDER BY COUNT(*) ASC LIMIT 1,SELECT product_type_code FROM Products GROUP BY product_type_code ORDER BY COUNT(*) ASC LIMIT 1
235,288,customers_and_orders,customers_and_orders,,,False,0,True,,llama3.1-8b,lexical,SELECT DESCRIPTIVE_ATTRIBUTE_2 FROM T1 GROUP BY DESCRIPTIVE_ATTRIBUTE_2 ORDER BY COUNT(*) ASC LIMIT 1,SELECT product_type_code FROM Products GROUP BY product_type_code ORDER BY COUNT(*) ASC LIMIT 1
236,299,customers_and_orders,customers_and_orders,,,False,1,True,,llama3.1-8b,lexical,SELECT T2.IDENTIFIER_CODE_5 FROM T2 GROUP BY T2.IDENTIFIER_CODE_5 ORDER BY COUNT(*) DESC LIMIT 1,SELECT Order_Items.order_item_id FROM Order_Items GROUP BY Order_Items.order_item_id ORDER BY COUNT(*) DESC LIMIT 1
237,300,customers_and_orders,customers_and_orders,,,False,0,True,,llama3.1-8b,lexical,SELECT T3.IDENTIFIER_CODE_11 FROM T3 JOIN T2 ON T3.IDENTIFIER_REFERENCE_12 = T2.IDENTIFIER_PRIMARY_7 GROUP BY T3.IDENTIFIER_CODE_11 ORDER BY COUNT(*) DESC LIMIT 1,SELECT Order_Items.order_item_id FROM Order_Items JOIN Customer_Orders ON Order_Items.order_id = Customer_Orders.order_id GROUP BY Order_Items.order_item_id ORDER BY COUNT(*) DESC LIMIT 1
238,303,customers_and_orders,customers_and_orders,,,False,3,False,,llama3.1-8b,lexical,SELECT T1.DESCRIPITIVE_ATTRIBUTE_2 FROM T1 WHERE T1.IDENTIFIER_PRIMARY_1 NOT IN (SELECT T3.IDENTIFIER_REFERENCE_11 FROM T3),SELECT Products.DESCRIPITIVE_ATTRIBUTE_2 FROM Products WHERE Products.product_id NOT IN (SELECT Order_Items.product_id FROM Order_Items)
239,304,customers_and_orders,customers_and_orders,,,False,0,True,,llama3.1-8b,lexical,SELECT DESCRIPTIVE_ATTRIBUTE_3 FROM T1 WHERE IDENTIFIER_PRIMARY_1 NOT IN (SELECT IDENTIFIER_REFERENCE_11 FROM T3),SELECT product_name FROM Products WHERE product_id NOT IN (SELECT product_id FROM Order_Items)
240,40,e_commerce,e_commerce,,,False,3,False,,llama3.1-8b,lexical,"SELECT T1.IDENTIFIER_PRIMARY_1 , T1.DESCRIPITIVE_ATTRIBUTE_2 , T1.DESCRIPITIVE_ATTRIBUTE_3 FROM T1 INNER JOIN T2 ON T1.IDENTIFIER_PRIMARY_1 = T2.IDENTIFIER_REFERENCE_8 INNER JOIN T3 ON T2.IDENTIFIER_PRIMARY_7 = T3.IDENTIFIER_REFERENCE_13 WHERE T2.CHRONOLOGICAL_MARKER_10 > ( SELECT AVG(CHRONOLOGICAL_MARKER_10) FROM T2 GROUP BY T2.IDENTIFIER_REFERENCE_8 HAVING COUNT(T2.IDENTIFIER_PRIMARY_7) > 2 ) AND T3.IDENTIFIER_PRIMARY_11 > ( SELECT COUNT(IDENTIFIER_REFERENCE_21) FROM T5 GROUP BY T5.IDENTIFIER_REFERENCE_21 HAVING COUNT(T5.IDENTIFIER_PRIMARY_20) >= 3 )","SELECT Customers.customer_id , Customers.DESCRIPITIVE_ATTRIBUTE_2 , Customers.DESCRIPITIVE_ATTRIBUTE_3 FROM Customers INNER JOIN Orders ON Customers.customer_id = Orders.customer_id INNER JOIN Order_Items ON Orders.order_id = Order_Items.order_id WHERE Orders.date_order_placed > ( SELECT AVG(date_order_placed) FROM Orders GROUP BY Orders.customer_id HAVING COUNT(Orders.order_id) > 2 ) AND Order_Items.order_item_id > ( SELECT COUNT(order_item_id) FROM Shipment_Items GROUP BY Shipment_Items.order_item_id HAVING COUNT(Shipment_Items.shipment_id) >= 3 )"
241,41,e_commerce,e_commerce,,,False,3,False,,llama3.1-8b,lexical,"SELECT T1.IDENTIFIER_PRIMARY_1, T1.DESCRIPITIVE_ATTRIBUTE_2, T1.DESCRIPITIVE_ATTRIBUTE_3 FROM T1 AS T1 JOIN T2 AS T2 ON T1.IDENTIFIER_PRIMARY_1 = T2.IDENTIFIER_REFERENCE_8 JOIN T3 AS T3 ON T2.IDENTIFIER_PRIMARY_7 = T3.IDENTIFIER_REFERENCE_13 JOIN T4 AS T4 ON T2.IDENTIFIER_PRIMARY_7 = T4.IDENTIFIER_REFERENCE_16 JOIN T5 AS T5 ON T4.IDENTIFIER_PRIMARY_15 = T5.IDENTIFIER_PRIMARY_20 GROUP BY T1.IDENTIFIER_PRIMARY_1, T1.DESCRIPITIVE_ATTRIBUTE_2, T1.DESCRIPITIVE_ATTRIBUTE_3 HAVING COUNT(T3.IDENTIFIER_PRIMARY_11) > 2 AND COUNT(T3.IDENTIFIER_PRIMARY_11) >= 3","SELECT Customers.customer_id, Customers.DESCRIPITIVE_ATTRIBUTE_2, Customers.DESCRIPITIVE_ATTRIBUTE_3 FROM Customers AS Customers JOIN Orders AS Orders ON Customers.customer_id = Orders.customer_id JOIN Order_Items AS Order_Items ON Orders.order_id = Order_Items.order_id JOIN Shipments AS Shipments ON Orders.order_id = Shipments.order_id JOIN Shipment_Items AS Shipment_Items ON Shipments.shipment_id = Shipment_Items.shipment_id GROUP BY Customers.customer_id, Customers.DESCRIPITIVE_ATTRIBUTE_2, Customers.DESCRIPITIVE_ATTRIBUTE_3 HAVING COUNT(Order_Items.order_item_id) > 2 AND COUNT(Order_Items.order_item_id) >= 3"
242,46,e_commerce,e_commerce,,,False,0,True,,llama3.1-8b,lexical,"SELECT T1.DESCRIPTIVE_ATTRIBUTE_2 , T1.TEXT_FIELD_4 , T1.DESCRIPTIVE_ATTRIBUTE_3 FROM T1 WHERE T1.IDENTIFIER_PRIMARY_1 NOT IN (SELECT T2.IDENTIFIER_REFERENCE_8 FROM T2)","SELECT Customers.gender_code , Customers.customer_middle_initial , Customers.customer_first_name FROM Customers WHERE Customers.customer_id NOT IN (SELECT Orders.customer_id FROM Orders)"
243,47,e_commerce,e_commerce,,,False,3,False,,llama3.1-8b,lexical,"SELECT T1.DESCRIPITIVE_ATTRIBUTE_2, T1.DESCRIPITIVE_ATTRIBUTE_5, T1.TEXT_FIELD_4 FROM T1 WHERE T1.IDENTIFIER_PRIMARY_1 NOT IN (SELECT T2.IDENTIFIER_REFERENCE_8 FROM T2)","SELECT Customers.DESCRIPITIVE_ATTRIBUTE_2, Customers.DESCRIPITIVE_ATTRIBUTE_5, Customers.customer_middle_initial FROM Customers WHERE Customers.customer_id NOT IN (SELECT Orders.customer_id FROM Orders)"
244,48,e_commerce,e_commerce,,,False,3,False,,llama3.1-8b,lexical,"SELECT T1.IDENTIFIER_PRIMARY_1 , T1.DESCRIPITIVE_ATTRIBUTE_3 , T1.CURRENCY_AMOUNT_4 , T1.TEXT_FIELD_5 FROM T1 JOIN T3 ON T1.IDENTIFIER_PRIMARY_1 = T3.IDENTIFIER_REFERENCE_12 JOIN T2 ON T3.IDENTIFIER_REFERENCE_13 = T2.IDENTIFIER_PRIMARY_7 WHERE T3.DESCRIPITIVE_ATTRIBUTE_14 = 'products ordered' GROUP BY T1.IDENTIFIER_PRIMARY_1 HAVING COUNT(T2.IDENTIFIER_PRIMARY_7) < 2","SELECT Products.product_id , Products.DESCRIPITIVE_ATTRIBUTE_3 , Products.product_price , Products.product_color FROM Products JOIN Order_Items ON Products.product_id = Order_Items.product_id JOIN Orders ON Order_Items.order_id = Orders.order_id WHERE Order_Items.DESCRIPITIVE_ATTRIBUTE_14 = 'products ordered' GROUP BY Products.product_id HAVING COUNT(Orders.order_id) < 2"
245,52,e_commerce,e_commerce,,,False,0,True,,llama3.1-8b,lexical,"SELECT T1.DESCRIPTIVE_ATTRIBUTE_3 , T1.IDENTIFIER_PRIMARY_1 , T1.CURRENCY_AMOUNT_4 FROM T1 JOIN T3 ON T1.IDENTIFIER_PRIMARY_1 = T3.IDENTIFIER_REFERENCE_12 JOIN T2 ON T3.IDENTIFIER_REFERENCE_13 = T2.IDENTIFIER_PRIMARY_7 GROUP BY T1.DESCRIPTIVE_ATTRIBUTE_3 ORDER BY COUNT(T2.DESCRIPTIVE_ATTRIBUTE_9) DESC LIMIT 1","SELECT Products.product_name , Products.product_id , Products.product_price FROM Products JOIN Order_Items ON Products.product_id = Order_Items.product_id JOIN Orders ON Order_Items.order_id = Orders.order_id GROUP BY Products.product_name ORDER BY COUNT(Orders.order_status_code) DESC LIMIT 1"
246,53,e_commerce,e_commerce,,,False,0,True,,llama3.1-8b,lexical,"SELECT T1.IDENTIFIER_PRIMARY_1 , T1.DESCRIPTIVE_ATTRIBUTE_3 , T1.CURRENCY_AMOUNT_4 FROM T1 GROUP BY T1.DESCRIPTIVE_ATTRIBUTE_3 ORDER BY COUNT(*) DESC LIMIT 1","SELECT Products.product_id , Products.product_name , Products.product_price FROM Products GROUP BY Products.product_name ORDER BY COUNT(*) DESC LIMIT 1"
247,54,e_commerce,e_commerce,,,False,0,True,,llama3.1-8b,lexical,"SELECT T2.IDENTIFIER_PRIMARY_7 , SUM(T1.CURRENCY_AMOUNT_4) FROM T1 AS T1 JOIN T3 AS T2 ON T1.IDENTIFIER_PRIMARY_1 = T2.IDENTIFIER_REFERENCE_12 GROUP BY T2.IDENTIFIER_PRIMARY_7 ORDER BY SUM(T1.CURRENCY_AMOUNT_4) ASC LIMIT 1","SELECT Orders.order_id , SUM(Products.product_price) FROM Products AS Products JOIN Order_Items AS Orders ON Products.product_id = Orders.product_id GROUP BY Orders.order_id ORDER BY SUM(Products.product_price) ASC LIMIT 1"
248,55,e_commerce,e_commerce,,,False,0,True,,llama3.1-8b,lexical,"SELECT T1.DESCRIPTIVE_ATTRIBUTE_3, T1.CHRONOLOGICAL_MARKER_4 FROM T1 INNER JOIN T2 ON T2.IDENTIFIER_REFERENCE_7 = T1.IDENTIFIER_PRIMARY_1 GROUP BY T1.DESCRIPTIVE_ATTRIBUTE_3 ORDER BY SUM(T2.DESCRIPTIVE_ATTRIBUTE_8) ASC LIMIT 1","SELECT Orders.order_status_code, Orders.date_order_placed FROM Orders INNER JOIN Order_Items ON Order_Items.order_id = Orders.order_id GROUP BY Orders.order_status_code ORDER BY SUM(Order_Items.order_item_status_code) ASC LIMIT 1"
249,72,e_commerce,e_commerce,,,False,0,True,,llama3.1-8b,lexical,"SELECT T1.DESCRIPTIVE_ATTRIBUTE_3, T1.CURRENCY_AMOUNT_4, T1.TEXTUAL_CONTENT_6 FROM T1 JOIN T2 ON T1.IDENTIFIER_PRIMARY_1 = T2.IDENTIFIER_PRIMARY_7 WHERE T2.DESCRIPTIVE_ATTRIBUTE_8 = 'female customers'","SELECT Products.product_name, Products.product_price, Products.product_description FROM Products JOIN Customers ON Products.product_id = Customers.customer_id WHERE Customers.gender_code = 'female customers'"
250,73,e_commerce,e_commerce,,,False,0,True,,llama3.1-8b,lexical,"SELECT T1.DESCRIPTIVE_ATTRIBUTE_3, T1.CURRENCY_AMOUNT_4, T1.TEXTUAL_CONTENT_6 FROM T1 JOIN T2 ON T1.IDENTIFIER_PRIMARY_1 = T2.IDENTIFIER_PRIMARY_7 WHERE T2.DESCRIPTIVE_ATTRIBUTE_8 = 'female customers'","SELECT Products.product_name, Products.product_price, Products.product_description FROM Products JOIN Customers ON Products.product_id = Customers.customer_id WHERE Customers.gender_code = 'female customers'"
251,88,e_commerce,e_commerce,,,False,0,True,,llama3.1-8b,lexical,"SELECT CURRENCY_AMOUNT_4 , MEASUREMENT_VALUE_6 FROM T1 WHERE CURRENCY_AMOUNT_4 > ( SELECT AVG(CURRENCY_AMOUNT_4) FROM T1 )","SELECT product_price , product_size FROM Products WHERE product_price > ( SELECT AVG(product_price) FROM Products )"
252,89,e_commerce,e_commerce,,,False,0,True,,llama3.1-8b,lexical,"SELECT CURRENCY_AMOUNT_4, MEASUREMENT_VALUE_6 FROM T1 WHERE CURRENCY_AMOUNT_4 > (SELECT AVG(CURRENCY_AMOUNT_4) FROM T1)","SELECT product_price, product_size FROM Products WHERE product_price > (SELECT AVG(product_price) FROM Products)"
253,90,e_commerce,e_commerce,,,False,0,True,,llama3.1-8b,lexical,SELECT COUNT(*) FROM T1 WHERE DESCRIPTIVE_ATTRIBUTE_3 IS NULL,SELECT COUNT(*) FROM Products WHERE product_name IS NULL
254,91,e_commerce,e_commerce,,,False,0,True,,llama3.1-8b,lexical,SELECT count(*) FROM T1 WHERE IDENTIFIER_PRIMARY_1 NOT IN (SELECT IDENTIFIER_REFERENCE_8 FROM T2),SELECT count(*) FROM Products WHERE product_id NOT IN (SELECT product_id FROM Order_Items)
255,92,e_commerce,e_commerce,,,False,0,True,,llama3.1-8b,lexical,SELECT COUNT(T1.IDENTIFIER_PRIMARY_1) FROM T1 LEFT JOIN T2 ON T1.IDENTIFIER_PRIMARY_1 = T2.IDENTIFIER_REFERENCE_7 WHERE T2.IDENTIFIER_REFERENCE_7 IS NULL,SELECT COUNT(Customers.customer_id) FROM Customers LEFT JOIN Customer_Payment_Methods ON Customers.customer_id = Customer_Payment_Methods.customer_id WHERE Customer_Payment_Methods.customer_id IS NULL
256,93,e_commerce,e_commerce,,,False,0,True,,llama3.1-8b,lexical,SELECT COUNT(T1.IDENTIFIER_PRIMARY_1) FROM T1 LEFT JOIN T2 ON T1.IDENTIFIER_PRIMARY_1 = T2.IDENTIFIER_REFERENCE_7 WHERE T2.IDENTIFIER_REFERENCE_7 IS NULL,SELECT COUNT(Customers.customer_id) FROM Customers LEFT JOIN Customer_Payment_Methods ON Customers.customer_id = Customer_Payment_Methods.customer_id WHERE Customer_Payment_Methods.customer_id IS NULL
257,106,e_commerce,e_commerce,,,False,0,True,,llama3.1-8b,lexical,"SELECT DESCRIPTIVE_ATTRIBUTE_3 , DESCRIPTIVE_ATTRIBUTE_5 , TEXT_FIELD_6 FROM T1 WHERE DESCRIPTIVE_ATTRIBUTE_2 = ""least common gender""","SELECT email_address , town_city , county FROM Customers WHERE gender_code = ""least common gender"""
258,107,e_commerce,e_commerce,,,False,0,True,,llama3.1-8b,lexical,"SELECT T1.DESCRIPTIVE_ATTRIBUTE_3, T1.DESCRIPTIVE_ATTRIBUTE_5, T1.TEXT_FIELD_6 FROM T1 JOIN T2 ON T1.IDENTIFIER_PRIMARY_1 = T2.IDENTIFIER_REFERENCE_8 WHERE T2.DESCRIPTIVE_ATTRIBUTE_9 = (SELECT DESCRIPTIVE_ATTRIBUTE_9 FROM T2 GROUP BY DESCRIPTIVE_ATTRIBUTE_9 ORDER BY COUNT(*) ASC LIMIT 1)","SELECT Customers.email_address, Customers.town_city, Customers.county FROM Customers JOIN Orders ON Customers.customer_id = Orders.customer_id WHERE Orders.order_status_code = (SELECT order_status_code FROM Orders GROUP BY order_status_code ORDER BY COUNT(*) ASC LIMIT 1)"
259,118,e_commerce,e_commerce,,,False,0,True,,llama3.1-8b,lexical,"SELECT TEXT_FIELD_4 , TEXTUAL_CONTENT_6 , MEASUREMENT_VALUE_5 FROM T1 WHERE CURRENCY_AMOUNT_3 < ( SELECT MAX(CURRENCY_AMOUNT_3) FROM T1 )","SELECT product_color , product_description , product_size FROM Products WHERE product_price < ( SELECT MAX(product_price) FROM Products )"
260,119,e_commerce,e_commerce,,,False,0,True,,llama3.1-8b,lexical,"SELECT TEXT_FIELD_4 , TEXTUAL_CONTENT_6 , MEASUREMENT_VALUE_5 FROM T1 WHERE CURRENCY_AMOUNT_3 < ( SELECT MAX(CURRENCY_AMOUNT_3) FROM T1 )","SELECT product_color , product_description , product_size FROM Products WHERE product_price < ( SELECT MAX(product_price) FROM Products )"
261,125,bbc_channels,bbc_channels,,,False,0,True,,llama3.1-8b,lexical,"SELECT T2.DESCRIPTIVE_ATTRIBUTE_7 , count(*) FROM T3 AS T1 JOIN T2 AS T3 ON T1.IDENTIFIER_REFERENCE_12 = T3.IDENTIFIER_PRIMARY_6 JOIN T1 AS T2 ON T1.IDENTIFIER_PRIMARY_1 = T2.IDENTIFIER_REFERENCE_13 GROUP BY T2.DESCRIPTIVE_ATTRIBUTE_7 ORDER BY count(*) DESC LIMIT 1","SELECT director.Name , count(*) FROM program AS channel JOIN director AS program ON channel.Director_ID = program.Director_ID JOIN channel AS director ON channel.Channel_ID = director.Channel_ID GROUP BY director.Name ORDER BY count(*) DESC LIMIT 1"
262,126,bbc_channels,bbc_channels,,,False,0,True,,llama3.1-8b,lexical,"SELECT T2.DESCRIPTIVE_ATTRIBUTE_7, T2.MEASUREMENT_VALUE_8 FROM T2 JOIN T3 ON T3.IDENTIFIER_REFERENCE_12 = T2.IDENTIFIER_PRIMARY_6 JOIN T1 ON T3.IDENTIFIER_REFERENCE_13 = T1.IDENTIFIER_PRIMARY_1 JOIN T4 ON T4.IDENTIFIER_REFERENCE_15 = T1.IDENTIFIER_PRIMARY_1 WHERE T4.IDENTIFIER_PRIMARY_14 = T3.IDENTIFIER_REFERENCE_12 GROUP BY T2.DESCRIPTIVE_ATTRIBUTE_7 ORDER BY COUNT(T3.IDENTIFIER_PRIMARY_9) DESC LIMIT 1","SELECT director.Name, director.Age FROM director JOIN program ON program.Director_ID = director.Director_ID JOIN channel ON program.Channel_ID = channel.Channel_ID JOIN director_admin ON director_admin.Channel_ID = channel.Channel_ID WHERE director_admin.Director_ID = program.Director_ID GROUP BY director.Name ORDER BY COUNT(program.Program_ID) DESC LIMIT 1"
263,130,bbc_channels,bbc_channels,,,False,0,True,,llama3.1-8b,lexical,SELECT COUNT(*) FROM T1 WHERE IDENTIFIER_PRIMARY_1 NOT IN ( SELECT IDENTIFIER_REFERENCE_13 FROM T3 ),SELECT COUNT(*) FROM channel WHERE Channel_ID NOT IN ( SELECT Channel_ID FROM program )
264,132,bbc_channels,bbc_channels,,,False,0,True,,llama3.1-8b,lexical,"SELECT T1.DESCRIPTIVE_ATTRIBUTE_2, T1.TEXT_FIELD_5 FROM T1 INNER JOIN T3 ON T1.IDENTIFIER_PRIMARY_1 = T3.IDENTIFIER_REFERENCE_13 INNER JOIN T2 ON T3.IDENTIFIER_REFERENCE_12 = T2.IDENTIFIER_PRIMARY_6 GROUP BY T1.IDENTIFIER_PRIMARY_1 ORDER BY COUNT(T2.IDENTIFIER_PRIMARY_6) DESC LIMIT 1","SELECT channel.Name, channel.Internet FROM channel INNER JOIN program ON channel.Channel_ID = program.Channel_ID INNER JOIN director ON program.Director_ID = director.Director_ID GROUP BY channel.Channel_ID ORDER BY COUNT(director.Director_ID) DESC LIMIT 1"
265,134,bbc_channels,bbc_channels,,,False,0,True,,llama3.1-8b,lexical,SELECT T1.DESCRIPTIVE_ATTRIBUTE_2 FROM T1 JOIN T3 ON T1.IDENTIFIER_PRIMARY_1 = T3.IDENTIFIER_REFERENCE_13 JOIN T2 ON T3.IDENTIFIER_REFERENCE_12 = T2.IDENTIFIER_PRIMARY_6 WHERE T2.MEASUREMENT_VALUE_8 > 60 AND T2.MEASUREMENT_VALUE_8 < 40,SELECT channel.Name FROM channel JOIN program ON channel.Channel_ID = program.Channel_ID JOIN director ON program.Director_ID = director.Director_ID WHERE director.Age > 60 AND director.Age < 40
266,181,vehicle_driver,vehicle_driver,,,False,0,True,,llama3.1-8b,lexical,"SELECT T1.IDENTIFIER_PRIMARY_1, T2.DESCRIPTIVE_ATTRIBUTE_9 FROM T3 JOIN T2 ON T3.IDENTIFIER_PRIMARY_12 = T2.IDENTIFIER_PRIMARY_8 JOIN T1 ON T3.IDENTIFIER_REFERENCE_13 = T1.IDENTIFIER_PRIMARY_1 WHERE T2.DESCRIPTIVE_ATTRIBUTE_9 = 'Jeff Gordon' OR T2.TEXT_FIELD_11 > 2","SELECT vehicle.Vehicle_ID, driver.Name FROM vehicle_driver JOIN driver ON vehicle_driver.Driver_ID = driver.Driver_ID JOIN vehicle ON vehicle_driver.Vehicle_ID = vehicle.Vehicle_ID WHERE driver.Name = 'Jeff Gordon' OR driver.Racing_Series > 2"
267,182,vehicle_driver,vehicle_driver,,,False,0,True,,llama3.1-8b,lexical,"SELECT T1.IDENTIFIER_PRIMARY_1 , T1.TEXT_FIELD_2 FROM T1 JOIN T3 ON T1.IDENTIFIER_PRIMARY_1 = T3.IDENTIFIER_REFERENCE_13 JOIN T2 ON T3.IDENTIFIER_PRIMARY_12 = T2.IDENTIFIER_PRIMARY_8 WHERE T2.DESCRIPTIVE_ATTRIBUTE_9 = 'Jeff Gordon' OR T3.IDENTIFIER_PRIMARY_12 IN (SELECT IDENTIFIER_PRIMARY_12 FROM T3 GROUP BY IDENTIFIER_PRIMARY_12 HAVING count(*) > 2)","SELECT vehicle.Vehicle_ID , vehicle.Model FROM vehicle JOIN vehicle_driver ON vehicle.Vehicle_ID = vehicle_driver.Vehicle_ID JOIN driver ON vehicle_driver.Driver_ID = driver.Driver_ID WHERE driver.Name = 'Jeff Gordon' OR vehicle_driver.Driver_ID IN (SELECT Driver_ID FROM vehicle_driver GROUP BY Driver_ID HAVING count(*) > 2)"
268,191,vehicle_driver,vehicle_driver,,,False,0,True,,llama3.1-8b,lexical,SELECT COUNT(*) FROM T2 WHERE IDENTIFIER_PRIMARY_8 NOT IN (SELECT IDENTIFIER_PRIMARY_8 FROM T3),SELECT COUNT(*) FROM driver WHERE Driver_ID NOT IN (SELECT Driver_ID FROM vehicle_driver)
269,192,vehicle_driver,vehicle_driver,,,False,0,True,,llama3.1-8b,lexical,SELECT COUNT(T2.IDENTIFIER_PRIMARY_8) FROM T2 WHERE T2.TEXT_FIELD_11 = 'not driven',SELECT COUNT(driver.Driver_ID) FROM driver WHERE driver.Racing_Series = 'not driven'
270,251,customers_and_orders,customers_and_orders,,,False,0,True,,llama3.1-8b,lexical,"SELECT DESCRIPTIVE_ATTRIBUTE_3 FROM T1 WHERE CURRENCY_AMOUNT_4 > (SELECT AVG(CURRENCY_AMOUNT_4) FROM T1 WHERE DESCRIPTIVE_ATTRIBUTE_2 = ""hardware"")","SELECT product_name FROM Products WHERE product_price > (SELECT AVG(product_price) FROM Products WHERE product_type_code = ""hardware"")"
271,252,customers_and_orders,customers_and_orders,,,False,0,True,,llama3.1-8b,lexical,SELECT DESCRIPTIVE_ATTRIBUTE_3 FROM T1 WHERE CURRENCY_AMOUNT_4 > ( SELECT AVG(CURRENCY_AMOUNT_4) FROM T1 WHERE DESCRIPTIVE_ATTRIBUTE_3 = 'Hardware product' ),SELECT product_name FROM Products WHERE product_price > ( SELECT AVG(product_price) FROM Products WHERE product_name = 'Hardware product' )
272,295,customers_and_orders,customers_and_orders,,,False,3,False,,llama3.1-8b,lexical,"SELECT T1.IDENTIFIER_PRIMARY_1 , T1.DESCRIPITIVE_ATTRIBUTE_4 , T1.DESCRIPITIVE_ATTRIBUTE_5 , T1.DESCRIPITIVE_ATTRIBUTE_6 FROM T1 INNER JOIN T2 ON T1.IDENTIFIER_PRIMARY_1 = T2.IDENTIFIER_REFERENCE_8 INNER JOIN T3 ON T2.IDENTIFIER_PRIMARY_7 = T3.IDENTIFIER_REFERENCE_12 GROUP BY T1.IDENTIFIER_PRIMARY_1 ORDER BY COUNT(T3.IDENTIFIER_REFERENCE_12) DESC LIMIT 1","SELECT Customers.customer_id , Customers.DESCRIPITIVE_ATTRIBUTE_4 , Customers.DESCRIPITIVE_ATTRIBUTE_5 , Customers.DESCRIPITIVE_ATTRIBUTE_6 FROM Customers INNER JOIN Customer_Orders ON Customers.customer_id = Customer_Orders.customer_id INNER JOIN Order_Items ON Customer_Orders.order_id = Order_Items.order_id GROUP BY Customers.customer_id ORDER BY COUNT(Order_Items.order_id) DESC LIMIT 1"
273,296,customers_and_orders,customers_and_orders,,,False,0,True,,llama3.1-8b,lexical,"SELECT T1.IDENTIFIER_PRIMARY_1 , T1.DESCRIPTIVE_ATTRIBUTE_5 , T1.DESCRIPTIVE_ATTRIBUTE_4 , T1.DESCRIPTIVE_ATTRIBUTE_6 FROM T1 JOIN T2 ON T1.IDENTIFIER_PRIMARY_1 = T2.IDENTIFIER_REFERENCE_8 JOIN T3 ON T2.IDENTIFIER_PRIMARY_7 = T3.IDENTIFIER_REFERENCE_12 GROUP BY T1.IDENTIFIER_PRIMARY_1 ORDER BY count(T3.IDENTIFIER_REFERENCE_13) DESC LIMIT 1","SELECT Customers.customer_id , Customers.customer_phone , Customers.customer_name , Customers.customer_email FROM Customers JOIN Customer_Orders ON Customers.customer_id = Customer_Orders.customer_id JOIN Order_Items ON Customer_Orders.order_id = Order_Items.order_id GROUP BY Customers.customer_id ORDER BY count(Order_Items.product_id) DESC LIMIT 1"
274,301,customers_and_orders,customers_and_orders,,,False,0,True,,llama3.1-8b,lexical,SELECT COUNT(T1.IDENTIFIER_PRIMARY_1) FROM T1 WHERE T1.IDENTIFIER_PRIMARY_1 NOT IN (SELECT T2.IDENTIFIER_PRIMARY_7 FROM T2),SELECT COUNT(Customers.customer_id) FROM Customers WHERE Customers.customer_id NOT IN (SELECT Customer_Orders.order_id FROM Customer_Orders)
275,302,customers_and_orders,customers_and_orders,,,False,0,True,,llama3.1-8b,lexical,SELECT COUNT(*) FROM T1 WHERE IDENTIFIER_PRIMARY_1 NOT IN (SELECT IDENTIFIER_REFERENCE_12 FROM T3),SELECT COUNT(*) FROM Customers WHERE customer_id NOT IN (SELECT order_id FROM Order_Items)
276,313,customers_and_orders,customers_and_orders,,,False,1,True,,llama3.1-8b,lexical,"SELECT T2.CHRONOLOGICAL_MARKER_7, T2.IDENTIFIER_REFERENCE_6 FROM T3 JOIN T1 ON T3.IDENTIFIER_REFERENCE_11 = T1.IDENTIFIER_PRIMARY_1 JOIN T2 ON T3.IDENTIFIER_REFERENCE_10 = T2.IDENTIFIER_PRIMARY_5 WHERE T3.MEASUREMENT_VALUE_12 > 6 OR T1.CURRENCY_AMOUNT_4 > 3","SELECT Customer_Orders.order_date, Customer_Orders.customer_id FROM Order_Items JOIN Products ON Order_Items.product_id = Products.product_id JOIN Customer_Orders ON Order_Items.order_id = Customer_Orders.order_id WHERE Order_Items.order_quantity > 6 OR Products.product_price > 3"
277,314,customers_and_orders,customers_and_orders,,,False,1,True,,llama3.1-8b,lexical,"SELECT T3.IDENTIFIER_REFERENCE_10 , T2.CHRONOLOGICAL_MARKER_7 FROM T3 JOIN T2 ON T3.IDENTIFIER_REFERENCE_10 = T2.IDENTIFIER_PRIMARY_5 WHERE T3.MEASUREMENT_VALUE_12 > 6 OR T3.IDENTIFIER_REFERENCE_11 > 3","SELECT Order_Items.order_id , Customer_Orders.order_date FROM Order_Items JOIN Customer_Orders ON Order_Items.order_id = Customer_Orders.order_id WHERE Order_Items.order_quantity > 6 OR Order_Items.product_id > 3"
278,337,region_building,region_building,,,False,1,True,,llama3.1-8b,lexical,SELECT T2.LOCATION_ATTRIBUTE_9 FROM T1 AS T1 JOIN T2 AS T2 ON T1.IDENTIFIER_REFERENCE_2 = T2.IDENTIFIER_PRIMARY_7 GROUP BY T2.LOCATION_ATTRIBUTE_9 ORDER BY COUNT(T1.DESCRIPTIVE_ATTRIBUTE_3) DESC LIMIT 1,SELECT region.Capital FROM building AS building JOIN region AS region ON building.Region_ID = region.Region_ID GROUP BY region.Capital ORDER BY COUNT(building.Name) DESC LIMIT 1
279,338,region_building,region_building,,,False,0,True,,llama3.1-8b,lexical,"SELECT T2.LOCATION_ATTRIBUTE_10, T2.LOCATION_ATTRIBUTE_9 FROM T2 JOIN T1 ON T1.IDENTIFIER_REFERENCE_2 = T2.IDENTIFIER_PRIMARY_7 GROUP BY T2.LOCATION_ATTRIBUTE_10 ORDER BY COUNT(T1.DESCRIPTIVE_ATTRIBUTE_3) DESC LIMIT 1","SELECT region.Area, region.Capital FROM region JOIN building ON building.Region_ID = region.Region_ID GROUP BY region.Area ORDER BY COUNT(building.Name) DESC LIMIT 1"
280,365,government_shift,government_shift,,,False,0,True,,llama3.1-8b,lexical,SELECT T2.TEXT_FIELD_4 FROM T3 AS T1 JOIN T2 ON T1.IDENTIFIER_REFERENCE_7 = T2.IDENTIFIER_PRIMARY_3 JOIN T4 AS T3 ON T3.IDENTIFIER_REFERENCE_11 = T2.IDENTIFIER_PRIMARY_3 GROUP BY T2.TEXT_FIELD_4 ORDER BY COUNT(T3.IDENTIFIER_PRIMARY_9) DESC LIMIT 1,SELECT Customers.Customer_Details FROM Customers_and_Services AS Services JOIN Customers ON Services.Service_ID = Customers.Customer_ID JOIN Customer_Interactions AS Customers_and_Services ON Customers_and_Services.Customer_ID = Customers.Customer_ID GROUP BY Customers.Customer_Details ORDER BY COUNT(Customers_and_Services.Customer_Interaction_ID) DESC LIMIT 1
281,366,government_shift,government_shift,,,False,0,True,,llama3.1-8b,lexical,SELECT T2.TEXT_FIELD_4 FROM T2 JOIN T3 ON T3.IDENTIFIER_REFERENCE_6 = T2.IDENTIFIER_PRIMARY_3 JOIN T1 ON T1.IDENTIFIER_PRIMARY_1 = T3.IDENTIFIER_REFERENCE_7 GROUP BY T2.TEXT_FIELD_4 ORDER BY COUNT(T3.TEXT_FIELD_8) DESC LIMIT 1,SELECT Customers.Customer_Details FROM Customers JOIN Customers_and_Services ON Customers_and_Services.Customer_ID = Customers.Customer_ID JOIN Services ON Services.Service_ID = Customers_and_Services.Service_ID GROUP BY Customers.Customer_Details ORDER BY COUNT(Customers_and_Services.Customers_and_Services_Details) DESC LIMIT 1
282,367,government_shift,government_shift,,,False,0,True,,llama3.1-8b,lexical,"SELECT T2.TEXT_FIELD_4 , T1.IDENTIFIER_PRIMARY_1 FROM T3 AS T1 JOIN T2 ON T1.IDENTIFIER_REFERENCE_6 = T2.IDENTIFIER_PRIMARY_3 GROUP BY T2.TEXT_FIELD_4 ORDER BY COUNT(T1.IDENTIFIER_PRIMARY_1) DESC LIMIT 1","SELECT Customers.Customer_Details , Services.Service_ID FROM Customers_and_Services AS Services JOIN Customers ON Services.Customer_ID = Customers.Customer_ID GROUP BY Customers.Customer_Details ORDER BY COUNT(Services.Service_ID) DESC LIMIT 1"
283,368,government_shift,government_shift,,,False,1,True,,llama3.1-8b,lexical,"SELECT T2.TEXT_FIELD_4 , COUNT(T3.IDENTIFIER_PRIMARY_5) FROM T3 AS T3 JOIN T2 AS T2 ON T3.IDENTIFIER_REFERENCE_6 = T2.IDENTIFIER_PRIMARY_3 JOIN T1 AS T1 ON T3.IDENTIFIER_REFERENCE_7 = T1.IDENTIFIER_PRIMARY_1 GROUP BY T2.IDENTIFIER_PRIMARY_3 ORDER BY COUNT(T3.IDENTIFIER_PRIMARY_5) DESC LIMIT 1","SELECT Customers.Customer_Details , COUNT(Customers_and_Services.Customers_and_Services_ID) FROM Customers_and_Services AS Customers_and_Services JOIN Customers AS Customers ON Customers_and_Services.Customer_ID = Customers.Customer_ID JOIN Services AS Services ON Customers_and_Services.Service_ID = Services.Service_ID GROUP BY Customers.Customer_ID ORDER BY COUNT(Customers_and_Services.Customers_and_Services_ID) DESC LIMIT 1"
284,371,government_shift,government_shift,,,False,1,True,,llama3.1-8b,lexical,SELECT T2.TEXT_FIELD_4 FROM T3 JOIN T2 ON T3.IDENTIFIER_REFERENCE_6 = T2.IDENTIFIER_PRIMARY_3 JOIN T1 ON T3.IDENTIFIER_REFERENCE_7 = T1.IDENTIFIER_PRIMARY_1 WHERE T1.IDENTIFIER_PRIMARY_1 = ( SELECT T1.IDENTIFIER_PRIMARY_1 FROM T1 JOIN T3 ON T1.IDENTIFIER_PRIMARY_1 = T3.IDENTIFIER_REFERENCE_7 GROUP BY T1.IDENTIFIER_PRIMARY_1 ORDER BY COUNT(T3.IDENTIFIER_REFERENCE_7) ASC LIMIT 1 ),SELECT Customers.Customer_Details FROM Customers_and_Services JOIN Customers ON Customers_and_Services.Customer_ID = Customers.Customer_ID JOIN Services ON Customers_and_Services.Service_ID = Services.Service_ID WHERE Services.Service_ID = ( SELECT Services.Service_ID FROM Services JOIN Customers_and_Services ON Services.Service_ID = Customers_and_Services.Service_ID GROUP BY Services.Service_ID ORDER BY COUNT(Customers_and_Services.Service_ID) ASC LIMIT 1 )
285,372,government_shift,government_shift,,,False,0,True,,llama3.1-8b,lexical,SELECT T2.TEXT_FIELD_4 FROM T3 AS T1 JOIN T2 ON T1.IDENTIFIER_REFERENCE_6 = T2.IDENTIFIER_PRIMARY_3 WHERE T1.IDENTIFIER_PRIMARY_1 = (SELECT IDENTIFIER_PRIMARY_1 FROM T1 GROUP BY IDENTIFIER_PRIMARY_1 ORDER BY COUNT(*) ASC LIMIT 1),SELECT Customers.Customer_Details FROM Customers_and_Services AS Services JOIN Customers ON Services.Customer_ID = Customers.Customer_ID WHERE Services.Service_ID = (SELECT Service_ID FROM Services GROUP BY Service_ID ORDER BY COUNT(*) ASC LIMIT 1)
286,377,government_shift,government_shift,,,False,0,True,,llama3.1-8b,lexical,"SELECT T1.TEXT_FIELD_2 FROM T1 JOIN T3 ON T1.IDENTIFIER_PRIMARY_1 = T3.IDENTIFIER_REFERENCE_7 JOIN T4 ON T3.IDENTIFIER_REFERENCE_6 = T4.IDENTIFIER_REFERENCE_11 WHERE T4.DESCRIPTIVE_ATTRIBUTE_13 = ""good"" OR T4.TEXT_FIELD_14 = ""Hardy Kutch""","SELECT Services.Service_Details FROM Services JOIN Customers_and_Services ON Services.Service_ID = Customers_and_Services.Service_ID JOIN Customer_Interactions ON Customers_and_Services.Customer_ID = Customer_Interactions.Customer_ID WHERE Customer_Interactions.Status_Code = ""good"" OR Customer_Interactions.Services_and_Channels_Details = ""Hardy Kutch"""
287,378,government_shift,government_shift,,,False,0,True,,llama3.1-8b,lexical,SELECT T1.TEXT_FIELD_2 FROM T1 AS T1 JOIN T4 AS T4 ON T1.IDENTIFIER_PRIMARY_1 = T4.IDENTIFIER_REFERENCE_12 WHERE T4.IDENTIFIER_REFERENCE_11 = ( SELECT IDENTIFIER_PRIMARY_3 FROM T2 WHERE TEXT_FIELD_4 = 'Hardy Kutch' ) INTERSECT SELECT T1.TEXT_FIELD_2 FROM T1 AS T1 JOIN T3 AS T3 ON T1.IDENTIFIER_PRIMARY_1 = T3.IDENTIFIER_REFERENCE_7 WHERE T3.TEXT_FIELD_8 = 'good',SELECT Services.Service_Details FROM Services AS Services JOIN Customer_Interactions AS Customer_Interactions ON Services.Service_ID = Customer_Interactions.Service_ID WHERE Customer_Interactions.Customer_ID = ( SELECT Customer_ID FROM Customers WHERE Customer_Details = 'Hardy Kutch' ) INTERSECT SELECT Services.Service_Details FROM Services AS Services JOIN Customers_and_Services AS Customers_and_Services ON Services.Service_ID = Customers_and_Services.Service_ID WHERE Customers_and_Services.Customers_and_Services_Details = 'good'
288,379,government_shift,government_shift,,,False,0,True,,llama3.1-8b,lexical,SELECT T1.TEXT_FIELD_2 FROM T1 JOIN T3 ON T1.IDENTIFIER_PRIMARY_1 = T3.IDENTIFIER_REFERENCE_7 JOIN T4 ON T3.IDENTIFIER_REFERENCE_7 = T4.IDENTIFIER_REFERENCE_12 JOIN T2 ON T4.IDENTIFIER_REFERENCE_11 = T2.IDENTIFIER_PRIMARY_3 WHERE T2.TEXT_FIELD_4 = 'Hardy Kutch' AND T4.DESCRIPTIVE_ATTRIBUTE_13 = 'bad',SELECT Services.Service_Details FROM Services JOIN Customers_and_Services ON Services.Service_ID = Customers_and_Services.Service_ID JOIN Customer_Interactions ON Customers_and_Services.Service_ID = Customer_Interactions.Service_ID JOIN Customers ON Customer_Interactions.Customer_ID = Customers.Customer_ID WHERE Customers.Customer_Details = 'Hardy Kutch' AND Customer_Interactions.Status_Code = 'bad'
289,380,government_shift,government_shift,,,False,0,True,,llama3.1-8b,lexical,SELECT T1.TEXT_FIELD_2 FROM T1 INNER JOIN T4 ON T1.IDENTIFIER_PRIMARY_1 = T4.IDENTIFIER_REFERENCE_12 INNER JOIN T2 ON T4.IDENTIFIER_REFERENCE_11 = T2.IDENTIFIER_PRIMARY_3 WHERE T2.TEXT_FIELD_4 = 'Hardy Kutch' AND T4.DESCRIPTIVE_ATTRIBUTE_13 = 'bad',SELECT Services.Service_Details FROM Services INNER JOIN Customer_Interactions ON Services.Service_ID = Customer_Interactions.Service_ID INNER JOIN Customers ON Customer_Interactions.Customer_ID = Customers.Customer_ID WHERE Customers.Customer_Details = 'Hardy Kutch' AND Customer_Interactions.Status_Code = 'bad'
290,401,vehicle_rent,vehicle_rent,,,False,0,True,,llama3.1-8b,lexical,"SELECT TEXT_FIELD_17 , DESCRIPTIVE_ATTRIBUTE_11 , CURRENCY_AMOUNT_16 FROM T3 WHERE CHRONOLOGICAL_MARKER_10 = 2013 INTERSECT SELECT TEXT_FIELD_17 , DESCRIPTIVE_ATTRIBUTE_11 , CURRENCY_AMOUNT_16 FROM T3 WHERE CHRONOLOGICAL_MARKER_10 = 2014","SELECT Notes , Type_of_powertrain , Annual_fuel_cost FROM Vehicles WHERE Model_year = 2013 INTERSECT SELECT Notes , Type_of_powertrain , Annual_fuel_cost FROM Vehicles WHERE Model_year = 2014"
291,402,vehicle_rent,vehicle_rent,,,False,3,False,,llama3.1-8b,lexical,"SELECT T1.DESCRIPITIVE_ATTRIBUTE_2 , T2.DESCRIPATIVE_ATTRIBUTE_6 , T3.CURRENCY_AMOUNT_15 FROM T3 AS T3 JOIN T4 AS T4 ON T3.IDENTIFIER_PRIMARY_8 = T4.IDENTIFIER_REFERENCE_21 JOIN T1 AS T1 ON T4.IDENTIFIER_REFERENCE_19 = T1.IDENTIFIER_PRIMARY_1 JOIN T2 AS T2 ON T4.IDENTIFIER_REFERENCE_20 = T2.IDENTIFIER_PRIMARY_5 WHERE T3.CHRONOLOGICAL_MARKER_10 = 2013 OR T3.CHRONOLOGICAL_MARKER_10 = 2014","SELECT Customers.DESCRIPITIVE_ATTRIBUTE_2 , Discount.DESCRIPATIVE_ATTRIBUTE_6 , Vehicles.Cost_per_25_miles FROM Vehicles AS Vehicles JOIN Renting_history AS Renting_history ON Vehicles.id = Renting_history.vehicles_id JOIN Customers AS Customers ON Renting_history.customer_id = Customers.id JOIN Discount AS Discount ON Renting_history.discount_id = Discount.id WHERE Vehicles.Model_year = 2013 OR Vehicles.Model_year = 2014"
292,429,vehicle_rent,vehicle_rent,,,False,0,True,,llama3.1-8b,lexical,"SELECT T3.DESCRIPTIVE_ATTRIBUTE_9, T1.DESCRIPTIVE_ATTRIBUTE_2 FROM T4 AS T4 JOIN T3 ON T4.IDENTIFIER_REFERENCE_21 = T3.IDENTIFIER_PRIMARY_8 JOIN T1 ON T4.IDENTIFIER_REFERENCE_19 = T1.IDENTIFIER_PRIMARY_1 GROUP BY T3.IDENTIFIER_PRIMARY_8 ORDER BY COUNT(T4.IDENTIFIER_PRIMARY_18) DESC LIMIT 1","SELECT Vehicles.name, Customers.name FROM Renting_history AS Renting_history JOIN Vehicles ON Renting_history.vehicles_id = Vehicles.id JOIN Customers ON Renting_history.customer_id = Customers.id GROUP BY Vehicles.id ORDER BY COUNT(Renting_history.id) DESC LIMIT 1"
293,430,vehicle_rent,vehicle_rent,,,False,0,True,,llama3.1-8b,lexical,"SELECT T1.DESCRIPTIVE_ATTRIBUTE_2 , T3.CHRONOLOGICAL_MARKER_10 FROM T1 JOIN T4 ON T1.IDENTIFIER_PRIMARY_1 = T4.IDENTIFIER_REFERENCE_19 JOIN T3 ON T4.IDENTIFIER_REFERENCE_21 = T3.IDENTIFIER_PRIMARY_8 JOIN T2 ON T4.IDENTIFIER_REFERENCE_20 = T2.IDENTIFIER_PRIMARY_5 ORDER BY T4.MEASUREMENT_VALUE_22 DESC LIMIT 1","SELECT Customers.name , Vehicles.Model_year FROM Customers JOIN Renting_history ON Customers.id = Renting_history.customer_id JOIN Vehicles ON Renting_history.vehicles_id = Vehicles.id JOIN Discount ON Renting_history.discount_id = Discount.id ORDER BY Renting_history.total_hours DESC LIMIT 1"
294,433,vehicle_rent,vehicle_rent,,,False,3,False,,llama3.1-8b,lexical,SELECT T2.DESCRIBITIVE_ATTRIBUTE_6 FROM T4 AS T1 JOIN T2 ON T1.IDENTIFIER_REFERENCE_20 = T2.IDENTIFIER_PRIMARY_5 GROUP BY T2.DESCRIBITIVE_ATTRIBUTE_6 ORDER BY COUNT(T1.IDENTIFIER_PRIMARY_18) DESC LIMIT 1,SELECT Discount.DESCRIBITIVE_ATTRIBUTE_6 FROM Renting_history AS Customers JOIN Discount ON Customers.discount_id = Discount.id GROUP BY Discount.DESCRIBITIVE_ATTRIBUTE_6 ORDER BY COUNT(Customers.id) DESC LIMIT 1
295,434,vehicle_rent,vehicle_rent,,,False,3,False,,llama3.1-8b,lexical,SELECT T2.DESCRIPITIVE_ATTRIBUTE_6 FROM T4 AS T4 JOIN T2 ON T4.IDENTIFIER_REFERENCE_20 = T2.IDENTIFIER_PRIMARY_5 GROUP BY T2.DESCRIPITIVE_ATTRIBUTE_6 ORDER BY COUNT(T4.IDENTIFIER_PRIMARY_18) DESC LIMIT 1,SELECT Discount.DESCRIPITIVE_ATTRIBUTE_6 FROM Renting_history AS Renting_history JOIN Discount ON Renting_history.discount_id = Discount.id GROUP BY Discount.DESCRIPITIVE_ATTRIBUTE_6 ORDER BY COUNT(Renting_history.id) DESC LIMIT 1
296,441,cre_Students_Information_Systems,cre_Students_Information_Systems,,,False,0,True,,llama3.1-8b,lexical,"SELECT T1.TEXT_FIELD_2 , T1.IDENTIFIER_PRIMARY_1 FROM T1 AS T1 JOIN T2 AS T2 ON T1.IDENTIFIER_PRIMARY_1 = T2.IDENTIFIER_REFERENCE_5 WHERE T2.IDENTIFIER_REFERENCE_6 = ( SELECT IDENTIFIER_REFERENCE_6 FROM T2 GROUP BY IDENTIFIER_REFERENCE_6 HAVING COUNT(*) >= 2 ) OR T1.IDENTIFIER_PRIMARY_1 IN ( SELECT T1.IDENTIFIER_PRIMARY_1 FROM T1 AS T1 JOIN T4 AS T4 ON T1.IDENTIFIER_PRIMARY_1 = T4.IDENTIFIER_REFERENCE_16 GROUP BY T1.IDENTIFIER_PRIMARY_1 HAVING COUNT(*) < 2 )","SELECT Students.bio_data , Students.student_id FROM Students AS Students JOIN Classes AS Classes ON Students.student_id = Classes.student_id WHERE Classes.teacher_id = ( SELECT teacher_id FROM Classes GROUP BY teacher_id HAVING COUNT(*) >= 2 ) OR Students.student_id IN ( SELECT Students.student_id FROM Students AS Students JOIN Detention AS Detention ON Students.student_id = Detention.student_id GROUP BY Students.student_id HAVING COUNT(*) < 2 )"
297,442,cre_Students_Information_Systems,cre_Students_Information_Systems,,,False,1,True,,llama3.1-8b,lexical,"SELECT T1.TEXT_FIELD_2 , T1.IDENTIFIER_PRIMARY_1 FROM T1 AS T1 JOIN T2 AS T2 ON T2.IDENTIFIER_REFERENCE_5 = T1.IDENTIFIER_PRIMARY_1 JOIN T4 AS T4 ON T4.IDENTIFIER_REFERENCE_16 = T1.IDENTIFIER_PRIMARY_1 GROUP BY T1.IDENTIFIER_PRIMARY_1 HAVING COUNT(T2.IDENTIFIER_PRIMARY_4) >= 2 OR COUNT(T4.IDENTIFIER_PRIMARY_14) < 2","SELECT Students.bio_data , Students.student_id FROM Students AS Students JOIN Classes AS Classes ON Classes.student_id = Students.student_id JOIN Detention AS Detention ON Detention.student_id = Students.student_id GROUP BY Students.student_id HAVING COUNT(Classes.class_id) >= 2 OR COUNT(Detention.detention_id) < 2"
298,443,cre_Students_Information_Systems,cre_Students_Information_Systems,,,False,3,False,,llama3.1-8b,lexical,SELECT T2.TEXT_FIELD_5 FROM T2 JOIN T3 ON T2.IDENTIFIER_PRIMARY_4 = T3.IDENTIFIER_REFERENCE_8 WHERE T3.DESCRIPITIVE_ATTRIBUTE_9 LIKE '%data%' AND T2.IDENTIFIER_PRIMARY_4 NOT IN (SELECT T3.IDENTIFIER_REFERENCE_8 FROM T3 WHERE T3.DESCRIPITIVE_ATTRIBUTE_9 LIKE 'net%'),SELECT Teachers.teacher_details FROM Teachers JOIN Classes ON Teachers.teacher_id = Classes.teacher_id WHERE Classes.DESCRIPITIVE_ATTRIBUTE_9 LIKE '%data%' AND Teachers.teacher_id NOT IN (SELECT Classes.teacher_id FROM Classes WHERE Classes.DESCRIPITIVE_ATTRIBUTE_9 LIKE 'net%')
299,444,cre_Students_Information_Systems,cre_Students_Information_Systems,,,False,0,True,,llama3.1-8b,lexical,SELECT TEXT_FIELD_5 FROM T2 WHERE IDENTIFIER_PRIMARY_4 IN (SELECT IDENTIFIER_REFERENCE_8 FROM T3 WHERE DESCRIPTIVE_ATTRIBUTE_9 LIKE '%data%' EXCEPT SELECT IDENTIFIER_REFERENCE_8 FROM T3 WHERE DESCRIPTIVE_ATTRIBUTE_9 LIKE 'net%'),SELECT teacher_details FROM Teachers WHERE teacher_id IN (SELECT teacher_id FROM Classes WHERE class_details LIKE '%data%' EXCEPT SELECT teacher_id FROM Classes WHERE class_details LIKE 'net%')
300,447,cre_Students_Information_Systems,cre_Students_Information_Systems,,,False,0,True,,llama3.1-8b,lexical,"SELECT T2.CURRENCY_AMOUNT_7 , T2.CHRONOLOGICAL_MARKER_6 FROM T1 AS T1 JOIN T2 ON T1.IDENTIFIER_PRIMARY_1 = T2.IDENTIFIER_REFERENCE_5 JOIN T4 ON T1.IDENTIFIER_PRIMARY_1 = T4.IDENTIFIER_REFERENCE_17 GROUP BY T1.IDENTIFIER_PRIMARY_1 HAVING Count(T4.IDENTIFIER_PRIMARY_15) >= 2","SELECT Student_Loans.amount_of_loan , Student_Loans.date_of_loan FROM Students AS Students JOIN Student_Loans ON Students.student_id = Student_Loans.student_id JOIN Achievements ON Students.student_id = Achievements.student_id GROUP BY Students.student_id HAVING Count(Achievements.achievement_id) >= 2"
301,448,cre_Students_Information_Systems,cre_Students_Information_Systems,,,False,0,True,,llama3.1-8b,lexical,"SELECT T2.CURRENCY_AMOUNT_7, T2.CHRONOLOGICAL_MARKER_6 FROM T2 JOIN T1 ON T2.IDENTIFIER_REFERENCE_5 = T1.IDENTIFIER_PRIMARY_1 JOIN T4 ON T4.IDENTIFIER_REFERENCE_17 = T1.IDENTIFIER_PRIMARY_1 WHERE T4.IDENTIFIER_REFERENCE_16 IN (SELECT TEXT_FIELD_20 FROM T4 GROUP BY TEXT_FIELD_20 HAVING COUNT(TEXT_FIELD_20) > 1)","SELECT Student_Loans.amount_of_loan, Student_Loans.date_of_loan FROM Student_Loans JOIN Students ON Student_Loans.student_id = Students.student_id JOIN Achievements ON Achievements.student_id = Students.student_id WHERE Achievements.achievement_type_code IN (SELECT other_details FROM Achievements GROUP BY other_details HAVING COUNT(other_details) > 1)"
302,449,cre_Students_Information_Systems,cre_Students_Information_Systems,,,False,0,True,,llama3.1-8b,lexical,"SELECT T3.TEXT_FIELD_9 , T1.IDENTIFIER_PRIMARY_1 FROM T1 INNER JOIN T4 ON T1.IDENTIFIER_PRIMARY_1 = T4.IDENTIFIER_REFERENCE_11 INNER JOIN T3 ON T4.IDENTIFIER_REFERENCE_12 = T3.IDENTIFIER_PRIMARY_8 GROUP BY T3.TEXT_FIELD_9 ORDER BY COUNT(T4.IDENTIFIER_REFERENCE_12) DESC LIMIT 1","SELECT Teachers.teacher_details , Students.student_id FROM Students INNER JOIN Classes ON Students.student_id = Classes.student_id INNER JOIN Teachers ON Classes.teacher_id = Teachers.teacher_id GROUP BY Teachers.teacher_details ORDER BY COUNT(Classes.teacher_id) DESC LIMIT 1"
303,450,cre_Students_Information_Systems,cre_Students_Information_Systems,,,False,2,True,,llama3.1-8b,lexical,"SELECT T3.IDENTIFIER_PRIMARY_8 , T1.TEXT_FIELD_2 FROM T3 AS T3 JOIN T4 AS T4 ON T3.IDENTIFIER_PRIMARY_8 = T4.IDENTIFIER_REFERENCE_12 JOIN T1 AS T1 ON T4.IDENTIFIER_REFERENCE_11 = T1.IDENTIFIER_PRIMARY_1 GROUP BY T4.IDENTIFIER_REFERENCE_11 ORDER BY COUNT(T4.IDENTIFIER_REFERENCE_11) DESC LIMIT 1","SELECT Teachers.teacher_id , Students.bio_data FROM Teachers AS Teachers JOIN Classes AS Classes ON Teachers.teacher_id = Classes.teacher_id JOIN Students AS Students ON Classes.student_id = Students.student_id GROUP BY Classes.student_id ORDER BY COUNT(Classes.student_id) DESC LIMIT 1"
304,461,cre_Students_Information_Systems,cre_Students_Information_Systems,,,False,0,True,,llama3.1-8b,lexical,"SELECT T1.TEXT_FIELD_2, T1.TEXT_FIELD_3, T4.CURRENCY_AMOUNT_15, T4.CHRONOLOGICAL_MARKER_14 FROM T1 JOIN T4 ON T4.IDENTIFIER_REFERENCE_13 = T1.IDENTIFIER_PRIMARY_1 JOIN T2 ON T2.IDENTIFIER_REFERENCE_5 = T1.IDENTIFIER_PRIMARY_1 WHERE T2.TEXT_FIELD_6 = 'result obtained by 3 students in behaviour monitoring' AND T1.IDENTIFIER_PRIMARY_1 IN (SELECT IDENTIFIER_REFERENCE_5 FROM T2 GROUP BY IDENTIFIER_REFERENCE_5 ORDER BY COUNT(*) DESC LIMIT 1)","SELECT Students.bio_data, Students.student_details, Student_Loans.amount_of_loan, Student_Loans.date_of_loan FROM Students JOIN Student_Loans ON Student_Loans.student_id = Students.student_id JOIN Behaviour_Monitoring ON Behaviour_Monitoring.student_id = Students.student_id WHERE Behaviour_Monitoring.behaviour_monitoring_details = 'result obtained by 3 students in behaviour monitoring' AND Students.student_id IN (SELECT student_id FROM Behaviour_Monitoring GROUP BY student_id ORDER BY COUNT(*) DESC LIMIT 1)"
305,462,cre_Students_Information_Systems,cre_Students_Information_Systems,,,False,1,True,,llama3.1-8b,lexical,"SELECT T1.TEXT_FIELD_2 , T3.TEXT_FIELD_11 FROM T1 JOIN T2 ON T1.IDENTIFIER_PRIMARY_1 = T2.IDENTIFIER_REFERENCE_5 JOIN T3 ON T1.IDENTIFIER_PRIMARY_1 = T3.IDENTIFIER_REFERENCE_9 WHERE T2.TEXT_FIELD_6 = ( SELECT TEXT_FIELD_6 FROM T2 GROUP BY TEXT_FIELD_6 ORDER BY COUNT(*) DESC LIMIT 1 ) INTERSECT SELECT T1.TEXT_FIELD_2 , T3.TEXT_FIELD_11 FROM T1 JOIN T2 ON T1.IDENTIFIER_PRIMARY_1 = T2.IDENTIFIER_REFERENCE_5 JOIN T3 ON T1.IDENTIFIER_PRIMARY_1 = T3.IDENTIFIER_REFERENCE_9 WHERE T2.TEXT_FIELD_6 = ( SELECT TEXT_FIELD_6 FROM T2 GROUP BY TEXT_FIELD_6 ORDER BY COUNT(*) DESC LIMIT 1 OFFSET 1 ) INTERSECT SELECT T1.TEXT_FIELD_2 , T3.CHRONOLOGICAL_MARKER_10 FROM T1 JOIN T3 ON T1.IDENTIFIER_PRIMARY_1 = T3.IDENTIFIER_REFERENCE_9 GROUP BY T1.TEXT_FIELD_2 , T3.CHRONOLOGICAL_MARKER_10 HAVING COUNT(*) = 3","SELECT Students.bio_data , Student_Events.other_details FROM Students JOIN Behaviour_Monitoring ON Students.student_id = Behaviour_Monitoring.student_id JOIN Student_Events ON Students.student_id = Student_Events.student_id WHERE Behaviour_Monitoring.behaviour_monitoring_details = ( SELECT behaviour_monitoring_details FROM Behaviour_Monitoring GROUP BY behaviour_monitoring_details ORDER BY COUNT(*) DESC LIMIT 1 ) INTERSECT SELECT Students.bio_data , Student_Events.other_details FROM Students JOIN Behaviour_Monitoring ON Students.student_id = Behaviour_Monitoring.student_id JOIN Student_Events ON Students.student_id = Student_Events.student_id WHERE Behaviour_Monitoring.behaviour_monitoring_details = ( SELECT behaviour_monitoring_details FROM Behaviour_Monitoring GROUP BY behaviour_monitoring_details ORDER BY COUNT(*) DESC LIMIT 1 OFFSET 1 ) INTERSECT SELECT Students.bio_data , Student_Events.event_date FROM Students JOIN Student_Events ON Students.student_id = Student_Events.student_id GROUP BY Students.bio_data , Student_Events.event_date HAVING COUNT(*) = 3"
306,463,cre_Students_Information_Systems,cre_Students_Information_Systems,,,False,0,True,,llama3.1-8b,lexical,"SELECT T1.TEXT_FIELD_2 , T1.TEXT_FIELD_3 FROM T1 JOIN T2 ON T1.IDENTIFIER_PRIMARY_1 = T2.IDENTIFIER_REFERENCE_5 GROUP BY T1.IDENTIFIER_PRIMARY_1 HAVING count(DISTINCT T2.TEXT_FIELD_6) = (SELECT count(DISTINCT TEXT_FIELD_6) FROM T2 GROUP BY IDENTIFIER_REFERENCE_5 ORDER BY count(DISTINCT TEXT_FIELD_6) DESC LIMIT 1)","SELECT Students.bio_data , Students.student_details FROM Students JOIN Behaviour_Monitoring ON Students.student_id = Behaviour_Monitoring.student_id GROUP BY Students.student_id HAVING count(DISTINCT Behaviour_Monitoring.behaviour_monitoring_details) = (SELECT count(DISTINCT behaviour_monitoring_details) FROM Behaviour_Monitoring GROUP BY student_id ORDER BY count(DISTINCT behaviour_monitoring_details) DESC LIMIT 1)"
307,464,cre_Students_Information_Systems,cre_Students_Information_Systems,,,False,0,True,,llama3.1-8b,lexical,SELECT T1.TEXT_FIELD_3 FROM T1 JOIN T2 ON T1.IDENTIFIER_PRIMARY_1 = T2.IDENTIFIER_REFERENCE_5 GROUP BY T2.TEXT_FIELD_6 ORDER BY COUNT(T2.TEXT_FIELD_6) DESC LIMIT 1,SELECT Students.student_details FROM Students JOIN Behaviour_Monitoring ON Students.student_id = Behaviour_Monitoring.student_id GROUP BY Behaviour_Monitoring.behaviour_monitoring_details ORDER BY COUNT(Behaviour_Monitoring.behaviour_monitoring_details) DESC LIMIT 1
308,467,cre_Students_Information_Systems,cre_Students_Information_Systems,,,False,0,True,,llama3.1-8b,lexical,"SELECT count(*) , T1.DESCRIPTIVE_ATTRIBUTE_2 , T1.DESCRIPTIVE_ATTRIBUTE_2 FROM T1 JOIN T4 ON T1.IDENTIFIER_PRIMARY_1 = T4.IDENTIFIER_REFERENCE_8 GROUP BY T1.DESCRIPTIVE_ATTRIBUTE_2 ORDER BY count(*) DESC LIMIT 1","SELECT count(*) , Ref_Event_Types.event_type_description , Ref_Event_Types.event_type_description FROM Ref_Event_Types JOIN Student_Events ON Ref_Event_Types.event_type_code = Student_Events.event_type_code GROUP BY Ref_Event_Types.event_type_description ORDER BY count(*) DESC LIMIT 1"
309,468,cre_Students_Information_Systems,cre_Students_Information_Systems,,,False,0,True,,llama3.1-8b,lexical,"SELECT T1.DESCRIPTIVE_ATTRIBUTE_2, COUNT(T4.IDENTIFIER_REFERENCE_9), T1.IDENTIFIER_PRIMARY_1 FROM T1 INNER JOIN T4 ON T1.IDENTIFIER_PRIMARY_1 = T4.IDENTIFIER_REFERENCE_8 GROUP BY T1.IDENTIFIER_PRIMARY_1 ORDER BY COUNT(T4.IDENTIFIER_REFERENCE_9) DESC LIMIT 1","SELECT Ref_Event_Types.event_type_description, COUNT(Student_Events.student_id), Ref_Event_Types.event_type_code FROM Ref_Event_Types INNER JOIN Student_Events ON Ref_Event_Types.event_type_code = Student_Events.event_type_code GROUP BY Ref_Event_Types.event_type_code ORDER BY COUNT(Student_Events.student_id) DESC LIMIT 1"
310,471,cre_Students_Information_Systems,cre_Students_Information_Systems,,,False,0,True,,llama3.1-8b,lexical,SELECT COUNT(T1.IDENTIFIER_PRIMARY_1) FROM T1 AS T1 JOIN T3 AS T3 ON T1.IDENTIFIER_PRIMARY_1 = T3.IDENTIFIER_REFERENCE_12 WHERE T1.TEXT_FIELD_3 = '0',SELECT COUNT(Students.student_id) FROM Students AS Students JOIN Students_Addresses AS Students_Addresses ON Students.student_id = Students_Addresses.student_id WHERE Students.student_details = '0'
311,472,cre_Students_Information_Systems,cre_Students_Information_Systems,,,False,0,True,,llama3.1-8b,lexical,SELECT COUNT(T1.IDENTIFIER_PRIMARY_1) FROM T1 AS T1 INNER JOIN T4 AS T4 ON T1.IDENTIFIER_PRIMARY_1 = T4.IDENTIFIER_REFERENCE_13 WHERE T4.IDENTIFIER_REFERENCE_12 NOT IN (SELECT IDENTIFIER_PRIMARY_4 FROM T2),SELECT COUNT(Students.student_id) FROM Students AS Students INNER JOIN Achievements AS Achievements ON Students.student_id = Achievements.student_id WHERE Achievements.achievement_type_code NOT IN (SELECT achievement_type_code FROM Ref_Achievement_Type)
312,489,cre_Students_Information_Systems,cre_Students_Information_Systems,,,False,3,False,,llama3.1-8b,lexical,"SELECT T1.IDENTIFIER_PRIMARY_1, T1.DESCRIBITIVE_ATTRIBUTE_2 FROM T1 AS T1 JOIN T3 AS T2 ON T1.IDENTIFIER_PRIMARY_1 = T2.IDENTIFIER_PRIMARY_5 JOIN T4 AS T3 ON T2.IDENTIFIER_PRIMARY_5 = T3.IDENTIFIER_REFERENCE_8 GROUP BY T1.DESCRIBITIVE_ATTRIBUTE_2 ORDER BY COUNT(T1.DESCRIBITIVE_ATTRIBUTE_2) ASC LIMIT 1","SELECT Ref_Event_Types.event_type_code, Ref_Event_Types.DESCRIBITIVE_ATTRIBUTE_2 FROM Ref_Event_Types AS Ref_Event_Types JOIN Ref_Detention_Type AS Ref_Achievement_Type ON Ref_Event_Types.event_type_code = Ref_Achievement_Type.detention_type_code JOIN Detention AS Ref_Detention_Type ON Ref_Achievement_Type.detention_type_code = Ref_Detention_Type.detention_type_code GROUP BY Ref_Event_Types.DESCRIBITIVE_ATTRIBUTE_2 ORDER BY COUNT(Ref_Event_Types.DESCRIBITIVE_ATTRIBUTE_2) ASC LIMIT 1"
313,490,cre_Students_Information_Systems,cre_Students_Information_Systems,,,False,2,True,,llama3.1-8b,lexical,"SELECT T1.IDENTIFIER_PRIMARY_1 , T2.DESCRIPTIVE_ATTRIBUTE_4 FROM T1 INNER JOIN T2 ON T1.IDENTIFIER_PRIMARY_1 = T2.IDENTIFIER_PRIMARY_3 GROUP BY T1.IDENTIFIER_PRIMARY_1 ORDER BY COUNT(T1.IDENTIFIER_PRIMARY_1) ASC LIMIT 1","SELECT Ref_Event_Types.event_type_code , Ref_Achievement_Type.achievement_type_description FROM Ref_Event_Types INNER JOIN Ref_Achievement_Type ON Ref_Event_Types.event_type_code = Ref_Achievement_Type.achievement_type_code GROUP BY Ref_Event_Types.event_type_code ORDER BY COUNT(Ref_Event_Types.event_type_code) ASC LIMIT 1"
314,491,cre_Students_Information_Systems,cre_Students_Information_Systems,,,False,0,True,,llama3.1-8b,lexical,"SELECT T1.TEXT_FIELD_2 , T1.TEXT_FIELD_3 , T2.CURRENCY_AMOUNT_7 FROM T1 INNER JOIN T2 ON T1.IDENTIFIER_PRIMARY_1 = T2.IDENTIFIER_REFERENCE_5 WHERE T2.CURRENCY_AMOUNT_7 > (SELECT avg(CURRENCY_AMOUNT_7) FROM T2)","SELECT Students.bio_data , Students.student_details , Student_Loans.amount_of_loan FROM Students INNER JOIN Student_Loans ON Students.student_id = Student_Loans.student_id WHERE Student_Loans.amount_of_loan > (SELECT avg(amount_of_loan) FROM Student_Loans)"
315,492,cre_Students_Information_Systems,cre_Students_Information_Systems,,,False,0,True,,llama3.1-8b,lexical,"SELECT T1.TEXT_FIELD_2 , T1.TEXT_FIELD_3 FROM T1 INNER JOIN T2 ON T1.IDENTIFIER_PRIMARY_1 = T2.IDENTIFIER_REFERENCE_5 WHERE T2.CURRENCY_AMOUNT_7 > ( SELECT AVG(CURRENCY_AMOUNT_7) FROM T2 )","SELECT Students.bio_data , Students.student_details FROM Students INNER JOIN Student_Loans ON Students.student_id = Student_Loans.student_id WHERE Student_Loans.amount_of_loan > ( SELECT AVG(amount_of_loan) FROM Student_Loans )"
316,499,cre_Students_Information_Systems,cre_Students_Information_Systems,,,False,0,True,,llama3.1-8b,lexical,SELECT T3.TEXT_FIELD_9 FROM T1 JOIN T2 ON T1.IDENTIFIER_PRIMARY_1 = T2.IDENTIFIER_REFERENCE_5 JOIN T3 ON T2.IDENTIFIER_PRIMARY_4 = T3.IDENTIFIER_PRIMARY_8 WHERE T2.IDENTIFIER_PRIMARY_4 = ( SELECT MIN(IDENTIFIER_PRIMARY_4) FROM T2 ),SELECT Teachers.teacher_details FROM Students JOIN Transcripts ON Students.student_id = Transcripts.student_id JOIN Teachers ON Transcripts.transcript_id = Teachers.teacher_id WHERE Transcripts.transcript_id = ( SELECT MIN(transcript_id) FROM Transcripts )
317,500,cre_Students_Information_Systems,cre_Students_Information_Systems,,,False,0,True,,llama3.1-8b,lexical,SELECT T1.TEXT_FIELD_3 FROM T1 INNER JOIN T2 ON T1.IDENTIFIER_PRIMARY_1 = T2.IDENTIFIER_REFERENCE_5 WHERE T2.IDENTIFIER_PRIMARY_4 = (SELECT MIN(IDENTIFIER_PRIMARY_4) FROM T2),SELECT Students.student_details FROM Students INNER JOIN Transcripts ON Students.student_id = Transcripts.student_id WHERE Transcripts.transcript_id = (SELECT MIN(transcript_id) FROM Transcripts)
318,507,cre_Students_Information_Systems,cre_Students_Information_Systems,,,False,0,True,,llama3.1-8b,lexical,"SELECT T2.DESCRIPTIVE_ATTRIBUTE_4 , T4.IDENTIFIER_REFERENCE_10 FROM T4 INNER JOIN T2 ON T4.IDENTIFIER_REFERENCE_9 = T2.IDENTIFIER_PRIMARY_3 GROUP BY T4.IDENTIFIER_REFERENCE_9 ORDER BY count(*) DESC LIMIT 1","SELECT Ref_Address_Types.address_type_description , Students_Addresses.student_id FROM Students_Addresses INNER JOIN Ref_Address_Types ON Students_Addresses.address_type_code = Ref_Address_Types.address_type_code GROUP BY Students_Addresses.address_type_code ORDER BY count(*) DESC LIMIT 1"
319,508,cre_Students_Information_Systems,cre_Students_Information_Systems,,,False,3,False,,llama3.1-8b,lexical,"SELECT T2.IDENTIFIER_PRIMARY_3, T2.DESRIPTIVE_ATTRIBUTE_4 FROM T2 INNER JOIN T4 ON T2.IDENTIFIER_PRIMARY_3 = T4.IDENTIFIER_REFERENCE_9 GROUP BY T2.IDENTIFIER_PRIMARY_3 ORDER BY COUNT(T2.IDENTIFIER_PRIMARY_3) DESC LIMIT 1","SELECT Ref_Address_Types.address_type_code, Ref_Address_Types.DESRIPTIVE_ATTRIBUTE_4 FROM Ref_Address_Types INNER JOIN Students_Addresses ON Ref_Address_Types.address_type_code = Students_Addresses.address_type_code GROUP BY Ref_Address_Types.address_type_code ORDER BY COUNT(Ref_Address_Types.address_type_code) DESC LIMIT 1"
