pos,test_idx,db_id_gold,db_id_used,broker_pick,broker_correct,re_picked,retries,exec_success,difficulty,model_used,retrieval_used,masked_sql,real_sql
0,0,soccer_3,soccer_3,,,False,0,True,,llama3.1-8b,none,SELECT COUNT(T1.IDENTIFIER_PRIMARY_1) FROM T1,SELECT COUNT(club.Club_ID) FROM club
1,1,soccer_3,soccer_3,,,False,0,True,,llama3.1-8b,none,SELECT COUNT(*) FROM T1,SELECT COUNT(*) FROM club
2,2,soccer_3,soccer_3,,,False,0,True,,llama3.1-8b,none,SELECT DISTINCT DESCRIPTIVE_ATTRIBUTE_2 FROM T1 ORDER BY DESCRIPTIVE_ATTRIBUTE_2 ASC,SELECT DISTINCT Name FROM club ORDER BY Name ASC
3,3,soccer_3,soccer_3,,,False,0,True,,llama3.1-8b,none,SELECT T1.IDENTIFIER_PRIMARY_1 FROM T1 ORDER BY T1.IDENTIFIER_PRIMARY_1 ASC,SELECT club.Club_ID FROM club ORDER BY club.Club_ID ASC
4,6,soccer_3,soccer_3,,,False,0,True,,llama3.1-8b,none,SELECT T1.DESCRIPTIVE_ATTRIBUTE_2 FROM T1 WHERE T1.TEXT_FIELD_5 != 'Nike',SELECT club.Name FROM club WHERE club.Manufacturer != 'Nike'
5,7,soccer_3,soccer_3,,,False,0,True,,llama3.1-8b,none,SELECT T1.IDENTIFIER_PRIMARY_1 FROM T1 INNER JOIN T2 ON T1.IDENTIFIER_PRIMARY_1 = T2.IDENTIFIER_REFERENCE_13 WHERE T2.DESCRIPTIVE_ATTRIBUTE_8 != 'Nike',SELECT club.Club_ID FROM club INNER JOIN player ON club.Club_ID = player.Club_ID WHERE player.Name != 'Nike'
6,8,soccer_3,soccer_3,,,False,0,True,,llama3.1-8b,none,SELECT T2.DESCRIPTIVE_ATTRIBUTE_9 FROM T2 JOIN T1 ON T2.IDENTIFIER_REFERENCE_13 = T1.IDENTIFIER_PRIMARY_1 ORDER BY T2.MEASUREMENT_VALUE_12 ASC,SELECT player.Country FROM player JOIN club ON player.Club_ID = club.Club_ID ORDER BY player.Wins_count ASC
7,9,soccer_3,soccer_3,,,False,0,True,,llama3.1-8b,none,SELECT T2.DESCRIPTIVE_ATTRIBUTE_9 FROM T2 JOIN T1 ON T2.IDENTIFIER_REFERENCE_13 = T1.IDENTIFIER_PRIMARY_1 GROUP BY T2.DESCRIPTIVE_ATTRIBUTE_9 ORDER BY COUNT(T2.MEASUREMENT_VALUE_12) ASC,SELECT player.Country FROM player JOIN club ON player.Club_ID = club.Club_ID GROUP BY player.Country ORDER BY COUNT(player.Wins_count) ASC
8,12,soccer_3,soccer_3,,,False,0,True,,llama3.1-8b,none,SELECT DISTINCT DESCRIPTIVE_ATTRIBUTE_9 FROM T2 WHERE NUMERIC_FIELD_10 > 1200000,SELECT DISTINCT Country FROM player WHERE Earnings > 1200000
9,13,soccer_3,soccer_3,,,False,0,True,,llama3.1-8b,none,SELECT T1.DESCRIPTIVE_ATTRIBUTE_2 FROM T1 JOIN T2 ON T2.IDENTIFIER_REFERENCE_13 = T1.IDENTIFIER_PRIMARY_1 WHERE T2.NUMERIC_FIELD_10 > 1200000,SELECT club.Name FROM club JOIN player ON player.Club_ID = club.Club_ID WHERE player.Earnings > 1200000
10,28,soccer_3,soccer_3,,,False,0,True,,llama3.1-8b,none,SELECT T1.DESCRIPTIVE_ATTRIBUTE_2 FROM T1 JOIN T2 ON T1.IDENTIFIER_PRIMARY_1 = T2.IDENTIFIER_REFERENCE_13 GROUP BY T1.DESCRIPTIVE_ATTRIBUTE_2 HAVING count(*) > 1,SELECT club.Name FROM club JOIN player ON club.Club_ID = player.Club_ID GROUP BY club.Name HAVING count(*) > 1
11,29,soccer_3,soccer_3,,,False,0,True,,llama3.1-8b,none,SELECT T1.DESCRIPTIVE_ATTRIBUTE_2 FROM T1 INNER JOIN T2 ON T1.IDENTIFIER_PRIMARY_1 = T2.IDENTIFIER_REFERENCE_13 GROUP BY T1.DESCRIPTIVE_ATTRIBUTE_2 HAVING COUNT(T2.IDENTIFIER_REFERENCE_13) > 1,SELECT club.Name FROM club INNER JOIN player ON club.Club_ID = player.Club_ID GROUP BY club.Name HAVING COUNT(player.Club_ID) > 1
12,30,soccer_3,soccer_3,,,False,1,True,,llama3.1-8b,none,SELECT T1.DESCRIPTIVE_ATTRIBUTE_2 FROM T1 WHERE T1.IDENTIFIER_PRIMARY_1 IN (SELECT T2.IDENTIFIER_REFERENCE_13 FROM T2 GROUP BY T2.IDENTIFIER_REFERENCE_13 HAVING COUNT(T2.IDENTIFIER_REFERENCE_13) > 1),SELECT club.Name FROM club WHERE club.Club_ID IN (SELECT player.Club_ID FROM player GROUP BY player.Club_ID HAVING COUNT(player.Club_ID) > 1)
13,31,soccer_3,soccer_3,,,False,3,False,,llama3.1-8b,none,SELECT T1.DESCRIPTIVE_ATTRIBUTE_9 FROM T1 AS T1 JOIN T2 AS T2 ON T2.IDENTIFIER_REFERENCE_13 = T1.IDENTIFIER_PRIMARY_1 GROUP BY T1.DESCRIPTIVE_ATTRIBUTE_9 HAVING COUNT(T2.IDENTIFIER_PRIMARY_7) > 1,SELECT club.Country FROM club AS club JOIN player AS player ON player.Club_ID = club.Club_ID GROUP BY club.Country HAVING COUNT(player.Player_ID) > 1
14,36,soccer_3,soccer_3,,,False,0,True,,llama3.1-8b,none,SELECT COUNT(DISTINCT T1.DESCRIPTIVE_ATTRIBUTE_2) FROM T1 JOIN T2 ON T1.IDENTIFIER_PRIMARY_1 = T2.IDENTIFIER_REFERENCE_13,SELECT COUNT(DISTINCT club.Name) FROM club JOIN player ON club.Club_ID = player.Club_ID
15,37,soccer_3,soccer_3,,,False,0,True,,llama3.1-8b,none,SELECT COUNT(DISTINCT T1.DESCRIPTIVE_ATTRIBUTE_2) FROM T1 JOIN T2 ON T2.IDENTIFIER_REFERENCE_13 = T1.IDENTIFIER_PRIMARY_1,SELECT COUNT(DISTINCT club.Name) FROM club JOIN player ON player.Club_ID = club.Club_ID
16,78,e_commerce,e_commerce,,,False,0,True,,llama3.1-8b,none,SELECT COUNT(T5.IDENTIFIER_PRIMARY_26) FROM T5 JOIN T2 ON T5.IDENTIFIER_REFERENCE_27 = T2.IDENTIFIER_PRIMARY_8,SELECT COUNT(Orders.order_id) FROM Orders JOIN Customers ON Orders.customer_id = Customers.customer_id
17,79,e_commerce,e_commerce,,,False,0,True,,llama3.1-8b,none,SELECT count(DISTINCT T5.IDENTIFIER_REFERENCE_27) FROM T5,SELECT count(DISTINCT Orders.customer_id) FROM Orders
18,80,e_commerce,e_commerce,,,False,0,True,,llama3.1-8b,none,SELECT count(*) FROM T5,SELECT count(*) FROM Orders
19,81,e_commerce,e_commerce,,,False,0,True,,llama3.1-8b,none,SELECT COUNT(DISTINCT T6.DESCRIPTIVE_ATTRIBUTE_33) FROM T6,SELECT COUNT(DISTINCT Order_Items.order_item_status_code) FROM Order_Items
20,82,e_commerce,e_commerce,,,False,0,True,,llama3.1-8b,none,SELECT COUNT(DISTINCT TEXT_FIELD_22) FROM T3,SELECT COUNT(DISTINCT payment_method_code) FROM Customer_Payment_Methods
21,83,e_commerce,e_commerce,,,False,0,True,,llama3.1-8b,none,SELECT COUNT(DISTINCT T3.IDENTIFIER_REFERENCE_21) FROM T5 AS T1 JOIN T3 ON T1.IDENTIFIER_REFERENCE_27 = T3.IDENTIFIER_REFERENCE_21 JOIN T2 ON T3.IDENTIFIER_REFERENCE_21 = T2.IDENTIFIER_PRIMARY_8,SELECT COUNT(DISTINCT Customer_Payment_Methods.customer_id) FROM Orders AS Products JOIN Customer_Payment_Methods ON Products.customer_id = Customer_Payment_Methods.customer_id JOIN Customers ON Customer_Payment_Methods.customer_id = Customers.customer_id
22,100,e_commerce,e_commerce,,,False,0,True,,llama3.1-8b,none,SELECT COUNT(IDENTIFIER_PRIMARY_34) FROM T7,SELECT COUNT(shipment_id) FROM Shipments
23,101,e_commerce,e_commerce,,,False,0,True,,llama3.1-8b,none,SELECT COUNT(T7.IDENTIFIER_PRIMARY_34) FROM T7,SELECT COUNT(Shipments.shipment_id) FROM Shipments
24,102,e_commerce,e_commerce,,,False,0,True,,llama3.1-8b,none,SELECT avg(CURRENCY_AMOUNT_4) FROM T1,SELECT avg(product_price) FROM Products
25,103,e_commerce,e_commerce,,,False,0,True,,llama3.1-8b,none,SELECT AVG(CURRENCY_AMOUNT_4) FROM T1,SELECT AVG(product_price) FROM Products
26,104,e_commerce,e_commerce,,,False,0,True,,llama3.1-8b,none,SELECT avg(T1.CURRENCY_AMOUNT_4) FROM T1 AS T1 JOIN T5 AS T2 ON T1.IDENTIFIER_PRIMARY_1 = T2.IDENTIFIER_REFERENCE_27,SELECT avg(Products.product_price) FROM Products AS Products JOIN Orders AS Customers ON Products.product_id = Customers.customer_id
27,105,e_commerce,e_commerce,,,False,0,True,,llama3.1-8b,none,SELECT T1.CURRENCY_AMOUNT_4 FROM T1 INNER JOIN T6 ON T1.IDENTIFIER_PRIMARY_1 = T6.IDENTIFIER_REFERENCE_31 INNER JOIN T5 ON T6.IDENTIFIER_REFERENCE_32 = T5.IDENTIFIER_PRIMARY_26 GROUP BY T1.IDENTIFIER_PRIMARY_1,SELECT Products.product_price FROM Products INNER JOIN Order_Items ON Products.product_id = Order_Items.product_id INNER JOIN Orders ON Order_Items.order_id = Orders.order_id GROUP BY Products.product_id
28,123,bbc_channels,bbc_channels,,,False,0,True,,llama3.1-8b,none,SELECT COUNT(*) FROM T1 WHERE TEXT_FIELD_4 = 'digital terrestrial',SELECT COUNT(*) FROM channel WHERE Digital_terrestrial_channel = 'digital terrestrial'
29,124,bbc_channels,bbc_channels,,,False,3,False,,llama3.1-8b,none,SELECT T3.DESCRIPITIVE_ATTRIBUTE_11 FROM T3 ORDER BY T3.CHRONOLOGICAL_MARKER_10 DESC,SELECT program.DESCRIPITIVE_ATTRIBUTE_11 FROM program ORDER BY program.Start_Year DESC
30,133,bbc_channels,bbc_channels,,,False,0,True,,llama3.1-8b,none,SELECT T2.DESCRIPTIVE_ATTRIBUTE_7 FROM T2 INNER JOIN T3 ON T2.IDENTIFIER_PRIMARY_6 = T3.IDENTIFIER_REFERENCE_12 WHERE T2.MEASUREMENT_VALUE_8 BETWEEN 30 AND 60,SELECT director.Name FROM director INNER JOIN program ON director.Director_ID = program.Director_ID WHERE director.Age BETWEEN 30 AND 60
31,136,tv_shows,tv_shows,,,False,0,True,,llama3.1-8b,none,SELECT count(*) FROM T2,SELECT count(*) FROM radio
32,137,tv_shows,tv_shows,,,False,0,True,,llama3.1-8b,none,SELECT T2.TEXT_FIELD_7 FROM T1 AS T1 JOIN T4 AS T4 ON T1.IDENTIFIER_PRIMARY_1 = T4.IDENTIFIER_PRIMARY_18 JOIN T2 AS T2 ON T4.IDENTIFIER_REFERENCE_19 = T2.IDENTIFIER_PRIMARY_6 ORDER BY T2.TEXT_FIELD_12 ASC,SELECT radio.Transmitter FROM city_channel AS city_channel JOIN city_channel_radio AS city_channel_radio ON city_channel.ID = city_channel_radio.City_channel_ID JOIN radio AS radio ON city_channel_radio.Radio_ID = radio.Radio_ID ORDER BY radio.ERP_kW ASC
33,139,tv_shows,tv_shows,,,False,1,True,,llama3.1-8b,none,SELECT T1.DESCRIPTIVE_ATTRIBUTE_3 FROM T1 INNER JOIN T4 ON T1.IDENTIFIER_PRIMARY_1 = T4.IDENTIFIER_PRIMARY_18 WHERE T4.DESCRIPTIVE_ATTRIBUTE_20 != 'ABC',SELECT city_channel.Station_name FROM city_channel INNER JOIN city_channel_radio ON city_channel.ID = city_channel_radio.City_channel_ID WHERE city_channel_radio.Is_online != 'ABC'
34,142,tv_shows,tv_shows,,,False,0,True,,llama3.1-8b,none,SELECT avg(T2.TEXT_FIELD_8) FROM T4 AS T4 JOIN T2 ON T4.IDENTIFIER_REFERENCE_19 = T2.IDENTIFIER_PRIMARY_6,SELECT avg(radio.Radio_MHz) FROM city_channel_radio AS city_channel_radio JOIN radio ON city_channel_radio.Radio_ID = radio.Radio_ID
35,145,tv_shows,tv_shows,,,False,3,False,,llama3.1-8b,none,SELECT T2.DESCRIPTIVE_ATTRIBUTE_5 FROM T1 JOIN T4 ON T1.IDENTIFIER_PRIMARY_1 = T4.IDENTIFIER_PRIMARY_18 JOIN T2 ON T4.IDENTIFIER_REFERENCE_19 = T2.IDENTIFIER_PRIMARY_6 GROUP BY T2.DESCRIPTIVE_ATTRIBUTE_5 HAVING COUNT(T1.DESCRIPTIVE_ATTRIBUTE_2) > 3,SELECT radio.Affiliation FROM city_channel JOIN city_channel_radio ON city_channel.ID = city_channel_radio.City_channel_ID JOIN radio ON city_channel_radio.Radio_ID = radio.Radio_ID GROUP BY radio.Affiliation HAVING COUNT(city_channel.City) > 3
36,153,vehicle_driver,vehicle_driver,,,False,0,True,,llama3.1-8b,none,SELECT T1.TEXT_FIELD_6 FROM T1 JOIN T3 ON T3.IDENTIFIER_REFERENCE_13 = T1.IDENTIFIER_PRIMARY_1 JOIN T2 ON T2.IDENTIFIER_PRIMARY_8 = T3.IDENTIFIER_PRIMARY_12 WHERE T2.DESCRIPTIVE_ATTRIBUTE_9 = 'United States',SELECT vehicle.Builder FROM vehicle JOIN vehicle_driver ON vehicle_driver.Vehicle_ID = vehicle.Vehicle_ID JOIN driver ON driver.Driver_ID = vehicle_driver.Driver_ID WHERE driver.Name = 'United States'
37,154,vehicle_driver,vehicle_driver,,,False,3,False,,llama3.1-8b,none,SELECT T3.TEXT_FIELD_11 FROM T2 AS T2 JOIN T3 ON T2.IDENTIFIER_PRIMARY_8 = T3.IDENTIFIER_PRIMARY_12 WHERE T2.DESCRIPTIVE_ATTRIBUTE_9 = 'United States',SELECT vehicle_driver.Racing_Series FROM driver AS driver JOIN vehicle_driver ON driver.Driver_ID = vehicle_driver.Driver_ID WHERE driver.Name = 'United States'
38,167,vehicle_driver,vehicle_driver,,,False,0,True,,llama3.1-8b,none,SELECT COUNT(T3.IDENTIFIER_PRIMARY_12) FROM T2 AS T1 JOIN T3 ON T1.IDENTIFIER_PRIMARY_8 = T3.IDENTIFIER_PRIMARY_12 WHERE T1.DESCRIPTIVE_ATTRIBUTE_9 = 'NASCAR',SELECT COUNT(vehicle_driver.Driver_ID) FROM driver AS vehicle JOIN vehicle_driver ON vehicle.Driver_ID = vehicle_driver.Driver_ID WHERE vehicle.Name = 'NASCAR'
39,168,vehicle_driver,vehicle_driver,,,False,0,True,,llama3.1-8b,none,SELECT COUNT(*) FROM T2 WHERE TEXT_FIELD_10 = 'NASCAR',SELECT COUNT(*) FROM driver WHERE Citizenship = 'NASCAR'
40,169,vehicle_driver,vehicle_driver,,,False,0,True,,llama3.1-8b,none,SELECT AVG(NUMERIC_FIELD_4) FROM T1,SELECT AVG(Top_Speed) FROM vehicle
41,170,vehicle_driver,vehicle_driver,,,False,0,True,,llama3.1-8b,none,SELECT AVG(T1.NUMERIC_FIELD_4) FROM T1,SELECT AVG(vehicle.Top_Speed) FROM vehicle
42,185,vehicle_driver,vehicle_driver,,,False,3,False,,llama3.1-8b,none,SELECT T2.DESCRIPITIVE_ATTRIBUTE_9 FROM T3 AS T1 JOIN T2 ON T1.IDENTIFIER_PRIMARY_12 = T2.IDENTIFIER_PRIMARY_8 WHERE T2.DESCRIPITIVE_ATTRIBUTE_9 LIKE '%driver%' ORDER BY T2.DESCRIPITIVE_ATTRIBUTE_9,SELECT driver.DESCRIPITIVE_ATTRIBUTE_9 FROM vehicle_driver AS vehicle JOIN driver ON vehicle.Driver_ID = driver.Driver_ID WHERE driver.DESCRIPITIVE_ATTRIBUTE_9 LIKE '%driver%' ORDER BY driver.DESCRIPITIVE_ATTRIBUTE_9
43,186,vehicle_driver,vehicle_driver,,,False,3,False,,llama3.1-8b,none,SELECT T3.TEXT_FIELD_11 FROM T3 JOIN T2 ON T3.IDENTIFIER_PRIMARY_12 = T2.IDENTIFIER_PRIMARY_8 WHERE T2.DESCRIPTIVE_ATTRIBUTE_9 = 'drivers' ORDER BY T3.TEXT_FIELD_11 ASC,SELECT vehicle_driver.Racing_Series FROM vehicle_driver JOIN driver ON vehicle_driver.Driver_ID = driver.Driver_ID WHERE driver.Name = 'drivers' ORDER BY vehicle_driver.Racing_Series ASC
44,193,online_exams,online_exams,,,False,0,True,,llama3.1-8b,none,SELECT count(*) FROM T3,SELECT count(*) FROM Exams
45,194,online_exams,online_exams,,,False,0,True,,llama3.1-8b,none,SELECT count(*) FROM T3,SELECT count(*) FROM Exams
46,195,online_exams,online_exams,,,False,0,True,,llama3.1-8b,none,SELECT DISTINCT T2.DESCRIPTIVE_ATTRIBUTE_11 FROM T2 INNER JOIN T3 ON T2.IDENTIFIER_PRIMARY_10 = T3.IDENTIFIER_PRIMARY_13 ORDER BY T2.DESCRIPTIVE_ATTRIBUTE_11 ASC,SELECT DISTINCT Questions.Type_of_Question_Code FROM Questions INNER JOIN Exams ON Questions.Question_ID = Exams.Exam_ID ORDER BY Questions.Type_of_Question_Code ASC
47,196,online_exams,online_exams,,,False,0,True,,llama3.1-8b,none,SELECT DISTINCT T2.DESCRIPTIVE_ATTRIBUTE_11 FROM T3 JOIN T4 ON T3.IDENTIFIER_PRIMARY_13 = T4.IDENTIFIER_PRIMARY_17 JOIN T2 ON T4.IDENTIFIER_REFERENCE_18 = T2.IDENTIFIER_PRIMARY_10 ORDER BY T2.DESCRIPTIVE_ATTRIBUTE_11,SELECT DISTINCT Questions.Type_of_Question_Code FROM Exams JOIN Questions_in_Exams ON Exams.Exam_ID = Questions_in_Exams.Exam_ID JOIN Questions ON Questions_in_Exams.Question_ID = Questions.Question_ID ORDER BY Questions.Type_of_Question_Code
48,203,online_exams,online_exams,,,False,1,True,,llama3.1-8b,none,SELECT DISTINCT T6.TEXT_FIELD_29 FROM T6 INNER JOIN T4 ON T6.IDENTIFIER_REFERENCE_23 = T4.IDENTIFIER_PRIMARY_17 INNER JOIN T3 ON T4.IDENTIFIER_PRIMARY_17 = T3.IDENTIFIER_PRIMARY_13 INNER JOIN T2 ON T3.IDENTIFIER_PRIMARY_13 = T2.IDENTIFIER_PRIMARY_10 WHERE T6.TEXT_FIELD_27 = 'Normal',SELECT DISTINCT Student_Answers.Student_Answer_Text FROM Student_Answers INNER JOIN Questions_in_Exams ON Student_Answers.Exam_ID = Questions_in_Exams.Exam_ID INNER JOIN Exams ON Questions_in_Exams.Exam_ID = Exams.Exam_ID INNER JOIN Questions ON Exams.Exam_ID = Questions.Question_ID WHERE Student_Answers.Comments = 'Normal'
49,204,online_exams,online_exams,,,False,3,False,,llama3.1-8b,none,"SELECT DISTINCT T6.TEXT_FIELD_27 FROM T6 JOIN T4 ON T6.IDENTIFIER_REFERENCE_23 = T4.IDENTIFIER_PRIMARY_17 JOIN T3 ON T4.IDENTIFIER_PRIMARY_13 = T3.IDENTIFIER_PRIMARY_13 JOIN T2 ON T3.IDENTIFIER_REFERENCE_18 = T2.IDENTIFIER_PRIMARY_10 WHERE T2.DESCRIPTIVE_ATTRIBUTE_11 = ""Normal""","SELECT DISTINCT Student_Answers.Comments FROM Student_Answers JOIN Questions_in_Exams ON Student_Answers.Exam_ID = Questions_in_Exams.Exam_ID JOIN Exams ON Questions_in_Exams.Exam_ID = Exams.Exam_ID JOIN Questions ON Exams.Question_ID = Questions.Question_ID WHERE Questions.Type_of_Question_Code = ""Normal"""
50,205,online_exams,online_exams,,,False,0,True,,llama3.1-8b,none,SELECT COUNT(DISTINCT T6.TEXT_FIELD_28) FROM T6,SELECT COUNT(DISTINCT Student_Answers.Satisfactory_YN) FROM Student_Answers
51,206,online_exams,online_exams,,,False,0,True,,llama3.1-8b,none,SELECT COUNT(DISTINCT TEXT_FIELD_27) FROM T6,SELECT COUNT(DISTINCT Comments) FROM Student_Answers
52,219,online_exams,online_exams,,,False,0,True,,llama3.1-8b,none,"SELECT T1.DESCRIPTIVE_ATTRIBUTE_4 FROM T1 WHERE T1.DESCRIPTIVE_ATTRIBUTE_5 != ""M""","SELECT Students.Last_Name FROM Students WHERE Students.Gender_MFU != ""M"""
53,220,online_exams,online_exams,,,False,0,True,,llama3.1-8b,none,"SELECT DESCRIPTIVE_ATTRIBUTE_4 FROM T1 WHERE DESCRIPTIVE_ATTRIBUTE_5 != ""M""","SELECT Last_Name FROM Students WHERE Gender_MFU != ""M"""
54,229,online_exams,online_exams,,,False,3,False,,llama3.1-8b,none,SELECT T2.DESCRIPTIVE_ATTRIBUTE_11 FROM T2 AS T1 JOIN T4 AS T2 ON T1.IDENTIFIER_PRIMARY_10 = T2.IDENTIFIER_REFERENCE_18 JOIN T3 AS T3 ON T2.IDENTIFIER_PRIMARY_17 = T3.IDENTIFIER_PRIMARY_13 JOIN T6 AS T4 ON T4.IDENTIFIER_REFERENCE_25 = T1.IDENTIFIER_PRIMARY_1 GROUP BY T2.DESCRIPTIVE_ATTRIBUTE_11 HAVING COUNT(T3.IDENTIFIER_PRIMARY_13) >= 3,SELECT Questions.Type_of_Question_Code FROM Questions AS Students JOIN Questions_in_Exams AS Questions ON Students.Question_ID = Questions.Question_ID JOIN Exams AS Exams ON Questions.Exam_ID = Exams.Exam_ID JOIN Student_Answers AS Questions_in_Exams ON Questions_in_Exams.Student_ID = Students.Student_ID GROUP BY Questions.Type_of_Question_Code HAVING COUNT(Exams.Exam_ID) >= 3
55,230,online_exams,online_exams,,,False,3,False,,llama3.1-8b,none,SELECT T2.DESCRIPTIVE_ATTRIBUTE_11 FROM T2 AS T1 JOIN T4 AS T2 ON T1.IDENTIFIER_PRIMARY_10 = T2.IDENTIFIER_REFERENCE_18 JOIN T6 AS T3 ON T2.IDENTIFIER_PRIMARY_17 = T3.IDENTIFIER_REFERENCE_23 GROUP BY T2.DESCRIPTIVE_ATTRIBUTE_11 HAVING COUNT(T1.IDENTIFIER_PRIMARY_10) >= 3,SELECT Questions.Type_of_Question_Code FROM Questions AS Students JOIN Questions_in_Exams AS Questions ON Students.Question_ID = Questions.Question_ID JOIN Student_Answers AS Exams ON Questions.Exam_ID = Exams.Exam_ID GROUP BY Questions.Type_of_Question_Code HAVING COUNT(Students.Question_ID) >= 3
56,231,online_exams,online_exams,,,False,0,True,,llama3.1-8b,none,"SELECT T1.DESCRIPTIVE_ATTRIBUTE_2 , T1.DESCRIPTIVE_ATTRIBUTE_3 , T1.DESCRIPTIVE_ATTRIBUTE_4 , T1.DESCRIPTIVE_ATTRIBUTE_5 , T1.DESCRIPTIVE_ATTRIBUTE_6 , T1.DESCRIPTIVE_ATTRIBUTE_7 , T1.DESCRIPTIVE_ATTRIBUTE_8 , T1.DESCRIPTIVE_ATTRIBUTE_9 FROM T1","SELECT Students.First_Name , Students.Middle_Name , Students.Last_Name , Students.Gender_MFU , Students.Student_Address , Students.Email_Adress , Students.Cell_Mobile_Phone , Students.Home_Phone FROM Students"
57,232,online_exams,online_exams,,,False,3,False,,llama3.1-8b,none,"SELECT T2.DESCRIPTIVE_ATTRIBUTE_11, T2.TEXT_FIELD_12, T1.DESCRIPTIVE_ATTRIBUTE_2, T1.DESCRIPTIVE_ATTRIBUTE_3, T1.DESCRIPTIVE_ATTRIBUTE_4, T1.DESCRIPTIVE_ATTRIBUTE_5, T1.DESCRIPTIVE_ATTRIBUTE_6, T1.DESCRIPTIVE_ATTRIBUTE_7, T1.DESCRIPTIVE_ATTRIBUTE_8, T1.DESCRIPTIVE_ATTRIBUTE_9 FROM T1 JOIN T4 ON T1.IDENTIFIER_PRIMARY_1 = T4.IDENTIFIER_REFERENCE_25 JOIN T2 ON T4.IDENTIFIER_REFERENCE_18 = T2.IDENTIFIER_PRIMARY_10","SELECT Questions.Type_of_Question_Code, Questions.Question_Text, Students.First_Name, Students.Middle_Name, Students.Last_Name, Students.Gender_MFU, Students.Student_Address, Students.Email_Adress, Students.Cell_Mobile_Phone, Students.Home_Phone FROM Students JOIN Questions_in_Exams ON Students.Student_ID = Questions_in_Exams.Student_ID JOIN Questions ON Questions_in_Exams.Question_ID = Questions.Question_ID"
58,233,customers_and_orders,customers_and_orders,,,False,0,True,,llama3.1-8b,none,SELECT COUNT(*) FROM T2,SELECT COUNT(*) FROM Addresses
59,234,customers_and_orders,customers_and_orders,,,False,0,True,,llama3.1-8b,none,SELECT COUNT(IDENTIFIER_PRIMARY_5) FROM T2,SELECT COUNT(address_id) FROM Addresses
60,237,customers_and_orders,customers_and_orders,,,False,0,True,,llama3.1-8b,none,SELECT COUNT(*) FROM T1,SELECT COUNT(*) FROM Products
61,238,customers_and_orders,customers_and_orders,,,False,0,True,,llama3.1-8b,none,SELECT COUNT(*) FROM T1,SELECT COUNT(*) FROM Products
62,241,customers_and_orders,customers_and_orders,,,False,3,False,,llama3.1-8b,none,SELECT T1.CURRENCY_AMOUNT_4 FROM T1 INNER JOIN T5 ON T1.IDENTIFIER_PRIMARY_1 = T5.IDENTIFIER_REFERENCE_21 WHERE T1.DESCRIPATIVE_ATTRIBUTE_2 = 'Monitor',SELECT Products.product_price FROM Products INNER JOIN Order_Items ON Products.product_id = Order_Items.product_id WHERE Products.DESCRIPATIVE_ATTRIBUTE_2 = 'Monitor'
63,242,customers_and_orders,customers_and_orders,,,False,3,False,,llama3.1-8b,none,SELECT T1.CURRENCY_AMOUNT_4 FROM T1 WHERE T1.DESCRIPITIVE_ATTRIBUTE_2 = 'Monitor',SELECT Products.product_price FROM Products WHERE Products.DESCRIPITIVE_ATTRIBUTE_2 = 'Monitor'
64,245,customers_and_orders,customers_and_orders,,,False,0,True,,llama3.1-8b,none,"SELECT avg(CURRENCY_AMOUNT_4) FROM T1 WHERE DESCRIPTIVE_ATTRIBUTE_2 = ""Clothes""","SELECT avg(product_price) FROM Products WHERE product_type_code = ""Clothes"""
65,246,customers_and_orders,customers_and_orders,,,False,0,True,,llama3.1-8b,none,SELECT AVG(T1.CURRENCY_AMOUNT_4) FROM T1 WHERE T1.DESCRIPTIVE_ATTRIBUTE_2 = 'Clothes',SELECT AVG(Products.product_price) FROM Products WHERE Products.product_type_code = 'Clothes'
66,247,customers_and_orders,customers_and_orders,,,False,0,True,,llama3.1-8b,none,"SELECT COUNT(*) FROM T1 WHERE DESCRIPTIVE_ATTRIBUTE_2 = ""hardware""","SELECT COUNT(*) FROM Products WHERE product_type_code = ""hardware"""
67,248,customers_and_orders,customers_and_orders,,,False,0,True,,llama3.1-8b,none,"SELECT COUNT(*) FROM T1 WHERE DESCRIPTIVE_ATTRIBUTE_2 = ""Hardware""","SELECT COUNT(*) FROM Products WHERE product_type_code = ""Hardware"""
68,257,customers_and_orders,customers_and_orders,,,False,3,False,,llama3.1-8b,none,SELECT T1.DESCRIPITIVE_ATTRIBUTE_2 FROM T1 INNER JOIN T5 ON T1.IDENTIFIER_PRIMARY_1 = T5.IDENTIFIER_REFERENCE_21 ORDER BY T5.MEASUREMENT_VALUE_22 DESC,SELECT Products.DESCRIPITIVE_ATTRIBUTE_2 FROM Products INNER JOIN Order_Items ON Products.product_id = Order_Items.product_id ORDER BY Order_Items.order_quantity DESC
69,258,customers_and_orders,customers_and_orders,,,False,3,False,,llama3.1-8b,none,SELECT T1.DESCRIPITIVE_ATTRIBUTE_2 FROM T1 INNER JOIN T5 ON T1.IDENTIFIER_PRIMARY_1 = T5.IDENTIFIER_REFERENCE_21 ORDER BY T1.CURRENCY_AMOUNT_4 DESC,SELECT Products.DESCRIPITIVE_ATTRIBUTE_2 FROM Products INNER JOIN Order_Items ON Products.product_id = Order_Items.product_id ORDER BY Products.product_price DESC
70,265,customers_and_orders,customers_and_orders,,,False,0,True,,llama3.1-8b,none,SELECT T2.DESCRIPTIVE_ATTRIBUTE_6 FROM T2 JOIN T5 ON T2.IDENTIFIER_PRIMARY_5 = T5.IDENTIFIER_CODE_19 JOIN T4 ON T5.IDENTIFIER_REFERENCE_20 = T4.IDENTIFIER_PRIMARY_15 JOIN T3 ON T4.IDENTIFIER_REFERENCE_16 = T3.IDENTIFIER_PRIMARY_7 JOIN T1 ON T3.DESCRIPTIVE_ATTRIBUTE_11 = T1.DESCRIPTIVE_ATTRIBUTE_2 GROUP BY T2.DESCRIPTIVE_ATTRIBUTE_6 HAVING COUNT(T1.DESCRIPTIVE_ATTRIBUTE_3) >= 2,SELECT Addresses.address_details FROM Addresses JOIN Order_Items ON Addresses.address_id = Order_Items.order_item_id JOIN Customer_Orders ON Order_Items.order_id = Customer_Orders.order_id JOIN Customers ON Customer_Orders.customer_id = Customers.customer_id JOIN Products ON Customers.customer_name = Products.product_type_code GROUP BY Addresses.address_details HAVING COUNT(Products.product_name) >= 2
71,266,customers_and_orders,customers_and_orders,,,False,0,True,,llama3.1-8b,none,SELECT T2.DESCRIPTIVE_ATTRIBUTE_6 FROM T2 JOIN T1 ON T1.DESCRIPTIVE_ATTRIBUTE_2 = T2.DESCRIPTIVE_ATTRIBUTE_6 GROUP BY T2.DESCRIPTIVE_ATTRIBUTE_6 HAVING COUNT(T1.DESCRIPTIVE_ATTRIBUTE_3) > 1,SELECT Addresses.address_details FROM Addresses JOIN Products ON Products.product_type_code = Addresses.address_details GROUP BY Addresses.address_details HAVING COUNT(Products.product_name) > 1
72,269,customers_and_orders,customers_and_orders,,,False,0,True,,llama3.1-8b,none,SELECT COUNT(*) FROM T3,SELECT COUNT(*) FROM Customers
73,270,customers_and_orders,customers_and_orders,,,False,0,True,,llama3.1-8b,none,SELECT COUNT(*) FROM T3,SELECT COUNT(*) FROM Customers
74,283,customers_and_orders,customers_and_orders,,,False,0,True,,llama3.1-8b,none,SELECT DISTINCT TEXT_FIELD_9 FROM T3 WHERE DESCRIPTIVE_ATTRIBUTE_13 = 'used customers',SELECT DISTINCT payment_method_code FROM Customers WHERE customer_phone = 'used customers'
75,284,customers_and_orders,customers_and_orders,,,False,0,True,,llama3.1-8b,none,SELECT DISTINCT T4.DESCRIPTIVE_ATTRIBUTE_18 FROM T4 JOIN T3 ON T4.IDENTIFIER_REFERENCE_16 = T3.IDENTIFIER_PRIMARY_7,SELECT DISTINCT Customer_Orders.order_status_code FROM Customer_Orders JOIN Customers ON Customer_Orders.customer_id = Customers.customer_id
76,289,customers_and_orders,customers_and_orders,,,False,0,True,,llama3.1-8b,none,SELECT COUNT(*) FROM T4,SELECT COUNT(*) FROM Customer_Orders
77,290,customers_and_orders,customers_and_orders,,,False,0,True,,llama3.1-8b,none,SELECT COUNT(*) FROM T4,SELECT COUNT(*) FROM Customer_Orders
78,309,customers_and_orders,customers_and_orders,,,False,0,True,,llama3.1-8b,none,SELECT COUNT(T5.IDENTIFIER_CODE_19) FROM T5 JOIN T4 ON T5.IDENTIFIER_REFERENCE_20 = T4.IDENTIFIER_PRIMARY_15 JOIN T3 ON T4.IDENTIFIER_REFERENCE_16 = T3.IDENTIFIER_PRIMARY_7,SELECT COUNT(Order_Items.order_item_id) FROM Order_Items JOIN Customer_Orders ON Order_Items.order_id = Customer_Orders.order_id JOIN Customers ON Customer_Orders.customer_id = Customers.customer_id
79,310,customers_and_orders,customers_and_orders,,,False,0,True,,llama3.1-8b,none,SELECT COUNT(DISTINCT T3.DESCRIPTIVE_ATTRIBUTE_13) FROM T5 AS T1 JOIN T4 AS T2 ON T1.IDENTIFIER_REFERENCE_20 = T2.IDENTIFIER_PRIMARY_15 JOIN T3 AS T3 ON T2.IDENTIFIER_REFERENCE_16 = T3.IDENTIFIER_PRIMARY_7,SELECT COUNT(DISTINCT Customers.customer_phone) FROM Order_Items AS Products JOIN Customer_Orders AS Addresses ON Products.order_id = Addresses.order_id JOIN Customers AS Customers ON Addresses.customer_id = Customers.customer_id
80,4,soccer_3,soccer_3,,,False,0,True,,llama3.1-8b,none,"SELECT TEXT_FIELD_3, TEXT_FIELD_4 FROM T1","SELECT Manager, Captain FROM club"
81,5,soccer_3,soccer_3,,,False,0,True,,llama3.1-8b,none,"SELECT T1.TEXT_FIELD_3, T1.TEXT_FIELD_4 FROM T1","SELECT club.Manager, club.Captain FROM club"
82,10,soccer_3,soccer_3,,,False,0,True,,llama3.1-8b,none,SELECT T2.DESCRIPTIVE_ATTRIBUTE_8 FROM T2 WHERE T2.NUMERIC_FIELD_10 = ( SELECT MAX(T2.NUMERIC_FIELD_10) FROM T2 ),SELECT player.Name FROM player WHERE player.Earnings = ( SELECT MAX(player.Earnings) FROM player )
83,11,soccer_3,soccer_3,,,False,0,True,,llama3.1-8b,none,SELECT T2.DESCRIPTIVE_ATTRIBUTE_8 FROM T2 INNER JOIN T1 ON T2.IDENTIFIER_REFERENCE_13 = T1.IDENTIFIER_PRIMARY_1 ORDER BY T2.NUMERIC_FIELD_10 DESC LIMIT 1,SELECT player.Name FROM player INNER JOIN club ON player.Club_ID = club.Club_ID ORDER BY player.Earnings DESC LIMIT 1
84,16,soccer_3,soccer_3,,,False,0,True,,llama3.1-8b,none,"SELECT T1.DESCRIPTIVE_ATTRIBUTE_2 , T2.DESCRIPTIVE_ATTRIBUTE_8 FROM T1 AS T1 JOIN T2 AS T2 ON T2.IDENTIFIER_REFERENCE_13 = T1.IDENTIFIER_PRIMARY_1","SELECT club.Name , player.Name FROM club AS club JOIN player AS player ON player.Club_ID = club.Club_ID"
85,17,soccer_3,soccer_3,,,False,0,True,,llama3.1-8b,none,"SELECT T2.DESCRIPTIVE_ATTRIBUTE_8, T1.DESCRIPTIVE_ATTRIBUTE_2 FROM T2 INNER JOIN T1 ON T2.IDENTIFIER_REFERENCE_13 = T1.IDENTIFIER_PRIMARY_1","SELECT player.Name, club.Name FROM player INNER JOIN club ON player.Club_ID = club.Club_ID"
86,18,soccer_3,soccer_3,,,False,0,True,,llama3.1-8b,none,SELECT T1.IDENTIFIER_PRIMARY_1 FROM T1 JOIN T2 ON T2.IDENTIFIER_REFERENCE_13 = T1.IDENTIFIER_PRIMARY_1 GROUP BY T1.IDENTIFIER_PRIMARY_1 HAVING SUM(T2.MEASUREMENT_VALUE_12) > 2,SELECT club.Club_ID FROM club JOIN player ON player.Club_ID = club.Club_ID GROUP BY club.Club_ID HAVING SUM(player.Wins_count) > 2
87,19,soccer_3,soccer_3,,,False,0,True,,llama3.1-8b,none,SELECT T1.IDENTIFIER_PRIMARY_1 FROM T1 AS T1 JOIN T2 AS T2 ON T2.IDENTIFIER_REFERENCE_13 = T1.IDENTIFIER_PRIMARY_1 WHERE T2.MEASUREMENT_VALUE_12 > T2.MEASUREMENT_VALUE_12,SELECT club.Club_ID FROM club AS club JOIN player AS player ON player.Club_ID = club.Club_ID WHERE player.Wins_count > player.Wins_count
88,20,soccer_3,soccer_3,,,False,0,True,,llama3.1-8b,none,"SELECT T2.NUMERIC_FIELD_10 FROM T2 JOIN T1 ON T2.IDENTIFIER_REFERENCE_13 = T1.IDENTIFIER_PRIMARY_1 WHERE T1.TEXT_FIELD_3 = ""Sam Allardyce""","SELECT player.Earnings FROM player JOIN club ON player.Club_ID = club.Club_ID WHERE club.Manager = ""Sam Allardyce"""
89,21,soccer_3,soccer_3,,,False,0,True,,llama3.1-8b,none,"SELECT T1.TEXT_FIELD_5 FROM T1 AS T1 JOIN T2 AS T2 ON T2.IDENTIFIER_REFERENCE_13 = T1.IDENTIFIER_PRIMARY_1 WHERE T1.TEXT_FIELD_4 = ""Sam Allardyce""","SELECT club.Manufacturer FROM club AS club JOIN player AS player ON player.Club_ID = club.Club_ID WHERE club.Captain = ""Sam Allardyce"""
90,24,soccer_3,soccer_3,,,False,0,True,,llama3.1-8b,none,"SELECT T1.DESCRIPTIVE_ATTRIBUTE_2 , count(*) FROM T1 JOIN T2 ON T1.IDENTIFIER_PRIMARY_1 = T2.IDENTIFIER_REFERENCE_13 GROUP BY T1.DESCRIPTIVE_ATTRIBUTE_2","SELECT club.Name , count(*) FROM club JOIN player ON club.Club_ID = player.Club_ID GROUP BY club.Name"
91,25,soccer_3,soccer_3,,,False,3,False,,llama3.1-8b,none,"SELECT TEXT_FIELD_3, COUNT(*) FROM T2 GROUP BY TEXT_FIELD_3","SELECT Manager, COUNT(*) FROM player GROUP BY Manager"
92,38,soccer_3,soccer_3,,,False,0,True,,llama3.1-8b,none,"SELECT NUMERIC_FIELD_10 FROM T2 WHERE DESCRIPTIVE_ATTRIBUTE_9 = ""Australia"" OR DESCRIPTIVE_ATTRIBUTE_9 = ""Zimbabwe""","SELECT Earnings FROM player WHERE Country = ""Australia"" OR Country = ""Zimbabwe"""
93,39,soccer_3,soccer_3,,,False,2,True,,llama3.1-8b,none,"SELECT T2.NUMERIC_FIELD_10 FROM T2 AS T2 JOIN T1 AS T1 ON T2.IDENTIFIER_REFERENCE_13 = T1.IDENTIFIER_PRIMARY_1 WHERE T1.DESCRIPTIVE_ATTRIBUTE_2 = ""Australia"" OR T1.DESCRIPTIVE_ATTRIBUTE_2 = ""Zimbabwe""","SELECT player.Earnings FROM player AS player JOIN club AS club ON player.Club_ID = club.Club_ID WHERE club.Name = ""Australia"" OR club.Name = ""Zimbabwe"""
94,42,e_commerce,e_commerce,,,False,0,True,,llama3.1-8b,none,"SELECT T5.IDENTIFIER_PRIMARY_26 , T5.DESCRIPTIVE_ATTRIBUTE_28 , count(*) FROM T5 JOIN T6 ON T5.IDENTIFIER_PRIMARY_26 = T6.IDENTIFIER_REFERENCE_32 JOIN T1 ON T6.IDENTIFIER_REFERENCE_31 = T1.IDENTIFIER_PRIMARY_1 GROUP BY T5.IDENTIFIER_PRIMARY_26","SELECT Orders.order_id , Orders.order_status_code , count(*) FROM Orders JOIN Order_Items ON Orders.order_id = Order_Items.order_id JOIN Products ON Order_Items.product_id = Products.product_id GROUP BY Orders.order_id"
95,43,e_commerce,e_commerce,,,False,0,True,,llama3.1-8b,none,"SELECT COUNT(T1.IDENTIFIER_PRIMARY_1), T2.DESCRIPTIVE_ATTRIBUTE_9, T5.IDENTIFIER_PRIMARY_26 FROM T5 JOIN T6 ON T5.IDENTIFIER_PRIMARY_26 = T6.IDENTIFIER_REFERENCE_32 JOIN T1 ON T6.IDENTIFIER_REFERENCE_31 = T1.IDENTIFIER_PRIMARY_1 JOIN T2 ON T5.DESCRIPTIVE_ATTRIBUTE_28 = T2.DESCRIPTIVE_ATTRIBUTE_9","SELECT COUNT(Products.product_id), Customers.gender_code, Orders.order_id FROM Orders JOIN Order_Items ON Orders.order_id = Order_Items.order_id JOIN Products ON Order_Items.product_id = Products.product_id JOIN Customers ON Orders.order_status_code = Customers.gender_code"
96,50,e_commerce,e_commerce,,,False,0,True,,llama3.1-8b,none,"SELECT T5.IDENTIFIER_PRIMARY_26 , T5.DESCRIPTIVE_ATTRIBUTE_28 FROM T6 AS T6 JOIN T5 AS T5 ON T6.IDENTIFIER_REFERENCE_32 = T5.IDENTIFIER_PRIMARY_26 GROUP BY T5.IDENTIFIER_PRIMARY_26 HAVING COUNT(T6.IDENTIFIER_REFERENCE_31) >= 2","SELECT Orders.order_id , Orders.order_status_code FROM Order_Items AS Order_Items JOIN Orders AS Orders ON Order_Items.order_id = Orders.order_id GROUP BY Orders.order_id HAVING COUNT(Order_Items.product_id) >= 2"
97,51,e_commerce,e_commerce,,,False,0,True,,llama3.1-8b,none,"SELECT T5.IDENTIFIER_PRIMARY_26 , T7.CHRONOLOGICAL_MARKER_38 FROM T5 JOIN T7 ON T5.IDENTIFIER_PRIMARY_26 = T7.IDENTIFIER_REFERENCE_35 JOIN T6 ON T5.IDENTIFIER_PRIMARY_26 = T6.IDENTIFIER_REFERENCE_32 JOIN T1 ON T6.IDENTIFIER_REFERENCE_31 = T1.IDENTIFIER_PRIMARY_1 WHERE T1.DESCRIPTIVE_ATTRIBUTE_3 IN ( SELECT T1.DESCRIPTIVE_ATTRIBUTE_3 FROM T1 GROUP BY T1.DESCRIPTIVE_ATTRIBUTE_3 HAVING count(*) >= 2 )","SELECT Orders.order_id , Shipments.shipment_date FROM Orders JOIN Shipments ON Orders.order_id = Shipments.order_id JOIN Order_Items ON Orders.order_id = Order_Items.order_id JOIN Products ON Order_Items.product_id = Products.product_id WHERE Products.product_name IN ( SELECT Products.product_name FROM Products GROUP BY Products.product_name HAVING count(*) >= 2 )"
98,60,e_commerce,e_commerce,,,False,0,True,,llama3.1-8b,none,"SELECT T2.DESCRIPTIVE_ATTRIBUTE_9 , count(*) FROM T5 AS T1 JOIN T2 AS T2 ON T1.IDENTIFIER_REFERENCE_27 = T2.IDENTIFIER_PRIMARY_8 GROUP BY T2.DESCRIPTIVE_ATTRIBUTE_9","SELECT Customers.gender_code , count(*) FROM Orders AS Products JOIN Customers AS Customers ON Products.customer_id = Customers.customer_id GROUP BY Customers.gender_code"
99,61,e_commerce,e_commerce,,,False,0,True,,llama3.1-8b,none,"SELECT T5.DESCRIPTIVE_ATTRIBUTE_28, COUNT(*) FROM T5 JOIN T2 ON T5.IDENTIFIER_REFERENCE_27 = T2.IDENTIFIER_PRIMARY_8 GROUP BY T5.DESCRIPTIVE_ATTRIBUTE_28","SELECT Orders.order_status_code, COUNT(*) FROM Orders JOIN Customers ON Orders.customer_id = Customers.customer_id GROUP BY Orders.order_status_code"
100,62,e_commerce,ERR,,,False,0,False,,,,,ERR: APIConnectionError('Connection error.')
101,63,e_commerce,e_commerce,,,False,1,True,,llama3.1-8b,none,"SELECT T2.DESCRIPTIVE_ATTRIBUTE_9 , T2.DESCRIPTIVE_ATTRIBUTE_10 , T2.DESCRIPTIVE_ATTRIBUTE_12 , T3.TEXT_FIELD_22 FROM T2 JOIN T3 ON T2.IDENTIFIER_PRIMARY_8 = T3.IDENTIFIER_REFERENCE_21","SELECT Customers.gender_code , Customers.customer_first_name , Customers.customer_last_name , Customer_Payment_Methods.payment_method_code FROM Customers JOIN Customer_Payment_Methods ON Customers.customer_id = Customer_Payment_Methods.customer_id"
102,64,e_commerce,e_commerce,,,False,0,True,,llama3.1-8b,none,"SELECT T4.DESCRIPTIVE_ATTRIBUTE_24 , T4.CHRONOLOGICAL_MARKER_25 , T7.CHRONOLOGICAL_MARKER_38 FROM T7 INNER JOIN T4 ON T7.IDENTIFIER_REFERENCE_36 = T4.IDENTIFIER_PRIMARY_23","SELECT Invoices.invoice_status_code , Invoices.invoice_date , Shipments.shipment_date FROM Shipments INNER JOIN Invoices ON Shipments.invoice_number = Invoices.invoice_number"
103,65,e_commerce,e_commerce,,,False,0,True,,llama3.1-8b,none,"SELECT T2.DESCRIPTIVE_ATTRIBUTE_9, T4.CHRONOLOGICAL_MARKER_25, T7.CHRONOLOGICAL_MARKER_38 FROM T4 JOIN T7 ON T7.IDENTIFIER_REFERENCE_36 = T4.IDENTIFIER_PRIMARY_23 JOIN T5 ON T5.IDENTIFIER_PRIMARY_26 = T7.IDENTIFIER_REFERENCE_35 JOIN T6 ON T6.IDENTIFIER_REFERENCE_32 = T5.IDENTIFIER_PRIMARY_26 JOIN T1 ON T1.IDENTIFIER_PRIMARY_1 = T6.IDENTIFIER_REFERENCE_31 JOIN T2 ON T2.DESCRIPTIVE_ATTRIBUTE_17 = T5.DESCRIPTIVE_ATTRIBUTE_28","SELECT Customers.gender_code, Invoices.invoice_date, Shipments.shipment_date FROM Invoices JOIN Shipments ON Shipments.invoice_number = Invoices.invoice_number JOIN Orders ON Orders.order_id = Shipments.order_id JOIN Order_Items ON Order_Items.order_id = Orders.order_id JOIN Products ON Products.product_id = Order_Items.product_id JOIN Customers ON Customers.address_line_1 = Orders.order_status_code"
104,68,e_commerce,e_commerce,,,False,0,True,,llama3.1-8b,none,"SELECT T5.DESCRIPTIVE_ATTRIBUTE_28 , T7.MEASUREMENT_VALUE_37 FROM T6 JOIN T5 ON T6.IDENTIFIER_REFERENCE_32 = T5.IDENTIFIER_PRIMARY_26 JOIN T7 ON T5.IDENTIFIER_PRIMARY_26 = T7.IDENTIFIER_REFERENCE_35","SELECT Orders.order_status_code , Shipments.shipment_tracking_number FROM Order_Items JOIN Orders ON Order_Items.order_id = Orders.order_id JOIN Shipments ON Orders.order_id = Shipments.order_id"
105,69,e_commerce,e_commerce,,,False,3,False,,llama3.1-8b,none,"SELECT T5.DESCRIPITIVE_ATTRIBUTE_28 , T7.MEASUREMENT_VALUE_37 FROM T6 JOIN T5 ON T6.IDENTIFIER_REFERENCE_32 = T5.IDENTIFIER_PRIMARY_26 JOIN T7 ON T7.IDENTIFIER_REFERENCE_35 = T5.IDENTIFIER_PRIMARY_26","SELECT Orders.DESCRIPITIVE_ATTRIBUTE_28 , Shipments.shipment_tracking_number FROM Order_Items JOIN Orders ON Order_Items.order_id = Orders.order_id JOIN Shipments ON Shipments.order_id = Orders.order_id"
106,84,e_commerce,e_commerce,,,False,0,True,,llama3.1-8b,none,"SELECT DESCRIPTIVE_ATTRIBUTE_14 , TEXT_FIELD_15 FROM T2 WHERE MEASUREMENT_VALUE_16 LIKE '+12%'","SELECT login_name , login_password FROM Customers WHERE phone_number LIKE '+12%'"
107,85,e_commerce,e_commerce,,,False,0,True,,llama3.1-8b,none,"SELECT T2.DESCRIPTIVE_ATTRIBUTE_14 , T2.TEXT_FIELD_15 FROM T2 JOIN T3 ON T3.IDENTIFIER_REFERENCE_21 = T2.IDENTIFIER_PRIMARY_8 WHERE T2.MEASUREMENT_VALUE_16 LIKE '+12%'","SELECT Customers.login_name , Customers.login_password FROM Customers JOIN Customer_Payment_Methods ON Customer_Payment_Methods.customer_id = Customers.customer_id WHERE Customers.phone_number LIKE '+12%'"
108,86,e_commerce,e_commerce,,,False,0,True,,llama3.1-8b,none,SELECT T1.MEASUREMENT_VALUE_6 FROM T1 INNER JOIN T6 ON T1.IDENTIFIER_PRIMARY_1 = T6.IDENTIFIER_REFERENCE_31 INNER JOIN T5 ON T6.IDENTIFIER_REFERENCE_32 = T5.IDENTIFIER_PRIMARY_26 WHERE T1.DESCRIPTIVE_ATTRIBUTE_3 LIKE '%Dell%',SELECT Products.product_size FROM Products INNER JOIN Order_Items ON Products.product_id = Order_Items.product_id INNER JOIN Orders ON Order_Items.order_id = Orders.order_id WHERE Products.product_name LIKE '%Dell%'
109,87,e_commerce,e_commerce,,,False,0,True,,llama3.1-8b,none,SELECT T1.DESCRIPTIVE_ATTRIBUTE_3 FROM T1 JOIN T3 ON T1.IDENTIFIER_PRIMARY_1 = T3.IDENTIFIER_REFERENCE_21 WHERE T1.TEXTUAL_CONTENT_7 LIKE '%Dell%',SELECT Products.product_name FROM Products JOIN Customer_Payment_Methods ON Products.product_id = Customer_Payment_Methods.customer_id WHERE Products.product_description LIKE '%Dell%'
110,94,e_commerce,e_commerce,,,False,0,True,,llama3.1-8b,none,"SELECT T5.DESCRIPTIVE_ATTRIBUTE_28 , T7.CHRONOLOGICAL_MARKER_38 FROM T5 JOIN T7 ON T5.IDENTIFIER_PRIMARY_26 = T7.IDENTIFIER_REFERENCE_35","SELECT Orders.order_status_code , Shipments.shipment_date FROM Orders JOIN Shipments ON Orders.order_id = Shipments.order_id"
111,95,e_commerce,e_commerce,,,False,0,True,,llama3.1-8b,none,"SELECT T5.DESCRIPTIVE_ATTRIBUTE_28 , T7.CHRONOLOGICAL_MARKER_38 FROM T5 JOIN T7 ON T5.IDENTIFIER_PRIMARY_26 = T7.IDENTIFIER_REFERENCE_35","SELECT Orders.order_status_code , Shipments.shipment_date FROM Orders JOIN Shipments ON Orders.order_id = Shipments.order_id"
112,96,e_commerce,e_commerce,,,False,1,True,,llama3.1-8b,none,"SELECT T2.DESCRIPTIVE_ATTRIBUTE_17 , T2.DESCRIPTIVE_ATTRIBUTE_18 , T2.DESCRIPTIVE_ATTRIBUTE_13 FROM T2 JOIN T3 ON T2.IDENTIFIER_PRIMARY_8 = T3.IDENTIFIER_REFERENCE_21 WHERE T2.DESCRIPTIVE_ATTRIBUTE_20 = ""customers"" AND T2.DESCRIPTIVE_ATTRIBUTE_12 = ""USA""","SELECT Customers.address_line_1 , Customers.town_city , Customers.email_address FROM Customers JOIN Customer_Payment_Methods ON Customers.customer_id = Customer_Payment_Methods.customer_id WHERE Customers.country = ""customers"" AND Customers.customer_last_name = ""USA"""
113,97,e_commerce,e_commerce,,,False,0,True,,llama3.1-8b,none,"SELECT T2.DESCRIPTIVE_ATTRIBUTE_18 , T2.DESCRIPTIVE_ATTRIBUTE_20 , T2.TEXT_FIELD_19 FROM T2 JOIN T3 ON T3.IDENTIFIER_REFERENCE_21 = T2.IDENTIFIER_PRIMARY_8 JOIN T5 ON T5.IDENTIFIER_REFERENCE_27 = T2.IDENTIFIER_PRIMARY_8 JOIN T6 ON T6.IDENTIFIER_REFERENCE_32 = T5.IDENTIFIER_PRIMARY_26 JOIN T1 ON T1.IDENTIFIER_PRIMARY_1 = T6.IDENTIFIER_REFERENCE_31 WHERE T2.DESCRIPTIVE_ATTRIBUTE_12 = 'United States'","SELECT Customers.town_city , Customers.country , Customers.county FROM Customers JOIN Customer_Payment_Methods ON Customer_Payment_Methods.customer_id = Customers.customer_id JOIN Orders ON Orders.customer_id = Customers.customer_id JOIN Order_Items ON Order_Items.order_id = Orders.order_id JOIN Products ON Products.product_id = Order_Items.product_id WHERE Customers.customer_last_name = 'United States'"
114,112,e_commerce,e_commerce,,,False,3,False,,llama3.1-8b,none,"SELECT T1.IDENTIFIER_PRIMARY_1, T2.DESCRIPITIVE_ATTRIBUTE_9 FROM T1 JOIN T5 ON T1.IDENTIFIER_PRIMARY_1 = T5.IDENTIFIER_REFERENCE_27 JOIN T2 ON T5.IDENTIFIER_REFERENCE_27 = T2.IDENTIFIER_PRIMARY_8 JOIN T7 ON T5.IDENTIFIER_PRIMARY_26 = T7.IDENTIFIER_REFERENCE_35 WHERE T7.MEASUREMENT_VALUE_37 > 3","SELECT Products.product_id, Customers.DESCRIPITIVE_ATTRIBUTE_9 FROM Products JOIN Orders ON Products.product_id = Orders.customer_id JOIN Customers ON Orders.customer_id = Customers.customer_id JOIN Shipments ON Orders.order_id = Shipments.order_id WHERE Shipments.shipment_tracking_number > 3"
115,113,e_commerce,e_commerce,,,False,0,True,,llama3.1-8b,none,"SELECT T1.IDENTIFIER_PRIMARY_1, T1.DESCRIPTIVE_ATTRIBUTE_3 FROM T1 JOIN T5 ON T1.IDENTIFIER_PRIMARY_1 = T5.IDENTIFIER_REFERENCE_27 JOIN T7 ON T5.IDENTIFIER_PRIMARY_26 = T7.IDENTIFIER_REFERENCE_35 GROUP BY T1.IDENTIFIER_PRIMARY_1 HAVING count(*) > 3","SELECT Products.product_id, Products.product_name FROM Products JOIN Orders ON Products.product_id = Orders.customer_id JOIN Shipments ON Orders.order_id = Shipments.order_id GROUP BY Products.product_id HAVING count(*) > 3"
116,114,e_commerce,e_commerce,,,False,3,False,,llama3.1-8b,none,"SELECT T4.DESCRIPTIVE_ATTRIBUTE_24 , T4.IDENTIFIER_PRIMARY_23 FROM T7 AS T1 JOIN T4 AS T2 ON T1.IDENTIFIER_REFERENCE_36 = T2.IDENTIFIER_PRIMARY_23 JOIN T6 AS T3 ON T3.IDENTIFIER_REFERENCE_32 = T1.IDENTIFIER_PRIMARY_26 JOIN T5 AS T4_1 ON T4_1.IDENTIFIER_PRIMARY_26 = T3.IDENTIFIER_REFERENCE_32 JOIN T5 AS T5_1 ON T5_1.IDENTIFIER_PRIMARY_26 = T5_1.IDENTIFIER_REFERENCE_27 JOIN T2 AS T2_1 ON T2_1.IDENTIFIER_PRIMARY_8 = T5_1.IDENTIFIER_REFERENCE_27 JOIN T7 AS T7_1 ON T7_1.IDENTIFIER_PRIMARY_34 = T1.IDENTIFIER_PRIMARY_34 GROUP BY T4.IDENTIFIER_PRIMARY_23 HAVING COUNT(T7_1.IDENTIFIER_PRIMARY_34) >= 2","SELECT Invoices.invoice_status_code , Invoices.invoice_number FROM Shipments AS Products JOIN Invoices AS Customers ON Products.invoice_number = Customers.invoice_number JOIN Order_Items AS Customer_Payment_Methods ON Customer_Payment_Methods.order_id = Products.order_id JOIN Orders AS T4_1 ON T4_1.order_id = Customer_Payment_Methods.order_id JOIN Orders AS T5_1 ON T5_1.order_id = T5_1.customer_id JOIN Customers AS T2_1 ON T2_1.customer_id = T5_1.customer_id JOIN Shipments AS T7_1 ON T7_1.shipment_id = Products.shipment_id GROUP BY Invoices.invoice_number HAVING COUNT(T7_1.shipment_id) >= 2"
117,115,e_commerce,e_commerce,,,False,0,True,,llama3.1-8b,none,"SELECT T4.DESCRIPTIVE_ATTRIBUTE_24 , T4.IDENTIFIER_PRIMARY_23 FROM T4 JOIN T7 ON T7.IDENTIFIER_REFERENCE_36 = T4.IDENTIFIER_PRIMARY_23 JOIN T8 ON T8.IDENTIFIER_REFERENCE_40 = T7.IDENTIFIER_PRIMARY_34 JOIN T6 ON T6.IDENTIFIER_PRIMARY_30 = T8.IDENTIFIER_PRIMARY_39 JOIN T5 ON T5.IDENTIFIER_PRIMARY_26 = T6.IDENTIFIER_REFERENCE_32 WHERE T5.IDENTIFIER_REFERENCE_27 IN (SELECT T2.IDENTIFIER_PRIMARY_8 FROM T2 GROUP BY T2.IDENTIFIER_PRIMARY_8 HAVING COUNT(*) >= 2)","SELECT Invoices.invoice_status_code , Invoices.invoice_number FROM Invoices JOIN Shipments ON Shipments.invoice_number = Invoices.invoice_number JOIN Shipment_Items ON Shipment_Items.order_item_id = Shipments.shipment_id JOIN Order_Items ON Order_Items.order_item_id = Shipment_Items.shipment_id JOIN Orders ON Orders.order_id = Order_Items.order_id WHERE Orders.customer_id IN (SELECT Customers.customer_id FROM Customers GROUP BY Customers.customer_id HAVING COUNT(*) >= 2)"
118,116,e_commerce,e_commerce,,,False,0,True,,llama3.1-8b,none,"SELECT T7.MEASUREMENT_VALUE_37, T7.CHRONOLOGICAL_MARKER_38 FROM T7","SELECT Shipments.shipment_tracking_number, Shipments.shipment_date FROM Shipments"
119,117,e_commerce,e_commerce,,,False,0,True,,llama3.1-8b,none,"SELECT T7.MEASUREMENT_VALUE_37 , T7.CHRONOLOGICAL_MARKER_38 FROM T7","SELECT Shipments.shipment_tracking_number , Shipments.shipment_date FROM Shipments"
120,121,bbc_channels,bbc_channels,,,False,3,False,,llama3.1-8b,none,SELECT T2.DESCRIPTIVE_ATTRIBUTE_7 FROM T3 AS T1 JOIN T2 ON T1.IDENTIFIER_REFERENCE_12 = T2.IDENTIFIER_PRIMARY_6 JOIN T1 AS T3 ON T1.IDENTIFIER_PRIMARY_1 = T3.IDENTIFIER_REFERENCE_13 ORDER BY T3.DESCRIPTIVE_ATTRIBUTE_11 ASC LIMIT 1,SELECT director.Name FROM program AS channel JOIN director ON channel.Director_ID = director.Director_ID JOIN channel AS program ON channel.Channel_ID = program.Channel_ID ORDER BY program.Title ASC LIMIT 1
121,122,bbc_channels,bbc_channels,,,False,0,True,,llama3.1-8b,none,SELECT COUNT(*) FROM T1 WHERE TEXT_FIELD_5 LIKE '%bbc%',SELECT COUNT(*) FROM channel WHERE Internet LIKE '%bbc%'
122,127,bbc_channels,bbc_channels,,,False,0,True,,llama3.1-8b,none,SELECT T3.DESCRIPTIVE_ATTRIBUTE_11 FROM T3 ORDER BY T3.IDENTIFIER_PRIMARY_9 DESC LIMIT 1,SELECT program.Title FROM program ORDER BY program.Program_ID DESC LIMIT 1
123,128,bbc_channels,bbc_channels,,,False,0,True,,llama3.1-8b,none,"SELECT T1.DESCRIPTIVE_ATTRIBUTE_2 , T1.TEXT_FIELD_3 FROM T1 WHERE T1.IDENTIFIER_PRIMARY_1 IN (SELECT T3.IDENTIFIER_REFERENCE_13 FROM T3 GROUP BY T3.IDENTIFIER_REFERENCE_13 HAVING COUNT(T3.IDENTIFIER_REFERENCE_13) > 1)","SELECT channel.Name , channel.Analogue_terrestrial_channel FROM channel WHERE channel.Channel_ID IN (SELECT program.Channel_ID FROM program GROUP BY program.Channel_ID HAVING COUNT(program.Channel_ID) > 1)"
124,129,bbc_channels,bbc_channels,,,False,0,True,,llama3.1-8b,none,"SELECT T1.DESCRIPTIVE_ATTRIBUTE_2, COUNT(T3.IDENTIFIER_PRIMARY_9) FROM T1 INNER JOIN T3 ON T3.IDENTIFIER_REFERENCE_13 = T1.IDENTIFIER_PRIMARY_1 GROUP BY T1.DESCRIPTIVE_ATTRIBUTE_2","SELECT channel.Name, COUNT(program.Program_ID) FROM channel INNER JOIN program ON program.Channel_ID = channel.Channel_ID GROUP BY channel.Name"
125,131,bbc_channels,bbc_channels,,,False,0,True,,llama3.1-8b,none,"SELECT T2.DESCRIPTIVE_ATTRIBUTE_7 FROM T3 AS T1 JOIN T2 ON T1.IDENTIFIER_REFERENCE_12 = T2.IDENTIFIER_PRIMARY_6 WHERE T1.DESCRIPTIVE_ATTRIBUTE_11 = ""Dracula""","SELECT director.Name FROM program AS channel JOIN director ON channel.Director_ID = director.Director_ID WHERE channel.Title = ""Dracula"""
126,138,tv_shows,tv_shows,,,False,1,True,,llama3.1-8b,none,"SELECT T3.DESCRIPTIVE_ATTRIBUTE_14, T2.TEXT_FIELD_10 FROM T3 JOIN T5 ON T3.IDENTIFIER_PRIMARY_13 = T5.IDENTIFIER_REFERENCE_22 JOIN T4 ON T5.IDENTIFIER_PRIMARY_21 = T4.IDENTIFIER_PRIMARY_18 JOIN T2 ON T4.IDENTIFIER_REFERENCE_19 = T2.IDENTIFIER_PRIMARY_6","SELECT tv_show.tv_show_name, radio.RnaG_MHz FROM tv_show JOIN city_channel_tv_show ON tv_show.tv_show_ID = city_channel_tv_show.tv_show_ID JOIN city_channel_radio ON city_channel_tv_show.City_channel_ID = city_channel_radio.City_channel_ID JOIN radio ON city_channel_radio.Radio_ID = radio.Radio_ID"
127,140,tv_shows,tv_shows,,,False,0,True,,llama3.1-8b,none,SELECT T2.TEXT_FIELD_7 FROM T1 AS T1 JOIN T4 AS T4 ON T1.IDENTIFIER_PRIMARY_1 = T4.IDENTIFIER_PRIMARY_18 JOIN T2 AS T2 ON T4.IDENTIFIER_REFERENCE_19 = T2.IDENTIFIER_PRIMARY_6 WHERE T2.TEXT_FIELD_8 > 150 OR T2.TEXT_FIELD_8 < 30,SELECT radio.Transmitter FROM city_channel AS city_channel JOIN city_channel_radio AS city_channel_radio ON city_channel.ID = city_channel_radio.City_channel_ID JOIN radio AS radio ON city_channel_radio.Radio_ID = radio.Radio_ID WHERE radio.Radio_MHz > 150 OR radio.Radio_MHz < 30
128,141,tv_shows,tv_shows,,,False,0,True,,llama3.1-8b,none,SELECT T2.TEXT_FIELD_7 FROM T4 AS T1 INNER JOIN T2 ON T1.IDENTIFIER_REFERENCE_19 = T2.IDENTIFIER_PRIMARY_6 WHERE T2.TEXT_FIELD_12 = ( SELECT MAX(TEXT_FIELD_12) FROM T2 ),SELECT radio.Transmitter FROM city_channel_radio AS city_channel INNER JOIN radio ON city_channel.Radio_ID = radio.Radio_ID WHERE radio.ERP_kW = ( SELECT MAX(ERP_kW) FROM radio )
129,143,tv_shows,tv_shows,,,False,0,True,,llama3.1-8b,none,"SELECT T1.DESCRIPTIVE_ATTRIBUTE_5 , COUNT(*) FROM T1 JOIN T4 ON T1.IDENTIFIER_PRIMARY_1 = T4.IDENTIFIER_PRIMARY_18 GROUP BY T1.DESCRIPTIVE_ATTRIBUTE_5","SELECT city_channel.Affiliation , COUNT(*) FROM city_channel JOIN city_channel_radio ON city_channel.ID = city_channel_radio.City_channel_ID GROUP BY city_channel.Affiliation"
130,146,tv_shows,tv_shows,,,False,0,True,,llama3.1-8b,none,"SELECT T1.DESCRIPTIVE_ATTRIBUTE_3 , T1.DESCRIPTIVE_ATTRIBUTE_2 FROM T1 INNER JOIN T4 ON T1.IDENTIFIER_PRIMARY_1 = T4.IDENTIFIER_PRIMARY_18 INNER JOIN T2 ON T4.IDENTIFIER_REFERENCE_19 = T2.IDENTIFIER_PRIMARY_6 ORDER BY T1.DESCRIPTIVE_ATTRIBUTE_3 ASC","SELECT city_channel.Station_name , city_channel.City FROM city_channel INNER JOIN city_channel_radio ON city_channel.ID = city_channel_radio.City_channel_ID INNER JOIN radio ON city_channel_radio.Radio_ID = radio.Radio_ID ORDER BY city_channel.Station_name ASC"
131,147,tv_shows,tv_shows,,,False,0,True,,llama3.1-8b,none,"SELECT TEXT_FIELD_7, DESCRIPTIVE_ATTRIBUTE_2 FROM T2 JOIN T4 ON T4.IDENTIFIER_REFERENCE_19 = T2.IDENTIFIER_PRIMARY_6 JOIN T1 ON T1.IDENTIFIER_PRIMARY_1 = T4.IDENTIFIER_PRIMARY_18","SELECT Transmitter, City FROM radio JOIN city_channel_radio ON city_channel_radio.Radio_ID = radio.Radio_ID JOIN city_channel ON city_channel.ID = city_channel_radio.City_channel_ID"
132,149,tv_shows,tv_shows,,,False,0,True,,llama3.1-8b,none,"SELECT T2.TEXT_FIELD_7 , COUNT(T4.IDENTIFIER_PRIMARY_18) FROM T2 AS T2 JOIN T4 AS T4 ON T2.IDENTIFIER_PRIMARY_6 = T4.IDENTIFIER_REFERENCE_19 GROUP BY T2.IDENTIFIER_PRIMARY_6","SELECT radio.Transmitter , COUNT(city_channel_radio.City_channel_ID) FROM radio AS radio JOIN city_channel_radio AS city_channel_radio ON radio.Radio_ID = city_channel_radio.Radio_ID GROUP BY radio.Radio_ID"
133,157,vehicle_driver,vehicle_driver,,,False,0,True,,llama3.1-8b,none,"SELECT MAX(T2.DESCRIPTIVE_ATTRIBUTE_9), AVG(T2.DESCRIPTIVE_ATTRIBUTE_9) FROM T2 INNER JOIN T3 ON T2.IDENTIFIER_PRIMARY_8 = T3.IDENTIFIER_PRIMARY_12 INNER JOIN T1 ON T3.IDENTIFIER_REFERENCE_13 = T1.IDENTIFIER_PRIMARY_1 WHERE T1.TEXT_FIELD_2 = 'Zhuzhou'","SELECT MAX(driver.Name), AVG(driver.Name) FROM driver INNER JOIN vehicle_driver ON driver.Driver_ID = vehicle_driver.Driver_ID INNER JOIN vehicle ON vehicle_driver.Vehicle_ID = vehicle.Vehicle_ID WHERE vehicle.Model = 'Zhuzhou'"
134,158,vehicle_driver,vehicle_driver,,,False,0,True,,llama3.1-8b,none,"SELECT MAX(T2.DESCRIPTIVE_ATTRIBUTE_9), AVG(T2.DESCRIPTIVE_ATTRIBUTE_9) FROM T1 AS T1_1 INNER JOIN T3 ON T1_1.IDENTIFIER_PRIMARY_1 = T3.IDENTIFIER_REFERENCE_13 INNER JOIN T2 ON T3.IDENTIFIER_PRIMARY_12 = T2.IDENTIFIER_PRIMARY_8 WHERE T1_1.TEXT_FIELD_6 = 'Zhuzhou'","SELECT MAX(driver.Name), AVG(driver.Name) FROM vehicle AS T1_1 INNER JOIN vehicle_driver ON T1_1.Vehicle_ID = vehicle_driver.Vehicle_ID INNER JOIN driver ON vehicle_driver.Driver_ID = driver.Driver_ID WHERE T1_1.Builder = 'Zhuzhou'"
135,161,vehicle_driver,vehicle_driver,,,False,0,True,,llama3.1-8b,none,"SELECT T1.NUMERIC_FIELD_4 , T1.NUMERIC_FIELD_5 FROM T1 WHERE T1.CHRONOLOGICAL_MARKER_3 = ""1996""","SELECT vehicle.Top_Speed , vehicle.Power FROM vehicle WHERE vehicle.Build_Year = ""1996"""
136,162,vehicle_driver,vehicle_driver,,,False,0,True,,llama3.1-8b,none,"SELECT T1.NUMERIC_FIELD_4 , T1.NUMERIC_FIELD_5 FROM T1 JOIN T3 ON T1.IDENTIFIER_PRIMARY_1 = T3.IDENTIFIER_REFERENCE_13 WHERE T1.CHRONOLOGICAL_MARKER_3 = ""1996""","SELECT vehicle.Top_Speed , vehicle.Power FROM vehicle JOIN vehicle_driver ON vehicle.Vehicle_ID = vehicle_driver.Vehicle_ID WHERE vehicle.Build_Year = ""1996"""
137,163,vehicle_driver,vehicle_driver,,,False,0,True,,llama3.1-8b,none,"SELECT T1.CHRONOLOGICAL_MARKER_3 , T1.TEXT_FIELD_2 , T2.DESCRIPTIVE_ATTRIBUTE_9 FROM T1 INNER JOIN T3 ON T1.IDENTIFIER_PRIMARY_1 = T3.IDENTIFIER_REFERENCE_13 INNER JOIN T2 ON T3.IDENTIFIER_PRIMARY_12 = T2.IDENTIFIER_PRIMARY_8","SELECT vehicle.Build_Year , vehicle.Model , driver.Name FROM vehicle INNER JOIN vehicle_driver ON vehicle.Vehicle_ID = vehicle_driver.Vehicle_ID INNER JOIN driver ON vehicle_driver.Driver_ID = driver.Driver_ID"
138,164,vehicle_driver,vehicle_driver,,,False,0,True,,llama3.1-8b,none,"SELECT T1.CHRONOLOGICAL_MARKER_3 , T1.TEXT_FIELD_2 , T2.TEXT_FIELD_10 FROM T1 JOIN T3 ON T1.IDENTIFIER_PRIMARY_1 = T3.IDENTIFIER_REFERENCE_13 JOIN T2 ON T3.IDENTIFIER_PRIMARY_12 = T2.IDENTIFIER_PRIMARY_8","SELECT vehicle.Build_Year , vehicle.Model , driver.Citizenship FROM vehicle JOIN vehicle_driver ON vehicle.Vehicle_ID = vehicle_driver.Vehicle_ID JOIN driver ON vehicle_driver.Driver_ID = driver.Driver_ID"
139,165,vehicle_driver,vehicle_driver,,,False,0,True,,llama3.1-8b,none,"SELECT COUNT(T3.IDENTIFIER_PRIMARY_12) FROM T1 AS T1 JOIN T3 AS T3 ON T3.IDENTIFIER_REFERENCE_13 = T1.IDENTIFIER_PRIMARY_1 WHERE T1.CHRONOLOGICAL_MARKER_3 = ""2012""","SELECT COUNT(vehicle_driver.Driver_ID) FROM vehicle AS vehicle JOIN vehicle_driver AS vehicle_driver ON vehicle_driver.Vehicle_ID = vehicle.Vehicle_ID WHERE vehicle.Build_Year = ""2012"""
140,166,vehicle_driver,vehicle_driver,,,False,3,False,,llama3.1-8b,none,SELECT COUNT(DISTINCT T2.DESCRIPTIVE_ATTRIBUTE_9) FROM T3 AS T1 JOIN T2 ON T1.IDENTIFIER_PRIMARY_12 = T2.IDENTIFIER_PRIMARY_8 WHERE T1.CHRONOLOGICAL_MARKER_3 = '2012',SELECT COUNT(DISTINCT driver.Name) FROM vehicle_driver AS vehicle JOIN driver ON vehicle.Driver_ID = driver.Driver_ID WHERE vehicle.Build_Year = '2012'
141,173,vehicle_driver,vehicle_driver,,,False,0,True,,llama3.1-8b,none,SELECT T1.TEXT_FIELD_2 FROM T1 WHERE T1.NUMERIC_FIELD_4 > 150 OR T1.MEASUREMENT_VALUE_7 > 100,SELECT vehicle.Model FROM vehicle WHERE vehicle.Top_Speed > 150 OR vehicle.Total_Production > 100
142,174,vehicle_driver,vehicle_driver,,,False,0,True,,llama3.1-8b,none,SELECT T2.TEXT_FIELD_11 FROM T3 AS T3 JOIN T1 AS T1 ON T3.IDENTIFIER_REFERENCE_13 = T1.IDENTIFIER_PRIMARY_1 JOIN T2 AS T2 ON T3.IDENTIFIER_PRIMARY_12 = T2.IDENTIFIER_PRIMARY_8 WHERE T1.NUMERIC_FIELD_4 > 150 OR T1.MEASUREMENT_VALUE_7 > 100,SELECT driver.Racing_Series FROM vehicle_driver AS vehicle_driver JOIN vehicle AS vehicle ON vehicle_driver.Vehicle_ID = vehicle.Vehicle_ID JOIN driver AS driver ON vehicle_driver.Driver_ID = driver.Driver_ID WHERE vehicle.Top_Speed > 150 OR vehicle.Total_Production > 100
143,175,vehicle_driver,vehicle_driver,,,False,1,True,,llama3.1-8b,none,"SELECT T1.TEXT_FIELD_6, T1.NUMERIC_FIELD_4 FROM T1 WHERE T1.TEXT_FIELD_2 LIKE '%DJ%'","SELECT vehicle.Builder, vehicle.Top_Speed FROM vehicle WHERE vehicle.Model LIKE '%DJ%'"
144,176,vehicle_driver,vehicle_driver,,,False,0,True,,llama3.1-8b,none,"SELECT T1.TEXT_FIELD_2 , T1.CHRONOLOGICAL_MARKER_3 FROM T1 WHERE T1.TEXT_FIELD_2 LIKE ""%DJ%""","SELECT vehicle.Model , vehicle.Build_Year FROM vehicle WHERE vehicle.Model LIKE ""%DJ%"""
145,187,vehicle_driver,vehicle_driver,,,False,0,True,,llama3.1-8b,none,"SELECT T2.DESCRIPTIVE_ATTRIBUTE_9, COUNT(T3.IDENTIFIER_PRIMARY_12) FROM T1 AS T1 JOIN T3 AS T3 ON T1.IDENTIFIER_PRIMARY_1 = T3.IDENTIFIER_REFERENCE_13 JOIN T2 AS T2 ON T3.IDENTIFIER_PRIMARY_12 = T2.IDENTIFIER_PRIMARY_8 GROUP BY T2.DESCRIPTIVE_ATTRIBUTE_9","SELECT driver.Name, COUNT(vehicle_driver.Driver_ID) FROM vehicle AS vehicle JOIN vehicle_driver AS vehicle_driver ON vehicle.Vehicle_ID = vehicle_driver.Vehicle_ID JOIN driver AS driver ON vehicle_driver.Driver_ID = driver.Driver_ID GROUP BY driver.Name"
146,188,vehicle_driver,vehicle_driver,,,False,0,True,,llama3.1-8b,none,SELECT COUNT(T2.IDENTIFIER_PRIMARY_8) FROM T2 JOIN T3 ON T2.IDENTIFIER_PRIMARY_8 = T3.IDENTIFIER_PRIMARY_12 JOIN T1 ON T3.IDENTIFIER_REFERENCE_13 = T1.IDENTIFIER_PRIMARY_1,SELECT COUNT(driver.Driver_ID) FROM driver JOIN vehicle_driver ON driver.Driver_ID = vehicle_driver.Driver_ID JOIN vehicle ON vehicle_driver.Vehicle_ID = vehicle.Vehicle_ID
147,197,online_exams,online_exams,,,False,0,True,,llama3.1-8b,none,"SELECT T3.DESCRIPTIVE_ATTRIBUTE_16 , T3.CHRONOLOGICAL_MARKER_15 FROM T3 JOIN T4 ON T3.IDENTIFIER_PRIMARY_13 = T4.IDENTIFIER_PRIMARY_17 JOIN T2 ON T4.IDENTIFIER_REFERENCE_18 = T2.IDENTIFIER_PRIMARY_10 WHERE T2.DESCRIPTIVE_ATTRIBUTE_11 != ""Database""","SELECT Exams.Exam_Name , Exams.Exam_Date FROM Exams JOIN Questions_in_Exams ON Exams.Exam_ID = Questions_in_Exams.Exam_ID JOIN Questions ON Questions_in_Exams.Question_ID = Questions.Question_ID WHERE Questions.Type_of_Question_Code != ""Database"""
148,198,online_exams,online_exams,,,False,2,True,,llama3.1-8b,none,"SELECT T3.DESCRIPTIVE_ATTRIBUTE_16, T3.CHRONOLOGICAL_MARKER_15 FROM T3 INNER JOIN T4 ON T3.IDENTIFIER_PRIMARY_13 = T4.IDENTIFIER_PRIMARY_17 INNER JOIN T1 ON T4.IDENTIFIER_REFERENCE_18 = T1.IDENTIFIER_PRIMARY_1 WHERE T1.DESCRIPTIVE_ATTRIBUTE_2 != ""Database""","SELECT Exams.Exam_Name, Exams.Exam_Date FROM Exams INNER JOIN Questions_in_Exams ON Exams.Exam_ID = Questions_in_Exams.Exam_ID INNER JOIN Students ON Questions_in_Exams.Question_ID = Students.Student_ID WHERE Students.First_Name != ""Database"""
149,201,online_exams,online_exams,,,False,0,True,,llama3.1-8b,none,"SELECT DESCRIPTIVE_ATTRIBUTE_11 , COUNT(*) FROM T2 GROUP BY DESCRIPTIVE_ATTRIBUTE_11","SELECT Type_of_Question_Code , COUNT(*) FROM Questions GROUP BY Type_of_Question_Code"
150,202,online_exams,online_exams,,,False,0,True,,llama3.1-8b,none,"SELECT T2.DESCRIPTIVE_ATTRIBUTE_11 , COUNT(T2.IDENTIFIER_PRIMARY_10) FROM T2 JOIN T4 ON T2.IDENTIFIER_PRIMARY_10 = T4.IDENTIFIER_REFERENCE_18 GROUP BY T2.DESCRIPTIVE_ATTRIBUTE_11","SELECT Questions.Type_of_Question_Code , COUNT(Questions.Question_ID) FROM Questions JOIN Questions_in_Exams ON Questions.Question_ID = Questions_in_Exams.Question_ID GROUP BY Questions.Type_of_Question_Code"
151,207,online_exams,online_exams,,,False,0,True,,llama3.1-8b,none,SELECT TEXT_FIELD_29 FROM T6 GROUP BY TEXT_FIELD_29 ORDER BY COUNT(*) DESC,SELECT Student_Answer_Text FROM Student_Answers GROUP BY Student_Answer_Text ORDER BY COUNT(*) DESC
152,208,online_exams,online_exams,,,False,0,True,,llama3.1-8b,none,SELECT TEXT_FIELD_29 FROM T6 GROUP BY TEXT_FIELD_29 ORDER BY COUNT(TEXT_FIELD_29) DESC,SELECT Student_Answer_Text FROM Student_Answers GROUP BY Student_Answer_Text ORDER BY COUNT(Student_Answer_Text) DESC
153,209,online_exams,online_exams,,,False,3,False,,llama3.1-8b,none,"SELECT T1.DESCRIPTIVE_ATTRIBUTE_2, T6.CHRONOLOGICAL_MARKER_26 FROM T1 INNER JOIN T4 ON T1.IDENTIFIER_PRIMARY_1 = T4.IDENTIFIER_REFERENCE_25 INNER JOIN T6 ON T4.IDENTIFIER_PRIMARY_17 = T6.IDENTIFIER_REFERENCE_23","SELECT Students.First_Name, Student_Answers.Date_of_Answer FROM Students INNER JOIN Questions_in_Exams ON Students.Student_ID = Questions_in_Exams.Student_ID INNER JOIN Student_Answers ON Questions_in_Exams.Exam_ID = Student_Answers.Exam_ID"
154,210,online_exams,online_exams,,,False,3,False,,llama3.1-8b,none,"SELECT T1.DESCRIPTIVE_ATTRIBUTE_2 , T6.CHRONOLOGICAL_MARKER_26 FROM T1 AS T1 INNER JOIN T4 AS T4 ON T1.IDENTIFIER_PRIMARY_1 = T4.IDENTIFIER_REFERENCE_25 INNER JOIN T6 AS T6 ON T4.IDENTIFIER_PRIMARY_17 = T6.IDENTIFIER_REFERENCE_23","SELECT Students.First_Name , Student_Answers.Date_of_Answer FROM Students AS Students INNER JOIN Questions_in_Exams AS Questions_in_Exams ON Students.Student_ID = Questions_in_Exams.Student_ID INNER JOIN Student_Answers AS Student_Answers ON Questions_in_Exams.Exam_ID = Student_Answers.Exam_ID"
155,211,online_exams,online_exams,,,False,3,False,,llama3.1-8b,none,"SELECT T1.DESCRIPTIVE_ATTRIBUTE_7 , T6.CHRONOLOGICAL_MARKER_26 FROM T1 JOIN T4 ON T1.IDENTIFIER_PRIMARY_1 = T4.IDENTIFIER_REFERENCE_25 JOIN T6 ON T4.IDENTIFIER_REFERENCE_23 = T6.IDENTIFIER_REFERENCE_23 ORDER BY T6.CHRONOLOGICAL_MARKER_26 DESC","SELECT Students.Email_Adress , Student_Answers.Date_of_Answer FROM Students JOIN Questions_in_Exams ON Students.Student_ID = Questions_in_Exams.Student_ID JOIN Student_Answers ON Questions_in_Exams.Exam_ID = Student_Answers.Exam_ID ORDER BY Student_Answers.Date_of_Answer DESC"
156,212,online_exams,online_exams,,,False,0,True,,llama3.1-8b,none,"SELECT T1.DESCRIPTIVE_ATTRIBUTE_7 , T6.CHRONOLOGICAL_MARKER_26 FROM T1 AS T1 JOIN T6 AS T6 ON T6.IDENTIFIER_REFERENCE_25 = T1.IDENTIFIER_PRIMARY_1 ORDER BY T6.CHRONOLOGICAL_MARKER_26 DESC","SELECT Students.Email_Adress , Student_Answers.Date_of_Answer FROM Students AS Students JOIN Student_Answers AS Student_Answers ON Student_Answers.Student_ID = Students.Student_ID ORDER BY Student_Answers.Date_of_Answer DESC"
157,215,online_exams,online_exams,,,False,3,False,,llama3.1-8b,none,SELECT T1.DESCRIPTIVE_ATTRIBUTE_2 FROM T1 INNER JOIN T4 ON T1.IDENTIFIER_PRIMARY_1 = T4.IDENTIFIER_REFERENCE_25 INNER JOIN T6 ON T4.IDENTIFIER_PRIMARY_17 = T6.IDENTIFIER_REFERENCE_23 INNER JOIN T2 ON T6.IDENTIFIER_REFERENCE_24 = T2.IDENTIFIER_PRIMARY_10 WHERE T6.IDENTIFIER_REFERENCE_24 = T4.IDENTIFIER_REFERENCE_18 GROUP BY T1.IDENTIFIER_PRIMARY_1 HAVING COUNT(T6.IDENTIFIER_REFERENCE_24) >= 2,SELECT Students.First_Name FROM Students INNER JOIN Questions_in_Exams ON Students.Student_ID = Questions_in_Exams.Student_ID INNER JOIN Student_Answers ON Questions_in_Exams.Exam_ID = Student_Answers.Exam_ID INNER JOIN Questions ON Student_Answers.Question_ID = Questions.Question_ID WHERE Student_Answers.Question_ID = Questions_in_Exams.Question_ID GROUP BY Students.Student_ID HAVING COUNT(Student_Answers.Question_ID) >= 2
158,216,online_exams,online_exams,,,False,0,True,,llama3.1-8b,none,SELECT T1.DESCRIPTIVE_ATTRIBUTE_2 FROM T1 INNER JOIN T6 ON T6.IDENTIFIER_REFERENCE_25 = T1.IDENTIFIER_PRIMARY_1 INNER JOIN T4 ON T6.IDENTIFIER_REFERENCE_23 = T4.IDENTIFIER_PRIMARY_17 INNER JOIN T3 ON T4.IDENTIFIER_PRIMARY_13 = T3.IDENTIFIER_PRIMARY_13 GROUP BY T1.IDENTIFIER_PRIMARY_1 HAVING COUNT(T3.DESCRIPTIVE_ATTRIBUTE_16) >= 2,SELECT Students.First_Name FROM Students INNER JOIN Student_Answers ON Student_Answers.Student_ID = Students.Student_ID INNER JOIN Questions_in_Exams ON Student_Answers.Exam_ID = Questions_in_Exams.Exam_ID INNER JOIN Exams ON Questions_in_Exams.Exam_ID = Exams.Exam_ID GROUP BY Students.Student_ID HAVING COUNT(Exams.Exam_Name) >= 2
159,221,online_exams,ERR,,,False,0,False,,,,,ERR: APIConnectionError('Connection error.')
160,14,soccer_3,soccer_3,,,False,0,True,,llama3.1-8b,none,SELECT T1.DESCRIPTIVE_ATTRIBUTE_2 FROM T1 INNER JOIN T2 ON T2.IDENTIFIER_REFERENCE_13 = T1.IDENTIFIER_PRIMARY_1 WHERE T2.MEASUREMENT_VALUE_12 > 2 ORDER BY T2.NUMERIC_FIELD_10 DESC LIMIT 1,SELECT club.Name FROM club INNER JOIN player ON player.Club_ID = club.Club_ID WHERE player.Wins_count > 2 ORDER BY player.Earnings DESC LIMIT 1
161,15,soccer_3,soccer_3,,,False,0,True,,llama3.1-8b,none,SELECT T1.DESCRIPTIVE_ATTRIBUTE_2 FROM T1 AS T1 JOIN T2 AS T2 ON T1.IDENTIFIER_PRIMARY_1 = T2.IDENTIFIER_REFERENCE_13 WHERE T2.MEASUREMENT_VALUE_12 > 2 GROUP BY T2.IDENTIFIER_REFERENCE_13 ORDER BY T2.NUMERIC_FIELD_10 DESC LIMIT 1,SELECT club.Name FROM club AS club JOIN player AS player ON club.Club_ID = player.Club_ID WHERE player.Wins_count > 2 GROUP BY player.Club_ID ORDER BY player.Earnings DESC LIMIT 1
162,22,soccer_3,soccer_3,,,False,0,True,,llama3.1-8b,none,SELECT T1.IDENTIFIER_PRIMARY_1 FROM T1 JOIN T2 ON T2.IDENTIFIER_REFERENCE_13 = T1.IDENTIFIER_PRIMARY_1 GROUP BY T1.IDENTIFIER_PRIMARY_1 ORDER BY avg(T2.NUMERIC_FIELD_10) DESC,SELECT club.Club_ID FROM club JOIN player ON player.Club_ID = club.Club_ID GROUP BY club.Club_ID ORDER BY avg(player.Earnings) DESC
163,23,soccer_3,soccer_3,,,False,0,True,,llama3.1-8b,none,SELECT T1.DESCRIPTIVE_ATTRIBUTE_2 FROM T1 INNER JOIN T2 ON T1.IDENTIFIER_PRIMARY_1 = T2.IDENTIFIER_REFERENCE_13 GROUP BY T1.IDENTIFIER_PRIMARY_1 ORDER BY AVG(T2.NUMERIC_FIELD_10) DESC,SELECT club.Name FROM club INNER JOIN player ON club.Club_ID = player.Club_ID GROUP BY club.Club_ID ORDER BY AVG(player.Earnings) DESC
164,26,soccer_3,soccer_3,,,False,0,True,,llama3.1-8b,none,SELECT T2.DESCRIPTIVE_ATTRIBUTE_8 FROM T2 JOIN T1 ON T2.IDENTIFIER_REFERENCE_13 = T1.IDENTIFIER_PRIMARY_1 GROUP BY T2.DESCRIPTIVE_ATTRIBUTE_8 ORDER BY COUNT(*) DESC LIMIT 1,SELECT player.Name FROM player JOIN club ON player.Club_ID = club.Club_ID GROUP BY player.Name ORDER BY COUNT(*) DESC LIMIT 1
165,27,soccer_3,soccer_3,,,False,1,True,,llama3.1-8b,none,SELECT TEXT_FIELD_5 FROM T1 WHERE IDENTIFIER_PRIMARY_1 IN (SELECT IDENTIFIER_PRIMARY_1 FROM T1 GROUP BY IDENTIFIER_PRIMARY_1 ORDER BY COUNT(*) DESC LIMIT 1),SELECT Manufacturer FROM club WHERE Club_ID IN (SELECT Club_ID FROM club GROUP BY Club_ID ORDER BY COUNT(*) DESC LIMIT 1)
166,32,soccer_3,soccer_3,,,False,0,True,,llama3.1-8b,none,SELECT T1.DESCRIPTIVE_ATTRIBUTE_2 FROM T1 WHERE T1.IDENTIFIER_PRIMARY_1 NOT IN (SELECT T2.IDENTIFIER_REFERENCE_13 FROM T2),SELECT club.Name FROM club WHERE club.Club_ID NOT IN (SELECT player.Club_ID FROM player)
167,33,soccer_3,soccer_3,,,False,0,True,,llama3.1-8b,none,SELECT T1.IDENTIFIER_PRIMARY_1 FROM T1 WHERE IDENTIFIER_PRIMARY_1 NOT IN ( SELECT T2.IDENTIFIER_REFERENCE_13 FROM T2 ),SELECT club.Club_ID FROM club WHERE Club_ID NOT IN ( SELECT player.Club_ID FROM player )
168,34,soccer_3,soccer_3,,,False,0,True,,llama3.1-8b,none,SELECT T1.DESCRIPTIVE_ATTRIBUTE_2 FROM T1 INNER JOIN T2 ON T1.IDENTIFIER_PRIMARY_1 = T2.IDENTIFIER_REFERENCE_13 WHERE T2.NUMERIC_FIELD_10 > 1400000 OR T2.NUMERIC_FIELD_10 < 1100000,SELECT club.Name FROM club INNER JOIN player ON club.Club_ID = player.Club_ID WHERE player.Earnings > 1400000 OR player.Earnings < 1100000
169,35,soccer_3,soccer_3,,,False,3,False,,llama3.1-8b,none,SELECT T1.DESCRIPITIVE_ATTRIBUTE_2 FROM T1 INNER JOIN T2 ON T1.IDENTIFIER_PRIMARY_1 = T2.IDENTIFIER_REFERENCE_13 WHERE T2.NUMERIC_FIELD_10 > 1400000 INTERSECT SELECT T1.DESCRIPITIVE_ATTRIBUTE_2 FROM T1 INNER JOIN T2 ON T1.IDENTIFIER_PRIMARY_1 = T2.IDENTIFIER_REFERENCE_13 WHERE T2.NUMERIC_FIELD_10 < 1100000,SELECT club.DESCRIPITIVE_ATTRIBUTE_2 FROM club INNER JOIN player ON club.Club_ID = player.Club_ID WHERE player.Earnings > 1400000 INTERSECT SELECT club.DESCRIPITIVE_ATTRIBUTE_2 FROM club INNER JOIN player ON club.Club_ID = player.Club_ID WHERE player.Earnings < 1100000
170,44,e_commerce,e_commerce,,,False,0,True,,llama3.1-8b,none,"SELECT T5.CHRONOLOGICAL_MARKER_29 , T6.DESCRIPTIVE_ATTRIBUTE_33 FROM T6 JOIN T5 ON T6.IDENTIFIER_REFERENCE_32 = T5.IDENTIFIER_PRIMARY_26 WHERE T6.DESCRIPTIVE_ATTRIBUTE_33 > 1 OR T5.CHRONOLOGICAL_MARKER_29 = ( SELECT MIN(CHRONOLOGICAL_MARKER_29) FROM T5 )","SELECT Orders.date_order_placed , Order_Items.order_item_status_code FROM Order_Items JOIN Orders ON Order_Items.order_id = Orders.order_id WHERE Order_Items.order_item_status_code > 1 OR Orders.date_order_placed = ( SELECT MIN(date_order_placed) FROM Orders )"
171,45,e_commerce,e_commerce,,,False,0,True,,llama3.1-8b,none,"SELECT T4.CHRONOLOGICAL_MARKER_25, T5.CHRONOLOGICAL_MARKER_29 FROM T4 JOIN T7 ON T4.IDENTIFIER_PRIMARY_23 = T7.IDENTIFIER_REFERENCE_36 JOIN T5 ON T7.IDENTIFIER_PRIMARY_34 = T5.IDENTIFIER_PRIMARY_26 WHERE T5.IDENTIFIER_PRIMARY_26 IN (SELECT T5.IDENTIFIER_PRIMARY_26 FROM T5 GROUP BY T5.IDENTIFIER_PRIMARY_26 HAVING count(*) > 1)","SELECT Invoices.invoice_date, Orders.date_order_placed FROM Invoices JOIN Shipments ON Invoices.invoice_number = Shipments.invoice_number JOIN Orders ON Shipments.shipment_id = Orders.order_id WHERE Orders.order_id IN (SELECT Orders.order_id FROM Orders GROUP BY Orders.order_id HAVING count(*) > 1)"
172,49,e_commerce,e_commerce,,,False,3,False,,llama3.1-8b,none,"SELECT T1.IDENTIFIER_PRIMARY_1 , T2.DESCRIPTIVE_ATTRIBUTE_9 , T1.CURRENCY_AMOUNT_4 , T1.TEXT_FIELD_5 FROM T1 AS T1 JOIN T6 AS T6 ON T6.IDENTIFIER_REFERENCE_31 = T1.IDENTIFIER_PRIMARY_1 JOIN T5 AS T5 ON T5.IDENTIFIER_PRIMARY_26 = T6.IDENTIFIER_REFERENCE_32 JOIN T3 AS T3 ON T3.IDENTIFIER_REFERENCE_21 = T5.IDENTIFIER_REFERENCE_27 WHERE T6.IDENTIFIER_REFERENCE_32 IN (SELECT T5.IDENTIFIER_PRIMARY_26 FROM T5 GROUP BY T5.IDENTIFIER_PRIMARY_26 HAVING count(*) < 2)","SELECT Products.product_id , Customers.gender_code , Products.product_price , Products.product_color FROM Products AS Products JOIN Order_Items AS Order_Items ON Order_Items.product_id = Products.product_id JOIN Orders AS Orders ON Orders.order_id = Order_Items.order_id JOIN Customer_Payment_Methods AS Customer_Payment_Methods ON Customer_Payment_Methods.customer_id = Orders.customer_id WHERE Order_Items.order_id IN (SELECT Orders.order_id FROM Orders GROUP BY Orders.order_id HAVING count(*) < 2)"
173,56,e_commerce,e_commerce,,,False,0,True,,llama3.1-8b,none,SELECT T3.TEXT_FIELD_22 FROM T2 AS T1 JOIN T3 ON T1.IDENTIFIER_PRIMARY_8 = T3.IDENTIFIER_REFERENCE_21 GROUP BY T3.TEXT_FIELD_22 ORDER BY COUNT(*) DESC LIMIT 1,SELECT Customer_Payment_Methods.payment_method_code FROM Customers AS Products JOIN Customer_Payment_Methods ON Products.customer_id = Customer_Payment_Methods.customer_id GROUP BY Customer_Payment_Methods.payment_method_code ORDER BY COUNT(*) DESC LIMIT 1
174,57,e_commerce,e_commerce,,,False,0,True,,llama3.1-8b,none,SELECT TEXT_FIELD_22 FROM T3 GROUP BY TEXT_FIELD_22 HAVING count(*) >= ( SELECT count(*) FROM T2 ),SELECT payment_method_code FROM Customer_Payment_Methods GROUP BY payment_method_code HAVING count(*) >= ( SELECT count(*) FROM Customers )
175,58,e_commerce,e_commerce,,,False,0,True,,llama3.1-8b,none,"SELECT T2.DESCRIPTIVE_ATTRIBUTE_9 , COUNT(T5.IDENTIFIER_PRIMARY_26) FROM T1 AS T1 JOIN T5 AS T5 ON T1.IDENTIFIER_PRIMARY_1 = T5.IDENTIFIER_REFERENCE_27 JOIN T2 AS T2 ON T5.IDENTIFIER_REFERENCE_27 = T2.IDENTIFIER_PRIMARY_8 GROUP BY T2.DESCRIPTIVE_ATTRIBUTE_9","SELECT Customers.gender_code , COUNT(Orders.order_id) FROM Products AS Products JOIN Orders AS Orders ON Products.product_id = Orders.customer_id JOIN Customers AS Customers ON Orders.customer_id = Customers.customer_id GROUP BY Customers.gender_code"
176,59,e_commerce,e_commerce,,,False,1,True,,llama3.1-8b,none,"SELECT T2.DESCRIPTIVE_ATTRIBUTE_9, COUNT(*) FROM T5 AS T1 JOIN T2 AS T2 ON T1.IDENTIFIER_REFERENCE_27 = T2.IDENTIFIER_PRIMARY_8 GROUP BY T2.DESCRIPTIVE_ATTRIBUTE_9","SELECT Customers.gender_code, COUNT(*) FROM Orders AS Products JOIN Customers AS Customers ON Products.customer_id = Customers.customer_id GROUP BY Customers.gender_code"
177,66,e_commerce,e_commerce,,,False,0,True,,llama3.1-8b,none,"SELECT T1.DESCRIPTIVE_ATTRIBUTE_3, T7.CHRONOLOGICAL_MARKER_38 FROM T1 JOIN T6 ON T1.IDENTIFIER_PRIMARY_1 = T6.IDENTIFIER_REFERENCE_31 JOIN T7 ON T6.IDENTIFIER_REFERENCE_32 = T7.IDENTIFIER_REFERENCE_35","SELECT Products.product_name, Shipments.shipment_date FROM Products JOIN Order_Items ON Products.product_id = Order_Items.product_id JOIN Shipments ON Order_Items.order_id = Shipments.order_id"
178,67,e_commerce,e_commerce,,,False,0,True,,llama3.1-8b,none,"SELECT T1.DESCRIPTIVE_ATTRIBUTE_3 , T7.CHRONOLOGICAL_MARKER_38 FROM T1 JOIN T5 ON T1.IDENTIFIER_PRIMARY_1 = T5.IDENTIFIER_REFERENCE_27 JOIN T7 ON T5.IDENTIFIER_PRIMARY_26 = T7.IDENTIFIER_REFERENCE_35","SELECT Products.product_name , Shipments.shipment_date FROM Products JOIN Orders ON Products.product_id = Orders.customer_id JOIN Shipments ON Orders.order_id = Shipments.order_id"
179,70,e_commerce,e_commerce,,,False,0,True,,llama3.1-8b,none,"SELECT T1.DESCRIPTIVE_ATTRIBUTE_3 , T3.TEXT_FIELD_22 FROM T6 AS T6 JOIN T1 AS T1 ON T6.IDENTIFIER_REFERENCE_31 = T1.IDENTIFIER_PRIMARY_1 JOIN T3 AS T3 ON T6.IDENTIFIER_REFERENCE_32 = T3.IDENTIFIER_REFERENCE_21 JOIN T7 AS T7 ON T6.IDENTIFIER_REFERENCE_32 = T7.IDENTIFIER_REFERENCE_35","SELECT Products.product_name , Customer_Payment_Methods.payment_method_code FROM Order_Items AS Order_Items JOIN Products AS Products ON Order_Items.product_id = Products.product_id JOIN Customer_Payment_Methods AS Customer_Payment_Methods ON Order_Items.order_id = Customer_Payment_Methods.customer_id JOIN Shipments AS Shipments ON Order_Items.order_id = Shipments.order_id"
180,71,e_commerce,e_commerce,,,False,3,False,,llama3.1-8b,none,"SELECT T2.DESCRIPTIVE_ATTRIBUTE_9 , T1.DESCRIPTIVE_ATTRIBUTE_3 FROM T1 AS T1 JOIN T3 AS T2 ON T1.IDENTIFIER_PRIMARY_1 = T2.IDENTIFIER_REFERENCE_21 JOIN T7 AS T3 ON T2.IDENTIFIER_PRIMARY_8 = T7.IDENTIFIER_REFERENCE_35","SELECT Customers.gender_code , Products.product_name FROM Products AS Products JOIN Customer_Payment_Methods AS Customers ON Products.product_id = Customers.customer_id JOIN Shipments AS Customer_Payment_Methods ON Customers.customer_id = Shipments.order_id"
181,74,e_commerce,e_commerce,,,False,3,False,,llama3.1-8b,none,SELECT T4.DESCRIPTIVE_ATTRIBUTE_24 FROM T4 AS T1 JOIN T5 AS T2 ON T1.IDENTIFIER_PRIMARY_23 = T2.IDENTIFIER_REFERENCE_27 WHERE T2.IDENTIFIER_PRIMARY_26 NOT IN (SELECT T7.IDENTIFIER_PRIMARY_34 FROM T7 AS T3),SELECT Invoices.invoice_status_code FROM Invoices AS Products JOIN Orders AS Customers ON Products.invoice_number = Customers.customer_id WHERE Customers.order_id NOT IN (SELECT Shipments.shipment_id FROM Shipments AS Customer_Payment_Methods)
182,75,e_commerce,e_commerce,,,False,0,True,,llama3.1-8b,none,SELECT T4.DESCRIPTIVE_ATTRIBUTE_24 FROM T4 AS T4 JOIN T5 AS T5 ON T4.IDENTIFIER_PRIMARY_23 = T5.IDENTIFIER_REFERENCE_27 WHERE T5.DESCRIPTIVE_ATTRIBUTE_28 = 'shipped',SELECT Invoices.invoice_status_code FROM Invoices AS Invoices JOIN Orders AS Orders ON Invoices.invoice_number = Orders.customer_id WHERE Orders.order_status_code = 'shipped'
183,76,e_commerce,ERR,,,False,0,False,,,,,ERR: APIConnectionError('Connection error.')
184,77,e_commerce,ERR,,,False,0,False,,,,,ERR: APIConnectionError('Connection error.')
185,98,e_commerce,ERR,,,False,0,False,,,,,ERR: APIConnectionError('Connection error.')
186,99,e_commerce,ERR,,,False,0,False,,,,,ERR: APIConnectionError('Connection error.')
187,108,e_commerce,ERR,,,False,0,False,,,,,ERR: APIConnectionError('Connection error.')
188,109,e_commerce,ERR,,,False,0,False,,,,,ERR: APIConnectionError('Connection error.')
189,110,e_commerce,ERR,,,False,0,False,,,,,ERR: APIConnectionError('Connection error.')
190,111,e_commerce,ERR,,,False,0,False,,,,,ERR: APIConnectionError('Connection error.')
191,120,bbc_channels,ERR,,,False,0,False,,,,,ERR: APIConnectionError('Connection error.')
192,135,bbc_channels,ERR,,,False,0,False,,,,,ERR: APIConnectionError('Connection error.')
193,144,tv_shows,ERR,,,False,0,False,,,,,ERR: APIConnectionError('Connection error.')
194,148,tv_shows,ERR,,,False,0,False,,,,,ERR: APIConnectionError('Connection error.')
195,150,tv_shows,ERR,,,False,0,False,,,,,ERR: APIConnectionError('Connection error.')
196,151,vehicle_driver,ERR,,,False,0,False,,,,,ERR: APIConnectionError('Connection error.')
197,152,vehicle_driver,ERR,,,False,0,False,,,,,ERR: APIConnectionError('Connection error.')
198,155,vehicle_driver,ERR,,,False,0,False,,,,,ERR: APIConnectionError('Connection error.')
199,156,vehicle_driver,ERR,,,False,0,False,,,,,ERR: APIConnectionError('Connection error.')
200,159,vehicle_driver,vehicle_driver,,,False,0,True,,llama3.1-8b,none,SELECT T1.IDENTIFIER_PRIMARY_1 FROM T1 INNER JOIN T3 ON T1.IDENTIFIER_PRIMARY_1 = T3.IDENTIFIER_REFERENCE_13 INNER JOIN T2 ON T3.IDENTIFIER_PRIMARY_12 = T2.IDENTIFIER_PRIMARY_8 WHERE T2.TEXT_FIELD_11 = 'vehicles ever used' ORDER BY T1.MEASUREMENT_VALUE_7 ASC LIMIT 1,SELECT vehicle.Vehicle_ID FROM vehicle INNER JOIN vehicle_driver ON vehicle.Vehicle_ID = vehicle_driver.Vehicle_ID INNER JOIN driver ON vehicle_driver.Driver_ID = driver.Driver_ID WHERE driver.Racing_Series = 'vehicles ever used' ORDER BY vehicle.Total_Production ASC LIMIT 1
201,160,vehicle_driver,vehicle_driver,,,False,0,True,,llama3.1-8b,none,SELECT T1.IDENTIFIER_PRIMARY_1 FROM T1 INNER JOIN T3 ON T1.IDENTIFIER_PRIMARY_1 = T3.IDENTIFIER_REFERENCE_13 INNER JOIN T2 ON T3.IDENTIFIER_PRIMARY_12 = T2.IDENTIFIER_PRIMARY_8 ORDER BY T2.DESCRIPTIVE_ATTRIBUTE_9 LIMIT 1,SELECT vehicle.Vehicle_ID FROM vehicle INNER JOIN vehicle_driver ON vehicle.Vehicle_ID = vehicle_driver.Vehicle_ID INNER JOIN driver ON vehicle_driver.Driver_ID = driver.Driver_ID ORDER BY driver.Name LIMIT 1
202,171,vehicle_driver,vehicle_driver,,,False,3,False,,llama3.1-8b,none,SELECT DISTINCT T2.DESCRIPITIVE_ATTRIBUTE_9 FROM T3 AS T2 JOIN T1 AS T1 ON T2.IDENTIFIER_PRIMARY_12 = T1.IDENTIFIER_PRIMARY_1 WHERE T1.NUMERIC_FIELD_5 > 5000,SELECT DISTINCT driver.DESCRIPITIVE_ATTRIBUTE_9 FROM vehicle_driver AS driver JOIN vehicle AS vehicle ON driver.Driver_ID = vehicle.Vehicle_ID WHERE vehicle.Power > 5000
203,172,vehicle_driver,vehicle_driver,,,False,0,True,,llama3.1-8b,none,SELECT T2.DESCRIPTIVE_ATTRIBUTE_9 FROM T2 INNER JOIN T3 ON T2.IDENTIFIER_PRIMARY_8 = T3.IDENTIFIER_PRIMARY_12 INNER JOIN T1 ON T3.IDENTIFIER_REFERENCE_13 = T1.IDENTIFIER_PRIMARY_1 WHERE T1.NUMERIC_FIELD_5 > 5000,SELECT driver.Name FROM driver INNER JOIN vehicle_driver ON driver.Driver_ID = vehicle_driver.Driver_ID INNER JOIN vehicle ON vehicle_driver.Vehicle_ID = vehicle.Vehicle_ID WHERE vehicle.Power > 5000
204,177,vehicle_driver,vehicle_driver,,,False,0,True,,llama3.1-8b,none,SELECT T1.TEXT_FIELD_2 FROM T1 WHERE T1.IDENTIFIER_PRIMARY_1 NOT IN (SELECT T3.IDENTIFIER_REFERENCE_13 FROM T3),SELECT vehicle.Model FROM vehicle WHERE vehicle.Vehicle_ID NOT IN (SELECT vehicle_driver.Vehicle_ID FROM vehicle_driver)
205,178,vehicle_driver,vehicle_driver,,,False,0,True,,llama3.1-8b,none,SELECT TEXT_FIELD_2 FROM T1 WHERE IDENTIFIER_PRIMARY_1 NOT IN (SELECT IDENTIFIER_REFERENCE_13 FROM T3),SELECT Model FROM vehicle WHERE Vehicle_ID NOT IN (SELECT Vehicle_ID FROM vehicle_driver)
206,179,vehicle_driver,vehicle_driver,,,False,3,True,,llama3.1-8b,none,"SELECT T1.IDENTIFIER_PRIMARY_1, T2.DESCRIPTIVE_ATTRIBUTE_9 FROM T1 JOIN T3 ON T1.IDENTIFIER_PRIMARY_1 = T3.IDENTIFIER_REFERENCE_13 JOIN T2 ON T3.IDENTIFIER_PRIMARY_12 = T2.IDENTIFIER_PRIMARY_8 WHERE T2.TEXT_FIELD_10 = 'Ziyang' OR T2.DESCRIPTIVE_ATTRIBUTE_9 = 'two'","SELECT vehicle.Vehicle_ID, driver.Name FROM vehicle JOIN vehicle_driver ON vehicle.Vehicle_ID = vehicle_driver.Vehicle_ID JOIN driver ON vehicle_driver.Driver_ID = driver.Driver_ID WHERE driver.Citizenship = 'Ziyang' OR driver.Name = 'two'"
207,180,vehicle_driver,vehicle_driver,,,False,0,True,,llama3.1-8b,none,"SELECT T1.IDENTIFIER_PRIMARY_1, T1.TEXT_FIELD_2 FROM T1 JOIN T3 ON T1.IDENTIFIER_PRIMARY_1 = T3.IDENTIFIER_REFERENCE_13 WHERE T3.IDENTIFIER_PRIMARY_12 IN (SELECT IDENTIFIER_PRIMARY_12 FROM T3 GROUP BY IDENTIFIER_PRIMARY_12 HAVING COUNT(*) = 2) OR T1.TEXT_FIELD_6 = ""Ziyang""","SELECT vehicle.Vehicle_ID, vehicle.Model FROM vehicle JOIN vehicle_driver ON vehicle.Vehicle_ID = vehicle_driver.Vehicle_ID WHERE vehicle_driver.Driver_ID IN (SELECT Driver_ID FROM vehicle_driver GROUP BY Driver_ID HAVING COUNT(*) = 2) OR vehicle.Builder = ""Ziyang"""
208,183,vehicle_driver,vehicle_driver,,,False,0,True,,llama3.1-8b,none,SELECT COUNT(T1.IDENTIFIER_PRIMARY_1) FROM T1 JOIN T3 ON T1.IDENTIFIER_PRIMARY_1 = T3.IDENTIFIER_REFERENCE_13 JOIN T2 ON T3.IDENTIFIER_PRIMARY_12 = T2.IDENTIFIER_PRIMARY_8 WHERE T2.DESCRIPTIVE_ATTRIBUTE_9 = 'maximum top speed',SELECT COUNT(vehicle.Vehicle_ID) FROM vehicle JOIN vehicle_driver ON vehicle.Vehicle_ID = vehicle_driver.Vehicle_ID JOIN driver ON vehicle_driver.Driver_ID = driver.Driver_ID WHERE driver.Name = 'maximum top speed'
209,184,vehicle_driver,ERR,,,False,0,False,,,,,ERR: APIConnectionError('Connection error.')
210,189,vehicle_driver,ERR,,,False,0,False,,,,,ERR: APIConnectionError('Connection error.')
211,190,vehicle_driver,ERR,,,False,0,False,,,,,ERR: APIConnectionError('Connection error.')
212,199,online_exams,ERR,,,False,0,False,,,,,ERR: APIConnectionError('Connection error.')
213,200,online_exams,ERR,,,False,0,False,,,,,ERR: APIConnectionError('Connection error.')
214,213,online_exams,ERR,,,False,0,False,,,,,ERR: APIConnectionError('Connection error.')
215,214,online_exams,ERR,,,False,0,False,,,,,ERR: APIConnectionError('Connection error.')
216,217,online_exams,ERR,,,False,0,False,,,,,ERR: APIConnectionError('Connection error.')
217,218,online_exams,ERR,,,False,0,False,,,,,ERR: APIConnectionError('Connection error.')
218,225,online_exams,ERR,,,False,0,False,,,,,ERR: APIConnectionError('Connection error.')
219,226,online_exams,ERR,,,False,0,False,,,,,ERR: APIConnectionError('Connection error.')
220,227,online_exams,ERR,,,False,0,False,,,,,ERR: APIConnectionError('Connection error.')
221,228,online_exams,ERR,,,False,0,False,,,,,ERR: APIConnectionError('Connection error.')
222,249,customers_and_orders,customers_and_orders,,,False,3,False,,llama3.1-8b,none,SELECT T2.DESCRIPITIVE_ATTRIBUTE_6 FROM T1 AS T1 JOIN T5 AS T5 ON T1.IDENTIFIER_PRIMARY_1 = T5.IDENTIFIER_REFERENCE_21 JOIN T2 AS T2 ON T5.IDENTIFIER_REFERENCE_20 = T2.IDENTIFIER_PRIMARY_5 WHERE T1.CURRENCY_AMOUNT_4 > ( SELECT avg(CURRENCY_AMOUNT_4) FROM T1 ),SELECT Addresses.DESCRIPITIVE_ATTRIBUTE_6 FROM Products AS Products JOIN Order_Items AS Order_Items ON Products.product_id = Order_Items.product_id JOIN Addresses AS Addresses ON Order_Items.order_id = Addresses.address_id WHERE Products.product_price > ( SELECT avg(product_price) FROM Products )
223,250,customers_and_orders,customers_and_orders,,,False,3,False,,llama3.1-8b,none,SELECT T2.DESCRIBITIVE_ATTRIBUTE_6 FROM T2 JOIN T1 ON T2.IDENTIFIER_PRIMARY_5 = T1.IDENTIFIER_PRIMARY_1 JOIN T5 ON T1.IDENTIFIER_PRIMARY_1 = T5.IDENTIFIER_REFERENCE_21 JOIN T4 ON T5.IDENTIFIER_REFERENCE_20 = T4.IDENTIFIER_PRIMARY_15 WHERE T1.CURRENCY_AMOUNT_4 > ( SELECT avg(CURRENCY_AMOUNT_4) FROM T1 ),SELECT Addresses.DESCRIBITIVE_ATTRIBUTE_6 FROM Addresses JOIN Products ON Addresses.address_id = Products.product_id JOIN Order_Items ON Products.product_id = Order_Items.product_id JOIN Customer_Orders ON Order_Items.order_id = Customer_Orders.order_id WHERE Products.product_price > ( SELECT avg(product_price) FROM Products )
224,253,customers_and_orders,customers_and_orders,,,False,0,True,,llama3.1-8b,none,SELECT DESCRIPTIVE_ATTRIBUTE_3 FROM T1 WHERE DESCRIPTIVE_ATTRIBUTE_2 = 'Clothes' ORDER BY CURRENCY_AMOUNT_4 DESC LIMIT 1,SELECT product_name FROM Products WHERE product_type_code = 'Clothes' ORDER BY product_price DESC LIMIT 1
225,254,customers_and_orders,customers_and_orders,,,False,3,False,,llama3.1-8b,none,"SELECT T1.DESCRIPITIVE_ATTRIBUTE_2 FROM T1 WHERE T1.CURRENCY_AMOUNT_4 = (SELECT max(CURRENCY_AMOUNT_4) FROM T1 WHERE T1.DESCRIPITIVE_ATTRIBUTE_2 = ""Clothes"")","SELECT Products.DESCRIPITIVE_ATTRIBUTE_2 FROM Products WHERE Products.product_price = (SELECT max(product_price) FROM Products WHERE Products.DESCRIPITIVE_ATTRIBUTE_2 = ""Clothes"")"
226,255,customers_and_orders,customers_and_orders,,,False,3,False,,llama3.1-8b,none,"SELECT T1.IDENTIFIER_PRIMARY_1 , T1.DESCRIPITIVE_ATTRIBUTE_2 FROM T1 WHERE T1.DESCRIPITIVE_ATTRIBUTE_3 = ""Hardware"" AND T1.CURRENCY_AMOUNT_4 = ( SELECT MIN(CURRENCY_AMOUNT_4) FROM T1 WHERE DESCRIPTIVE_ATTRIBUTE_3 = ""Hardware"" )","SELECT Products.product_id , Products.DESCRIPITIVE_ATTRIBUTE_2 FROM Products WHERE Products.DESCRIPITIVE_ATTRIBUTE_3 = ""Hardware"" AND Products.product_price = ( SELECT MIN(product_price) FROM Products WHERE product_name = ""Hardware"" )"
227,256,customers_and_orders,customers_and_orders,,,False,3,False,,llama3.1-8b,none,"SELECT T1.IDENTIFIER_PRIMARY_1 , T1.DESCRIPITIVE_ATTRIBUTE_2 FROM T1 WHERE T1.DESCRIPITIVE_ATTRIBUTE_3 = ( SELECT DESCRIPTIVE_ATTRIBUTE_3 FROM T1 ORDER BY CURRENCY_AMOUNT_4 ASC LIMIT 1 )","SELECT Products.product_id , Products.DESCRIPITIVE_ATTRIBUTE_2 FROM Products WHERE Products.DESCRIPITIVE_ATTRIBUTE_3 = ( SELECT product_name FROM Products ORDER BY product_price ASC LIMIT 1 )"
228,267,customers_and_orders,customers_and_orders,,,False,2,True,,llama3.1-8b,none,SELECT T2.DESCRIPTIVE_ATTRIBUTE_6 FROM T1 AS T1 JOIN T5 AS T5 ON T5.IDENTIFIER_REFERENCE_21 = T1.IDENTIFIER_PRIMARY_1 JOIN T3 AS T3 ON T5.IDENTIFIER_CODE_19 = T3.IDENTIFIER_CODE_8 JOIN T2 AS T2 ON T2.IDENTIFIER_PRIMARY_5 = T3.IDENTIFIER_PRIMARY_7 GROUP BY T2.DESCRIPTIVE_ATTRIBUTE_6 ORDER BY COUNT(T1.IDENTIFIER_PRIMARY_1) DESC LIMIT 1,SELECT Addresses.address_details FROM Products AS Products JOIN Order_Items AS Order_Items ON Order_Items.product_id = Products.product_id JOIN Customers AS Customers ON Order_Items.order_item_id = Customers.address_id JOIN Addresses AS Addresses ON Addresses.address_id = Customers.customer_id GROUP BY Addresses.address_details ORDER BY COUNT(Products.product_id) DESC LIMIT 1
229,268,customers_and_orders,customers_and_orders,,,False,0,True,,llama3.1-8b,none,SELECT DESCRIPTIVE_ATTRIBUTE_2 FROM T1 GROUP BY DESCRIPTIVE_ATTRIBUTE_2 ORDER BY COUNT(*) DESC LIMIT 1,SELECT product_type_code FROM Products GROUP BY product_type_code ORDER BY COUNT(*) DESC LIMIT 1
230,277,customers_and_orders,customers_and_orders,,,False,0,True,,llama3.1-8b,none,SELECT T2.DESCRIPTIVE_ATTRIBUTE_6 FROM T2 INNER JOIN T3 ON T2.IDENTIFIER_PRIMARY_5 = T3.IDENTIFIER_CODE_8 INNER JOIN T4 ON T3.IDENTIFIER_PRIMARY_7 = T4.IDENTIFIER_REFERENCE_16 INNER JOIN T5 ON T4.IDENTIFIER_PRIMARY_15 = T5.IDENTIFIER_REFERENCE_20 WHERE T3.DESCRIPTIVE_ATTRIBUTE_13 = 'used customers' GROUP BY T2.DESCRIPTIVE_ATTRIBUTE_6 ORDER BY COUNT(T5.IDENTIFIER_REFERENCE_21) DESC LIMIT 1,SELECT Addresses.address_details FROM Addresses INNER JOIN Customers ON Addresses.address_id = Customers.address_id INNER JOIN Customer_Orders ON Customers.customer_id = Customer_Orders.customer_id INNER JOIN Order_Items ON Customer_Orders.order_id = Order_Items.order_id WHERE Customers.customer_phone = 'used customers' GROUP BY Addresses.address_details ORDER BY COUNT(Order_Items.product_id) DESC LIMIT 1
231,278,customers_and_orders,customers_and_orders,,,False,3,False,,llama3.1-8b,none,SELECT T2.DESCRIPTIVE_ATTRIBUTE_6 FROM T3 AS T3 JOIN T4 AS T4 ON T3.IDENTIFIER_PRIMARY_7 = T4.IDENTIFIER_REFERENCE_16 JOIN T5 AS T5 ON T4.IDENTIFIER_PRIMARY_15 = T5.IDENTIFIER_REFERENCE_20 JOIN T1 AS T1 ON T5.IDENTIFIER_REFERENCE_21 = T1.IDENTIFIER_PRIMARY_1 GROUP BY T2.DESCRIPTIVE_ATTRIBUTE_6 ORDER BY COUNT(*) DESC LIMIT 1,SELECT Addresses.address_details FROM Customers AS Customers JOIN Customer_Orders AS Customer_Orders ON Customers.customer_id = Customer_Orders.customer_id JOIN Order_Items AS Order_Items ON Customer_Orders.order_id = Order_Items.order_id JOIN Products AS Products ON Order_Items.product_id = Products.product_id GROUP BY Addresses.address_details ORDER BY COUNT(*) DESC LIMIT 1
232,279,customers_and_orders,customers_and_orders,,,False,0,True,,llama3.1-8b,none,SELECT T3.DESCRIPTIVE_ATTRIBUTE_11 FROM T3 INNER JOIN T4 ON T3.IDENTIFIER_PRIMARY_7 = T4.IDENTIFIER_REFERENCE_16 INNER JOIN T5 ON T4.IDENTIFIER_PRIMARY_15 = T5.IDENTIFIER_REFERENCE_20 GROUP BY T3.DESCRIPTIVE_ATTRIBUTE_11 ORDER BY COUNT(T5.IDENTIFIER_REFERENCE_21) ASC LIMIT 1,SELECT Customers.customer_name FROM Customers INNER JOIN Customer_Orders ON Customers.customer_id = Customer_Orders.customer_id INNER JOIN Order_Items ON Customer_Orders.order_id = Order_Items.order_id GROUP BY Customers.customer_name ORDER BY COUNT(Order_Items.product_id) ASC LIMIT 1
233,280,customers_and_orders,customers_and_orders,,,False,0,True,,llama3.1-8b,none,SELECT T2.DESCRIPTIVE_ATTRIBUTE_6 FROM T2 INNER JOIN T3 ON T2.IDENTIFIER_PRIMARY_5 = T3.IDENTIFIER_PRIMARY_7 INNER JOIN T4 ON T3.IDENTIFIER_PRIMARY_7 = T4.IDENTIFIER_REFERENCE_16 INNER JOIN T5 ON T4.IDENTIFIER_PRIMARY_15 = T5.IDENTIFIER_REFERENCE_20 WHERE T5.MEASUREMENT_VALUE_22 = ( SELECT MEASUREMENT_VALUE_22 FROM T5 GROUP BY MEASUREMENT_VALUE_22 ORDER BY COUNT(*) ASC LIMIT 1 ),SELECT Addresses.address_details FROM Addresses INNER JOIN Customers ON Addresses.address_id = Customers.customer_id INNER JOIN Customer_Orders ON Customers.customer_id = Customer_Orders.customer_id INNER JOIN Order_Items ON Customer_Orders.order_id = Order_Items.order_id WHERE Order_Items.order_quantity = ( SELECT order_quantity FROM Order_Items GROUP BY order_quantity ORDER BY COUNT(*) ASC LIMIT 1 )
234,287,customers_and_orders,customers_and_orders,,,False,3,False,,llama3.1-8b,none,SELECT T1.DESCRIPITIVE_ATTRIBUTE_2 FROM T1 GROUP BY T1.DESCRIPITIVE_ATTRIBUTE_2 ORDER BY COUNT(*) ASC LIMIT 1,SELECT Products.DESCRIPITIVE_ATTRIBUTE_2 FROM Products GROUP BY Products.DESCRIPITIVE_ATTRIBUTE_2 ORDER BY COUNT(*) ASC LIMIT 1
235,288,customers_and_orders,customers_and_orders,,,False,3,False,,llama3.1-8b,none,SELECT T2.DESCRIPTIVE_ATTRIBUTE_6 FROM T2 JOIN T1 ON T2.IDENTIFIER_CODE_19 = T1.IDENTIFIER_PRIMARY_1 GROUP BY T2.DESCRIPTIVE_ATTRIBUTE_6 ORDER BY COUNT(T2.DESCRIPTIVE_ATTRIBUTE_6) ASC LIMIT 1,SELECT Addresses.address_details FROM Addresses JOIN Products ON Addresses.order_item_id = Products.product_id GROUP BY Addresses.address_details ORDER BY COUNT(Addresses.address_details) ASC LIMIT 1
236,299,customers_and_orders,customers_and_orders,,,False,0,True,,llama3.1-8b,none,SELECT T4.DESCRIPTIVE_ATTRIBUTE_18 FROM T4 GROUP BY T4.DESCRIPTIVE_ATTRIBUTE_18 ORDER BY COUNT(*) DESC LIMIT 1,SELECT Customer_Orders.order_status_code FROM Customer_Orders GROUP BY Customer_Orders.order_status_code ORDER BY COUNT(*) DESC LIMIT 1
237,300,customers_and_orders,customers_and_orders,,,False,0,True,,llama3.1-8b,none,SELECT T4.DESCRIPTIVE_ATTRIBUTE_18 FROM T4 JOIN T5 ON T4.IDENTIFIER_PRIMARY_15 = T5.IDENTIFIER_REFERENCE_20 GROUP BY T4.DESCRIPTIVE_ATTRIBUTE_18 ORDER BY COUNT(*) DESC LIMIT 1,SELECT Customer_Orders.order_status_code FROM Customer_Orders JOIN Order_Items ON Customer_Orders.order_id = Order_Items.order_id GROUP BY Customer_Orders.order_status_code ORDER BY COUNT(*) DESC LIMIT 1
238,303,customers_and_orders,customers_and_orders,,,False,3,False,,llama3.1-8b,none,SELECT T1.DESCRIPITIVE_ATTRIBUTE_2 FROM T1 WHERE T1.IDENTIFIER_PRIMARY_1 NOT IN (SELECT T5.IDENTIFIER_REFERENCE_21 FROM T5 WHERE T5.IDENTIFIER_REFERENCE_20 IS NULL),SELECT Products.DESCRIPITIVE_ATTRIBUTE_2 FROM Products WHERE Products.product_id NOT IN (SELECT Order_Items.product_id FROM Order_Items WHERE Order_Items.order_id IS NULL)
239,304,customers_and_orders,customers_and_orders,,,False,0,True,,llama3.1-8b,none,SELECT T1.DESCRIPTIVE_ATTRIBUTE_3 FROM T1 LEFT JOIN T5 ON T1.IDENTIFIER_PRIMARY_1 = T5.IDENTIFIER_REFERENCE_21 WHERE T5.IDENTIFIER_REFERENCE_20 IS NULL,SELECT Products.product_name FROM Products LEFT JOIN Order_Items ON Products.product_id = Order_Items.product_id WHERE Order_Items.order_id IS NULL
240,40,e_commerce,e_commerce,,,False,2,True,,llama3.1-8b,none,"SELECT T2.DESCRIPTIVE_ATTRIBUTE_20 , T2.DESCRIPTIVE_ATTRIBUTE_9 , T2.DESCRIPTIVE_ATTRIBUTE_10 FROM T2 JOIN T5 ON T2.DESCRIPTIVE_ATTRIBUTE_17 = T5.DESCRIPTIVE_ATTRIBUTE_28 JOIN T6 ON T5.IDENTIFIER_REFERENCE_27 = T6.IDENTIFIER_REFERENCE_32 WHERE T5.DESCRIPTIVE_ATTRIBUTE_28 > 2 AND T6.DESCRIPTIVE_ATTRIBUTE_33 = 3","SELECT Customers.country , Customers.gender_code , Customers.customer_first_name FROM Customers JOIN Orders ON Customers.address_line_1 = Orders.order_status_code JOIN Order_Items ON Orders.customer_id = Order_Items.order_id WHERE Orders.order_status_code > 2 AND Order_Items.order_item_status_code = 3"
241,41,e_commerce,e_commerce,,,False,1,True,,llama3.1-8b,none,"SELECT T1.IDENTIFIER_PRIMARY_1, T2.DESCRIPTIVE_ATTRIBUTE_9, T2.DESCRIPTIVE_ATTRIBUTE_10 FROM T2 JOIN T5 ON T2.IDENTIFIER_PRIMARY_8 = T5.IDENTIFIER_REFERENCE_27 JOIN T6 ON T5.IDENTIFIER_PRIMARY_26 = T6.IDENTIFIER_REFERENCE_32 JOIN T1 ON T6.IDENTIFIER_REFERENCE_31 = T1.IDENTIFIER_PRIMARY_1 WHERE T6.IDENTIFIER_PRIMARY_30 = (SELECT T6.IDENTIFIER_PRIMARY_30 FROM T6 GROUP BY T6.IDENTIFIER_PRIMARY_30 HAVING COUNT(T6.IDENTIFIER_PRIMARY_30) > 2) AND T6.IDENTIFIER_PRIMARY_30 = (SELECT T6.IDENTIFIER_PRIMARY_30 FROM T6 JOIN T6 AS T7 ON T6.IDENTIFIER_REFERENCE_32 = T7.IDENTIFIER_REFERENCE_32 GROUP BY T6.IDENTIFIER_PRIMARY_30 HAVING COUNT(T6.IDENTIFIER_PRIMARY_30) >= 3)","SELECT Products.product_id, Customers.gender_code, Customers.customer_first_name FROM Customers JOIN Orders ON Customers.customer_id = Orders.customer_id JOIN Order_Items ON Orders.order_id = Order_Items.order_id JOIN Products ON Order_Items.product_id = Products.product_id WHERE Order_Items.order_item_id = (SELECT Order_Items.order_item_id FROM Order_Items GROUP BY Order_Items.order_item_id HAVING COUNT(Order_Items.order_item_id) > 2) AND Order_Items.order_item_id = (SELECT Order_Items.order_item_id FROM Order_Items JOIN Order_Items AS Shipments ON Order_Items.order_id = Shipments.order_id GROUP BY Order_Items.order_item_id HAVING COUNT(Order_Items.order_item_id) >= 3)"
242,46,e_commerce,e_commerce,,,False,0,True,,llama3.1-8b,none,"SELECT T2.DESCRIPTIVE_ATTRIBUTE_10 , T2.TEXT_FIELD_11 , T2.DESCRIPTIVE_ATTRIBUTE_20 FROM T2 WHERE T2.IDENTIFIER_PRIMARY_8 NOT IN (SELECT T5.IDENTIFIER_REFERENCE_27 FROM T5)","SELECT Customers.customer_first_name , Customers.customer_middle_initial , Customers.country FROM Customers WHERE Customers.customer_id NOT IN (SELECT Orders.customer_id FROM Orders)"
243,47,e_commerce,e_commerce,,,False,0,True,,llama3.1-8b,none,"SELECT T2.DESCRIPTIVE_ATTRIBUTE_9, T2.DESCRIPTIVE_ATTRIBUTE_10, T2.TEXT_FIELD_11 FROM T2 WHERE T2.DESCRIPTIVE_ATTRIBUTE_20 NOT IN (SELECT T5.DESCRIPTIVE_ATTRIBUTE_28 FROM T5)","SELECT Customers.gender_code, Customers.customer_first_name, Customers.customer_middle_initial FROM Customers WHERE Customers.country NOT IN (SELECT Orders.order_status_code FROM Orders)"
244,48,e_commerce,e_commerce,,,False,1,True,,llama3.1-8b,none,"SELECT T1.IDENTIFIER_PRIMARY_1 , T2.DESCRIPTIVE_ATTRIBUTE_9 , T1.CURRENCY_AMOUNT_4 , T1.TEXT_FIELD_5 FROM T1 JOIN T3 ON T1.IDENTIFIER_PRIMARY_1 = T3.IDENTIFIER_REFERENCE_21 JOIN T2 ON T3.IDENTIFIER_REFERENCE_21 = T2.IDENTIFIER_PRIMARY_8 JOIN T5 ON T2.IDENTIFIER_PRIMARY_8 = T5.IDENTIFIER_REFERENCE_27 WHERE T5.IDENTIFIER_REFERENCE_27 NOT IN ( SELECT T5.IDENTIFIER_REFERENCE_27 FROM T5 GROUP BY T5.IDENTIFIER_REFERENCE_27 HAVING COUNT(*) >= 2 )","SELECT Products.product_id , Customers.gender_code , Products.product_price , Products.product_color FROM Products JOIN Customer_Payment_Methods ON Products.product_id = Customer_Payment_Methods.customer_id JOIN Customers ON Customer_Payment_Methods.customer_id = Customers.customer_id JOIN Orders ON Customers.customer_id = Orders.customer_id WHERE Orders.customer_id NOT IN ( SELECT Orders.customer_id FROM Orders GROUP BY Orders.customer_id HAVING COUNT(*) >= 2 )"
245,52,e_commerce,e_commerce,,,False,0,True,,llama3.1-8b,none,"SELECT T1.IDENTIFIER_PRIMARY_1 , T1.DESCRIPTIVE_ATTRIBUTE_3 , T1.CURRENCY_AMOUNT_4 FROM T1 AS T1 JOIN T5 AS T5 ON T1.IDENTIFIER_PRIMARY_1 = T5.IDENTIFIER_REFERENCE_27 JOIN T3 AS T3 ON T5.IDENTIFIER_PRIMARY_26 = T3.IDENTIFIER_REFERENCE_21 WHERE T3.TEXT_FIELD_22 = ( SELECT T3.TEXT_FIELD_22 FROM T3 AS T3 JOIN T5 AS T5 ON T3.IDENTIFIER_REFERENCE_21 = T5.IDENTIFIER_REFERENCE_27 GROUP BY T3.TEXT_FIELD_22 ORDER BY COUNT(*) DESC LIMIT 1 )","SELECT Products.product_id , Products.product_name , Products.product_price FROM Products AS Products JOIN Orders AS Orders ON Products.product_id = Orders.customer_id JOIN Customer_Payment_Methods AS Customer_Payment_Methods ON Orders.order_id = Customer_Payment_Methods.customer_id WHERE Customer_Payment_Methods.payment_method_code = ( SELECT Customer_Payment_Methods.payment_method_code FROM Customer_Payment_Methods AS Customer_Payment_Methods JOIN Orders AS Orders ON Customer_Payment_Methods.customer_id = Orders.customer_id GROUP BY Customer_Payment_Methods.payment_method_code ORDER BY COUNT(*) DESC LIMIT 1 )"
246,53,e_commerce,e_commerce,,,False,1,True,,llama3.1-8b,none,"SELECT T1.IDENTIFIER_PRIMARY_1 , T2.DESCRIPTIVE_ATTRIBUTE_9 , T1.CURRENCY_AMOUNT_4 FROM T1 AS T1 JOIN T6 AS T6 ON T6.IDENTIFIER_REFERENCE_31 = T1.IDENTIFIER_PRIMARY_1 JOIN T5 AS T5 ON T5.IDENTIFIER_PRIMARY_26 = T6.IDENTIFIER_REFERENCE_32 JOIN T2 AS T2 ON T2.IDENTIFIER_PRIMARY_8 = T5.IDENTIFIER_REFERENCE_27 GROUP BY T5.IDENTIFIER_PRIMARY_26 ORDER BY COUNT(T5.IDENTIFIER_PRIMARY_26) DESC LIMIT 1","SELECT Products.product_id , Customers.gender_code , Products.product_price FROM Products AS Products JOIN Order_Items AS Order_Items ON Order_Items.product_id = Products.product_id JOIN Orders AS Orders ON Orders.order_id = Order_Items.order_id JOIN Customers AS Customers ON Customers.customer_id = Orders.customer_id GROUP BY Orders.order_id ORDER BY COUNT(Orders.order_id) DESC LIMIT 1"
247,54,e_commerce,e_commerce,,,False,0,True,,llama3.1-8b,none,"SELECT T5.IDENTIFIER_PRIMARY_26 , SUM(T1.CURRENCY_AMOUNT_4) FROM T1 AS T1 JOIN T6 AS T6 ON T1.IDENTIFIER_PRIMARY_1 = T6.IDENTIFIER_REFERENCE_31 JOIN T5 AS T5 ON T6.IDENTIFIER_REFERENCE_32 = T5.IDENTIFIER_PRIMARY_26 GROUP BY T5.IDENTIFIER_PRIMARY_26 ORDER BY SUM(T1.CURRENCY_AMOUNT_4) ASC LIMIT 1","SELECT Orders.order_id , SUM(Products.product_price) FROM Products AS Products JOIN Order_Items AS Order_Items ON Products.product_id = Order_Items.product_id JOIN Orders AS Orders ON Order_Items.order_id = Orders.order_id GROUP BY Orders.order_id ORDER BY SUM(Products.product_price) ASC LIMIT 1"
248,55,e_commerce,e_commerce,,,False,0,True,,llama3.1-8b,none,"SELECT T5.IDENTIFIER_PRIMARY_26, SUM(T2.DESCRIPTIVE_ATTRIBUTE_9) FROM T5 INNER JOIN T2 ON T5.IDENTIFIER_REFERENCE_27 = T2.IDENTIFIER_PRIMARY_8 GROUP BY T5.IDENTIFIER_PRIMARY_26 ORDER BY SUM(T2.DESCRIPTIVE_ATTRIBUTE_9) ASC LIMIT 1","SELECT Orders.order_id, SUM(Customers.gender_code) FROM Orders INNER JOIN Customers ON Orders.customer_id = Customers.customer_id GROUP BY Orders.order_id ORDER BY SUM(Customers.gender_code) ASC LIMIT 1"
249,72,e_commerce,e_commerce,,,False,0,True,,llama3.1-8b,none,"SELECT T1.DESCRIPTIVE_ATTRIBUTE_3 , T1.CURRENCY_AMOUNT_4 , T1.TEXTUAL_CONTENT_7 FROM T2 AS T2 JOIN T1 ON T2.IDENTIFIER_PRIMARY_8 = T1.IDENTIFIER_PRIMARY_1 WHERE T2.DESCRIPTIVE_ATTRIBUTE_9 = 'female customers'","SELECT Products.product_name , Products.product_price , Products.product_description FROM Customers AS Customers JOIN Products ON Customers.customer_id = Products.product_id WHERE Customers.gender_code = 'female customers'"
250,73,e_commerce,e_commerce,,,False,0,True,,llama3.1-8b,none,"SELECT T1.DESCRIPTIVE_ATTRIBUTE_3, T1.CURRENCY_AMOUNT_4, T1.TEXTUAL_CONTENT_7 FROM T1 JOIN T2 ON T1.IDENTIFIER_PRIMARY_1 = T2.IDENTIFIER_PRIMARY_8 WHERE T2.DESCRIPTIVE_ATTRIBUTE_20 = 'female customers'","SELECT Products.product_name, Products.product_price, Products.product_description FROM Products JOIN Customers ON Products.product_id = Customers.customer_id WHERE Customers.country = 'female customers'"
251,88,e_commerce,e_commerce,,,False,0,True,,llama3.1-8b,none,"SELECT T1.CURRENCY_AMOUNT_4 , T1.MEASUREMENT_VALUE_6 FROM T1 GROUP BY T1.CURRENCY_AMOUNT_4 HAVING AVG(T1.CURRENCY_AMOUNT_4) < T1.CURRENCY_AMOUNT_4","SELECT Products.product_price , Products.product_size FROM Products GROUP BY Products.product_price HAVING AVG(Products.product_price) < Products.product_price"
252,89,e_commerce,e_commerce,,,False,3,False,,llama3.1-8b,none,"SELECT T2.DESCRIPTIVE_ATTRIBUTE_9 , T5.MEASUREMENT_VALUE_16 FROM T1 INNER JOIN T6 ON T1.IDENTIFIER_PRIMARY_1 = T6.IDENTIFIER_REFERENCE_31 INNER JOIN T5 ON T6.IDENTIFIER_REFERENCE_32 = T5.IDENTIFIER_PRIMARY_26 INNER JOIN T2 ON T5.IDENTIFIER_REFERENCE_27 = T2.IDENTIFIER_PRIMARY_8 WHERE T1.CURRENCY_AMOUNT_4 > ( SELECT AVG(CURRENCY_AMOUNT_4) FROM T1 )","SELECT Customers.gender_code , Orders.phone_number FROM Products INNER JOIN Order_Items ON Products.product_id = Order_Items.product_id INNER JOIN Orders ON Order_Items.order_id = Orders.order_id INNER JOIN Customers ON Orders.customer_id = Customers.customer_id WHERE Products.product_price > ( SELECT AVG(product_price) FROM Products )"
253,90,e_commerce,e_commerce,,,False,0,True,,llama3.1-8b,none,SELECT COUNT(*) FROM T2 WHERE IDENTIFIER_PRIMARY_8 NOT IN (SELECT IDENTIFIER_REFERENCE_27 FROM T5),SELECT COUNT(*) FROM Customers WHERE customer_id NOT IN (SELECT customer_id FROM Orders)
254,91,e_commerce,e_commerce,,,False,3,False,,llama3.1-8b,none,SELECT count(*) FROM T1 WHERE IDENTIFIER_REFERENCE_32 IS NULL,SELECT count(*) FROM Products WHERE order_id IS NULL
255,92,e_commerce,e_commerce,,,False,0,True,,llama3.1-8b,none,SELECT COUNT(T2.DESCRIPTIVE_ATTRIBUTE_20) FROM T2 LEFT JOIN T3 ON T2.IDENTIFIER_PRIMARY_8 = T3.IDENTIFIER_REFERENCE_21 WHERE T3.IDENTIFIER_REFERENCE_21 IS NULL,SELECT COUNT(Customers.country) FROM Customers LEFT JOIN Customer_Payment_Methods ON Customers.customer_id = Customer_Payment_Methods.customer_id WHERE Customer_Payment_Methods.customer_id IS NULL
256,93,e_commerce,e_commerce,,,False,1,True,,llama3.1-8b,none,SELECT COUNT(T2.DESCRIPTIVE_ATTRIBUTE_20) FROM T2 LEFT JOIN T5 ON T2.DESCRIPTIVE_ATTRIBUTE_20 = T5.DESCRIPTIVE_ATTRIBUTE_28 WHERE T5.DESCRIPTIVE_ATTRIBUTE_28 IS NULL,SELECT COUNT(Customers.country) FROM Customers LEFT JOIN Orders ON Customers.country = Orders.order_status_code WHERE Orders.order_status_code IS NULL
257,106,e_commerce,e_commerce,,,False,1,True,,llama3.1-8b,none,"SELECT T2.DESCRIPTIVE_ATTRIBUTE_13 , T2.DESCRIPTIVE_ATTRIBUTE_17 , T2.DESCRIPTIVE_ATTRIBUTE_20 FROM T2 JOIN T3 ON T2.IDENTIFIER_PRIMARY_8 = T3.IDENTIFIER_REFERENCE_21 WHERE T2.DESCRIPTIVE_ATTRIBUTE_9 = 'least common gender'","SELECT Customers.email_address , Customers.address_line_1 , Customers.country FROM Customers JOIN Customer_Payment_Methods ON Customers.customer_id = Customer_Payment_Methods.customer_id WHERE Customers.gender_code = 'least common gender'"
258,107,e_commerce,e_commerce,,,False,0,True,,llama3.1-8b,none,"SELECT T2.DESCRIPTIVE_ATTRIBUTE_13, T2.DESCRIPTIVE_ATTRIBUTE_18, T2.TEXT_FIELD_19 FROM T2 JOIN T5 ON T2.IDENTIFIER_PRIMARY_8 = T5.IDENTIFIER_REFERENCE_27 JOIN T6 ON T5.IDENTIFIER_PRIMARY_26 = T6.IDENTIFIER_REFERENCE_32 WHERE T6.DESCRIPTIVE_ATTRIBUTE_33 = 'orders less'","SELECT Customers.email_address, Customers.town_city, Customers.county FROM Customers JOIN Orders ON Customers.customer_id = Orders.customer_id JOIN Order_Items ON Orders.order_id = Order_Items.order_id WHERE Order_Items.order_item_status_code = 'orders less'"
259,118,e_commerce,e_commerce,,,False,0,True,,llama3.1-8b,none,"SELECT T2.DESCRIPTIVE_ATTRIBUTE_9 , T2.DESCRIPTIVE_ATTRIBUTE_10 , T7.MEASUREMENT_VALUE_37 FROM T1 AS T1 JOIN T2 ON T1.IDENTIFIER_PRIMARY_1 = T2.IDENTIFIER_PRIMARY_8 JOIN T7 ON T2.IDENTIFIER_PRIMARY_8 = T7.IDENTIFIER_REFERENCE_35 WHERE T1.CURRENCY_AMOUNT_4 < (SELECT MAX(CURRENCY_AMOUNT_4) FROM T1)","SELECT Customers.gender_code , Customers.customer_first_name , Shipments.shipment_tracking_number FROM Products AS Products JOIN Customers ON Products.product_id = Customers.customer_id JOIN Shipments ON Customers.customer_id = Shipments.order_id WHERE Products.product_price < (SELECT MAX(product_price) FROM Products)"
260,119,e_commerce,e_commerce,,,False,1,True,,llama3.1-8b,none,"SELECT T1.DESCRIPTIVE_ATTRIBUTE_3 , T1.TEXTUAL_CONTENT_7 , T2.DESCRIPTIVE_ATTRIBUTE_10 FROM T1 JOIN T2 ON T1.IDENTIFIER_PRIMARY_1 = T2.IDENTIFIER_PRIMARY_8 WHERE T1.CURRENCY_AMOUNT_4 < (SELECT MAX(CURRENCY_AMOUNT_4) FROM T1)","SELECT Products.product_name , Products.product_description , Customers.customer_first_name FROM Products JOIN Customers ON Products.product_id = Customers.customer_id WHERE Products.product_price < (SELECT MAX(product_price) FROM Products)"
261,125,bbc_channels,bbc_channels,,,False,0,True,,llama3.1-8b,none,"SELECT T2.DESCRIPTIVE_ATTRIBUTE_7 , count(*) FROM T3 AS T1 JOIN T2 AS T3 ON T1.IDENTIFIER_REFERENCE_12 = T3.IDENTIFIER_PRIMARY_6 JOIN T1 AS T2 ON T1.IDENTIFIER_PRIMARY_1 = T2.IDENTIFIER_REFERENCE_13 GROUP BY T2.DESCRIPTIVE_ATTRIBUTE_7 ORDER BY count(*) DESC LIMIT 1","SELECT director.Name , count(*) FROM program AS channel JOIN director AS program ON channel.Director_ID = program.Director_ID JOIN channel AS director ON channel.Channel_ID = director.Channel_ID GROUP BY director.Name ORDER BY count(*) DESC LIMIT 1"
262,126,bbc_channels,bbc_channels,,,False,0,True,,llama3.1-8b,none,"SELECT T2.DESCRIPTIVE_ATTRIBUTE_7, T2.MEASUREMENT_VALUE_8 FROM T2 JOIN T3 ON T3.IDENTIFIER_REFERENCE_12 = T2.IDENTIFIER_PRIMARY_6 JOIN T1 ON T3.IDENTIFIER_REFERENCE_13 = T1.IDENTIFIER_PRIMARY_1 JOIN T4 ON T4.IDENTIFIER_REFERENCE_15 = T1.IDENTIFIER_PRIMARY_1 WHERE T4.IDENTIFIER_PRIMARY_14 = T3.IDENTIFIER_REFERENCE_12 GROUP BY T2.DESCRIPTIVE_ATTRIBUTE_7 ORDER BY COUNT(T3.IDENTIFIER_PRIMARY_9) DESC LIMIT 1","SELECT director.Name, director.Age FROM director JOIN program ON program.Director_ID = director.Director_ID JOIN channel ON program.Channel_ID = channel.Channel_ID JOIN director_admin ON director_admin.Channel_ID = channel.Channel_ID WHERE director_admin.Director_ID = program.Director_ID GROUP BY director.Name ORDER BY COUNT(program.Program_ID) DESC LIMIT 1"
263,130,bbc_channels,bbc_channels,,,False,0,True,,llama3.1-8b,none,SELECT COUNT(*) FROM T1 WHERE IDENTIFIER_PRIMARY_1 NOT IN ( SELECT IDENTIFIER_REFERENCE_13 FROM T3 ),SELECT COUNT(*) FROM channel WHERE Channel_ID NOT IN ( SELECT Channel_ID FROM program )
264,132,bbc_channels,bbc_channels,,,False,0,True,,llama3.1-8b,none,"SELECT T1.DESCRIPTIVE_ATTRIBUTE_2, T1.TEXT_FIELD_5 FROM T1 INNER JOIN T3 ON T1.IDENTIFIER_PRIMARY_1 = T3.IDENTIFIER_REFERENCE_13 INNER JOIN T2 ON T3.IDENTIFIER_REFERENCE_12 = T2.IDENTIFIER_PRIMARY_6 GROUP BY T1.IDENTIFIER_PRIMARY_1 ORDER BY COUNT(T2.IDENTIFIER_PRIMARY_6) DESC LIMIT 1","SELECT channel.Name, channel.Internet FROM channel INNER JOIN program ON channel.Channel_ID = program.Channel_ID INNER JOIN director ON program.Director_ID = director.Director_ID GROUP BY channel.Channel_ID ORDER BY COUNT(director.Director_ID) DESC LIMIT 1"
265,134,bbc_channels,bbc_channels,,,False,0,True,,llama3.1-8b,none,SELECT T1.DESCRIPTIVE_ATTRIBUTE_2 FROM T1 JOIN T3 ON T1.IDENTIFIER_PRIMARY_1 = T3.IDENTIFIER_REFERENCE_13 JOIN T2 ON T3.IDENTIFIER_REFERENCE_12 = T2.IDENTIFIER_PRIMARY_6 WHERE T2.MEASUREMENT_VALUE_8 > 60 AND T2.MEASUREMENT_VALUE_8 < 40,SELECT channel.Name FROM channel JOIN program ON channel.Channel_ID = program.Channel_ID JOIN director ON program.Director_ID = director.Director_ID WHERE director.Age > 60 AND director.Age < 40
266,181,vehicle_driver,vehicle_driver,,,False,0,True,,llama3.1-8b,none,"SELECT T1.IDENTIFIER_PRIMARY_1, T2.DESCRIPTIVE_ATTRIBUTE_9 FROM T3 JOIN T2 ON T3.IDENTIFIER_PRIMARY_12 = T2.IDENTIFIER_PRIMARY_8 JOIN T1 ON T3.IDENTIFIER_REFERENCE_13 = T1.IDENTIFIER_PRIMARY_1 WHERE T2.DESCRIPTIVE_ATTRIBUTE_9 = 'Jeff Gordon' OR T2.TEXT_FIELD_11 > 2","SELECT vehicle.Vehicle_ID, driver.Name FROM vehicle_driver JOIN driver ON vehicle_driver.Driver_ID = driver.Driver_ID JOIN vehicle ON vehicle_driver.Vehicle_ID = vehicle.Vehicle_ID WHERE driver.Name = 'Jeff Gordon' OR driver.Racing_Series > 2"
267,182,vehicle_driver,vehicle_driver,,,False,0,True,,llama3.1-8b,none,"SELECT T1.IDENTIFIER_PRIMARY_1 , T1.TEXT_FIELD_2 FROM T1 JOIN T3 ON T1.IDENTIFIER_PRIMARY_1 = T3.IDENTIFIER_REFERENCE_13 JOIN T2 ON T3.IDENTIFIER_PRIMARY_12 = T2.IDENTIFIER_PRIMARY_8 WHERE T2.DESCRIPTIVE_ATTRIBUTE_9 = 'Jeff Gordon' OR T3.IDENTIFIER_PRIMARY_12 IN (SELECT IDENTIFIER_PRIMARY_12 FROM T3 GROUP BY IDENTIFIER_PRIMARY_12 HAVING count(*) > 2)","SELECT vehicle.Vehicle_ID , vehicle.Model FROM vehicle JOIN vehicle_driver ON vehicle.Vehicle_ID = vehicle_driver.Vehicle_ID JOIN driver ON vehicle_driver.Driver_ID = driver.Driver_ID WHERE driver.Name = 'Jeff Gordon' OR vehicle_driver.Driver_ID IN (SELECT Driver_ID FROM vehicle_driver GROUP BY Driver_ID HAVING count(*) > 2)"
268,191,vehicle_driver,vehicle_driver,,,False,0,True,,llama3.1-8b,none,SELECT COUNT(*) FROM T2 WHERE IDENTIFIER_PRIMARY_8 NOT IN (SELECT IDENTIFIER_PRIMARY_8 FROM T3),SELECT COUNT(*) FROM driver WHERE Driver_ID NOT IN (SELECT Driver_ID FROM vehicle_driver)
269,192,vehicle_driver,vehicle_driver,,,False,0,True,,llama3.1-8b,none,SELECT COUNT(T2.IDENTIFIER_PRIMARY_8) FROM T2 WHERE T2.TEXT_FIELD_11 = 'not driven',SELECT COUNT(driver.Driver_ID) FROM driver WHERE driver.Racing_Series = 'not driven'
270,251,customers_and_orders,customers_and_orders,,,False,0,True,,llama3.1-8b,none,SELECT T1.DESCRIPTIVE_ATTRIBUTE_3 FROM T1 INNER JOIN T5 ON T1.IDENTIFIER_PRIMARY_1 = T5.IDENTIFIER_REFERENCE_21 INNER JOIN T4 ON T5.IDENTIFIER_REFERENCE_20 = T4.IDENTIFIER_PRIMARY_15 WHERE T1.CURRENCY_AMOUNT_4 > (SELECT AVG(T1.CURRENCY_AMOUNT_4) FROM T1 WHERE T1.DESCRIPTIVE_ATTRIBUTE_2 = 'hardware'),SELECT Products.product_name FROM Products INNER JOIN Order_Items ON Products.product_id = Order_Items.product_id INNER JOIN Customer_Orders ON Order_Items.order_id = Customer_Orders.order_id WHERE Products.product_price > (SELECT AVG(Products.product_price) FROM Products WHERE Products.product_type_code = 'hardware')
271,252,customers_and_orders,customers_and_orders,,,False,3,False,,llama3.1-8b,none,SELECT T2.DESCRIPTIVE_ATTRIBUTE_6 FROM T1 AS T1 JOIN T3 AS T3 ON T1.IDENTIFIER_PRIMARY_1 = T3.IDENTIFIER_REFERENCE_16 JOIN T2 AS T2 ON T3.IDENTIFIER_PRIMARY_7 = T2.IDENTIFIER_PRIMARY_5 WHERE T3.CURRENCY_AMOUNT_4 > ( SELECT AVG(T3_1.CURRENCY_AMOUNT_4) FROM T3 AS T3_1 JOIN T1 AS T1_1 ON T3_1.IDENTIFIER_REFERENCE_16 = T1_1.IDENTIFIER_PRIMARY_1 WHERE T1_1.DESCRIPTIVE_ATTRIBUTE_2 = 'Hardware product' ),SELECT Addresses.address_details FROM Products AS Products JOIN Customers AS Customers ON Products.product_id = Customers.customer_id JOIN Addresses AS Addresses ON Customers.customer_id = Addresses.address_id WHERE Customers.product_price > ( SELECT AVG(T3_1.product_price) FROM Customers AS T3_1 JOIN Products AS T1_1 ON T3_1.customer_id = T1_1.product_id WHERE T1_1.product_type_code = 'Hardware product' )
272,295,customers_and_orders,customers_and_orders,,,False,1,True,,llama3.1-8b,none,"SELECT T1.DESCRIPTIVE_ATTRIBUTE_2 , T1.DESCRIPTIVE_ATTRIBUTE_3 , T2.DESCRIPTIVE_ATTRIBUTE_6 , T1.CURRENCY_AMOUNT_4 FROM T1 INNER JOIN T2 ON T1.DESCRIPTIVE_ATTRIBUTE_2 = T2.DESCRIPTIVE_ATTRIBUTE_6 INNER JOIN T5 ON T5.IDENTIFIER_REFERENCE_21 = T1.IDENTIFIER_PRIMARY_1 WHERE T5.MEASUREMENT_VALUE_22 = (SELECT max(MEASUREMENT_VALUE_22) FROM T5)","SELECT Products.product_type_code , Products.product_name , Addresses.address_details , Products.product_price FROM Products INNER JOIN Addresses ON Products.product_type_code = Addresses.address_details INNER JOIN Order_Items ON Order_Items.product_id = Products.product_id WHERE Order_Items.order_quantity = (SELECT max(order_quantity) FROM Order_Items)"
273,296,customers_and_orders,customers_and_orders,,,False,1,True,,llama3.1-8b,none,"SELECT T1.IDENTIFIER_PRIMARY_1 , T1.DESCRIPTIVE_ATTRIBUTE_2 , T1.DESCRIPTIVE_ATTRIBUTE_3 , T1.CURRENCY_AMOUNT_4 FROM T1 AS T1 JOIN T5 AS T2 ON T1.IDENTIFIER_PRIMARY_1 = T2.IDENTIFIER_REFERENCE_21 GROUP BY T1.IDENTIFIER_PRIMARY_1 ORDER BY count(*) DESC LIMIT 1","SELECT Products.product_id , Products.product_type_code , Products.product_name , Products.product_price FROM Products AS Products JOIN Order_Items AS Addresses ON Products.product_id = Addresses.product_id GROUP BY Products.product_id ORDER BY count(*) DESC LIMIT 1"
274,301,customers_and_orders,customers_and_orders,,,False,0,True,,llama3.1-8b,none,SELECT count(*) FROM T3 WHERE IDENTIFIER_PRIMARY_7 NOT IN (SELECT IDENTIFIER_REFERENCE_20 FROM T5),SELECT count(*) FROM Customers WHERE customer_id NOT IN (SELECT order_id FROM Order_Items)
275,302,customers_and_orders,customers_and_orders,,,False,0,True,,llama3.1-8b,none,SELECT count(*) FROM T1 WHERE IDENTIFIER_PRIMARY_1 NOT IN (SELECT IDENTIFIER_REFERENCE_21 FROM T5),SELECT count(*) FROM Products WHERE product_id NOT IN (SELECT product_id FROM Order_Items)
276,313,customers_and_orders,customers_and_orders,,,False,3,False,,llama3.1-8b,none,"SELECT T2.DESCRIPTIVE_ATTRIBUTE_6, T4.IDENTIFIER_PRIMARY_15 FROM T4 JOIN T3 ON T4.IDENTIFIER_REFERENCE_16 = T3.IDENTIFIER_PRIMARY_7 JOIN T5 ON T4.IDENTIFIER_PRIMARY_15 = T5.IDENTIFIER_REFERENCE_20 JOIN T1 ON T5.IDENTIFIER_REFERENCE_21 = T1.IDENTIFIER_PRIMARY_1 WHERE T1.CURRENCY_AMOUNT_4 > 6 OR T1.CURRENCY_AMOUNT_4 > 3","SELECT Addresses.address_details, Customer_Orders.order_id FROM Customer_Orders JOIN Customers ON Customer_Orders.customer_id = Customers.customer_id JOIN Order_Items ON Customer_Orders.order_id = Order_Items.order_id JOIN Products ON Order_Items.product_id = Products.product_id WHERE Products.product_price > 6 OR Products.product_price > 3"
277,314,customers_and_orders,customers_and_orders,,,False,0,True,,llama3.1-8b,none,"SELECT T5.IDENTIFIER_REFERENCE_20 , T4.CHRONOLOGICAL_MARKER_17 FROM T5 JOIN T4 ON T5.IDENTIFIER_REFERENCE_20 = T4.IDENTIFIER_PRIMARY_15 JOIN T1 ON T5.IDENTIFIER_REFERENCE_21 = T1.IDENTIFIER_PRIMARY_1 WHERE T5.MEASUREMENT_VALUE_22 > 6 OR T1.DESCRIPTIVE_ATTRIBUTE_3 > 3","SELECT Order_Items.order_id , Customer_Orders.order_date FROM Order_Items JOIN Customer_Orders ON Order_Items.order_id = Customer_Orders.order_id JOIN Products ON Order_Items.product_id = Products.product_id WHERE Order_Items.order_quantity > 6 OR Products.product_name > 3"
278,337,region_building,region_building,,,False,1,True,,llama3.1-8b,none,SELECT T2.LOCATION_ATTRIBUTE_9 FROM T1 AS T1 JOIN T2 AS T2 ON T1.IDENTIFIER_REFERENCE_2 = T2.IDENTIFIER_PRIMARY_7 GROUP BY T2.LOCATION_ATTRIBUTE_9 ORDER BY COUNT(T1.DESCRIPTIVE_ATTRIBUTE_3) DESC LIMIT 1,SELECT region.Capital FROM building AS building JOIN region AS region ON building.Region_ID = region.Region_ID GROUP BY region.Capital ORDER BY COUNT(building.Name) DESC LIMIT 1
279,338,region_building,region_building,,,False,0,True,,llama3.1-8b,none,"SELECT T2.LOCATION_ATTRIBUTE_10, T2.LOCATION_ATTRIBUTE_9 FROM T2 JOIN T1 ON T1.IDENTIFIER_REFERENCE_2 = T2.IDENTIFIER_PRIMARY_7 GROUP BY T2.LOCATION_ATTRIBUTE_10 ORDER BY COUNT(T1.DESCRIPTIVE_ATTRIBUTE_3) DESC LIMIT 1","SELECT region.Area, region.Capital FROM region JOIN building ON building.Region_ID = region.Region_ID GROUP BY region.Area ORDER BY COUNT(building.Name) DESC LIMIT 1"
280,365,government_shift,government_shift,,,False,0,True,,llama3.1-8b,none,SELECT T3.TEXT_FIELD_6 FROM T4 AS T1 JOIN T2 AS T2 ON T1.IDENTIFIER_REFERENCE_9 = T2.IDENTIFIER_PRIMARY_3 JOIN T3 AS T3 ON T1.IDENTIFIER_REFERENCE_8 = T3.IDENTIFIER_PRIMARY_5 GROUP BY T2.IDENTIFIER_PRIMARY_3 ORDER BY COUNT(T1.IDENTIFIER_PRIMARY_7) DESC LIMIT 1,SELECT Channels.Channel_Details FROM Customers_and_Services AS Services JOIN Customers AS Customers ON Services.Service_ID = Customers.Customer_ID JOIN Channels AS Channels ON Services.Customer_ID = Channels.Channel_ID GROUP BY Customers.Customer_ID ORDER BY COUNT(Services.Customers_and_Services_ID) DESC LIMIT 1
281,366,government_shift,government_shift,,,False,0,True,,llama3.1-8b,none,SELECT T2.TEXT_FIELD_4 FROM T2 INNER JOIN T4 ON T2.IDENTIFIER_PRIMARY_3 = T4.IDENTIFIER_REFERENCE_8 INNER JOIN T1 ON T4.IDENTIFIER_REFERENCE_9 = T1.IDENTIFIER_PRIMARY_1 GROUP BY T2.IDENTIFIER_PRIMARY_3 ORDER BY COUNT(T1.IDENTIFIER_PRIMARY_1) DESC LIMIT 1,SELECT Customers.Customer_Details FROM Customers INNER JOIN Customers_and_Services ON Customers.Customer_ID = Customers_and_Services.Customer_ID INNER JOIN Services ON Customers_and_Services.Service_ID = Services.Service_ID GROUP BY Customers.Customer_ID ORDER BY COUNT(Services.Service_ID) DESC LIMIT 1
282,367,government_shift,government_shift,,,False,1,True,,llama3.1-8b,none,SELECT T2.TEXT_FIELD_4 FROM T4 AS T1 JOIN T2 ON T1.IDENTIFIER_REFERENCE_8 = T2.IDENTIFIER_PRIMARY_3 JOIN T5 AS T3 ON T1.IDENTIFIER_REFERENCE_9 = T3.IDENTIFIER_REFERENCE_14 GROUP BY T2.TEXT_FIELD_4 ORDER BY COUNT(DISTINCT T3.IDENTIFIER_REFERENCE_12) DESC LIMIT 1,SELECT Customers.Customer_Details FROM Customers_and_Services AS Services JOIN Customers ON Services.Customer_ID = Customers.Customer_ID JOIN Customer_Interactions AS Channels ON Services.Service_ID = Channels.Service_ID GROUP BY Customers.Customer_Details ORDER BY COUNT(DISTINCT Channels.Channel_ID) DESC LIMIT 1
283,368,government_shift,government_shift,,,False,3,True,,llama3.1-8b,none,"SELECT T1.TEXT_FIELD_2 , T5.DESCRIPTIVE_ATTRIBUTE_15 FROM T5 AS T5 JOIN T2 AS T2 ON T5.IDENTIFIER_REFERENCE_13 = T2.IDENTIFIER_PRIMARY_3 JOIN T1 AS T1 ON T5.IDENTIFIER_REFERENCE_14 = T1.IDENTIFIER_PRIMARY_1 GROUP BY T5.IDENTIFIER_REFERENCE_14 ORDER BY COUNT(T5.IDENTIFIER_REFERENCE_14) DESC LIMIT 1","SELECT Services.Service_Details , Customer_Interactions.Status_Code FROM Customer_Interactions AS Customer_Interactions JOIN Customers AS Customers ON Customer_Interactions.Customer_ID = Customers.Customer_ID JOIN Services AS Services ON Customer_Interactions.Service_ID = Services.Service_ID GROUP BY Customer_Interactions.Service_ID ORDER BY COUNT(Customer_Interactions.Service_ID) DESC LIMIT 1"
284,371,government_shift,government_shift,,,False,0,True,,llama3.1-8b,none,SELECT T3.TEXT_FIELD_6 FROM T3 INNER JOIN T4 ON T3.IDENTIFIER_PRIMARY_5 = T4.IDENTIFIER_REFERENCE_9 INNER JOIN T1 ON T4.IDENTIFIER_REFERENCE_9 = T1.IDENTIFIER_PRIMARY_1 GROUP BY T3.IDENTIFIER_PRIMARY_5 ORDER BY COUNT(T1.IDENTIFIER_PRIMARY_1) ASC LIMIT 1,SELECT Channels.Channel_Details FROM Channels INNER JOIN Customers_and_Services ON Channels.Channel_ID = Customers_and_Services.Service_ID INNER JOIN Services ON Customers_and_Services.Service_ID = Services.Service_ID GROUP BY Channels.Channel_ID ORDER BY COUNT(Services.Service_ID) ASC LIMIT 1
285,372,government_shift,government_shift,,,False,0,True,,llama3.1-8b,none,SELECT T2.TEXT_FIELD_4 FROM T4 AS T1 JOIN T2 ON T1.IDENTIFIER_REFERENCE_8 = T2.IDENTIFIER_PRIMARY_3 WHERE T1.IDENTIFIER_REFERENCE_9 = (SELECT IDENTIFIER_PRIMARY_1 FROM T1 GROUP BY IDENTIFIER_PRIMARY_1 ORDER BY COUNT(*) ASC LIMIT 1),SELECT Customers.Customer_Details FROM Customers_and_Services AS Services JOIN Customers ON Services.Customer_ID = Customers.Customer_ID WHERE Services.Service_ID = (SELECT Service_ID FROM Services GROUP BY Service_ID ORDER BY COUNT(*) ASC LIMIT 1)
286,377,government_shift,government_shift,,,False,0,True,,llama3.1-8b,none,"SELECT T1.TEXT_FIELD_2 FROM T1 INNER JOIN T4 ON T1.IDENTIFIER_PRIMARY_1 = T4.IDENTIFIER_REFERENCE_9 INNER JOIN T2 ON T4.IDENTIFIER_REFERENCE_8 = T2.IDENTIFIER_PRIMARY_3 WHERE T2.TEXT_FIELD_4 = ""Hardy Kutch"" UNION SELECT T1.TEXT_FIELD_2 FROM T1 WHERE T1.TEXT_FIELD_2 = ""good""","SELECT Services.Service_Details FROM Services INNER JOIN Customers_and_Services ON Services.Service_ID = Customers_and_Services.Service_ID INNER JOIN Customers ON Customers_and_Services.Customer_ID = Customers.Customer_ID WHERE Customers.Customer_Details = ""Hardy Kutch"" UNION SELECT Services.Service_Details FROM Services WHERE Services.Service_Details = ""good"""
287,378,government_shift,government_shift,,,False,1,True,,llama3.1-8b,none,SELECT T1.TEXT_FIELD_2 FROM T1 AS T1 JOIN T5 AS T5 ON T5.IDENTIFIER_REFERENCE_14 = T1.IDENTIFIER_PRIMARY_1 WHERE T5.IDENTIFIER_REFERENCE_12 = ( SELECT IDENTIFIER_PRIMARY_5 FROM T3 WHERE TEXT_FIELD_6 = 'good' ) INTERSECT SELECT T1.TEXT_FIELD_2 FROM T1 AS T1 JOIN T5 AS T5 ON T5.IDENTIFIER_REFERENCE_14 = T1.IDENTIFIER_PRIMARY_1 WHERE T5.IDENTIFIER_REFERENCE_13 = ( SELECT IDENTIFIER_PRIMARY_3 FROM T2 WHERE TEXT_FIELD_4 = 'Hardy Kutch' ),SELECT Services.Service_Details FROM Services AS Services JOIN Customer_Interactions AS Customer_Interactions ON Customer_Interactions.Service_ID = Services.Service_ID WHERE Customer_Interactions.Channel_ID = ( SELECT Channel_ID FROM Channels WHERE Channel_Details = 'good' ) INTERSECT SELECT Services.Service_Details FROM Services AS Services JOIN Customer_Interactions AS Customer_Interactions ON Customer_Interactions.Service_ID = Services.Service_ID WHERE Customer_Interactions.Customer_ID = ( SELECT Customer_ID FROM Customers WHERE Customer_Details = 'Hardy Kutch' )
288,379,government_shift,government_shift,,,False,1,True,,llama3.1-8b,none,SELECT T1.TEXT_FIELD_2 FROM T1 INNER JOIN T4 ON T1.IDENTIFIER_PRIMARY_1 = T4.IDENTIFIER_REFERENCE_9 INNER JOIN T2 ON T4.IDENTIFIER_REFERENCE_8 = T2.IDENTIFIER_PRIMARY_3 INNER JOIN T5 ON T1.IDENTIFIER_PRIMARY_1 = T5.IDENTIFIER_REFERENCE_14 WHERE T2.TEXT_FIELD_4 = 'Hardy Kutch' AND T5.DESCRIPTIVE_ATTRIBUTE_15 = 'bad',SELECT Services.Service_Details FROM Services INNER JOIN Customers_and_Services ON Services.Service_ID = Customers_and_Services.Service_ID INNER JOIN Customers ON Customers_and_Services.Customer_ID = Customers.Customer_ID INNER JOIN Customer_Interactions ON Services.Service_ID = Customer_Interactions.Service_ID WHERE Customers.Customer_Details = 'Hardy Kutch' AND Customer_Interactions.Status_Code = 'bad'
289,380,government_shift,government_shift,,,False,0,True,,llama3.1-8b,none,SELECT T1.TEXT_FIELD_2 FROM T1 INNER JOIN T4 ON T1.IDENTIFIER_PRIMARY_1 = T4.IDENTIFIER_REFERENCE_9 INNER JOIN T5 ON T1.IDENTIFIER_PRIMARY_1 = T5.IDENTIFIER_REFERENCE_14 INNER JOIN T2 ON T5.IDENTIFIER_REFERENCE_13 = T2.IDENTIFIER_PRIMARY_3 WHERE T2.TEXT_FIELD_4 = 'Hardy Kutch' AND T5.DESCRIPTIVE_ATTRIBUTE_15 = 'bad',SELECT Services.Service_Details FROM Services INNER JOIN Customers_and_Services ON Services.Service_ID = Customers_and_Services.Service_ID INNER JOIN Customer_Interactions ON Services.Service_ID = Customer_Interactions.Service_ID INNER JOIN Customers ON Customer_Interactions.Customer_ID = Customers.Customer_ID WHERE Customers.Customer_Details = 'Hardy Kutch' AND Customer_Interactions.Status_Code = 'bad'
290,401,vehicle_rent,vehicle_rent,,,False,0,True,,llama3.1-8b,none,"SELECT TEXT_FIELD_17 , DESCRIPTIVE_ATTRIBUTE_11 , CURRENCY_AMOUNT_16 FROM T3 WHERE CHRONOLOGICAL_MARKER_10 = 2013 INTERSECT SELECT TEXT_FIELD_17 , DESCRIPTIVE_ATTRIBUTE_11 , CURRENCY_AMOUNT_16 FROM T3 WHERE CHRONOLOGICAL_MARKER_10 = 2014","SELECT Notes , Type_of_powertrain , Annual_fuel_cost FROM Vehicles WHERE Model_year = 2013 INTERSECT SELECT Notes , Type_of_powertrain , Annual_fuel_cost FROM Vehicles WHERE Model_year = 2014"
291,402,vehicle_rent,vehicle_rent,,,False,3,False,,llama3.1-8b,none,"SELECT T1.DESCRIPITIVE_ATTRIBUTE_2 , T2.DESCRIPATIVE_ATTRIBUTE_6 , T3.CURRENCY_AMOUNT_15 FROM T3 AS T3 JOIN T4 AS T4 ON T3.IDENTIFIER_PRIMARY_8 = T4.IDENTIFIER_REFERENCE_21 JOIN T1 AS T1 ON T4.IDENTIFIER_REFERENCE_19 = T1.IDENTIFIER_PRIMARY_1 JOIN T2 AS T2 ON T4.IDENTIFIER_REFERENCE_20 = T2.IDENTIFIER_PRIMARY_5 WHERE T3.CHRONOLOGICAL_MARKER_10 = 2013 OR T3.CHRONOLOGICAL_MARKER_10 = 2014","SELECT Customers.DESCRIPITIVE_ATTRIBUTE_2 , Discount.DESCRIPATIVE_ATTRIBUTE_6 , Vehicles.Cost_per_25_miles FROM Vehicles AS Vehicles JOIN Renting_history AS Renting_history ON Vehicles.id = Renting_history.vehicles_id JOIN Customers AS Customers ON Renting_history.customer_id = Customers.id JOIN Discount AS Discount ON Renting_history.discount_id = Discount.id WHERE Vehicles.Model_year = 2013 OR Vehicles.Model_year = 2014"
292,429,vehicle_rent,vehicle_rent,,,False,0,True,,llama3.1-8b,none,"SELECT T3.DESCRIPTIVE_ATTRIBUTE_9, T1.DESCRIPTIVE_ATTRIBUTE_2 FROM T4 AS T4 JOIN T3 ON T4.IDENTIFIER_REFERENCE_21 = T3.IDENTIFIER_PRIMARY_8 JOIN T1 ON T4.IDENTIFIER_REFERENCE_19 = T1.IDENTIFIER_PRIMARY_1 GROUP BY T3.IDENTIFIER_PRIMARY_8 ORDER BY COUNT(T4.IDENTIFIER_PRIMARY_18) DESC LIMIT 1","SELECT Vehicles.name, Customers.name FROM Renting_history AS Renting_history JOIN Vehicles ON Renting_history.vehicles_id = Vehicles.id JOIN Customers ON Renting_history.customer_id = Customers.id GROUP BY Vehicles.id ORDER BY COUNT(Renting_history.id) DESC LIMIT 1"
293,430,vehicle_rent,vehicle_rent,,,False,0,True,,llama3.1-8b,none,"SELECT T1.DESCRIPTIVE_ATTRIBUTE_2 , T3.CHRONOLOGICAL_MARKER_10 FROM T1 JOIN T4 ON T1.IDENTIFIER_PRIMARY_1 = T4.IDENTIFIER_REFERENCE_19 JOIN T3 ON T4.IDENTIFIER_REFERENCE_21 = T3.IDENTIFIER_PRIMARY_8 JOIN T2 ON T4.IDENTIFIER_REFERENCE_20 = T2.IDENTIFIER_PRIMARY_5 ORDER BY T4.MEASUREMENT_VALUE_22 DESC LIMIT 1","SELECT Customers.name , Vehicles.Model_year FROM Customers JOIN Renting_history ON Customers.id = Renting_history.customer_id JOIN Vehicles ON Renting_history.vehicles_id = Vehicles.id JOIN Discount ON Renting_history.discount_id = Discount.id ORDER BY Renting_history.total_hours DESC LIMIT 1"
294,433,vehicle_rent,vehicle_rent,,,False,3,False,,llama3.1-8b,none,SELECT T2.DESCRIBITIVE_ATTRIBUTE_6 FROM T4 AS T1 JOIN T2 ON T1.IDENTIFIER_REFERENCE_20 = T2.IDENTIFIER_PRIMARY_5 GROUP BY T2.DESCRIBITIVE_ATTRIBUTE_6 ORDER BY COUNT(T1.IDENTIFIER_PRIMARY_18) DESC LIMIT 1,SELECT Discount.DESCRIBITIVE_ATTRIBUTE_6 FROM Renting_history AS Customers JOIN Discount ON Customers.discount_id = Discount.id GROUP BY Discount.DESCRIBITIVE_ATTRIBUTE_6 ORDER BY COUNT(Customers.id) DESC LIMIT 1
295,434,vehicle_rent,vehicle_rent,,,False,3,False,,llama3.1-8b,none,SELECT T2.DESCRIPITIVE_ATTRIBUTE_6 FROM T4 AS T4 JOIN T2 ON T4.IDENTIFIER_REFERENCE_20 = T2.IDENTIFIER_PRIMARY_5 GROUP BY T2.DESCRIPITIVE_ATTRIBUTE_6 ORDER BY COUNT(T4.IDENTIFIER_PRIMARY_18) DESC LIMIT 1,SELECT Discount.DESCRIPITIVE_ATTRIBUTE_6 FROM Renting_history AS Renting_history JOIN Discount ON Renting_history.discount_id = Discount.id GROUP BY Discount.DESCRIPITIVE_ATTRIBUTE_6 ORDER BY COUNT(Renting_history.id) DESC LIMIT 1
296,441,cre_Students_Information_Systems,cre_Students_Information_Systems,,,False,3,False,,llama3.1-8b,none,"SELECT T1.IDENTIFIER_PRIMARY_1 , T4.DESCRIPTIVE_ATTRIBUTE_12 FROM T1 AS T1 JOIN T12 AS T12 ON T1.IDENTIFIER_PRIMARY_1 = T12.IDENTIFIER_REFERENCE_34 JOIN T10 AS T10 ON T12.IDENTIFIER_REFERENCE_35 = T10.IDENTIFIER_PRIMARY_26 JOIN T4 AS T4 ON T10.IDENTIFIER_PRIMARY_26 = T4.IDENTIFIER_PRIMARY_11 WHERE T12.DESCRIPTIVE_ATTRIBUTE_36 = '2 or more classes' OR T14.DESCRIPTIVE_ATTRIBUTE_20 < 2","SELECT Students.student_id , Addresses.address_details FROM Students AS Students JOIN Classes AS Classes ON Students.student_id = Classes.student_id JOIN Teachers AS Teachers ON Classes.teacher_id = Teachers.teacher_id JOIN Addresses AS Addresses ON Teachers.teacher_id = Addresses.address_id WHERE Classes.class_details = '2 or more classes' OR Detention.detention_type_description < 2"
297,442,cre_Students_Information_Systems,cre_Students_Information_Systems,,,False,3,False,,llama3.1-8b,none,"SELECT T1.IDENTIFIER_PRIMARY_1 , T9.TEXT_FIELD_25 FROM T1 AS T1 INNER JOIN T9 AS T9 ON T9.IDENTIFIER_REFERENCE_23 = T1.IDENTIFIER_PRIMARY_1 INNER JOIN T12 AS T12 ON T12.IDENTIFIER_REFERENCE_34 = T1.IDENTIFIER_PRIMARY_1 INNER JOIN T10 AS T10 ON T12.IDENTIFIER_REFERENCE_35 = T10.IDENTIFIER_PRIMARY_26 GROUP BY T1.IDENTIFIER_PRIMARY_1 HAVING COUNT(T12.IDENTIFIER_REFERENCE_35) >= 2 OR COUNT(T14.IDENTIFIER_REFERENCE_45) < 2","SELECT Students.student_id , Student_Events.other_details FROM Students AS Students INNER JOIN Student_Events AS Student_Events ON Student_Events.student_id = Students.student_id INNER JOIN Classes AS Classes ON Classes.student_id = Students.student_id INNER JOIN Teachers AS Teachers ON Classes.teacher_id = Teachers.teacher_id GROUP BY Students.student_id HAVING COUNT(Classes.teacher_id) >= 2 OR COUNT(Detention.student_id) < 2"
298,443,cre_Students_Information_Systems,cre_Students_Information_Systems,,,False,0,True,,llama3.1-8b,none,SELECT T10.TEXT_FIELD_27 FROM T10 INNER JOIN T12 ON T10.IDENTIFIER_PRIMARY_26 = T12.IDENTIFIER_REFERENCE_35 INNER JOIN T1 ON T12.IDENTIFIER_REFERENCE_34 = T1.IDENTIFIER_PRIMARY_1 WHERE T1.TEXT_FIELD_2 LIKE '%data%' AND T12.DESCRIPTIVE_ATTRIBUTE_36 NOT LIKE 'net%',SELECT Teachers.teacher_details FROM Teachers INNER JOIN Classes ON Teachers.teacher_id = Classes.teacher_id INNER JOIN Students ON Classes.student_id = Students.student_id WHERE Students.bio_data LIKE '%data%' AND Classes.class_details NOT LIKE 'net%'
299,444,cre_Students_Information_Systems,cre_Students_Information_Systems,,,False,0,True,,llama3.1-8b,none,SELECT TEXT_FIELD_27 FROM T10 AS T10_1 INNER JOIN T12 AS T12_1 ON T10_1.IDENTIFIER_PRIMARY_26 = T12_1.IDENTIFIER_REFERENCE_35 WHERE T12_1.DESCRIPTIVE_ATTRIBUTE_36 LIKE '%data%' AND T12_1.IDENTIFIER_REFERENCE_35 NOT IN (SELECT IDENTIFIER_REFERENCE_35 FROM T12 AS T12_2 WHERE T12_2.DESCRIPTIVE_ATTRIBUTE_36 LIKE 'net%'),SELECT teacher_details FROM Teachers AS T10_1 INNER JOIN Classes AS T12_1 ON T10_1.teacher_id = T12_1.teacher_id WHERE T12_1.class_details LIKE '%data%' AND T12_1.teacher_id NOT IN (SELECT teacher_id FROM Classes AS T12_2 WHERE T12_2.class_details LIKE 'net%')
300,447,cre_Students_Information_Systems,cre_Students_Information_Systems,,,False,0,True,,llama3.1-8b,none,"SELECT T11.CURRENCY_AMOUNT_31 , T11.CHRONOLOGICAL_MARKER_30 FROM T1 AS T1 INNER JOIN T15 AS T15 ON T15.IDENTIFIER_REFERENCE_52 = T1.IDENTIFIER_PRIMARY_1 INNER JOIN T11 AS T11 ON T11.IDENTIFIER_REFERENCE_29 = T1.IDENTIFIER_PRIMARY_1 GROUP BY T1.IDENTIFIER_PRIMARY_1 HAVING COUNT(T15.IDENTIFIER_PRIMARY_50) >= 2","SELECT Student_Loans.amount_of_loan , Student_Loans.date_of_loan FROM Students AS Students INNER JOIN Achievements AS Achievements ON Achievements.student_id = Students.student_id INNER JOIN Student_Loans AS Student_Loans ON Student_Loans.student_id = Students.student_id GROUP BY Students.student_id HAVING COUNT(Achievements.achievement_id) >= 2"
301,448,cre_Students_Information_Systems,cre_Students_Information_Systems,,,False,0,True,,llama3.1-8b,none,"SELECT T11.CURRENCY_AMOUNT_31, T11.CHRONOLOGICAL_MARKER_30 FROM T11 JOIN T1 ON T11.IDENTIFIER_REFERENCE_29 = T1.IDENTIFIER_PRIMARY_1 JOIN T15 ON T15.IDENTIFIER_REFERENCE_52 = T1.IDENTIFIER_PRIMARY_1 WHERE T15.TEXT_FIELD_55 = 'two or more achievements'","SELECT Student_Loans.amount_of_loan, Student_Loans.date_of_loan FROM Student_Loans JOIN Students ON Student_Loans.student_id = Students.student_id JOIN Achievements ON Achievements.student_id = Students.student_id WHERE Achievements.other_details = 'two or more achievements'"
302,449,cre_Students_Information_Systems,cre_Students_Information_Systems,,,False,3,False,,llama3.1-8b,none,"SELECT T10.DESCRIPTIVE_ATTRIBUTE_12 , T1.IDENTIFIER_PRIMARY_1 FROM T1 INNER JOIN T12 ON T1.IDENTIFIER_PRIMARY_1 = T12.IDENTIFIER_REFERENCE_34 INNER JOIN T10 ON T12.IDENTIFIER_REFERENCE_35 = T10.IDENTIFIER_PRIMARY_26 GROUP BY T10.DESCRIPTIVE_ATTRIBUTE_12 ORDER BY COUNT(T12.IDENTIFIER_REFERENCE_35) DESC LIMIT 1","SELECT Teachers.address_details , Students.student_id FROM Students INNER JOIN Classes ON Students.student_id = Classes.student_id INNER JOIN Teachers ON Classes.teacher_id = Teachers.teacher_id GROUP BY Teachers.address_details ORDER BY COUNT(Classes.teacher_id) DESC LIMIT 1"
303,450,cre_Students_Information_Systems,cre_Students_Information_Systems,,,False,0,True,,llama3.1-8b,none,"SELECT T10.IDENTIFIER_PRIMARY_26 , T10.TEXT_FIELD_27 FROM T10 JOIN T12 ON T10.IDENTIFIER_PRIMARY_26 = T12.IDENTIFIER_REFERENCE_35 GROUP BY T10.IDENTIFIER_PRIMARY_26 ORDER BY COUNT(T12.IDENTIFIER_REFERENCE_35) DESC LIMIT 1","SELECT Teachers.teacher_id , Teachers.teacher_details FROM Teachers JOIN Classes ON Teachers.teacher_id = Classes.teacher_id GROUP BY Teachers.teacher_id ORDER BY COUNT(Classes.teacher_id) DESC LIMIT 1"
304,461,cre_Students_Information_Systems,cre_Students_Information_Systems,,,False,0,True,,llama3.1-8b,none,"SELECT TEXT_FIELD_2, DESCRIPTIVE_ATTRIBUTE_36 FROM T1 JOIN T3 ON T1.IDENTIFIER_PRIMARY_1 = T3.IDENTIFIER_REFERENCE_9 JOIN T12 ON T1.IDENTIFIER_PRIMARY_1 = T12.IDENTIFIER_REFERENCE_34 WHERE T3.TEXT_FIELD_10 IN (SELECT TEXT_FIELD_10 FROM T3 GROUP BY TEXT_FIELD_10 ORDER BY COUNT(*) DESC LIMIT 1) AND T12.DESCRIPTIVE_ATTRIBUTE_36 IN (SELECT DESCRIPTIVE_ATTRIBUTE_36 FROM T12 GROUP BY DESCRIPTIVE_ATTRIBUTE_36 HAVING COUNT(*) = 3)","SELECT bio_data, class_details FROM Students JOIN Behaviour_Monitoring ON Students.student_id = Behaviour_Monitoring.student_id JOIN Classes ON Students.student_id = Classes.student_id WHERE Behaviour_Monitoring.behaviour_monitoring_details IN (SELECT behaviour_monitoring_details FROM Behaviour_Monitoring GROUP BY behaviour_monitoring_details ORDER BY COUNT(*) DESC LIMIT 1) AND Classes.class_details IN (SELECT class_details FROM Classes GROUP BY class_details HAVING COUNT(*) = 3)"
305,462,cre_Students_Information_Systems,ERR,,,False,0,False,,,,,"ERR: RateLimitError(""Error code: 429 - {'message': 'Tokens per day limit exceeded - too many tokens processed.', 'type': 'too_many_tokens_error', 'param': 'quota', 'code': 'token_quota_exceeded'}"")"
306,463,cre_Students_Information_Systems,cre_Students_Information_Systems,,,False,0,True,,llama3.1-8b,none,"SELECT T1.TEXT_FIELD_2 , T1.TEXT_FIELD_3 FROM T1 INNER JOIN T3 ON T1.IDENTIFIER_PRIMARY_1 = T3.IDENTIFIER_REFERENCE_9 INNER JOIN T4 ON T3.IDENTIFIER_REFERENCE_9 = T4.IDENTIFIER_REFERENCE_38 WHERE T4.DESCRIPTIVE_ATTRIBUTE_12 = (SELECT DESCRIPTIVE_ATTRIBUTE_12 FROM T4 GROUP BY DESCRIPTIVE_ATTRIBUTE_12 ORDER BY COUNT(*) DESC LIMIT 1)","SELECT Students.bio_data , Students.student_details FROM Students INNER JOIN Behaviour_Monitoring ON Students.student_id = Behaviour_Monitoring.student_id INNER JOIN Addresses ON Behaviour_Monitoring.student_id = Addresses.address_id WHERE Addresses.address_details = (SELECT address_details FROM Addresses GROUP BY address_details ORDER BY COUNT(*) DESC LIMIT 1)"
307,464,cre_Students_Information_Systems,cre_Students_Information_Systems,,,False,0,True,,llama3.1-8b,none,"SELECT T1.TEXT_FIELD_3 , T4.DESCRIPTIVE_ATTRIBUTE_12 FROM T1 JOIN T3 ON T1.IDENTIFIER_PRIMARY_1 = T3.IDENTIFIER_REFERENCE_9 JOIN T4 ON T3.IDENTIFIER_REFERENCE_9 = T4.IDENTIFIER_PRIMARY_11 GROUP BY T4.DESCRIPTIVE_ATTRIBUTE_12 ORDER BY COUNT(T4.DESCRIPTIVE_ATTRIBUTE_12) DESC LIMIT 1","SELECT Students.student_details , Addresses.address_details FROM Students JOIN Behaviour_Monitoring ON Students.student_id = Behaviour_Monitoring.student_id JOIN Addresses ON Behaviour_Monitoring.student_id = Addresses.address_id GROUP BY Addresses.address_details ORDER BY COUNT(Addresses.address_details) DESC LIMIT 1"
308,467,cre_Students_Information_Systems,cre_Students_Information_Systems,,,False,3,False,,llama3.1-8b,none,"SELECT COUNT(T1.IDENTIFIER_PRIMARY_1) , T5.DESCRIPTIVE_ATTRIBUTE_14 , T12.DESCRIBITIVE_ATTRIBUTE_36 FROM T1 AS T1 JOIN T9 AS T9 ON T1.IDENTIFIER_PRIMARY_1 = T9.IDENTIFIER_REFERENCE_23 JOIN T5 AS T5 ON T9.IDENTIFIER_REFERENCE_22 = T5.IDENTIFIER_PRIMARY_13 JOIN T12 AS T12 ON T1.IDENTIFIER_PRIMARY_1 = T12.IDENTIFIER_REFERENCE_34 GROUP BY T12.DESCRIBITIVE_ATTRIBUTE_36 ORDER BY COUNT(T1.IDENTIFIER_PRIMARY_1) DESC LIMIT 1","SELECT COUNT(Students.student_id) , Ref_Event_Types.event_type_description , Classes.DESCRIBITIVE_ATTRIBUTE_36 FROM Students AS Students JOIN Student_Events AS Student_Events ON Students.student_id = Student_Events.student_id JOIN Ref_Event_Types AS Ref_Event_Types ON Student_Events.event_type_code = Ref_Event_Types.event_type_code JOIN Classes AS Classes ON Students.student_id = Classes.student_id GROUP BY Classes.DESCRIBITIVE_ATTRIBUTE_36 ORDER BY COUNT(Students.student_id) DESC LIMIT 1"
309,468,cre_Students_Information_Systems,ERR,,,False,0,False,,,,,"ERR: RateLimitError(""Error code: 429 - {'message': 'Tokens per day limit exceeded - too many tokens processed.', 'type': 'too_many_tokens_error', 'param': 'quota', 'code': 'token_quota_exceeded'}"")"
310,471,cre_Students_Information_Systems,cre_Students_Information_Systems,,,False,3,False,,llama3.1-8b,none,SELECT COUNT(T10.IDENTIFIER_PRIMARY_26) FROM T1 AS T1 JOIN T2 AS T2 ON T1.IDENTIFIER_PRIMARY_1 = T2.IDENTIFIER_REFERENCE_5 JOIN T3 AS T3 ON T1.IDENTIFIER_PRIMARY_1 = T3.IDENTIFIER_REFERENCE_9 JOIN T10 AS T10 ON T1.IDENTIFIER_PRIMARY_1 = T10.IDENTIFIER_PRIMARY_26 WHERE T3.TEXT_FIELD_3 = '',SELECT COUNT(Teachers.teacher_id) FROM Students AS Students JOIN Transcripts AS Transcripts ON Students.student_id = Transcripts.student_id JOIN Behaviour_Monitoring AS Behaviour_Monitoring ON Students.student_id = Behaviour_Monitoring.student_id JOIN Teachers AS Teachers ON Students.student_id = Teachers.teacher_id WHERE Behaviour_Monitoring.student_details = ''
311,472,cre_Students_Information_Systems,cre_Students_Information_Systems,,,False,0,True,,llama3.1-8b,none,SELECT COUNT(T10.IDENTIFIER_PRIMARY_26) FROM T10 JOIN T1 ON T10.IDENTIFIER_PRIMARY_26 = T1.IDENTIFIER_PRIMARY_1 WHERE T1.IDENTIFIER_PRIMARY_1 NOT IN (SELECT T1.IDENTIFIER_PRIMARY_1 FROM T1 JOIN T15 ON T1.IDENTIFIER_PRIMARY_1 = T15.IDENTIFIER_REFERENCE_52),SELECT COUNT(Teachers.teacher_id) FROM Teachers JOIN Students ON Teachers.teacher_id = Students.student_id WHERE Students.student_id NOT IN (SELECT Students.student_id FROM Students JOIN Achievements ON Students.student_id = Achievements.student_id)
312,489,cre_Students_Information_Systems,cre_Students_Information_Systems,,,False,0,True,,llama3.1-8b,none,"SELECT T5.DESCRIPTIVE_ATTRIBUTE_14, T4.DESCRIPTIVE_ATTRIBUTE_12 FROM T12 JOIN T10 ON T12.IDENTIFIER_REFERENCE_35 = T10.IDENTIFIER_PRIMARY_26 JOIN T4 ON T12.IDENTIFIER_REFERENCE_34 = T4.IDENTIFIER_PRIMARY_11 JOIN T5 ON T12.IDENTIFIER_REFERENCE_35 = T5.IDENTIFIER_PRIMARY_13 WHERE T12.DESCRIPTIVE_ATTRIBUTE_36 = (SELECT T5.DESCRIPTIVE_ATTRIBUTE_14 FROM T12 JOIN T10 ON T12.IDENTIFIER_REFERENCE_35 = T10.IDENTIFIER_PRIMARY_26 JOIN T5 ON T12.IDENTIFIER_REFERENCE_35 = T5.IDENTIFIER_PRIMARY_13 GROUP BY T5.DESCRIPTIVE_ATTRIBUTE_14 ORDER BY COUNT(*) ASC LIMIT 1)","SELECT Ref_Event_Types.event_type_description, Addresses.address_details FROM Classes JOIN Teachers ON Classes.teacher_id = Teachers.teacher_id JOIN Addresses ON Classes.student_id = Addresses.address_id JOIN Ref_Event_Types ON Classes.teacher_id = Ref_Event_Types.event_type_code WHERE Classes.class_details = (SELECT Ref_Event_Types.event_type_description FROM Classes JOIN Teachers ON Classes.teacher_id = Teachers.teacher_id JOIN Ref_Event_Types ON Classes.teacher_id = Ref_Event_Types.event_type_code GROUP BY Ref_Event_Types.event_type_description ORDER BY COUNT(*) ASC LIMIT 1)"
