pos,test_idx,db_id_gold,db_id_used,broker_pick,broker_correct,re_picked,retries,exec_success,difficulty,model_used,retrieval_used,masked_sql,real_sql
0,0,soccer_3,soccer_3,,,False,1,True,,llama3.1-8b,hybrid,SELECT COUNT(IDENTIFIER_PRIMARY_1) FROM T1,SELECT COUNT(Club_ID) FROM club
1,1,soccer_3,soccer_3,,,False,1,True,,llama3.1-8b,hybrid,SELECT COUNT(*) FROM T1 WHERE DESCRIPTIVE_ATTRIBUTE_2 LIKE '%club%',SELECT COUNT(*) FROM club WHERE Name LIKE '%club%'
2,2,soccer_3,soccer_3,,,False,1,True,,llama3.1-8b,hybrid,SELECT DESCRIPTIVE_ATTRIBUTE_2 FROM T1 ORDER BY DESCRIPTIVE_ATTRIBUTE_2 ASC,SELECT Name FROM club ORDER BY Name ASC
3,3,soccer_3,soccer_3,,,False,1,True,,llama3.1-8b,hybrid,SELECT DESCRIPTIVE_ATTRIBUTE_2 FROM T1 ORDER BY DESCRIPTIVE_ATTRIBUTE_2 ASC,SELECT Name FROM club ORDER BY Name ASC
4,6,soccer_3,soccer_3,,,False,1,True,,llama3.1-8b,hybrid,SELECT DESCRIPTIVE_ATTRIBUTE_2 FROM T1 WHERE TEXT_FIELD_3 != 'Nike',SELECT Name FROM club WHERE Manager != 'Nike'
5,7,soccer_3,soccer_3,,,False,1,True,,llama3.1-8b,hybrid,SELECT DESCRIPTIVE_ATTRIBUTE_8 FROM T2 WHERE DESCRIPTIVE_ATTRIBUTE_9 != 'Nike',SELECT Name FROM player WHERE Country != 'Nike'
6,8,soccer_3,soccer_3,,,False,1,True,,llama3.1-8b,hybrid,"SELECT T1.DESCRIPTIVE_ATTRIBUTE_2, SUM(T2.NUMERIC_FIELD_10) FROM T1 INNER JOIN T2 ON T1.IDENTIFIER_PRIMARY_1 = T2.IDENTIFIER_REFERENCE_13 GROUP BY T1.DESCRIPTIVE_ATTRIBUTE_2 ORDER BY SUM(T2.NUMERIC_FIELD_10) ASC","SELECT club.Name, SUM(player.Earnings) FROM club INNER JOIN player ON club.Club_ID = player.Club_ID GROUP BY club.Name ORDER BY SUM(player.Earnings) ASC"
7,9,soccer_3,soccer_3,,,False,3,False,,llama3.1-8b,hybrid,"SELECT T1.DESCRIPITIVE_ATTRIBUTE_2, COUNT(T2.MEASUREMENT_VALUE_11) AS wins FROM T1 JOIN T2 ON T1.IDENTIFIER_PRIMARY_1 = T2.IDENTIFIER_REFERENCE_13 GROUP BY T1.DESCRIPITIVE_ATTRIBUTE_2 ORDER BY COUNT(T2.MEASUREMENT_VALUE_11) ASC","SELECT club.DESCRIPITIVE_ATTRIBUTE_2, COUNT(player.Events_number) AS wins FROM club JOIN player ON club.Club_ID = player.Club_ID GROUP BY club.DESCRIPITIVE_ATTRIBUTE_2 ORDER BY COUNT(player.Events_number) ASC"
8,12,soccer_3,soccer_3,,,False,3,False,,llama3.1-8b,hybrid,SELECT DISTINCT T2.DESCRIPITIVE_ATTRIBUTE_9 FROM T1 JOIN T2 ON T1.IDENTIFIER_PRIMARY_1 = T2.IDENTIFIER_REFERENCE_13 WHERE T1.TEXT_FIELD_3 > 1200000,SELECT DISTINCT player.DESCRIPITIVE_ATTRIBUTE_9 FROM club JOIN player ON club.Club_ID = player.Club_ID WHERE club.Manager > 1200000
9,13,soccer_3,soccer_3,,,False,3,False,,llama3.1-8b,hybrid,SELECT T1.DESCRIPITIVE_ATTRIBUTE_2 FROM T1 JOIN T2 ON T1.IDENTIFIER_PRIMARY_1 = T2.IDENTIFIER_REFERENCE_13 WHERE T2.MEASUREMENT_VALUE_11 > 1200000,SELECT club.DESCRIPITIVE_ATTRIBUTE_2 FROM club JOIN player ON club.Club_ID = player.Club_ID WHERE player.Events_number > 1200000
10,28,soccer_3,soccer_3,,,False,3,False,,llama3.1-8b,hybrid,SELECT T1.DESCRIPITIVE_ATTRIBUTE_2 FROM T1 JOIN T2 ON T1.IDENTIFIER_PRIMARY_1 = T2.IDENTIFIER_REFERENCE_13 GROUP BY T1.DESCRIPITIVE_ATTRIBUTE_2 HAVING COUNT(T1.IDENTIFIER_PRIMARY_1) > 1,SELECT club.DESCRIPITIVE_ATTRIBUTE_2 FROM club JOIN player ON club.Club_ID = player.Club_ID GROUP BY club.DESCRIPITIVE_ATTRIBUTE_2 HAVING COUNT(club.Club_ID) > 1
11,29,soccer_3,soccer_3,,,False,3,False,,llama3.1-8b,hybrid,SELECT T1.DESCRIPITIVE_ATTRIBUTE_2 FROM T1 JOIN T2 ON T1.IDENTIFIER_PRIMARY_1 = T2.IDENTIFIER_REFERENCE_13 GROUP BY T1.DESCRIPITIVE_ATTRIBUTE_2 HAVING COUNT(T2.IDENTIFIER_REFERENCE_13) > 1,SELECT club.DESCRIPITIVE_ATTRIBUTE_2 FROM club JOIN player ON club.Club_ID = player.Club_ID GROUP BY club.DESCRIPITIVE_ATTRIBUTE_2 HAVING COUNT(player.Club_ID) > 1
12,30,soccer_3,soccer_3,,,False,1,True,,llama3.1-8b,hybrid,SELECT DESCRIPTIVE_ATTRIBUTE_8 FROM T2 GROUP BY DESCRIPTIVE_ATTRIBUTE_8 HAVING COUNT(IDENTIFIER_PRIMARY_7) > 1,SELECT Name FROM player GROUP BY Name HAVING COUNT(Player_ID) > 1
13,31,soccer_3,soccer_3,,,False,1,True,,llama3.1-8b,hybrid,SELECT DESCRIPTIVE_ATTRIBUTE_8 FROM T2 GROUP BY DESCRIPTIVE_ATTRIBUTE_8 HAVING COUNT(IDENTIFIER_PRIMARY_7) > 1,SELECT Name FROM player GROUP BY Name HAVING COUNT(Player_ID) > 1
14,36,soccer_3,soccer_3,,,False,1,True,,llama3.1-8b,hybrid,SELECT COUNT(DISTINCT DESCRIPTIVE_ATTRIBUTE_2) FROM T1,SELECT COUNT(DISTINCT Name) FROM club
15,37,soccer_3,soccer_3,,,False,1,True,,llama3.1-8b,hybrid,SELECT COUNT(DISTINCT DESCRIPTIVE_ATTRIBUTE_8) FROM T2,SELECT COUNT(DISTINCT Name) FROM player
16,78,e_commerce,e_commerce,,,False,1,True,,llama3.1-8b,hybrid,SELECT COUNT(DISTINCT T1.IDENTIFIER_PRIMARY_1) FROM T1 JOIN T2 ON T1.IDENTIFIER_PRIMARY_1 = T2.IDENTIFIER_REFERENCE_8,SELECT COUNT(DISTINCT Customers.customer_id) FROM Customers JOIN Orders ON Customers.customer_id = Orders.customer_id
17,79,e_commerce,e_commerce,,,False,1,True,,llama3.1-8b,hybrid,SELECT COUNT(DISTINCT DESCRIPTIVE_ATTRIBUTE_2) FROM T1,SELECT COUNT(DISTINCT gender_code) FROM Customers
18,80,e_commerce,e_commerce,,,False,1,True,,llama3.1-8b,hybrid,SELECT COUNT(T3.IDENTIFIER_PRIMARY_9) FROM T2 JOIN T4 ON T2.IDENTIFIER_PRIMARY_5 = T4.IDENTIFIER_REFERENCE_15 JOIN T3 ON T3.IDENTIFIER_PRIMARY_9 = T4.IDENTIFIER_PRIMARY_14,SELECT COUNT(Shipments.shipment_id) FROM Order_Items JOIN Shipment_Items ON Order_Items.order_item_id = Shipment_Items.order_item_id JOIN Shipments ON Shipments.shipment_id = Shipment_Items.shipment_id
19,81,e_commerce,e_commerce,,,False,3,False,,llama3.1-8b,hybrid,SELECT COUNT(DISTINCT T1.DESCRIPITIVE_ATTRIBUTE_3) AS distinct_status_codes FROM T1 INNER JOIN T2 ON T1.IDENTIFIER_PRIMARY_1 = T2.IDENTIFIER_REFERENCE_7,SELECT COUNT(DISTINCT Orders.DESCRIPITIVE_ATTRIBUTE_3) AS distinct_status_codes FROM Orders INNER JOIN Order_Items ON Orders.order_id = Order_Items.order_id
20,82,e_commerce,e_commerce,,,False,1,True,,llama3.1-8b,hybrid,SELECT COUNT(DISTINCT IDENTIFIER_REFERENCE_1) FROM T1,SELECT COUNT(DISTINCT customer_id) FROM Customer_Payment_Methods
21,83,e_commerce,e_commerce,,,False,1,True,,llama3.1-8b,hybrid,SELECT COUNT(DISTINCT TEXT_FIELD_8) FROM T2,SELECT COUNT(DISTINCT payment_method_code) FROM Customer_Payment_Methods
22,100,e_commerce,e_commerce,,,False,3,False,,llama3.1-8b,hybrid,SELECT COUNT(*) FROM T2 JOIN T1 ON T2.IDENTIFIER_REFERENCE_7 = T1.IDENTIFIER_PRIMARY_1 JOIN T3 ON T1.IDENTIFIER_PRIMARY_1 = T3.IDENTIFIER_REFERENCE_10 JOIN T4 ON T3.IDENTIFIER_PRIMARY_9 = T4.IDENTIFIER_PRIMARY_14 JOIN T2 AS T2_2 ON T4.IDENTIFIER_REFERENCE_15 = T2_2.IDENTIFIER_PRIMARY_5 WHERE T2.DESRIPTIVE_ATTRIBUTE_8 = 'shipped',SELECT COUNT(*) FROM Order_Items JOIN Orders ON Order_Items.order_id = Orders.order_id JOIN Shipments ON Orders.order_id = Shipments.order_id JOIN Shipment_Items ON Shipments.shipment_id = Shipment_Items.shipment_id JOIN Order_Items AS T2_2 ON Shipment_Items.order_item_id = T2_2.order_item_id WHERE Order_Items.DESRIPTIVE_ATTRIBUTE_8 = 'shipped'
23,101,e_commerce,e_commerce,,,False,1,True,,llama3.1-8b,hybrid,SELECT COUNT(*) FROM T2 WHERE MEASUREMENT_VALUE_10 IS NOT NULL,SELECT COUNT(*) FROM Shipments WHERE shipment_tracking_number IS NOT NULL
24,102,e_commerce,e_commerce,,,False,1,True,,llama3.1-8b,hybrid,SELECT AVG(CURRENCY_AMOUNT_4) FROM T1,SELECT AVG(product_price) FROM Products
25,103,e_commerce,e_commerce,,,False,1,True,,llama3.1-8b,hybrid,SELECT AVG(CURRENCY_AMOUNT_4) FROM T1,SELECT AVG(product_price) FROM Products
26,104,e_commerce,e_commerce,,,False,1,True,,llama3.1-8b,hybrid,SELECT AVG(CURRENCY_AMOUNT_4) FROM T1,SELECT AVG(product_price) FROM Products
27,105,e_commerce,e_commerce,,,False,1,True,,llama3.1-8b,hybrid,SELECT AVG(CURRENCY_AMOUNT_4) FROM T1,SELECT AVG(product_price) FROM Products
28,123,bbc_channels,bbc_channels,,,False,1,True,,llama3.1-8b,hybrid,SELECT COUNT(DISTINCT DESCRIPTIVE_ATTRIBUTE_2) FROM T1,SELECT COUNT(DISTINCT Name) FROM channel
29,124,bbc_channels,bbc_channels,,,False,1,True,,llama3.1-8b,hybrid,"SELECT T1.DESCRIPTIVE_ATTRIBUTE_2, T3.CHRONOLOGICAL_MARKER_10 FROM T3 JOIN T1 ON T3.IDENTIFIER_REFERENCE_13 = T1.IDENTIFIER_PRIMARY_1 ORDER BY T3.CHRONOLOGICAL_MARKER_10 DESC","SELECT channel.Name, program.Start_Year FROM program JOIN channel ON program.Channel_ID = channel.Channel_ID ORDER BY program.Start_Year DESC"
30,133,bbc_channels,bbc_channels,,,False,3,False,,llama3.1-8b,hybrid,SELECT T1.DESCRIPITIVE_ATTRIBUTE_2 FROM T1 JOIN T3 ON T1.IDENTIFIER_PRIMARY_1 = T3.IDENTIFIER_REFERENCE_13 JOIN T2 ON T3.IDENTIFIER_REFERENCE_12 = T2.IDENTIFIER_PRIMARY_6 WHERE T2.MEASUREMENT_VALUE_8 BETWEEN 30 AND 60,SELECT channel.DESCRIPITIVE_ATTRIBUTE_2 FROM channel JOIN program ON channel.Channel_ID = program.Channel_ID JOIN director ON program.Director_ID = director.Director_ID WHERE director.Age BETWEEN 30 AND 60
31,136,tv_shows,tv_shows,,,False,1,True,,llama3.1-8b,hybrid,SELECT COUNT(*) FROM T2 WHERE DESCRIPTIVE_ATTRIBUTE_9 = 'radio',SELECT COUNT(*) FROM city_channel_radio WHERE Is_online = 'radio'
32,137,tv_shows,tv_shows,,,False,3,False,,llama3.1-8b,hybrid,SELECT T2.DESCRIPTIVE_ATTRIBUTE_9 FROM T2 WHERE IDENTIFIER_REFERENCE_8 IN (SELECT IDENTIFIER_PRIMARY_1 FROM T1 WHERE TEXT_FIELD_2 = 'transmitter' OR TEXT_FIELD_3 = 'transmitter' OR TEXT_FIELD_4 = 'transmitter' OR TEXT_FIELD_5 = 'transmitter' OR TEXT_FIELD_6 = 'transmitter') ORDER BY T2.DESCRIPTIVE_ATTRIBUTE_9 ASC,SELECT city_channel_radio.Is_online FROM city_channel_radio WHERE Radio_ID IN (SELECT Radio_ID FROM radio WHERE Transmitter = 'transmitter' OR Radio_MHz = 'transmitter' OR 2FM_MHz = 'transmitter' OR RnaG_MHz = 'transmitter' OR ERP_kW = 'transmitter') ORDER BY city_channel_radio.Is_online ASC
33,139,tv_shows,tv_shows,,,False,1,True,,llama3.1-8b,hybrid,SELECT T1.DESCRIPTIVE_ATTRIBUTE_2 FROM T1 JOIN T3 ON T1.IDENTIFIER_PRIMARY_1 = T3.IDENTIFIER_PRIMARY_12 JOIN T2 ON T3.IDENTIFIER_REFERENCE_13 = T2.IDENTIFIER_PRIMARY_6 WHERE T2.TEXT_FIELD_7 != 'ABC',SELECT city_channel.City FROM city_channel JOIN city_channel_radio ON city_channel.ID = city_channel_radio.City_channel_ID JOIN radio ON city_channel_radio.Radio_ID = radio.Radio_ID WHERE radio.Transmitter != 'ABC'
34,142,tv_shows,tv_shows,,,False,1,True,,llama3.1-8b,hybrid,SELECT AVG(DESCRIPTIVE_ATTRIBUTE_9) FROM T2,SELECT AVG(Is_online) FROM city_channel_radio
35,145,tv_shows,tv_shows,,,False,1,True,,llama3.1-8b,hybrid,"SELECT DESCRIPTIVE_ATTRIBUTE_8, COUNT(*) as count FROM T2 GROUP BY DESCRIPTIVE_ATTRIBUTE_8 HAVING COUNT(*) > 3 ORDER BY count DESC","SELECT Is_online, COUNT(*) as count FROM city_channel_radio GROUP BY Is_online HAVING COUNT(*) > 3 ORDER BY count DESC"
36,153,vehicle_driver,vehicle_driver,,,False,1,True,,llama3.1-8b,hybrid,SELECT T2.DESCRIPTIVE_ATTRIBUTE_9 FROM T2 JOIN T3 ON T2.IDENTIFIER_PRIMARY_8 = T3.IDENTIFIER_PRIMARY_12 WHERE T2.TEXT_FIELD_10 = 'United States',SELECT driver.Name FROM driver JOIN vehicle_driver ON driver.Driver_ID = vehicle_driver.Driver_ID WHERE driver.Citizenship = 'United States'
37,154,vehicle_driver,vehicle_driver,,,False,3,False,,llama3.1-8b,hybrid,SELECT T2.TEXT_FIELD_10 FROM T2 JOIN T3 ON T2.IDENTIFIER_PRIMARY_8 = T3.IDENTIFIER_PRIMARY_12 JOIN T1 ON T3.IDENTIFIER_REFERENCE_13 = T1.IDENTIFIER_PRIMARY_1 WHERE T1.TEXT_FIELD_2 = 'driver' AND T2.DESCRIPITIVE_ATTRIBUTE_9 = 'citizenship from the United States',SELECT driver.Citizenship FROM driver JOIN vehicle_driver ON driver.Driver_ID = vehicle_driver.Driver_ID JOIN vehicle ON vehicle_driver.Vehicle_ID = vehicle.Vehicle_ID WHERE vehicle.Model = 'driver' AND driver.DESCRIPITIVE_ATTRIBUTE_9 = 'citizenship from the United States'
38,167,vehicle_driver,vehicle_driver,,,False,1,True,,llama3.1-8b,hybrid,SELECT COUNT(T2.IDENTIFIER_PRIMARY_8) FROM T2 WHERE TEXT_FIELD_10 = 'NASCAR',SELECT COUNT(driver.Driver_ID) FROM driver WHERE Citizenship = 'NASCAR'
39,168,vehicle_driver,vehicle_driver,,,False,1,True,,llama3.1-8b,hybrid,SELECT COUNT(T2.IDENTIFIER_PRIMARY_8) FROM T3 JOIN T1 ON T3.IDENTIFIER_REFERENCE_13 = T1.IDENTIFIER_PRIMARY_1 JOIN T2 ON T3.IDENTIFIER_PRIMARY_12 = T2.IDENTIFIER_PRIMARY_8 WHERE T1.MEASUREMENT_VALUE_7 = 'NASCAR',SELECT COUNT(driver.Driver_ID) FROM vehicle_driver JOIN vehicle ON vehicle_driver.Vehicle_ID = vehicle.Vehicle_ID JOIN driver ON vehicle_driver.Driver_ID = driver.Driver_ID WHERE vehicle.Total_Production = 'NASCAR'
40,169,vehicle_driver,vehicle_driver,,,False,1,True,,llama3.1-8b,hybrid,"SELECT AVG(CAST(REPLACE(SUBSTR(MEASUREMENT_VALUE_7, INSTR(MEASUREMENT_VALUE_7, ' ') + 1), ',', '') AS REAL)) FROM T1","SELECT AVG(CAST(REPLACE(SUBSTR(Total_Production, INSTR(Total_Production, ' ') + 1), ',', '') AS REAL)) FROM vehicle"
41,170,vehicle_driver,vehicle_driver,,,False,1,True,,llama3.1-8b,hybrid,SELECT AVG(NUMERIC_FIELD_4) FROM T1,SELECT AVG(Top_Speed) FROM vehicle
42,185,vehicle_driver,vehicle_driver,,,False,1,True,,llama3.1-8b,hybrid,SELECT DESCRIPTIVE_ATTRIBUTE_9 FROM T2 ORDER BY DESCRIPTIVE_ATTRIBUTE_9 ASC,SELECT Name FROM driver ORDER BY Name ASC
43,186,vehicle_driver,vehicle_driver,,,False,1,True,,llama3.1-8b,hybrid,SELECT DESCRIPTIVE_ATTRIBUTE_9 FROM T2 WHERE DESCRIPTIVE_ATTRIBUTE_9 LIKE '%driver%' ORDER BY DESCRIPTIVE_ATTRIBUTE_9 ASC,SELECT Name FROM driver WHERE Name LIKE '%driver%' ORDER BY Name ASC
44,193,online_exams,online_exams,,,False,1,True,,llama3.1-8b,hybrid,SELECT COUNT(*) FROM T2,SELECT COUNT(*) FROM Questions_in_Exams
45,194,online_exams,online_exams,,,False,1,True,,llama3.1-8b,hybrid,SELECT COUNT(*) FROM T2,SELECT COUNT(*) FROM Questions_in_Exams
46,195,online_exams,online_exams,,,False,1,True,,llama3.1-8b,hybrid,SELECT DISTINCT T1.TEXT_FIELD_2 FROM T1 ORDER BY T1.TEXT_FIELD_2 ASC,SELECT DISTINCT Exams.Subject_Code FROM Exams ORDER BY Exams.Subject_Code ASC
47,196,online_exams,online_exams,,,False,1,True,,llama3.1-8b,hybrid,SELECT DISTINCT T1.TEXT_FIELD_2 FROM T1 ORDER BY T1.TEXT_FIELD_2 ASC,SELECT DISTINCT Exams.Subject_Code FROM Exams ORDER BY Exams.Subject_Code ASC
48,203,online_exams,online_exams,,,False,3,False,,llama3.1-8b,hybrid,SELECT DISTINCT T1.DESCRIPATIVE_ATTRIBUTE_2 FROM T4 JOIN T2 ON T4.IDENTIFIER_REFERENCE_11 = T2.IDENTIFIER_REFERENCE_5 JOIN T1 ON T2.IDENTIFIER_REFERENCE_5 = T1.IDENTIFIER_PRIMARY_1,SELECT DISTINCT Questions.DESCRIPATIVE_ATTRIBUTE_2 FROM Student_Answers JOIN Questions_in_Exams ON Student_Answers.Question_ID = Questions_in_Exams.Question_ID JOIN Questions ON Questions_in_Exams.Question_ID = Questions.Question_ID
49,204,online_exams,online_exams,,,False,1,True,,llama3.1-8b,hybrid,SELECT DISTINCT T5.TEXT_FIELD_17 FROM T4 JOIN T2 ON T4.IDENTIFIER_REFERENCE_11 = T2.IDENTIFIER_REFERENCE_5 JOIN T3 ON T2.IDENTIFIER_REFERENCE_5 = T3.IDENTIFIER_REFERENCE_7 JOIN T5 ON T3.IDENTIFIER_PRIMARY_6 = T5.IDENTIFIER_REFERENCE_16 WHERE T4.TEXT_FIELD_14 = 'Normal',SELECT DISTINCT Student_Assessments.Student_Answer_Text FROM Student_Answers JOIN Questions_in_Exams ON Student_Answers.Question_ID = Questions_in_Exams.Question_ID JOIN Valid_Answers ON Questions_in_Exams.Question_ID = Valid_Answers.Question_ID JOIN Student_Assessments ON Valid_Answers.Valid_Answer_ID = Student_Assessments.Valid_Answer_ID WHERE Student_Answers.Student_Answer_Text = 'Normal'
50,205,online_exams,online_exams,,,False,1,True,,llama3.1-8b,hybrid,SELECT COUNT(DISTINCT TEXT_FIELD_11) FROM T2,SELECT COUNT(DISTINCT Comments) FROM Student_Answers
51,206,online_exams,online_exams,,,False,1,True,,llama3.1-8b,hybrid,SELECT COUNT(DISTINCT T2.DESCRIPTIVE_ATTRIBUTE_8) FROM T5 JOIN T3 ON T5.IDENTIFIER_REFERENCE_16 = T3.IDENTIFIER_PRIMARY_10 JOIN T2 ON T3.IDENTIFIER_REFERENCE_11 = T2.IDENTIFIER_PRIMARY_7 JOIN T1 ON T5.IDENTIFIER_REFERENCE_18 = T1.IDENTIFIER_PRIMARY_1,SELECT COUNT(DISTINCT Questions.Type_of_Question_Code) FROM Student_Answers JOIN Questions_in_Exams ON Student_Answers.Exam_ID = Questions_in_Exams.Exam_ID JOIN Questions ON Questions_in_Exams.Question_ID = Questions.Question_ID JOIN Students ON Student_Answers.Student_ID = Students.Student_ID
52,219,online_exams,online_exams,,,False,1,True,,llama3.1-8b,hybrid,SELECT DESCRIPTIVE_ATTRIBUTE_2 FROM T1,SELECT First_Name FROM Students
53,220,online_exams,online_exams,,,False,3,False,,llama3.1-8b,hybrid,SELECT T3.TEXT_FIELD_15 FROM T2 JOIN T3 ON T2.IDENTIFIER_REFERENCE_14 = T3.IDENTIFIER_PRIMARY_13 WHERE T2.DESCRIPTIVE_ATTRIBUTE_2 != 'M',SELECT Student_Assessments.Student_Answer_Text FROM Student_Answers JOIN Student_Assessments ON Student_Answers.Valid_Answer_ID = Student_Assessments.Student_Answer_ID WHERE Student_Answers.First_Name != 'M'
54,229,online_exams,online_exams,,,False,3,False,,llama3.1-8b,hybrid,"SELECT T2.DESCRIPTIVE_ATTRIBUTE_2, COUNT(T2.IDENTIFIER_PRIMARY_4) FROM T2 GROUP BY T2.DESCRIPTIVE_ATTRIBUTE_2 HAVING COUNT(T2.IDENTIFIER_PRIMARY_4) >= 3","SELECT Questions_in_Exams.Type_of_Question_Code, COUNT(Questions_in_Exams.Exam_ID) FROM Questions_in_Exams GROUP BY Questions_in_Exams.Type_of_Question_Code HAVING COUNT(Questions_in_Exams.Exam_ID) >= 3"
55,230,online_exams,online_exams,,,False,3,False,,llama3.1-8b,hybrid,SELECT T1.DESCRIBITIVE_ATTRIBUTE_2 FROM T1 JOIN T2 ON T1.IDENTIFIER_PRIMARY_1 = T2.IDENTIFIER_REFERENCE_5 GROUP BY T1.DESCRIBITIVE_ATTRIBUTE_2 HAVING COUNT(T2.IDENTIFIER_PRIMARY_4) >= 3,SELECT Questions.DESCRIBITIVE_ATTRIBUTE_2 FROM Questions JOIN Questions_in_Exams ON Questions.Question_ID = Questions_in_Exams.Question_ID GROUP BY Questions.DESCRIBITIVE_ATTRIBUTE_2 HAVING COUNT(Questions_in_Exams.Exam_ID) >= 3
56,231,online_exams,online_exams,,,False,1,True,,llama3.1-8b,hybrid,SELECT * FROM T4,SELECT * FROM Student_Answers
57,232,online_exams,online_exams,,,False,1,True,,llama3.1-8b,hybrid,"SELECT T2.IDENTIFIER_REFERENCE_8, T2.IDENTIFIER_REFERENCE_9, T2.IDENTIFIER_REFERENCE_10, T2.CHRONOLOGICAL_MARKER_11, T2.TEXT_FIELD_12, T1.DESCRIPTIVE_ATTRIBUTE_2, T1.DESCRIPTIVE_ATTRIBUTE_3, T1.DESCRIPTIVE_ATTRIBUTE_4, T1.DESCRIPTIVE_ATTRIBUTE_5, T1.DESCRIPTIVE_ATTRIBUTE_6 FROM T2 JOIN T1 ON T2.IDENTIFIER_REFERENCE_10 = T1.IDENTIFIER_PRIMARY_1","SELECT Student_Answers.Exam_ID, Student_Answers.Question_ID, Student_Answers.Student_ID, Student_Answers.Date_of_Answer, Student_Answers.Student_Answer_Text, Students.First_Name, Students.Middle_Name, Students.Last_Name, Students.Gender_MFU, Students.Student_Address FROM Student_Answers JOIN Students ON Student_Answers.Student_ID = Students.Student_ID"
58,233,customers_and_orders,customers_and_orders,,,False,1,True,,llama3.1-8b,hybrid,SELECT COUNT(*) FROM T2,SELECT COUNT(*) FROM Customers
59,234,customers_and_orders,customers_and_orders,,,False,1,True,,llama3.1-8b,hybrid,SELECT COUNT(TEXT_FIELD_5) FROM T2,SELECT COUNT(payment_method_code) FROM Customers
60,237,customers_and_orders,customers_and_orders,,,False,1,True,,llama3.1-8b,hybrid,SELECT COUNT(IDENTIFIER_PRIMARY_1) FROM T1,SELECT COUNT(product_id) FROM Products
61,238,customers_and_orders,customers_and_orders,,,False,1,True,,llama3.1-8b,hybrid,SELECT COUNT(*) FROM T1,SELECT COUNT(*) FROM Products
62,241,customers_and_orders,customers_and_orders,,,False,1,True,,llama3.1-8b,hybrid,SELECT CURRENCY_AMOUNT_4 FROM T1 WHERE DESCRIPTIVE_ATTRIBUTE_2 = 'Monitor',SELECT product_price FROM Products WHERE product_type_code = 'Monitor'
63,242,customers_and_orders,customers_and_orders,,,False,1,True,,llama3.1-8b,hybrid,SELECT CURRENCY_AMOUNT_4 FROM T1 WHERE DESCRIPTIVE_ATTRIBUTE_2 = 'Monitor',SELECT product_price FROM Products WHERE product_type_code = 'Monitor'
64,245,customers_and_orders,customers_and_orders,,,False,1,True,,llama3.1-8b,hybrid,SELECT AVG(T1.CURRENCY_AMOUNT_4) FROM T1 WHERE T1.DESCRIPTIVE_ATTRIBUTE_2 = 'Clothes',SELECT AVG(Products.product_price) FROM Products WHERE Products.product_type_code = 'Clothes'
65,246,customers_and_orders,customers_and_orders,,,False,1,True,,llama3.1-8b,hybrid,SELECT AVG(CURRENCY_AMOUNT_4) FROM T1 WHERE DESCRIPTIVE_ATTRIBUTE_3 = 'Clothes',SELECT AVG(product_price) FROM Products WHERE product_name = 'Clothes'
66,247,customers_and_orders,customers_and_orders,,,False,1,True,,llama3.1-8b,hybrid,SELECT COUNT(*) FROM T1 WHERE DESCRIPTIVE_ATTRIBUTE_2 LIKE '%hardware type%',SELECT COUNT(*) FROM Products WHERE product_type_code LIKE '%hardware type%'
67,248,customers_and_orders,customers_and_orders,,,False,1,True,,llama3.1-8b,hybrid,SELECT COUNT(*) FROM T1 WHERE DESCRIPTIVE_ATTRIBUTE_2 = 'Hardware',SELECT COUNT(*) FROM Products WHERE product_type_code = 'Hardware'
68,257,customers_and_orders,customers_and_orders,,,False,3,False,,llama3.1-8b,hybrid,"SELECT T1.DESCRIPITIVE_ATTRIBUTE_2, T1.CURRENCY_AMOUNT_4 FROM T1 JOIN T3 ON T1.IDENTIFIER_PRIMARY_1 = T3.IDENTIFIER_REFERENCE_11 ORDER BY T1.CURRENCY_AMOUNT_4 DESC","SELECT Products.DESCRIPITIVE_ATTRIBUTE_2, Products.product_price FROM Products JOIN Order_Items ON Products.product_id = Order_Items.product_id ORDER BY Products.product_price DESC"
69,258,customers_and_orders,customers_and_orders,,,False,1,True,,llama3.1-8b,hybrid,SELECT DESCRIPTIVE_ATTRIBUTE_2 FROM T1 ORDER BY CURRENCY_AMOUNT_4 DESC,SELECT product_type_code FROM Products ORDER BY product_price DESC
70,265,customers_and_orders,customers_and_orders,,,False,1,True,,llama3.1-8b,hybrid,SELECT IDENTIFIER_PRIMARY_1 FROM T1 GROUP BY IDENTIFIER_PRIMARY_1 HAVING COUNT(IDENTIFIER_PRIMARY_1) >= 2,SELECT product_id FROM Products GROUP BY product_id HAVING COUNT(product_id) >= 2
71,266,customers_and_orders,customers_and_orders,,,False,1,True,,llama3.1-8b,hybrid,SELECT IDENTIFIER_PRIMARY_1 FROM T1 GROUP BY IDENTIFIER_PRIMARY_1 HAVING COUNT(IDENTIFIER_PRIMARY_1) >= 2,SELECT product_id FROM Products GROUP BY product_id HAVING COUNT(product_id) >= 2
72,269,customers_and_orders,customers_and_orders,,,False,1,True,,llama3.1-8b,hybrid,SELECT COUNT(IDENTIFIER_PRIMARY_1) FROM T1,SELECT COUNT(customer_id) FROM Customers
73,270,customers_and_orders,customers_and_orders,,,False,1,True,,llama3.1-8b,hybrid,SELECT COUNT(IDENTIFIER_PRIMARY_1) FROM T1,SELECT COUNT(customer_id) FROM Customers
74,283,customers_and_orders,customers_and_orders,,,False,1,True,,llama3.1-8b,hybrid,SELECT DISTINCT TEXT_FIELD_2 FROM T1,SELECT DISTINCT payment_method_code FROM Customers
75,284,customers_and_orders,customers_and_orders,,,False,1,True,,llama3.1-8b,hybrid,SELECT DISTINCT TEXT_FIELD_2 FROM T1,SELECT DISTINCT payment_method_code FROM Customers
76,289,customers_and_orders,customers_and_orders,,,False,1,True,,llama3.1-8b,hybrid,SELECT COUNT(*) FROM T2 INNER JOIN T1 ON T2.IDENTIFIER_REFERENCE_8 = T1.IDENTIFIER_PRIMARY_1,SELECT COUNT(*) FROM Customer_Orders INNER JOIN Customers ON Customer_Orders.customer_id = Customers.customer_id
77,290,customers_and_orders,customers_and_orders,,,False,1,True,,llama3.1-8b,hybrid,SELECT COUNT(*) FROM T2,SELECT COUNT(*) FROM Customer_Orders
78,309,customers_and_orders,customers_and_orders,,,False,1,True,,llama3.1-8b,hybrid,SELECT COUNT(DISTINCT T1.IDENTIFIER_PRIMARY_1) FROM T1 JOIN T2 ON T1.IDENTIFIER_PRIMARY_1 = T2.IDENTIFIER_REFERENCE_8 GROUP BY T1.IDENTIFIER_PRIMARY_1 HAVING COUNT(T2.IDENTIFIER_PRIMARY_7) > 0,SELECT COUNT(DISTINCT Customers.customer_id) FROM Customers JOIN Customer_Orders ON Customers.customer_id = Customer_Orders.customer_id GROUP BY Customers.customer_id HAVING COUNT(Customer_Orders.order_id) > 0
79,310,customers_and_orders,customers_and_orders,,,False,1,True,,llama3.1-8b,hybrid,SELECT COUNT(DISTINCT T1.IDENTIFIER_PRIMARY_1) FROM T1,SELECT COUNT(DISTINCT Customers.customer_id) FROM Customers
80,4,soccer_3,soccer_3,,,False,1,True,,llama3.1-8b,hybrid,"SELECT T1.DESCRIPTIVE_ATTRIBUTE_2, T2.DESCRIPTIVE_ATTRIBUTE_8, T2.DESCRIPTIVE_ATTRIBUTE_9 FROM T1 JOIN T2 ON T1.IDENTIFIER_PRIMARY_1 = T2.IDENTIFIER_REFERENCE_13 WHERE T2.DESCRIPTIVE_ATTRIBUTE_8 = 'Manager' OR T2.DESCRIPTIVE_ATTRIBUTE_9 = 'Captain'","SELECT club.Name, player.Name, player.Country FROM club JOIN player ON club.Club_ID = player.Club_ID WHERE player.Name = 'Manager' OR player.Country = 'Captain'"
81,5,soccer_3,soccer_3,,,False,1,True,,llama3.1-8b,hybrid,"SELECT DESCRIPTIVE_ATTRIBUTE_2 FROM T1 WHERE DESCRIPTIVE_ATTRIBUTE_2 IN ('Manager', 'Captain')","SELECT Name FROM club WHERE Name IN ('Manager', 'Captain')"
82,10,soccer_3,soccer_3,,,False,2,True,,llama3.1-8b,hybrid,SELECT T1.DESCRIPTIVE_ATTRIBUTE_2 FROM T1 INNER JOIN T2 ON T1.IDENTIFIER_PRIMARY_1 = T2.IDENTIFIER_REFERENCE_13 ORDER BY T2.NUMERIC_FIELD_10 DESC LIMIT 1,SELECT club.Name FROM club INNER JOIN player ON club.Club_ID = player.Club_ID ORDER BY player.Earnings DESC LIMIT 1
83,11,soccer_3,soccer_3,,,False,3,False,,llama3.1-8b,hybrid,SELECT T1.DESCRIPITIVE_ATTRIBUTE_2 FROM T1 JOIN T2 ON T1.IDENTIFIER_PRIMARY_1 = T2.IDENTIFIER_REFERENCE_13 ORDER BY T2.NUMERIC_FIELD_10 DESC LIMIT 1,SELECT club.DESCRIPITIVE_ATTRIBUTE_2 FROM club JOIN player ON club.Club_ID = player.Club_ID ORDER BY player.Earnings DESC LIMIT 1
84,16,soccer_3,soccer_3,,,False,3,False,,llama3.1-8b,hybrid,"SELECT T2.DESCRIBITIVE_ATTRIBUTE_8, T1.DESCRIBITIVE_ATTRIBUTE_2 FROM T2 INNER JOIN T1 ON T2.IDENTIFIER_REFERENCE_13 = T1.IDENTIFIER_PRIMARY_1","SELECT player.DESCRIBITIVE_ATTRIBUTE_8, club.DESCRIBITIVE_ATTRIBUTE_2 FROM player INNER JOIN club ON player.Club_ID = club.Club_ID"
85,17,soccer_3,soccer_3,,,False,1,True,,llama3.1-8b,hybrid,"SELECT T2.DESCRIPTIVE_ATTRIBUTE_8, T2.DESCRIPTIVE_ATTRIBUTE_9, T1.DESCRIPTIVE_ATTRIBUTE_2 FROM T2 JOIN T1 ON T2.IDENTIFIER_REFERENCE_13 = T1.IDENTIFIER_PRIMARY_1","SELECT player.Name, player.Country, club.Name FROM player JOIN club ON player.Club_ID = club.Club_ID"
86,18,soccer_3,soccer_3,,,False,1,True,,llama3.1-8b,hybrid,SELECT DESCRIPTIVE_ATTRIBUTE_8 FROM T2 GROUP BY DESCRIPTIVE_ATTRIBUTE_8 HAVING COUNT(NUMERIC_FIELD_10) > 2,SELECT Name FROM player GROUP BY Name HAVING COUNT(Earnings) > 2
87,19,soccer_3,soccer_3,,,False,1,True,,llama3.1-8b,hybrid,SELECT T1.DESCRIPTIVE_ATTRIBUTE_2 FROM T1 JOIN T2 ON T1.IDENTIFIER_PRIMARY_1 = T2.IDENTIFIER_REFERENCE_13 GROUP BY T1.DESCRIPTIVE_ATTRIBUTE_2 HAVING COUNT(T2.MEASUREMENT_VALUE_11) > 2,SELECT club.Name FROM club JOIN player ON club.Club_ID = player.Club_ID GROUP BY club.Name HAVING COUNT(player.Events_number) > 2
88,20,soccer_3,soccer_3,,,False,1,True,,llama3.1-8b,hybrid,SELECT T1.DESCRIPTIVE_ATTRIBUTE_2 FROM T1 WHERE T1.DESCRIPTIVE_ATTRIBUTE_2 IN (SELECT T2.DESCRIPTIVE_ATTRIBUTE_8 FROM T2 WHERE T2.DESCRIPTIVE_ATTRIBUTE_9 = 'Sam Allardyce'),SELECT club.Name FROM club WHERE club.Name IN (SELECT player.Name FROM player WHERE player.Country = 'Sam Allardyce')
89,21,soccer_3,soccer_3,,,False,3,False,,llama3.1-8b,hybrid,SELECT T1.DESCRIPITIVE_ATTRIBUTE_2 FROM T1 JOIN T2 ON T1.IDENTIFIER_PRIMARY_1 = T2.IDENTIFIER_REFERENCE_13 WHERE T2.DESCRIPITIVE_ATTRIBUTE_9 = 'Sam Allardyce',SELECT club.DESCRIPITIVE_ATTRIBUTE_2 FROM club JOIN player ON club.Club_ID = player.Club_ID WHERE player.DESCRIPITIVE_ATTRIBUTE_9 = 'Sam Allardyce'
90,24,soccer_3,soccer_3,,,False,3,False,,llama3.1-8b,hybrid,"SELECT T1.DESCRIPITIVE_ATTRIBUTE_2, COUNT(T2.IDENTIFIER_PRIMARY_7) FROM T1 JOIN T2 ON T1.IDENTIFIER_PRIMARY_1 = T2.IDENTIFIER_REFERENCE_13 GROUP BY T1.DESCRIPITIVE_ATTRIBUTE_2","SELECT club.DESCRIPITIVE_ATTRIBUTE_2, COUNT(player.Player_ID) FROM club JOIN player ON club.Club_ID = player.Club_ID GROUP BY club.DESCRIPITIVE_ATTRIBUTE_2"
91,25,soccer_3,soccer_3,,,False,3,False,,llama3.1-8b,hybrid,"SELECT T2.DESRIPTIVE_ATTRIBUTE_8, COUNT(T2.DESRIPTIVE_ATTRIBUTE_8) AS COUNT FROM T2 GROUP BY T2.DESRIPTIVE_ATTRIBUTE_8","SELECT player.DESRIPTIVE_ATTRIBUTE_8, COUNT(player.DESRIPTIVE_ATTRIBUTE_8) AS COUNT FROM player GROUP BY player.DESRIPTIVE_ATTRIBUTE_8"
92,38,soccer_3,soccer_3,,,False,1,True,,llama3.1-8b,hybrid,"SELECT DESCRIPTIVE_ATTRIBUTE_8, SUM(NUMERIC_FIELD_10) AS earnings FROM T2 WHERE DESCRIPTIVE_ATTRIBUTE_8 IN ('Australia', 'Zimbabwe') GROUP BY DESCRIPTIVE_ATTRIBUTE_8","SELECT Name, SUM(Earnings) AS earnings FROM player WHERE Name IN ('Australia', 'Zimbabwe') GROUP BY Name"
93,39,soccer_3,soccer_3,,,False,1,True,,llama3.1-8b,hybrid,"SELECT T1.DESCRIPTIVE_ATTRIBUTE_2, SUM(T2.NUMERIC_FIELD_10) AS earnings FROM T1 JOIN T2 ON T1.IDENTIFIER_PRIMARY_1 = T2.IDENTIFIER_REFERENCE_13 WHERE T1.DESCRIPTIVE_ATTRIBUTE_2 IN ('Australia', 'Zimbabwe') GROUP BY T1.DESCRIPTIVE_ATTRIBUTE_2","SELECT club.Name, SUM(player.Earnings) AS earnings FROM club JOIN player ON club.Club_ID = player.Club_ID WHERE club.Name IN ('Australia', 'Zimbabwe') GROUP BY club.Name"
94,42,e_commerce,e_commerce,,,False,3,False,,llama3.1-8b,hybrid,"SELECT T4.IDENTIFIER_PRIMARY_14 AS order_id, T2.DESCRIBITIVE_ATTRIBUTE_8 AS status, COUNT(T5.IDENTIFIER_PRIMARY_18) AS num_products FROM T4 JOIN T6 ON T4.IDENTIFIER_PRIMARY_14 = T6.IDENTIFIER_REFERENCE_24 JOIN T5 ON T6.IDENTIFIER_PRIMARY_23 = T5.IDENTIFIER_PRIMARY_18 JOIN T2 ON T5.IDENTIFIER_REFERENCE_20 = T2.IDENTIFIER_PRIMARY_7 JOIN T3 ON T5.IDENTIFIER_REFERENCE_19 = T3.IDENTIFIER_PRIMARY_10 WHERE T4.IDENTIFIER_REFERENCE_15 IS NOT NULL GROUP BY T4.IDENTIFIER_PRIMARY_14","SELECT Order_Items.order_item_id AS order_id, Invoices.DESCRIBITIVE_ATTRIBUTE_8 AS status, COUNT(Shipments.shipment_id) AS num_products FROM Order_Items JOIN Shipment_Items ON Order_Items.order_item_id = Shipment_Items.order_item_id JOIN Shipments ON Shipment_Items.shipment_id = Shipments.shipment_id JOIN Invoices ON Shipments.invoice_number = Invoices.invoice_number JOIN Orders ON Shipments.order_id = Orders.order_id WHERE Order_Items.product_id IS NOT NULL GROUP BY Order_Items.order_item_id"
95,43,e_commerce,e_commerce,,,False,1,True,,llama3.1-8b,hybrid,"SELECT T4.DESCRIPTIVE_ATTRIBUTE_17 AS order_status, T4.IDENTIFIER_PRIMARY_14 AS order_id, COUNT(T5.IDENTIFIER_PRIMARY_18) AS num_products FROM T4 JOIN T5 ON T4.IDENTIFIER_REFERENCE_16 = T5.IDENTIFIER_REFERENCE_19 GROUP BY T4.IDENTIFIER_PRIMARY_14, T4.DESCRIPTIVE_ATTRIBUTE_17 ORDER BY T4.IDENTIFIER_PRIMARY_14","SELECT Order_Items.order_item_status_code AS order_status, Order_Items.order_item_id AS order_id, COUNT(Shipments.shipment_id) AS num_products FROM Order_Items JOIN Shipments ON Order_Items.order_id = Shipments.order_id GROUP BY Order_Items.order_item_id, Order_Items.order_item_status_code ORDER BY Order_Items.order_item_id"
96,50,e_commerce,e_commerce,,,False,1,True,,llama3.1-8b,hybrid,"SELECT T3.IDENTIFIER_PRIMARY_10, T3.CHRONOLOGICAL_MARKER_13 FROM T3 JOIN T4 ON T3.IDENTIFIER_PRIMARY_10 = T4.IDENTIFIER_REFERENCE_16 JOIN T5 ON T3.IDENTIFIER_PRIMARY_10 = T5.IDENTIFIER_REFERENCE_19 JOIN T6 ON T5.IDENTIFIER_PRIMARY_18 = T6.IDENTIFIER_PRIMARY_23 GROUP BY T3.IDENTIFIER_PRIMARY_10, T3.CHRONOLOGICAL_MARKER_13 HAVING COUNT(T6.IDENTIFIER_PRIMARY_23) >= 2 ORDER BY T3.CHRONOLOGICAL_MARKER_13","SELECT Orders.order_id, Orders.date_order_placed FROM Orders JOIN Order_Items ON Orders.order_id = Order_Items.order_id JOIN Shipments ON Orders.order_id = Shipments.order_id JOIN Shipment_Items ON Shipments.shipment_id = Shipment_Items.shipment_id GROUP BY Orders.order_id, Orders.date_order_placed HAVING COUNT(Shipment_Items.shipment_id) >= 2 ORDER BY Orders.date_order_placed"
97,51,e_commerce,e_commerce,,,False,1,True,,llama3.1-8b,hybrid,"SELECT T3.IDENTIFIER_PRIMARY_10, T3.DESCRIPTIVE_ATTRIBUTE_12, T3.CHRONOLOGICAL_MARKER_13 FROM T3 JOIN T5 ON T5.IDENTIFIER_REFERENCE_19 = T3.IDENTIFIER_PRIMARY_10 JOIN T4 ON T4.IDENTIFIER_REFERENCE_16 = T3.IDENTIFIER_PRIMARY_10 JOIN T1 ON T1.IDENTIFIER_PRIMARY_1 = T4.IDENTIFIER_REFERENCE_15 GROUP BY T3.IDENTIFIER_PRIMARY_10 HAVING COUNT(T5.IDENTIFIER_PRIMARY_18) >= 2","SELECT Orders.order_id, Orders.order_status_code, Orders.date_order_placed FROM Orders JOIN Shipments ON Shipments.order_id = Orders.order_id JOIN Order_Items ON Order_Items.order_id = Orders.order_id JOIN Products ON Products.product_id = Order_Items.product_id GROUP BY Orders.order_id HAVING COUNT(Shipments.shipment_id) >= 2"
98,60,e_commerce,e_commerce,,,False,3,False,,llama3.1-8b,hybrid,"SELECT T1.DESCRIPITIVE_ATTRIBUTE_2, COUNT(T3.IDENTIFIER_PRIMARY_11) AS orders_count FROM T1 JOIN T2 ON T1.IDENTIFIER_PRIMARY_1 = T2.IDENTIFIER_REFERENCE_8 JOIN T3 ON T2.IDENTIFIER_PRIMARY_7 = T3.IDENTIFIER_REFERENCE_13 GROUP BY T1.DESCRIPITIVE_ATTRIBUTE_2","SELECT Customers.DESCRIPITIVE_ATTRIBUTE_2, COUNT(Order_Items.order_item_id) AS orders_count FROM Customers JOIN Orders ON Customers.customer_id = Orders.customer_id JOIN Order_Items ON Orders.order_id = Order_Items.order_id GROUP BY Customers.DESCRIPITIVE_ATTRIBUTE_2"
99,61,e_commerce,e_commerce,,,False,3,False,,llama3.1-8b,hybrid,"SELECT T1.DESCRIPITIVE_ATTRIBUTE_3, COUNT(T2.IDENTIFIER_PRIMARY_5) FROM T1 JOIN T2 ON T1.IDENTIFIER_PRIMARY_1 = T2.IDENTIFIER_REFERENCE_7 GROUP BY T1.DESCRIPITIVE_ATTRIBUTE_3","SELECT Orders.DESCRIPITIVE_ATTRIBUTE_3, COUNT(Order_Items.order_item_id) FROM Orders JOIN Order_Items ON Orders.order_id = Order_Items.order_id GROUP BY Orders.DESCRIPITIVE_ATTRIBUTE_3"
100,62,e_commerce,e_commerce,,,False,1,True,,llama3.1-8b,hybrid,"SELECT T1.DESCRIPTIVE_ATTRIBUTE_2 AS first_name, T1.DESCRIPTIVE_ATTRIBUTE_3 AS middle_initial, T1.DESCRIPTIVE_ATTRIBUTE_5 AS last_name, T2.TEXT_FIELD_8 AS payment_methods FROM T1 INNER JOIN T2 ON T1.IDENTIFIER_PRIMARY_1 = T2.IDENTIFIER_REFERENCE_7","SELECT Customers.gender_code AS first_name, Customers.customer_first_name AS middle_initial, Customers.customer_last_name AS last_name, Customer_Payment_Methods.payment_method_code AS payment_methods FROM Customers INNER JOIN Customer_Payment_Methods ON Customers.customer_id = Customer_Payment_Methods.customer_id"
101,63,e_commerce,e_commerce,,,False,1,True,,llama3.1-8b,hybrid,"SELECT T1.DESCRIPTIVE_ATTRIBUTE_2 AS first_name, T1.DESCRIPTIVE_ATTRIBUTE_3 AS middle_initial, T1.DESCRIPTIVE_ATTRIBUTE_6 AS last_name, T2.TEXT_FIELD_8 AS payment_method FROM T1 LEFT JOIN T2 ON T1.IDENTIFIER_PRIMARY_1 = T2.IDENTIFIER_REFERENCE_7","SELECT Customers.gender_code AS first_name, Customers.customer_first_name AS middle_initial, Customers.login_name AS last_name, Customer_Payment_Methods.payment_method_code AS payment_method FROM Customers LEFT JOIN Customer_Payment_Methods ON Customers.customer_id = Customer_Payment_Methods.customer_id"
102,64,e_commerce,e_commerce,,,False,3,False,,llama3.1-8b,hybrid,"SELECT T2.DESCRIPITIVE_ATTRIBUTE_6, T2.CHRONOLOGICAL_MARKER_7, T4.MEASUREMENT_VALUE_15, T4.CHRONOLOGICAL_MARKER_16 FROM T2 JOIN T4 ON T4.IDENTIFIER_REFERENCE_13 = T2.IDENTIFIER_PRIMARY_4 JOIN T1 ON T1.IDENTIFIER_PRIMARY_1 = T4.IDENTIFIER_REFERENCE_14","SELECT Orders.DESCRIPITIVE_ATTRIBUTE_6, Orders.date_order_placed, Shipments.shipment_tracking_number, Shipments.shipment_date FROM Orders JOIN Shipments ON Shipments.order_id = Orders.order_id JOIN Invoices ON Invoices.invoice_number = Shipments.invoice_number"
103,65,e_commerce,e_commerce,,,False,3,False,,llama3.1-8b,hybrid,"SELECT T2.DESCRIPITIVE_ATTRIBUTE_6, T2.CHRONOLOGICAL_MARKER_7, T4.CHRONOLOGICAL_MARKER_16 FROM T2 INNER JOIN T4 ON T2.IDENTIFIER_PRIMARY_4 = T4.IDENTIFIER_REFERENCE_13","SELECT Orders.DESCRIPITIVE_ATTRIBUTE_6, Orders.date_order_placed, Shipments.shipment_date FROM Orders INNER JOIN Shipments ON Orders.order_id = Shipments.order_id"
104,68,e_commerce,e_commerce,,,False,3,False,,llama3.1-8b,hybrid,"SELECT T4.MEASUREMENT_VALUE_15, T1.DESCRIPITIVE_ATTRIBUTE_2, T4.CHRONOLOGICAL_MARKER_16 FROM T4 JOIN T1 ON T4.IDENTIFIER_REFERENCE_14 = T1.IDENTIFIER_PRIMARY_1 JOIN T3 ON T4.IDENTIFIER_REFERENCE_13 = T3.IDENTIFIER_REFERENCE_10 WHERE T1.CHRONOLOGICAL_MARKER_3 BETWEEN '2022-01-01 00:00:00' AND '2022-12-31 23:59:59'","SELECT Shipments.shipment_tracking_number, Invoices.DESCRIPITIVE_ATTRIBUTE_2, Shipments.shipment_date FROM Shipments JOIN Invoices ON Shipments.invoice_number = Invoices.invoice_number JOIN Order_Items ON Shipments.order_id = Order_Items.order_id WHERE Invoices.invoice_date BETWEEN '2022-01-01 00:00:00' AND '2022-12-31 23:59:59'"
105,69,e_commerce,e_commerce,,,False,1,True,,llama3.1-8b,hybrid,"SELECT T4.MEASUREMENT_VALUE_15, T2.DESCRIPTIVE_ATTRIBUTE_6 FROM T4 JOIN T2 ON T4.IDENTIFIER_REFERENCE_13 = T2.IDENTIFIER_PRIMARY_4 JOIN T1 ON T4.IDENTIFIER_REFERENCE_14 = T1.IDENTIFIER_PRIMARY_1 JOIN T3 ON T3.IDENTIFIER_REFERENCE_10 = T2.IDENTIFIER_PRIMARY_4 WHERE T2.DESCRIPTIVE_ATTRIBUTE_6 = 'ordered and shipped'","SELECT Shipments.shipment_tracking_number, Orders.order_status_code FROM Shipments JOIN Orders ON Shipments.order_id = Orders.order_id JOIN Invoices ON Shipments.invoice_number = Invoices.invoice_number JOIN Order_Items ON Order_Items.order_id = Orders.order_id WHERE Orders.order_status_code = 'ordered and shipped'"
106,84,e_commerce,e_commerce,,,False,1,True,,llama3.1-8b,hybrid,SELECT TEXT_FIELD_5 FROM T1 WHERE DESCRIPTIVE_ATTRIBUTE_2 LIKE '+12%' OR DESCRIPTIVE_ATTRIBUTE_3 LIKE '+12%',SELECT login_password FROM Customers WHERE customer_first_name LIKE '+12%' OR customer_last_name LIKE '+12%'
107,85,e_commerce,e_commerce,,,False,1,True,,llama3.1-8b,hybrid,"SELECT DESCRIPTIVE_ATTRIBUTE_2, TEXT_FIELD_3 FROM T1 WHERE DESCRIPTIVE_ATTRIBUTE_2 LIKE '+12%'","SELECT customer_first_name, customer_middle_initial FROM Customers WHERE customer_first_name LIKE '+12%'"
108,86,e_commerce,e_commerce,,,False,1,True,,llama3.1-8b,hybrid,SELECT MEASUREMENT_VALUE_6 FROM T1 WHERE DESCRIPTIVE_ATTRIBUTE_3 LIKE '%Dell%',SELECT product_size FROM Products WHERE product_name LIKE '%Dell%'
109,87,e_commerce,e_commerce,,,False,1,True,,llama3.1-8b,hybrid,SELECT T2.DESCRIPTIVE_ATTRIBUTE_10 FROM T2 JOIN T1 ON T2.IDENTIFIER_REFERENCE_8 = T1.IDENTIFIER_PRIMARY_1 WHERE T1.DESCRIPTIVE_ATTRIBUTE_3 LIKE '%Dell%' ORDER BY T2.DESCRIPTIVE_ATTRIBUTE_10,SELECT Order_Items.order_item_status_code FROM Order_Items JOIN Products ON Order_Items.product_id = Products.product_id WHERE Products.product_name LIKE '%Dell%' ORDER BY Order_Items.order_item_status_code
110,94,e_commerce,e_commerce,,,False,1,True,,llama3.1-8b,hybrid,"SELECT T2.DESCRIPTIVE_ATTRIBUTE_8, T1.CHRONOLOGICAL_MARKER_4, T3.CHRONOLOGICAL_MARKER_13 FROM T2 JOIN T1 ON T2.IDENTIFIER_REFERENCE_7 = T1.IDENTIFIER_PRIMARY_1 JOIN T3 ON T3.IDENTIFIER_REFERENCE_10 = T1.IDENTIFIER_PRIMARY_1 ORDER BY T1.CHRONOLOGICAL_MARKER_4, T3.CHRONOLOGICAL_MARKER_13 ASC","SELECT Order_Items.order_item_status_code, Orders.date_order_placed, Shipments.shipment_date FROM Order_Items JOIN Orders ON Order_Items.order_id = Orders.order_id JOIN Shipments ON Shipments.order_id = Orders.order_id ORDER BY Orders.date_order_placed, Shipments.shipment_date ASC"
111,95,e_commerce,e_commerce,,,False,1,True,,llama3.1-8b,hybrid,"SELECT T2.DESCRIPTIVE_ATTRIBUTE_8, T1.CHRONOLOGICAL_MARKER_4 FROM T2 JOIN T1 ON T2.IDENTIFIER_REFERENCE_7 = T1.IDENTIFIER_PRIMARY_1","SELECT Order_Items.order_item_status_code, Orders.date_order_placed FROM Order_Items JOIN Orders ON Order_Items.order_id = Orders.order_id"
112,96,e_commerce,e_commerce,,,False,1,True,,llama3.1-8b,hybrid,"SELECT DESCRIPTIVE_ATTRIBUTE_2, DESCRIPTIVE_ATTRIBUTE_3, DESCRIPTIVE_ATTRIBUTE_4, TEXT_FIELD_6 FROM T1 WHERE TEXT_FIELD_6 LIKE '%USA%'","SELECT customer_first_name, email_address, address_line_1, county FROM Customers WHERE county LIKE '%USA%'"
113,97,e_commerce,e_commerce,,,False,1,True,,llama3.1-8b,hybrid,"SELECT DESCRIPTIVE_ATTRIBUTE_2, DESCRIPTIVE_ATTRIBUTE_3, DESCRIPTIVE_ATTRIBUTE_4 FROM T1 WHERE DESCRIPTIVE_ATTRIBUTE_5 = 'United States'","SELECT customer_first_name, email_address, address_line_1 FROM Customers WHERE town_city = 'United States'"
114,112,e_commerce,e_commerce,,,False,3,False,,llama3.1-8b,hybrid,"SELECT T1.IDENTIFIER_PRIMARY_1, T1.DESCRIBITIVE_ATTRIBUTE_3 FROM T1 JOIN T3 ON T1.IDENTIFIER_PRIMARY_1 = T3.IDENTIFIER_REFERENCE_10 GROUP BY T1.IDENTIFIER_PRIMARY_1 HAVING COUNT(T3.IDENTIFIER_REFERENCE_10) > 3 ORDER BY T1.IDENTIFIER_PRIMARY_1","SELECT Products.product_id, Products.DESCRIBITIVE_ATTRIBUTE_3 FROM Products JOIN Order_Items ON Products.product_id = Order_Items.product_id GROUP BY Products.product_id HAVING COUNT(Order_Items.product_id) > 3 ORDER BY Products.product_id"
115,113,e_commerce,e_commerce,,,False,3,False,,llama3.1-8b,hybrid,"SELECT T1.IDENTIFIER_PRIMARY_1, T1.DESCRIBITIVE_ATTRIBUTE_3 FROM T1 JOIN T3 ON T1.IDENTIFIER_PRIMARY_1 = T3.IDENTIFIER_REFERENCE_12 JOIN T2 ON T3.IDENTIFIER_REFERENCE_13 = T2.IDENTIFIER_PRIMARY_7 GROUP BY T1.IDENTIFIER_PRIMARY_1 HAVING COUNT(T3.IDENTIFIER_REFERENCE_13) > 3 ORDER BY T1.IDENTIFIER_PRIMARY_1","SELECT Products.product_id, Products.DESCRIBITIVE_ATTRIBUTE_3 FROM Products JOIN Order_Items ON Products.product_id = Order_Items.product_id JOIN Orders ON Order_Items.order_id = Orders.order_id GROUP BY Products.product_id HAVING COUNT(Order_Items.order_id) > 3 ORDER BY Products.product_id"
116,114,e_commerce,e_commerce,,,False,1,True,,llama3.1-8b,hybrid,"SELECT T1.IDENTIFIER_PRIMARY_1, T1.DESCRIPTIVE_ATTRIBUTE_2, T1.CHRONOLOGICAL_MARKER_3 FROM T1 JOIN T4 ON T4.IDENTIFIER_REFERENCE_14 = T1.IDENTIFIER_PRIMARY_1 JOIN T2 ON T4.IDENTIFIER_REFERENCE_13 = T2.IDENTIFIER_PRIMARY_4 JOIN T3 ON T3.IDENTIFIER_REFERENCE_10 = T2.IDENTIFIER_PRIMARY_4 GROUP BY T1.IDENTIFIER_PRIMARY_1, T1.DESCRIPTIVE_ATTRIBUTE_2, T1.CHRONOLOGICAL_MARKER_3 HAVING COUNT(T2.IDENTIFIER_PRIMARY_4) >= 2","SELECT Invoices.invoice_number, Invoices.invoice_status_code, Invoices.invoice_date FROM Invoices JOIN Shipments ON Shipments.invoice_number = Invoices.invoice_number JOIN Orders ON Shipments.order_id = Orders.order_id JOIN Order_Items ON Order_Items.order_id = Orders.order_id GROUP BY Invoices.invoice_number, Invoices.invoice_status_code, Invoices.invoice_date HAVING COUNT(Orders.order_id) >= 2"
117,115,e_commerce,e_commerce,,,False,1,True,,llama3.1-8b,hybrid,"SELECT T2.DESCRIPTIVE_ATTRIBUTE_6, T2.CHRONOLOGICAL_MARKER_7 FROM T2 JOIN T4 ON T4.IDENTIFIER_REFERENCE_13 = T2.IDENTIFIER_PRIMARY_4 JOIN T1 ON T4.IDENTIFIER_REFERENCE_14 = T1.IDENTIFIER_PRIMARY_1 JOIN T3 ON T3.IDENTIFIER_REFERENCE_10 = T2.IDENTIFIER_PRIMARY_4 GROUP BY T2.DESCRIPTIVE_ATTRIBUTE_6, T2.CHRONOLOGICAL_MARKER_7 HAVING COUNT(T2.DESCRIPTIVE_ATTRIBUTE_6) >= 2 ORDER BY T2.CHRONOLOGICAL_MARKER_7","SELECT Orders.order_status_code, Orders.date_order_placed FROM Orders JOIN Shipments ON Shipments.order_id = Orders.order_id JOIN Invoices ON Shipments.invoice_number = Invoices.invoice_number JOIN Order_Items ON Order_Items.order_id = Orders.order_id GROUP BY Orders.order_status_code, Orders.date_order_placed HAVING COUNT(Orders.order_status_code) >= 2 ORDER BY Orders.date_order_placed"
118,116,e_commerce,e_commerce,,,False,1,True,,llama3.1-8b,hybrid,"SELECT T2.IDENTIFIER_REFERENCE_7, T1.CHRONOLOGICAL_MARKER_5 FROM T2 JOIN T1 ON T2.IDENTIFIER_PRIMARY_6 = T1.IDENTIFIER_PRIMARY_1 ORDER BY T1.CHRONOLOGICAL_MARKER_5","SELECT Shipment_Items.order_item_id, Shipments.shipment_date FROM Shipment_Items JOIN Shipments ON Shipment_Items.shipment_id = Shipments.shipment_id ORDER BY Shipments.shipment_date"
119,117,e_commerce,e_commerce,,,False,3,False,,llama3.1-8b,hybrid,"SELECT T2.DESCRIPITIVE_ATTRIBUTE_8, T1.CHRONOLOGICAL_MARKER_4 FROM T2 JOIN T1 ON T2.IDENTIFIER_REFERENCE_7 = T1.IDENTIFIER_PRIMARY_1 JOIN T3 ON T1.IDENTIFIER_PRIMARY_1 = T3.IDENTIFIER_REFERENCE_10 JOIN T4 ON T3.IDENTIFIER_PRIMARY_9 = T4.IDENTIFIER_PRIMARY_14","SELECT Order_Items.DESCRIPITIVE_ATTRIBUTE_8, Orders.date_order_placed FROM Order_Items JOIN Orders ON Order_Items.order_id = Orders.order_id JOIN Shipments ON Orders.order_id = Shipments.order_id JOIN Shipment_Items ON Shipments.shipment_id = Shipment_Items.shipment_id"
120,121,bbc_channels,bbc_channels,,,False,1,True,,llama3.1-8b,hybrid,SELECT T1.DESCRIPTIVE_ATTRIBUTE_2 FROM T3 JOIN T1 ON T3.IDENTIFIER_REFERENCE_13 = T1.IDENTIFIER_PRIMARY_1 ORDER BY T3.CHRONOLOGICAL_MARKER_10 DESC LIMIT 1,SELECT channel.Name FROM program JOIN channel ON program.Channel_ID = channel.Channel_ID ORDER BY program.Start_Year DESC LIMIT 1
121,122,bbc_channels,bbc_channels,,,False,1,True,,llama3.1-8b,hybrid,SELECT COUNT(T1.IDENTIFIER_PRIMARY_1) FROM T1 JOIN T3 ON T3.IDENTIFIER_REFERENCE_13 = T1.IDENTIFIER_PRIMARY_1 JOIN T2 ON T2.IDENTIFIER_PRIMARY_6 = T3.IDENTIFIER_REFERENCE_12 WHERE T1.DESCRIPTIVE_ATTRIBUTE_2 LIKE '%bbc%',SELECT COUNT(channel.Channel_ID) FROM channel JOIN program ON program.Channel_ID = channel.Channel_ID JOIN director ON director.Director_ID = program.Director_ID WHERE channel.Name LIKE '%bbc%'
122,127,bbc_channels,bbc_channels,,,False,3,False,,llama3.1-8b,hybrid,SELECT T1.DESCRIPITIVE_ATTRIBUTE_2 FROM T3 JOIN T1 ON T3.IDENTIFIER_REFERENCE_13 = T1.IDENTIFIER_PRIMARY_1 ORDER BY T3.CHRONOLOGICAL_MARKER_10 DESC LIMIT 1,SELECT channel.DESCRIPITIVE_ATTRIBUTE_2 FROM program JOIN channel ON program.Channel_ID = channel.Channel_ID ORDER BY program.Start_Year DESC LIMIT 1
123,128,bbc_channels,bbc_channels,,,False,3,False,,llama3.1-8b,hybrid,"SELECT T1.DESCRIPATIVE_ATTRIBUTE_2, T1.TEXT_FIELD_3 FROM T1 JOIN T3 ON T1.IDENTIFIER_PRIMARY_1 = T3.IDENTIFIER_REFERENCE_13 JOIN T2 ON T3.IDENTIFIER_REFERENCE_12 = T2.IDENTIFIER_PRIMARY_6 GROUP BY T1.IDENTIFIER_PRIMARY_1 HAVING COUNT(T3.IDENTIFIER_PRIMARY_9) > 1","SELECT channel.DESCRIPATIVE_ATTRIBUTE_2, channel.Analogue_terrestrial_channel FROM channel JOIN program ON channel.Channel_ID = program.Channel_ID JOIN director ON program.Director_ID = director.Director_ID GROUP BY channel.Channel_ID HAVING COUNT(program.Program_ID) > 1"
124,129,bbc_channels,bbc_channels,,,False,3,False,,llama3.1-8b,hybrid,"SELECT T2.DESCRIPITIVE_ATTRIBUTE_7, COUNT(T3.IDENTIFIER_REFERENCE_13) FROM T2 JOIN T3 ON T2.IDENTIFIER_PRIMARY_6 = T3.IDENTIFIER_REFERENCE_12 JOIN T1 ON T3.IDENTIFIER_REFERENCE_13 = T1.IDENTIFIER_PRIMARY_1 GROUP BY T2.DESCRIPITIVE_ATTRIBUTE_7 ORDER BY COUNT(T3.IDENTIFIER_REFERENCE_13) DESC","SELECT director.DESCRIPITIVE_ATTRIBUTE_7, COUNT(program.Channel_ID) FROM director JOIN program ON director.Director_ID = program.Director_ID JOIN channel ON program.Channel_ID = channel.Channel_ID GROUP BY director.DESCRIPITIVE_ATTRIBUTE_7 ORDER BY COUNT(program.Channel_ID) DESC"
125,131,bbc_channels,bbc_channels,,,False,1,True,,llama3.1-8b,hybrid,SELECT T1.DESCRIPTIVE_ATTRIBUTE_2 FROM T1 JOIN T3 ON T1.IDENTIFIER_PRIMARY_1 = T3.IDENTIFIER_REFERENCE_13 WHERE T1.DESCRIPTIVE_ATTRIBUTE_2 = 'Dracula',SELECT channel.Name FROM channel JOIN program ON channel.Channel_ID = program.Channel_ID WHERE channel.Name = 'Dracula'
126,138,tv_shows,tv_shows,,,False,1,True,,llama3.1-8b,hybrid,"SELECT DESCRIPTIVE_ATTRIBUTE_9, DESCRIPTIVE_ATTRIBUTE_8 FROM T2","SELECT Is_free, Is_online FROM city_channel_tv_show"
127,140,tv_shows,tv_shows,,,False,3,False,,llama3.1-8b,hybrid,SELECT T1.* FROM T1 JOIN T2 ON T1.IDENTIFIER_PRIMARY_1 = T2.IDENTIFIER_REFERENCE_8 WHERE T2.DESCRIBITIVE_ATTRIBUTE_9 > 150 OR T2.DESCRIBITIVE_ATTRIBUTE_9 < 30,SELECT radio.* FROM radio JOIN city_channel_radio ON radio.Radio_ID = city_channel_radio.Radio_ID WHERE city_channel_radio.DESCRIBITIVE_ATTRIBUTE_9 > 150 OR city_channel_radio.DESCRIBITIVE_ATTRIBUTE_9 < 30
128,141,tv_shows,tv_shows,,,False,1,True,,llama3.1-8b,hybrid,SELECT T2.DESCRIPTIVE_ATTRIBUTE_9 FROM T2 JOIN T1 ON T2.IDENTIFIER_REFERENCE_8 = T1.IDENTIFIER_PRIMARY_1 ORDER BY T1.ERP_kW DESC LIMIT 1,SELECT city_channel_radio.Is_online FROM city_channel_radio JOIN radio ON city_channel_radio.Radio_ID = radio.Radio_ID ORDER BY radio.ERP_kW DESC LIMIT 1
129,143,tv_shows,tv_shows,,,False,3,False,,llama3.1-8b,hybrid,"SELECT T1.DESCRIPITIVE_ATTRIBUTE_2, COUNT(T3.IDENTIFIER_PRIMARY_11) AS city_channel_count FROM T1 JOIN T3 ON T1.IDENTIFIER_PRIMARY_1 = T3.IDENTIFIER_PRIMARY_11 GROUP BY T1.DESCRIPITIVE_ATTRIBUTE_2 ORDER BY city_channel_count DESC","SELECT city_channel.DESCRIPITIVE_ATTRIBUTE_2, COUNT(city_channel_radio.City_channel_ID) AS city_channel_count FROM city_channel JOIN city_channel_radio ON city_channel.ID = city_channel_radio.City_channel_ID GROUP BY city_channel.DESCRIPITIVE_ATTRIBUTE_2 ORDER BY city_channel_count DESC"
130,146,tv_shows,tv_shows,,,False,3,False,,llama3.1-8b,hybrid,"SELECT T1.DESCRIPITIVE_ATTRIBUTE_2, T2.DESCRIPITIVE_ATTRIBUTE_8 FROM T1 JOIN T2 ON T1.IDENTIFIER_PRIMARY_1 = T2.IDENTIFIER_PRIMARY_6 JOIN T3 ON T1.IDENTIFIER_PRIMARY_1 = T3.IDENTIFIER_PRIMARY_9 WHERE T1.DESCRIPITIVE_ATTRIBUTE_5 = 'city' ORDER BY T2.DESCRIPITIVE_ATTRIBUTE_8 ASC","SELECT city_channel.DESCRIPITIVE_ATTRIBUTE_2, city_channel_radio.DESCRIPITIVE_ATTRIBUTE_8 FROM city_channel JOIN city_channel_radio ON city_channel.ID = city_channel_radio.City_channel_ID JOIN city_channel_tv_show ON city_channel.ID = city_channel_tv_show.City_channel_ID WHERE city_channel.DESCRIPITIVE_ATTRIBUTE_5 = 'city' ORDER BY city_channel_radio.DESCRIPITIVE_ATTRIBUTE_8 ASC"
131,147,tv_shows,tv_shows,,,False,1,True,,llama3.1-8b,hybrid,"SELECT T3.DESCRIPTIVE_ATTRIBUTE_14, T2.TEXT_FIELD_7 FROM T3 JOIN T2 ON T3.IDENTIFIER_REFERENCE_13 = T2.IDENTIFIER_PRIMARY_6","SELECT city_channel_radio.Is_online, radio.Transmitter FROM city_channel_radio JOIN radio ON city_channel_radio.Radio_ID = radio.Radio_ID"
132,149,tv_shows,tv_shows,,,False,1,True,,llama3.1-8b,hybrid,"SELECT T1.DESCRIPTIVE_ATTRIBUTE_2, COUNT(T2.IDENTIFIER_PRIMARY_6) AS city_channels FROM T3 JOIN T1 ON T3.IDENTIFIER_PRIMARY_12 = T1.IDENTIFIER_PRIMARY_1 JOIN T2 ON T3.IDENTIFIER_REFERENCE_13 = T2.IDENTIFIER_PRIMARY_6 GROUP BY T1.DESCRIPTIVE_ATTRIBUTE_2 ORDER BY city_channels DESC","SELECT city_channel.City, COUNT(radio.Radio_ID) AS city_channels FROM city_channel_radio JOIN city_channel ON city_channel_radio.City_channel_ID = city_channel.ID JOIN radio ON city_channel_radio.Radio_ID = radio.Radio_ID GROUP BY city_channel.City ORDER BY city_channels DESC"
133,157,vehicle_driver,vehicle_driver,,,False,3,False,,llama3.1-8b,hybrid,"SELECT MAX(CAST(REPLACE(SUBSTR(MEASUREMENT_VALUE_7, INSTR(MEASUREMENT_VALUE_7, 'W') + 1, INSTR(MEASUREMENT_VALUE_7, 'kW') - INSTR(MEASUREMENT_VALUE_7, 'W') - 1) AS REAL)) AS max_power, AVG(CAST(REPLACE(SUBSTR(MEASUREMENT_VALUE_7, INSTR(MEASUREMENT_VALUE_7, 'W') + 1, INSTR(MEASUREMENT_VALUE_7, 'kW') - INSTR(MEASUREMENT_VALUE_7, 'W') - 1) AS REAL)) AS avg_power FROM T1 WHERE TEXT_FIELD_2 = 'Zhuzhou'","SELECT MAX(CAST(REPLACE(SUBSTR(Total_Production, INSTR(Total_Production, 'W') + 1, INSTR(Total_Production, 'kW') - INSTR(Total_Production, 'W') - 1) AS REAL)) AS max_power, AVG(CAST(REPLACE(SUBSTR(Total_Production, INSTR(Total_Production, 'W') + 1, INSTR(Total_Production, 'kW') - INSTR(Total_Production, 'W') - 1) AS REAL)) AS avg_power FROM vehicle WHERE Model = 'Zhuzhou'"
134,158,vehicle_driver,vehicle_driver,,,False,3,False,,llama3.1-8b,hybrid,"SELECT MAX(T1.NUMERIC_FIELD_4) AS max_power, AVG(T1.NUMERIC_FIELD_4) AS avg_power FROM T1 INNER JOIN T3 ON T1.IDENTIFIER_PRIMARY_1 = T3.IDENTIFIER_REFERENCE_13 INNER JOIN T2 ON T3.IDENTIFIER_PRIMARY_12 = T2.IDENTIFIER_PRIMARY_8 WHERE T2.DESCRIPITIVE_ATTRIBUTE_9 = 'Zhuzhou'","SELECT MAX(vehicle.Top_Speed) AS max_power, AVG(vehicle.Top_Speed) AS avg_power FROM vehicle INNER JOIN vehicle_driver ON vehicle.Vehicle_ID = vehicle_driver.Vehicle_ID INNER JOIN driver ON vehicle_driver.Driver_ID = driver.Driver_ID WHERE driver.DESCRIPITIVE_ATTRIBUTE_9 = 'Zhuzhou'"
135,161,vehicle_driver,vehicle_driver,,,False,1,True,,llama3.1-8b,hybrid,"SELECT TEXT_FIELD_2, MAX(NUMERIC_FIELD_4) AS top_speed, MAX(NUMERIC_FIELD_5) AS power FROM T1 WHERE CHRONOLOGICAL_MARKER_3 = '1996' GROUP BY TEXT_FIELD_2 ORDER BY top_speed DESC, power DESC LIMIT 1","SELECT Model, MAX(Top_Speed) AS top_speed, MAX(Power) AS power FROM vehicle WHERE Build_Year = '1996' GROUP BY Model ORDER BY top_speed DESC, power DESC LIMIT 1"
136,162,vehicle_driver,vehicle_driver,,,False,1,True,,llama3.1-8b,hybrid,"SELECT MAX(NUMERIC_FIELD_4) AS top_speed, MAX(NUMERIC_FIELD_5) AS top_power FROM T1 WHERE CHRONOLOGICAL_MARKER_3 = '1996' ORDER BY MAX(NUMERIC_FIELD_4) DESC, MAX(NUMERIC_FIELD_5) DESC LIMIT 1","SELECT MAX(Top_Speed) AS top_speed, MAX(Power) AS top_power FROM vehicle WHERE Build_Year = '1996' ORDER BY MAX(Top_Speed) DESC, MAX(Power) DESC LIMIT 1"
137,163,vehicle_driver,vehicle_driver,,,False,1,True,,llama3.1-8b,hybrid,"SELECT T1.NUMERIC_FIELD_4 AS build_year, T1.TEXT_FIELD_6 AS model_name, T2.TEXT_FIELD_10 AS builder FROM T1 INNER JOIN T3 ON T1.IDENTIFIER_PRIMARY_1 = T3.IDENTIFIER_REFERENCE_13 INNER JOIN T2 ON T3.IDENTIFIER_PRIMARY_12 = T2.IDENTIFIER_PRIMARY_8","SELECT vehicle.Top_Speed AS build_year, vehicle.Builder AS model_name, driver.Citizenship AS builder FROM vehicle INNER JOIN vehicle_driver ON vehicle.Vehicle_ID = vehicle_driver.Vehicle_ID INNER JOIN driver ON vehicle_driver.Driver_ID = driver.Driver_ID"
138,164,vehicle_driver,vehicle_driver,,,False,1,True,,llama3.1-8b,hybrid,"SELECT T1.NUMERIC_FIELD_4, T1.TEXT_FIELD_6, T2.TEXT_FIELD_10 FROM T1 JOIN T3 ON T3.IDENTIFIER_REFERENCE_13 = T1.IDENTIFIER_PRIMARY_1 JOIN T2 ON T2.IDENTIFIER_PRIMARY_8 = T3.IDENTIFIER_PRIMARY_12","SELECT vehicle.Top_Speed, vehicle.Builder, driver.Citizenship FROM vehicle JOIN vehicle_driver ON vehicle_driver.Vehicle_ID = vehicle.Vehicle_ID JOIN driver ON driver.Driver_ID = vehicle_driver.Driver_ID"
139,165,vehicle_driver,vehicle_driver,,,False,1,True,,llama3.1-8b,hybrid,SELECT COUNT(DISTINCT T3.IDENTIFIER_PRIMARY_12) FROM T3 JOIN T1 ON T3.IDENTIFIER_REFERENCE_13 = T1.IDENTIFIER_PRIMARY_1 WHERE T1.CHRONOLOGICAL_MARKER_3 = '2012',SELECT COUNT(DISTINCT vehicle_driver.Driver_ID) FROM vehicle_driver JOIN vehicle ON vehicle_driver.Vehicle_ID = vehicle.Vehicle_ID WHERE vehicle.Build_Year = '2012'
140,166,vehicle_driver,vehicle_driver,,,False,1,True,,llama3.1-8b,hybrid,SELECT COUNT(DISTINCT T2.DESCRIPTIVE_ATTRIBUTE_9) FROM T3 JOIN T1 ON T3.IDENTIFIER_REFERENCE_13 = T1.IDENTIFIER_PRIMARY_1 JOIN T2 ON T3.IDENTIFIER_PRIMARY_12 = T2.IDENTIFIER_PRIMARY_8 WHERE T1.CHRONOLOGICAL_MARKER_3 = '2012',SELECT COUNT(DISTINCT driver.Name) FROM vehicle_driver JOIN vehicle ON vehicle_driver.Vehicle_ID = vehicle.Vehicle_ID JOIN driver ON vehicle_driver.Driver_ID = driver.Driver_ID WHERE vehicle.Build_Year = '2012'
141,173,vehicle_driver,vehicle_driver,,,False,3,False,,llama3.1-8b,hybrid,"SELECT T2.DESCRIPITIVE_ATTRIBUTE_9, T1.NUMERIC_FIELD_4, T1.NUMERIC_FIELD_5 FROM T3 JOIN T1 ON T3.IDENTIFIER_REFERENCE_13 = T1.IDENTIFIER_PRIMARY_1 JOIN T2 ON T3.IDENTIFIER_PRIMARY_12 = T2.IDENTIFIER_PRIMARY_8 WHERE T1.NUMERIC_FIELD_4 > 100 OR T1.NUMERIC_FIELD_5 > 150","SELECT driver.DESCRIPITIVE_ATTRIBUTE_9, vehicle.Top_Speed, vehicle.Power FROM vehicle_driver JOIN vehicle ON vehicle_driver.Vehicle_ID = vehicle.Vehicle_ID JOIN driver ON vehicle_driver.Driver_ID = driver.Driver_ID WHERE vehicle.Top_Speed > 100 OR vehicle.Power > 150"
142,174,vehicle_driver,vehicle_driver,,,False,1,True,,llama3.1-8b,hybrid,SELECT T2.TEXT_FIELD_10 FROM T3 JOIN T2 ON T3.IDENTIFIER_PRIMARY_12 = T2.IDENTIFIER_PRIMARY_8 JOIN T1 ON T3.IDENTIFIER_REFERENCE_13 = T1.IDENTIFIER_PRIMARY_1 WHERE T1.NUMERIC_FIELD_4 > 100 OR T1.NUMERIC_FIELD_5 > 150,SELECT driver.Citizenship FROM vehicle_driver JOIN driver ON vehicle_driver.Driver_ID = driver.Driver_ID JOIN vehicle ON vehicle_driver.Vehicle_ID = vehicle.Vehicle_ID WHERE vehicle.Top_Speed > 100 OR vehicle.Power > 150
143,175,vehicle_driver,vehicle_driver,,,False,1,True,,llama3.1-8b,hybrid,"SELECT T1.TEXT_FIELD_2, T1.NUMERIC_FIELD_4 FROM T1 JOIN T3 ON T1.IDENTIFIER_PRIMARY_1 = T3.IDENTIFIER_REFERENCE_13 WHERE T1.TEXT_FIELD_2 LIKE '%DJ%'","SELECT vehicle.Model, vehicle.Top_Speed FROM vehicle JOIN vehicle_driver ON vehicle.Vehicle_ID = vehicle_driver.Vehicle_ID WHERE vehicle.Model LIKE '%DJ%'"
144,176,vehicle_driver,vehicle_driver,,,False,1,True,,llama3.1-8b,hybrid,"SELECT T1.TEXT_FIELD_6, T1.NUMERIC_FIELD_5 FROM T1 JOIN T3 ON T1.IDENTIFIER_PRIMARY_1 = T3.IDENTIFIER_REFERENCE_13 WHERE T1.TEXT_FIELD_6 LIKE '%DJ%'","SELECT vehicle.Builder, vehicle.Power FROM vehicle JOIN vehicle_driver ON vehicle.Vehicle_ID = vehicle_driver.Vehicle_ID WHERE vehicle.Builder LIKE '%DJ%'"
145,187,vehicle_driver,vehicle_driver,,,False,1,True,,llama3.1-8b,hybrid,"SELECT T2.DESCRIPTIVE_ATTRIBUTE_9, COUNT(T3.IDENTIFIER_PRIMARY_12) AS num_drivers FROM T2 LEFT JOIN T3 ON T2.IDENTIFIER_PRIMARY_8 = T3.IDENTIFIER_PRIMARY_12 GROUP BY T2.DESCRIPTIVE_ATTRIBUTE_9 ORDER BY T2.DESCRIPTIVE_ATTRIBUTE_9","SELECT driver.Name, COUNT(vehicle_driver.Driver_ID) AS num_drivers FROM driver LEFT JOIN vehicle_driver ON driver.Driver_ID = vehicle_driver.Driver_ID GROUP BY driver.Name ORDER BY driver.Name"
146,188,vehicle_driver,vehicle_driver,,,False,1,True,,llama3.1-8b,hybrid,"SELECT T2.DESCRIPTIVE_ATTRIBUTE_9, COUNT(T3.IDENTIFIER_PRIMARY_12) FROM T3 JOIN T2 ON T3.IDENTIFIER_PRIMARY_12 = T2.IDENTIFIER_PRIMARY_8 GROUP BY T2.DESCRIPTIVE_ATTRIBUTE_9","SELECT driver.Name, COUNT(vehicle_driver.Driver_ID) FROM vehicle_driver JOIN driver ON vehicle_driver.Driver_ID = driver.Driver_ID GROUP BY driver.Name"
147,197,online_exams,online_exams,,,False,3,False,,llama3.1-8b,hybrid,"SELECT T2.TEXT_FIELD_5, T2.CHRONOLOGICAL_MARKER_6 FROM T2 JOIN T3 ON T2.IDENTIFIER_PRIMARY_4 = T3.IDENTIFIER_PRIMARY_8 JOIN T1 ON T3.IDENTIFIER_REFERENCE_9 = T1.IDENTIFIER_PRIMARY_1 WHERE T1.DESCRIPITIVE_ATTRIBUTE_2 != 'Database'","SELECT Exams.Subject_Code, Exams.Exam_Date FROM Exams JOIN Questions_in_Exams ON Exams.Exam_ID = Questions_in_Exams.Exam_ID JOIN Questions ON Questions_in_Exams.Question_ID = Questions.Question_ID WHERE Questions.DESCRIPITIVE_ATTRIBUTE_2 != 'Database'"
148,198,online_exams,online_exams,,,False,1,True,,llama3.1-8b,hybrid,"SELECT TEXT_FIELD_2, CHRONOLOGICAL_MARKER_3 FROM T1 WHERE TEXT_FIELD_2 != 'Database'","SELECT Subject_Code, Exam_Date FROM Exams WHERE Subject_Code != 'Database'"
149,201,online_exams,online_exams,,,False,3,False,,llama3.1-8b,hybrid,"SELECT T1.DESCRIPITIVE_ATTRIBUTE_2, COUNT(T2.IDENTIFIER_PRIMARY_4) AS COUNT FROM T1 JOIN T2 ON T1.IDENTIFIER_PRIMARY_1 = T2.IDENTIFIER_REFERENCE_5 GROUP BY T1.DESCRIPITIVE_ATTRIBUTE_2 ORDER BY COUNT DESC","SELECT Questions.DESCRIPITIVE_ATTRIBUTE_2, COUNT(Questions_in_Exams.Exam_ID) AS COUNT FROM Questions JOIN Questions_in_Exams ON Questions.Question_ID = Questions_in_Exams.Question_ID GROUP BY Questions.DESCRIPITIVE_ATTRIBUTE_2 ORDER BY COUNT DESC"
150,202,online_exams,online_exams,,,False,1,True,,llama3.1-8b,hybrid,"SELECT DESCRIPTIVE_ATTRIBUTE_2, COUNT(*) AS COUNT FROM T1 GROUP BY DESCRIPTIVE_ATTRIBUTE_2 ORDER BY COUNT DESC","SELECT Type_of_Question_Code, COUNT(*) AS COUNT FROM Questions GROUP BY Type_of_Question_Code ORDER BY COUNT DESC"
151,207,online_exams,online_exams,,,False,1,True,,llama3.1-8b,hybrid,"SELECT T1.DESCRIPTIVE_ATTRIBUTE_2, COUNT(T5.IDENTIFIER_PRIMARY_15) AS count FROM T1 JOIN T5 ON T1.IDENTIFIER_PRIMARY_1 = T5.IDENTIFIER_REFERENCE_18 GROUP BY T1.DESCRIPTIVE_ATTRIBUTE_2 ORDER BY COUNT(T5.IDENTIFIER_PRIMARY_15) DESC","SELECT Students.First_Name, COUNT(Student_Answers.Student_Answer_ID) AS count FROM Students JOIN Student_Answers ON Students.Student_ID = Student_Answers.Student_ID GROUP BY Students.First_Name ORDER BY COUNT(Student_Answers.Student_Answer_ID) DESC"
152,208,online_exams,online_exams,,,False,1,True,,llama3.1-8b,hybrid,"SELECT TEXT_FIELD_15, COUNT(*) as frequency FROM T3 GROUP BY TEXT_FIELD_15 ORDER BY frequency DESC","SELECT Student_Answer_Text, COUNT(*) as frequency FROM Student_Answers GROUP BY Student_Answer_Text ORDER BY frequency DESC"
153,209,online_exams,online_exams,,,False,3,False,,llama3.1-8b,hybrid,"SELECT T1.DESCRIPITIVE_ATTRIBUTE_2, T2.CHRONOLOGICAL_MARKER_9 FROM T4 JOIN T3 ON T4.IDENTIFIER_REFERENCE_14 = T3.IDENTIFIER_PRIMARY_11 JOIN T2 ON T3.IDENTIFIER_PRIMARY_7 = T2.IDENTIFIER_PRIMARY_7 JOIN T1 ON T4.IDENTIFIER_REFERENCE_16 = T1.IDENTIFIER_PRIMARY_1 ORDER BY T2.CHRONOLOGICAL_MARKER_9 ASC","SELECT Students.DESCRIPITIVE_ATTRIBUTE_2, Exams.Exam_Date FROM Student_Answers JOIN Questions_in_Exams ON Student_Answers.Exam_ID = Questions_in_Exams.Exam_ID JOIN Exams ON Questions_in_Exams.Exam_ID = Exams.Exam_ID JOIN Students ON Student_Answers.Student_ID = Students.Student_ID ORDER BY Exams.Exam_Date ASC"
154,210,online_exams,online_exams,,,False,3,False,,llama3.1-8b,hybrid,"SELECT T1.DESCRIPATIVE_ATTRIBUTE_2, T2.CHRONOLOGICAL_MARKER_9 FROM T4 JOIN T1 ON T4.IDENTIFIER_REFERENCE_16 = T1.IDENTIFIER_PRIMARY_1 JOIN T2 ON T4.IDENTIFIER_REFERENCE_14 = T2.IDENTIFIER_PRIMARY_7 JOIN T3 ON T2.IDENTIFIER_PRIMARY_7 = T3.IDENTIFIER_PRIMARY_11 ORDER BY T1.DESCRIPATIVE_ATTRIBUTE_2, T2.CHRONOLOGICAL_MARKER_9","SELECT Students.DESCRIPATIVE_ATTRIBUTE_2, Exams.Exam_Date FROM Student_Answers JOIN Students ON Student_Answers.Student_ID = Students.Student_ID JOIN Exams ON Student_Answers.Exam_ID = Exams.Exam_ID JOIN Questions_in_Exams ON Exams.Exam_ID = Questions_in_Exams.Exam_ID ORDER BY Students.DESCRIPATIVE_ATTRIBUTE_2, Exams.Exam_Date"
155,211,online_exams,online_exams,,,False,1,True,,llama3.1-8b,hybrid,"SELECT T5.TEXT_FIELD_21 AS email, T2.CHRONOLOGICAL_MARKER_9 AS date FROM T5 JOIN T4 ON T5.IDENTIFIER_REFERENCE_20 = T4.IDENTIFIER_REFERENCE_16 JOIN T3 ON T4.IDENTIFIER_REFERENCE_14 = T3.IDENTIFIER_PRIMARY_11 JOIN T2 ON T3.IDENTIFIER_PRIMARY_11 = T2.IDENTIFIER_PRIMARY_7 ORDER BY T2.CHRONOLOGICAL_MARKER_9 DESC","SELECT Student_Assessments.Student_Answer_Text AS email, Exams.Exam_Date AS date FROM Student_Assessments JOIN Student_Answers ON Student_Assessments.Valid_Answer_ID = Student_Answers.Student_ID JOIN Questions_in_Exams ON Student_Answers.Exam_ID = Questions_in_Exams.Exam_ID JOIN Exams ON Questions_in_Exams.Exam_ID = Exams.Exam_ID ORDER BY Exams.Exam_Date DESC"
156,212,online_exams,online_exams,,,False,1,True,,llama3.1-8b,hybrid,"SELECT T1.DESCRIPTIVE_ATTRIBUTE_2, T2.CHRONOLOGICAL_MARKER_9 FROM T4 JOIN T1 ON T4.IDENTIFIER_REFERENCE_16 = T1.IDENTIFIER_PRIMARY_1 JOIN T2 ON T4.IDENTIFIER_REFERENCE_14 = T2.IDENTIFIER_PRIMARY_7 ORDER BY T2.CHRONOLOGICAL_MARKER_9 DESC","SELECT Students.First_Name, Exams.Exam_Date FROM Student_Answers JOIN Students ON Student_Answers.Student_ID = Students.Student_ID JOIN Exams ON Student_Answers.Exam_ID = Exams.Exam_ID ORDER BY Exams.Exam_Date DESC"
157,215,online_exams,online_exams,,,False,1,True,,llama3.1-8b,hybrid,SELECT T1.DESCRIPTIVE_ATTRIBUTE_2 FROM T1 JOIN T3 ON T1.IDENTIFIER_PRIMARY_1 = T3.IDENTIFIER_REFERENCE_12 JOIN T2 ON T3.IDENTIFIER_REFERENCE_10 = T2.IDENTIFIER_PRIMARY_7 GROUP BY T1.IDENTIFIER_PRIMARY_1 HAVING COUNT(T3.TEXT_FIELD_14) >= 2,SELECT Students.First_Name FROM Students JOIN Student_Answers ON Students.Student_ID = Student_Answers.Student_ID JOIN Questions_in_Exams ON Student_Answers.Exam_ID = Questions_in_Exams.Exam_ID GROUP BY Students.Student_ID HAVING COUNT(Student_Answers.Student_Answer_Text) >= 2
158,216,online_exams,online_exams,,,False,3,False,,llama3.1-8b,hybrid,SELECT T1.DESCRIPITIVE_ATTRIBUTE_2 FROM T1 JOIN T2 ON T1.IDENTIFIER_PRIMARY_1 = T2.IDENTIFIER_REFERENCE_10 GROUP BY T1.DESCRIPITIVE_ATTRIBUTE_2 HAVING COUNT(T2.IDENTIFIER_PRIMARY_7) >= 2,SELECT Students.DESCRIPITIVE_ATTRIBUTE_2 FROM Students JOIN Student_Answers ON Students.Student_ID = Student_Answers.Student_ID GROUP BY Students.DESCRIPITIVE_ATTRIBUTE_2 HAVING COUNT(Student_Answers.Student_Answer_ID) >= 2
159,221,online_exams,online_exams,,,False,3,False,,llama3.1-8b,hybrid,"SELECT T1.DESCRIPITIVE_ATTRIBUTE_2, COUNT(T2.IDENTIFIER_PRIMARY_7) FROM T1 JOIN T2 ON T1.IDENTIFIER_PRIMARY_1 = T2.IDENTIFIER_REFERENCE_10 GROUP BY T1.DESCRIPITIVE_ATTRIBUTE_2","SELECT Students.DESCRIPITIVE_ATTRIBUTE_2, COUNT(Student_Answers.Student_Answer_ID) FROM Students JOIN Student_Answers ON Students.Student_ID = Student_Answers.Student_ID GROUP BY Students.DESCRIPITIVE_ATTRIBUTE_2"
160,14,soccer_3,soccer_3,,,False,1,True,,llama3.1-8b,hybrid,SELECT T1.DESCRIPTIVE_ATTRIBUTE_2 FROM T1 JOIN T2 ON T1.IDENTIFIER_PRIMARY_1 = T2.IDENTIFIER_REFERENCE_13 WHERE T2.NUMERIC_FIELD_10 > 2 GROUP BY T1.DESCRIPTIVE_ATTRIBUTE_2 ORDER BY SUM(T2.MEASUREMENT_VALUE_11) DESC LIMIT 1,SELECT club.Name FROM club JOIN player ON club.Club_ID = player.Club_ID WHERE player.Earnings > 2 GROUP BY club.Name ORDER BY SUM(player.Events_number) DESC LIMIT 1
161,15,soccer_3,soccer_3,,,False,3,False,,llama3.1-8b,hybrid,SELECT T1.DESCRIPITIVE_ATTRIBUTE_2 FROM T1 JOIN T2 ON T1.IDENTIFIER_PRIMARY_1 = T2.IDENTIFIER_REFERENCE_13 GROUP BY T1.DESCRIPITIVE_ATTRIBUTE_2 HAVING SUM(T2.MEASUREMENT_VALUE_11) > 2 ORDER BY SUM(T2.MEASUREMENT_VALUE_11) DESC LIMIT 1,SELECT club.DESCRIPITIVE_ATTRIBUTE_2 FROM club JOIN player ON club.Club_ID = player.Club_ID GROUP BY club.DESCRIPITIVE_ATTRIBUTE_2 HAVING SUM(player.Events_number) > 2 ORDER BY SUM(player.Events_number) DESC LIMIT 1
162,22,soccer_3,soccer_3,,,False,1,True,,llama3.1-8b,hybrid,"SELECT T1.DESCRIPTIVE_ATTRIBUTE_2, AVG(T2.NUMERIC_FIELD_10) AS average_earnings FROM T2 JOIN T1 ON T2.IDENTIFIER_REFERENCE_13 = T1.IDENTIFIER_PRIMARY_1 GROUP BY T1.DESCRIPTIVE_ATTRIBUTE_2 ORDER BY AVG(T2.NUMERIC_FIELD_10) DESC","SELECT club.Name, AVG(player.Earnings) AS average_earnings FROM player JOIN club ON player.Club_ID = club.Club_ID GROUP BY club.Name ORDER BY AVG(player.Earnings) DESC"
163,23,soccer_3,soccer_3,,,False,3,False,,llama3.1-8b,hybrid,"SELECT T1.DESCRIPITIVE_ATTRIBUTE_2, AVG(T2.NUMERIC_FIELD_10) AS average_earnings FROM T1 INNER JOIN T2 ON T1.IDENTIFIER_PRIMARY_1 = T2.IDENTIFIER_REFERENCE_13 GROUP BY T1.DESCRIPITIVE_ATTRIBUTE_2 ORDER BY AVG(T2.NUMERIC_FIELD_10) DESC","SELECT club.DESCRIPITIVE_ATTRIBUTE_2, AVG(player.Earnings) AS average_earnings FROM club INNER JOIN player ON club.Club_ID = player.Club_ID GROUP BY club.DESCRIPITIVE_ATTRIBUTE_2 ORDER BY AVG(player.Earnings) DESC"
164,26,soccer_3,soccer_3,,,False,1,True,,llama3.1-8b,hybrid,"SELECT DESCRIPTIVE_ATTRIBUTE_8 AS manufacturer, COUNT(*) AS count FROM T2 GROUP BY DESCRIPTIVE_ATTRIBUTE_8 ORDER BY count DESC LIMIT 1","SELECT Name AS manufacturer, COUNT(*) AS count FROM player GROUP BY Name ORDER BY count DESC LIMIT 1"
165,27,soccer_3,soccer_3,,,False,1,True,,llama3.1-8b,hybrid,"SELECT DESCRIPTIVE_ATTRIBUTE_8, COUNT(*) as count FROM T2 GROUP BY DESCRIPTIVE_ATTRIBUTE_8 ORDER BY count DESC LIMIT 1","SELECT Name, COUNT(*) as count FROM player GROUP BY Name ORDER BY count DESC LIMIT 1"
166,32,soccer_3,soccer_3,,,False,3,False,,llama3.1-8b,hybrid,SELECT T1.DESCRIPITIVE_ATTRIBUTE_2 FROM T1 LEFT JOIN T2 ON T1.IDENTIFIER_PRIMARY_1 = T2.IDENTIFIER_REFERENCE_13 WHERE T2.IDENTIFIER_REFERENCE_13 IS NULL,SELECT club.DESCRIPITIVE_ATTRIBUTE_2 FROM club LEFT JOIN player ON club.Club_ID = player.Club_ID WHERE player.Club_ID IS NULL
167,33,soccer_3,soccer_3,,,False,3,False,,llama3.1-8b,hybrid,SELECT T1.DESCRIPITIVE_ATTRIBUTE_2 FROM T1 LEFT JOIN T2 ON T1.IDENTIFIER_PRIMARY_1 = T2.IDENTIFIER_REFERENCE_13 WHERE T2.IDENTIFIER_REFERENCE_13 IS NULL,SELECT club.DESCRIPITIVE_ATTRIBUTE_2 FROM club LEFT JOIN player ON club.Club_ID = player.Club_ID WHERE player.Club_ID IS NULL
168,34,soccer_3,soccer_3,,,False,1,True,,llama3.1-8b,hybrid,"SELECT T1.DESCRIPTIVE_ATTRIBUTE_2, T2.DESCRIPTIVE_ATTRIBUTE_8 FROM T2 JOIN T1 ON T2.IDENTIFIER_REFERENCE_13 = T1.IDENTIFIER_PRIMARY_1 WHERE T2.NUMERIC_FIELD_10 > 1400000 OR T2.NUMERIC_FIELD_10 < 1100000","SELECT club.Name, player.Name FROM player JOIN club ON player.Club_ID = club.Club_ID WHERE player.Earnings > 1400000 OR player.Earnings < 1100000"
169,35,soccer_3,soccer_3,,,False,1,True,,llama3.1-8b,hybrid,SELECT DESCRIPTIVE_ATTRIBUTE_8 FROM T1 WHERE IDENTIFIER_PRIMARY_1 IN ( SELECT IDENTIFIER_REFERENCE_13 FROM T2 WHERE MEASUREMENT_VALUE_11 > 1400000 ) INTERSECT SELECT DESCRIPTIVE_ATTRIBUTE_8 FROM T1 WHERE IDENTIFIER_PRIMARY_1 IN ( SELECT IDENTIFIER_REFERENCE_13 FROM T2 WHERE MEASUREMENT_VALUE_11 < 1100000 ),SELECT Name FROM club WHERE Club_ID IN ( SELECT Club_ID FROM player WHERE Events_number > 1400000 ) INTERSECT SELECT Name FROM club WHERE Club_ID IN ( SELECT Club_ID FROM player WHERE Events_number < 1100000 )
170,44,e_commerce,e_commerce,,,False,1,True,,llama3.1-8b,hybrid,"SELECT T1.DESCRIPTIVE_ATTRIBUTE_3, T1.CHRONOLOGICAL_MARKER_4 FROM T1 JOIN T2 ON T2.IDENTIFIER_REFERENCE_7 = T1.IDENTIFIER_PRIMARY_1 GROUP BY T1.CHRONOLOGICAL_MARKER_4 HAVING COUNT(T2.IDENTIFIER_PRIMARY_5) > 1 OR T1.CHRONOLOGICAL_MARKER_4 IN ( SELECT CHRONOLOGICAL_MARKER_4 FROM T1 GROUP BY CHRONOLOGICAL_MARKER_4 ORDER BY MIN(CHRONOLOGICAL_MARKER_4) LIMIT 1 ) ORDER BY T1.CHRONOLOGICAL_MARKER_4","SELECT Orders.order_status_code, Orders.date_order_placed FROM Orders JOIN Order_Items ON Order_Items.order_id = Orders.order_id GROUP BY Orders.date_order_placed HAVING COUNT(Order_Items.order_item_id) > 1 OR Orders.date_order_placed IN ( SELECT date_order_placed FROM Orders GROUP BY date_order_placed ORDER BY MIN(date_order_placed) LIMIT 1 ) ORDER BY Orders.date_order_placed"
171,45,e_commerce,e_commerce,,,False,3,False,,llama3.1-8b,hybrid,"SELECT MIN(T1.CHRONOLOGICAL_MARKER_4) AS earliest_order_date, T2.DESCRIPTIVE_ATTRIBUTE_8 AS order_description, T2.CHRONOLOGICAL_MARKER_4 AS order_date FROM T1 LEFT JOIN T2 ON T1.IDENTIFIER_PRIMARY_1 = T2.IDENTIFIER_REFERENCE_7 GROUP BY T2.DESCRIPTIVE_ATTRIBUTE_8, T2.CHRONOLOGICAL_MARKER_4 HAVING COUNT(T2.DESCRIPTIVE_ATTRIBUTE_8) > 1 UNION SELECT T3.DESCRIPTIVE_ATTRIBUTE_8 AS order_description, T3.CHRONOLOGICAL_MARKER_13 AS order_date FROM T1 LEFT JOIN T3 ON T1.IDENTIFIER_PRIMARY_1 = T3.IDENTIFIER_REFERENCE_10","SELECT MIN(Orders.date_order_placed) AS earliest_order_date, Order_Items.order_item_status_code AS order_description, Order_Items.date_order_placed AS order_date FROM Orders LEFT JOIN Order_Items ON Orders.order_id = Order_Items.order_id GROUP BY Order_Items.order_item_status_code, Order_Items.date_order_placed HAVING COUNT(Order_Items.order_item_status_code) > 1 UNION SELECT Shipments.order_item_status_code AS order_description, Shipments.shipment_date AS order_date FROM Orders LEFT JOIN Shipments ON Orders.order_id = Shipments.order_id"
172,49,e_commerce,e_commerce,,,False,3,False,,llama3.1-8b,hybrid,"SELECT T1.IDENTIFIER_PRIMARY_1, T1.DESCRIBITIVE_ATTRIBUTE_3, T1.CURRENCY_AMOUNT_4, T1.TEXT_FIELD_5 FROM T1 JOIN T2 ON T1.IDENTIFIER_PRIMARY_1 = T2.IDENTIFIER_REFERENCE_8 JOIN T4 ON T2.IDENTIFIER_PRIMARY_7 = T4.IDENTIFIER_REFERENCE_17 GROUP BY T1.IDENTIFIER_PRIMARY_1 HAVING COUNT(T2.IDENTIFIER_PRIMARY_7) < 2","SELECT Products.product_id, Products.DESCRIBITIVE_ATTRIBUTE_3, Products.product_price, Products.product_color FROM Products JOIN Order_Items ON Products.product_id = Order_Items.product_id JOIN Shipment_Items ON Order_Items.order_item_id = Shipment_Items.order_item_id GROUP BY Products.product_id HAVING COUNT(Order_Items.order_item_id) < 2"
173,56,e_commerce,e_commerce,,,False,1,True,,llama3.1-8b,hybrid,"SELECT TEXT_FIELD_2, COUNT(*) as count FROM T1 GROUP BY TEXT_FIELD_2 ORDER BY count DESC LIMIT 1","SELECT payment_method_code, COUNT(*) as count FROM Customer_Payment_Methods GROUP BY payment_method_code ORDER BY count DESC LIMIT 1"
174,57,e_commerce,e_commerce,,,False,1,True,,llama3.1-8b,hybrid,SELECT TEXT_FIELD_8 FROM T2 GROUP BY TEXT_FIELD_8 ORDER BY COUNT(TEXT_FIELD_8) DESC LIMIT 1,SELECT payment_method_code FROM Customer_Payment_Methods GROUP BY payment_method_code ORDER BY COUNT(payment_method_code) DESC LIMIT 1
175,58,e_commerce,e_commerce,,,False,1,True,,llama3.1-8b,hybrid,"SELECT T2.DESCRIPTIVE_ATTRIBUTE_8, COUNT(T1.IDENTIFIER_PRIMARY_1) FROM T1 INNER JOIN T2 ON T1.DESCRIPTIVE_ATTRIBUTE_3 = T2.DESCRIPTIVE_ATTRIBUTE_8 GROUP BY T2.DESCRIPTIVE_ATTRIBUTE_8 ORDER BY COUNT(T1.IDENTIFIER_PRIMARY_1) DESC","SELECT Customers.gender_code, COUNT(Products.product_id) FROM Products INNER JOIN Customers ON Products.product_name = Customers.gender_code GROUP BY Customers.gender_code ORDER BY COUNT(Products.product_id) DESC"
176,59,e_commerce,e_commerce,,,False,1,True,,llama3.1-8b,hybrid,"SELECT DESCRIPTIVE_ATTRIBUTE_3 AS Gender, COUNT(*) AS ProductCount FROM T1 GROUP BY DESCRIPTIVE_ATTRIBUTE_3 ORDER BY ProductCount DESC","SELECT product_name AS Gender, COUNT(*) AS ProductCount FROM Products GROUP BY product_name ORDER BY ProductCount DESC"
177,66,e_commerce,e_commerce,,,False,3,False,,llama3.1-8b,hybrid,"SELECT T1.DESCRIPITIVE_ATTRIBUTE_3, T2.CHRONOLOGICAL_MARKER_9 FROM T1 JOIN T4 ON T1.IDENTIFIER_PRIMARY_1 = T4.IDENTIFIER_REFERENCE_15 JOIN T3 ON T4.IDENTIFIER_REFERENCE_16 = T3.IDENTIFIER_PRIMARY_10 JOIN T5 ON T3.IDENTIFIER_PRIMARY_10 = T5.IDENTIFIER_REFERENCE_19 JOIN T2 ON T5.IDENTIFIER_REFERENCE_20 = T2.IDENTIFIER_PRIMARY_7 ORDER BY T2.CHRONOLOGICAL_MARKER_9","SELECT Products.DESCRIPITIVE_ATTRIBUTE_3, Invoices.invoice_date FROM Products JOIN Order_Items ON Products.product_id = Order_Items.product_id JOIN Orders ON Order_Items.order_id = Orders.order_id JOIN Shipments ON Orders.order_id = Shipments.order_id JOIN Invoices ON Shipments.invoice_number = Invoices.invoice_number ORDER BY Invoices.invoice_date"
178,67,e_commerce,e_commerce,,,False,1,True,,llama3.1-8b,hybrid,"SELECT T2.DESCRIPTIVE_ATTRIBUTE_9, T2.CHRONOLOGICAL_MARKER_10 FROM T2 JOIN T3 ON T2.IDENTIFIER_PRIMARY_7 = T3.IDENTIFIER_REFERENCE_13 WHERE T2.CHRONOLOGICAL_MARKER_10 IS NOT NULL ORDER BY T2.CHRONOLOGICAL_MARKER_10","SELECT Orders.order_status_code, Orders.date_order_placed FROM Orders JOIN Order_Items ON Orders.order_id = Order_Items.order_id WHERE Orders.date_order_placed IS NOT NULL ORDER BY Orders.date_order_placed"
179,70,e_commerce,e_commerce,,,False,3,False,,llama3.1-8b,hybrid,"SELECT T1.DESCRIBITIVE_ATTRIBUTE_3, T1.DESCRIBITIVE_ATTRIBUTE_3 AS color FROM T1 JOIN T3 ON T1.IDENTIFIER_PRIMARY_1 = T3.IDENTIFIER_REFERENCE_12 JOIN T2 ON T3.IDENTIFIER_REFERENCE_13 = T2.IDENTIFIER_PRIMARY_7 WHERE T2.CHRONOLOGICAL_MARKER_10 IS NOT NULL ORDER BY T2.CHRONOLOGICAL_MARKER_10","SELECT Products.DESCRIBITIVE_ATTRIBUTE_3, Products.DESCRIBITIVE_ATTRIBUTE_3 AS color FROM Products JOIN Order_Items ON Products.product_id = Order_Items.product_id JOIN Orders ON Order_Items.order_id = Orders.order_id WHERE Orders.date_order_placed IS NOT NULL ORDER BY Orders.date_order_placed"
180,71,e_commerce,e_commerce,,,False,3,False,,llama3.1-8b,hybrid,"SELECT T1.DESCRIBITIVE_ATTRIBUTE_3, T1.DESCRIBITIVE_ATTRIBUTE_3 AS color FROM T1 JOIN T3 ON T1.IDENTIFIER_PRIMARY_1 = T3.IDENTIFIER_REFERENCE_12 JOIN T2 ON T3.IDENTIFIER_REFERENCE_13 = T2.IDENTIFIER_PRIMARY_7 WHERE T2.CHRONOLOGICAL_MARKER_10 IS NOT NULL","SELECT Products.DESCRIBITIVE_ATTRIBUTE_3, Products.DESCRIBITIVE_ATTRIBUTE_3 AS color FROM Products JOIN Order_Items ON Products.product_id = Order_Items.product_id JOIN Orders ON Order_Items.order_id = Orders.order_id WHERE Orders.date_order_placed IS NOT NULL"
181,74,e_commerce,e_commerce,,,False,1,True,,llama3.1-8b,hybrid,"SELECT T4.MEASUREMENT_VALUE_15, T2.DESCRIPTIVE_ATTRIBUTE_6 FROM T4 JOIN T2 ON T4.IDENTIFIER_REFERENCE_13 = T2.IDENTIFIER_PRIMARY_4 WHERE T2.CHRONOLOGICAL_MARKER_7 IS NULL","SELECT Shipments.shipment_tracking_number, Orders.order_status_code FROM Shipments JOIN Orders ON Shipments.order_id = Orders.order_id WHERE Orders.date_order_placed IS NULL"
182,75,e_commerce,e_commerce,,,False,1,True,,llama3.1-8b,hybrid,"SELECT T2.DESCRIPTIVE_ATTRIBUTE_6, T4.MEASUREMENT_VALUE_15 FROM T2 JOIN T4 ON T4.IDENTIFIER_REFERENCE_13 = T2.IDENTIFIER_PRIMARY_4 WHERE T2.DESCRIPTIVE_ATTRIBUTE_6 = 'not shipped'","SELECT Orders.order_status_code, Shipments.shipment_tracking_number FROM Orders JOIN Shipments ON Shipments.order_id = Orders.order_id WHERE Orders.order_status_code = 'not shipped'"
183,76,e_commerce,e_commerce,,,False,3,False,,llama3.1-8b,hybrid,"SELECT IDENTIFIER_PRIMARY_1 AS order_id, CHRONOLOGICAL_MARKER_10 AS date, SUM(CURRENCY_AMOUNT_4) AS total_cost FROM T1 GROUP BY IDENTIFIER_PRIMARY_1, CHRONOLOGICAL_MARKER_10 ORDER BY IDENTIFIER_PRIMARY_1","SELECT product_id AS order_id, date_order_placed AS date, SUM(product_price) AS total_cost FROM Products GROUP BY product_id, date_order_placed ORDER BY product_id"
184,77,e_commerce,e_commerce,,,False,1,True,,llama3.1-8b,hybrid,"SELECT T1.IDENTIFIER_PRIMARY_1, T5.CHRONOLOGICAL_MARKER_21, T1.CURRENCY_AMOUNT_4 FROM T1 JOIN T6 ON T1.IDENTIFIER_PRIMARY_1 = T6.IDENTIFIER_REFERENCE_23 JOIN T5 ON T6.IDENTIFIER_REFERENCE_24 = T5.IDENTIFIER_PRIMARY_18 JOIN T2 ON T5.IDENTIFIER_REFERENCE_19 = T2.IDENTIFIER_PRIMARY_7 ORDER BY T5.CHRONOLOGICAL_MARKER_21","SELECT Products.product_id, Orders.date_order_placed, Products.product_price FROM Products JOIN Order_Items ON Products.product_id = Order_Items.product_id JOIN Orders ON Order_Items.order_id = Orders.order_id JOIN Customers ON Orders.customer_id = Customers.customer_id ORDER BY Orders.date_order_placed"
185,98,e_commerce,e_commerce,,,False,3,False,,llama3.1-8b,hybrid,"SELECT T1.DESCRIBITIVE_ATTRIBUTE_3, T1.MEASUREMENT_VALUE_6 FROM T1","SELECT Products.DESCRIBITIVE_ATTRIBUTE_3, Products.product_size FROM Products"
186,99,e_commerce,e_commerce,,,False,1,True,,llama3.1-8b,hybrid,"SELECT T1.DESCRIPTIVE_ATTRIBUTE_3, T1.MEASUREMENT_VALUE_6, T1.TEXT_FIELD_5 FROM T1","SELECT Products.product_name, Products.product_size, Products.product_color FROM Products"
187,108,e_commerce,e_commerce,,,False,1,True,,llama3.1-8b,hybrid,SELECT T4.CHRONOLOGICAL_MARKER_15 FROM T4 JOIN T1 ON T4.IDENTIFIER_REFERENCE_13 = T1.IDENTIFIER_PRIMARY_1 JOIN T2 ON T1.IDENTIFIER_PRIMARY_1 = T2.IDENTIFIER_REFERENCE_7 GROUP BY T4.IDENTIFIER_REFERENCE_13 HAVING COUNT(T2.IDENTIFIER_REFERENCE_7) >= 2,SELECT Orders.date_order_placed FROM Orders JOIN Customers ON Orders.customer_id = Customers.customer_id JOIN Customer_Payment_Methods ON Customers.customer_id = Customer_Payment_Methods.customer_id GROUP BY Orders.customer_id HAVING COUNT(Customer_Payment_Methods.customer_id) >= 2
188,109,e_commerce,e_commerce,,,False,1,True,,llama3.1-8b,hybrid,SELECT T4.CHRONOLOGICAL_MARKER_15 FROM T4 JOIN T1 ON T4.IDENTIFIER_REFERENCE_13 = T1.IDENTIFIER_PRIMARY_1 JOIN T2 ON T2.IDENTIFIER_REFERENCE_7 = T1.IDENTIFIER_PRIMARY_1 GROUP BY T1.IDENTIFIER_PRIMARY_1 HAVING COUNT(T2.TEXT_FIELD_8) >= 2 ORDER BY T4.CHRONOLOGICAL_MARKER_15,SELECT Orders.date_order_placed FROM Orders JOIN Customers ON Orders.customer_id = Customers.customer_id JOIN Customer_Payment_Methods ON Customer_Payment_Methods.customer_id = Customers.customer_id GROUP BY Customers.customer_id HAVING COUNT(Customer_Payment_Methods.payment_method_code) >= 2 ORDER BY Orders.date_order_placed
189,110,e_commerce,e_commerce,,,False,1,True,,llama3.1-8b,hybrid,SELECT DESCRIPTIVE_ATTRIBUTE_8 FROM T2 GROUP BY DESCRIPTIVE_ATTRIBUTE_8 ORDER BY COUNT(DESCRIPTIVE_ATTRIBUTE_8) ASC LIMIT 1,SELECT order_item_status_code FROM Order_Items GROUP BY order_item_status_code ORDER BY COUNT(order_item_status_code) ASC LIMIT 1
190,111,e_commerce,e_commerce,,,False,1,True,,llama3.1-8b,hybrid,SELECT DESCRIPTIVE_ATTRIBUTE_8 FROM T2 GROUP BY DESCRIPTIVE_ATTRIBUTE_8 ORDER BY COUNT(DESCRIPTIVE_ATTRIBUTE_8) ASC LIMIT 1,SELECT order_item_status_code FROM Order_Items GROUP BY order_item_status_code ORDER BY COUNT(order_item_status_code) ASC LIMIT 1
191,120,bbc_channels,bbc_channels,,,False,3,True,,llama3.1-8b,hybrid,SELECT T1.DESCRIPTIVE_ATTRIBUTE_2 FROM T1 JOIN T3 ON T1.IDENTIFIER_PRIMARY_1 = T3.IDENTIFIER_REFERENCE_13 JOIN T2 ON T3.IDENTIFIER_REFERENCE_12 = T2.IDENTIFIER_PRIMARY_6 WHERE T1.DESCRIPTIVE_ATTRIBUTE_2 IN ( SELECT T1.DESCRIPTIVE_ATTRIBUTE_2 FROM T1 JOIN T3 ON T1.IDENTIFIER_PRIMARY_1 = T3.IDENTIFIER_REFERENCE_13 JOIN T2 ON T3.IDENTIFIER_REFERENCE_12 = T2.IDENTIFIER_PRIMARY_6 GROUP BY T1.DESCRIPTIVE_ATTRIBUTE_2 HAVING AVG(T2.MEASUREMENT_VALUE_8) > ( SELECT AVG(T2.MEASUREMENT_VALUE_8) FROM T2 JOIN T3 ON T2.IDENTIFIER_PRIMARY_6 = T3.IDENTIFIER_REFERENCE_12 JOIN T1 ON T3.IDENTIFIER_REFERENCE_13 = T1.IDENTIFIER_PRIMARY_1 ) ),SELECT channel.Name FROM channel JOIN program ON channel.Channel_ID = program.Channel_ID JOIN director ON program.Director_ID = director.Director_ID WHERE channel.Name IN ( SELECT channel.Name FROM channel JOIN program ON channel.Channel_ID = program.Channel_ID JOIN director ON program.Director_ID = director.Director_ID GROUP BY channel.Name HAVING AVG(director.Age) > ( SELECT AVG(director.Age) FROM director JOIN program ON director.Director_ID = program.Director_ID JOIN channel ON program.Channel_ID = channel.Channel_ID ) )
192,135,bbc_channels,bbc_channels,,,False,3,False,,llama3.1-8b,hybrid,"SELECT T1.IDENTIFIER_PRIMARY_1, T1.DESCRIPITIVE_ATTRIBUTE_2 FROM T1 WHERE T1.IDENTIFIER_PRIMARY_1 NOT IN ( SELECT T3.IDENTIFIER_REFERENCE_13 FROM T3 WHERE T3.DESCRIPITIVE_ATTRIBUTE_11 = 'Hank Baskett' )","SELECT channel.Channel_ID, channel.DESCRIPITIVE_ATTRIBUTE_2 FROM channel WHERE channel.Channel_ID NOT IN ( SELECT program.Channel_ID FROM program WHERE program.DESCRIPITIVE_ATTRIBUTE_11 = 'Hank Baskett' )"
193,144,tv_shows,tv_shows,,,False,1,True,,llama3.1-8b,hybrid,"SELECT T2.DESCRIPTIVE_ATTRIBUTE_8, COUNT(*) as count FROM T1 JOIN T2 ON T1.IDENTIFIER_PRIMARY_1 = T2.IDENTIFIER_PRIMARY_6 WHERE T1.DESCRIPTIVE_ATTRIBUTE_2 = 'city channels' GROUP BY T2.DESCRIPTIVE_ATTRIBUTE_8 ORDER BY count DESC","SELECT city_channel_radio.Is_online, COUNT(*) as count FROM city_channel JOIN city_channel_radio ON city_channel.ID = city_channel_radio.City_channel_ID WHERE city_channel.City = 'city channels' GROUP BY city_channel_radio.Is_online ORDER BY count DESC"
194,148,tv_shows,tv_shows,,,False,3,False,,llama3.1-8b,hybrid,"SELECT T2.TEXT_FIELD_7, T1.DESCRIPITIVE_ATTRIBUTE_2 FROM T3 JOIN T1 ON T3.IDENTIFIER_PRIMARY_12 = T1.IDENTIFIER_PRIMARY_1 JOIN T2 ON T3.IDENTIFIER_REFERENCE_13 = T2.IDENTIFIER_PRIMARY_6 ORDER BY T1.DESCRIPITIVE_ATTRIBUTE_4 DESC","SELECT radio.Transmitter, city_channel.DESCRIPITIVE_ATTRIBUTE_2 FROM city_channel_radio JOIN city_channel ON city_channel_radio.City_channel_ID = city_channel.ID JOIN radio ON city_channel_radio.Radio_ID = radio.Radio_ID ORDER BY city_channel.DESCRIPITIVE_ATTRIBUTE_4 DESC"
195,150,tv_shows,tv_shows,,,False,1,True,,llama3.1-8b,hybrid,SELECT DISTINCT T3.DESCRIPTIVE_ATTRIBUTE_14 FROM T3 LEFT JOIN T2 ON T3.IDENTIFIER_REFERENCE_13 = T2.IDENTIFIER_PRIMARY_6 WHERE T2.TEXT_FIELD_7 IS NULL,SELECT DISTINCT city_channel_radio.Is_online FROM city_channel_radio LEFT JOIN radio ON city_channel_radio.Radio_ID = radio.Radio_ID WHERE radio.Transmitter IS NULL
196,151,vehicle_driver,vehicle_driver,,,False,1,True,,llama3.1-8b,hybrid,"SELECT T1.TEXT_FIELD_6 FROM T1 WHERE T1.NUMERIC_FIELD_5 > 6000 ORDER BY CAST(REPLACE(REPLACE(T1.MEASUREMENT_VALUE_7, 'mph', ''), 'kph', '') AS REAL) DESC LIMIT 1","SELECT vehicle.Builder FROM vehicle WHERE vehicle.Power > 6000 ORDER BY CAST(REPLACE(REPLACE(vehicle.Total_Production, 'mph', ''), 'kph', '') AS REAL) DESC LIMIT 1"
197,152,vehicle_driver,vehicle_driver,,,False,1,True,,llama3.1-8b,hybrid,SELECT T2.TEXT_FIELD_10 FROM T1 JOIN T3 ON T1.IDENTIFIER_PRIMARY_1 = T3.IDENTIFIER_REFERENCE_13 JOIN T2 ON T3.IDENTIFIER_PRIMARY_12 = T2.IDENTIFIER_PRIMARY_8 WHERE T1.NUMERIC_FIELD_4 > 6000 ORDER BY T1.NUMERIC_FIELD_5 DESC LIMIT 1,SELECT driver.Citizenship FROM vehicle JOIN vehicle_driver ON vehicle.Vehicle_ID = vehicle_driver.Vehicle_ID JOIN driver ON vehicle_driver.Driver_ID = driver.Driver_ID WHERE vehicle.Top_Speed > 6000 ORDER BY vehicle.Power DESC LIMIT 1
198,155,vehicle_driver,vehicle_driver,,,False,3,False,,llama3.1-8b,hybrid,"SELECT T2.IDENTIFIER_PRIMARY_8, COUNT(T1.IDENTIFIER_PRIMARY_1) AS count FROM (SELECT T2.IDENTIFIER_PRIMARY_8, COUNT(T1.IDENTIFIER_PRIMARY_1) AS count FROM T3 JOIN T2 ON T3.IDENTIFIER_PRIMARY_12 = T2.IDENTIFIER_PRIMARY_8 JOIN T1 ON T3.IDENTIFIER_REFERENCE_13 = T1.IDENTIFIER_PRIMARY_1 GROUP BY T2.IDENTIFIER_PRIMARY_8 ORDER BY count DESC LIMIT 1) AS subquery","SELECT driver.Driver_ID, COUNT(vehicle.Vehicle_ID) AS count FROM (SELECT driver.Driver_ID, COUNT(vehicle.Vehicle_ID) AS count FROM vehicle_driver JOIN driver ON vehicle_driver.Driver_ID = driver.Driver_ID JOIN vehicle ON vehicle_driver.Vehicle_ID = vehicle.Vehicle_ID GROUP BY driver.Driver_ID ORDER BY count DESC LIMIT 1) AS subquery"
199,156,vehicle_driver,vehicle_driver,,,False,1,True,,llama3.1-8b,hybrid,"SELECT T2.IDENTIFIER_PRIMARY_8, COUNT(T3.IDENTIFIER_REFERENCE_13) AS vehicle_count FROM T3 JOIN T2 ON T3.IDENTIFIER_PRIMARY_12 = T2.IDENTIFIER_PRIMARY_8 GROUP BY T2.IDENTIFIER_PRIMARY_8 ORDER BY vehicle_count DESC LIMIT 1","SELECT driver.Driver_ID, COUNT(vehicle_driver.Vehicle_ID) AS vehicle_count FROM vehicle_driver JOIN driver ON vehicle_driver.Driver_ID = driver.Driver_ID GROUP BY driver.Driver_ID ORDER BY vehicle_count DESC LIMIT 1"
200,159,vehicle_driver,vehicle_driver,,,False,1,True,,llama3.1-8b,hybrid,SELECT IDENTIFIER_PRIMARY_1 FROM T1 GROUP BY TEXT_FIELD_6 ORDER BY COUNT(TEXT_FIELD_6) ASC LIMIT 1,SELECT Vehicle_ID FROM vehicle GROUP BY Builder ORDER BY COUNT(Builder) ASC LIMIT 1
201,160,vehicle_driver,vehicle_driver,,,False,1,True,,llama3.1-8b,hybrid,SELECT T1.IDENTIFIER_PRIMARY_1 FROM T3 JOIN T1 ON T3.IDENTIFIER_REFERENCE_13 = T1.IDENTIFIER_PRIMARY_1 GROUP BY T1.IDENTIFIER_PRIMARY_1 ORDER BY COUNT(T1.NUMERIC_FIELD_4) ASC LIMIT 1,SELECT vehicle.Vehicle_ID FROM vehicle_driver JOIN vehicle ON vehicle_driver.Vehicle_ID = vehicle.Vehicle_ID GROUP BY vehicle.Vehicle_ID ORDER BY COUNT(vehicle.Top_Speed) ASC LIMIT 1
202,171,vehicle_driver,vehicle_driver,,,False,1,True,,llama3.1-8b,hybrid,SELECT DISTINCT T2.DESCRIPTIVE_ATTRIBUTE_9 FROM T2 JOIN T3 ON T2.IDENTIFIER_PRIMARY_8 = T3.IDENTIFIER_PRIMARY_12 JOIN T1 ON T3.IDENTIFIER_REFERENCE_13 = T1.IDENTIFIER_PRIMARY_1 WHERE T1.NUMERIC_FIELD_4 > 5000,SELECT DISTINCT driver.Name FROM driver JOIN vehicle_driver ON driver.Driver_ID = vehicle_driver.Driver_ID JOIN vehicle ON vehicle_driver.Vehicle_ID = vehicle.Vehicle_ID WHERE vehicle.Top_Speed > 5000
203,172,vehicle_driver,vehicle_driver,,,False,1,True,,llama3.1-8b,hybrid,SELECT DISTINCT T1.TEXT_FIELD_2 FROM T1 JOIN T3 ON T1.IDENTIFIER_PRIMARY_1 = T3.IDENTIFIER_REFERENCE_13 WHERE T1.MEASUREMENT_VALUE_7 > 5000,SELECT DISTINCT vehicle.Model FROM vehicle JOIN vehicle_driver ON vehicle.Vehicle_ID = vehicle_driver.Vehicle_ID WHERE vehicle.Total_Production > 5000
204,177,vehicle_driver,vehicle_driver,,,False,1,True,,llama3.1-8b,hybrid,SELECT T2.DESCRIPTIVE_ATTRIBUTE_9 FROM T2 LEFT JOIN T3 ON T2.IDENTIFIER_PRIMARY_8 = T3.IDENTIFIER_PRIMARY_12 WHERE T3.IDENTIFIER_PRIMARY_12 IS NULL ORDER BY T2.DESCRIPTIVE_ATTRIBUTE_9 LIMIT 1,SELECT driver.Name FROM driver LEFT JOIN vehicle_driver ON driver.Driver_ID = vehicle_driver.Driver_ID WHERE vehicle_driver.Driver_ID IS NULL ORDER BY driver.Name LIMIT 1
205,178,vehicle_driver,vehicle_driver,,,False,1,True,,llama3.1-8b,hybrid,SELECT T2.DESCRIPTIVE_ATTRIBUTE_9 FROM T2 LEFT JOIN T3 ON T2.IDENTIFIER_PRIMARY_8 = T3.IDENTIFIER_PRIMARY_12 WHERE T3.IDENTIFIER_REFERENCE_13 IS NULL,SELECT driver.Name FROM driver LEFT JOIN vehicle_driver ON driver.Driver_ID = vehicle_driver.Driver_ID WHERE vehicle_driver.Vehicle_ID IS NULL
206,179,vehicle_driver,vehicle_driver,,,False,3,False,,llama3.1-8b,hybrid,"SELECT T2.IDENTIFIER_PRIMARY_8, T2.DESCRIBTIVE_ATTRIBUTE_9 FROM T2 JOIN T3 ON T2.IDENTIFIER_PRIMARY_8 = T3.IDENTIFIER_PRIMARY_12 JOIN T1 ON T3.IDENTIFIER_REFERENCE_13 = T1.IDENTIFIER_PRIMARY_1 WHERE T1.NUMERIC_FIELD_4 > 1 OR T2.DESCRIBTIVE_ATTRIBUTE_9 = 'Ziyang' GROUP BY T2.IDENTIFIER_PRIMARY_8, T2.DESCRIBTIVE_ATTRIBUTE_9","SELECT driver.Driver_ID, driver.DESCRIBTIVE_ATTRIBUTE_9 FROM driver JOIN vehicle_driver ON driver.Driver_ID = vehicle_driver.Driver_ID JOIN vehicle ON vehicle_driver.Vehicle_ID = vehicle.Vehicle_ID WHERE vehicle.Top_Speed > 1 OR driver.DESCRIBTIVE_ATTRIBUTE_9 = 'Ziyang' GROUP BY driver.Driver_ID, driver.DESCRIBTIVE_ATTRIBUTE_9"
207,180,vehicle_driver,vehicle_driver,,,False,1,True,,llama3.1-8b,hybrid,"SELECT T1.IDENTIFIER_PRIMARY_1, T1.TEXT_FIELD_6 FROM T1 JOIN T3 ON T1.IDENTIFIER_PRIMARY_1 = T3.IDENTIFIER_REFERENCE_13 JOIN T2 ON T3.IDENTIFIER_PRIMARY_12 = T2.IDENTIFIER_PRIMARY_8 WHERE T2.DESCRIPTIVE_ATTRIBUTE_9 = 'Ziyang' OR T2.DESCRIPTIVE_ATTRIBUTE_9 IS NULL GROUP BY T1.IDENTIFIER_PRIMARY_1, T1.TEXT_FIELD_6 HAVING COUNT(T2.DESCRIPTIVE_ATTRIBUTE_9) = 2 ORDER BY T1.IDENTIFIER_PRIMARY_1","SELECT vehicle.Vehicle_ID, vehicle.Builder FROM vehicle JOIN vehicle_driver ON vehicle.Vehicle_ID = vehicle_driver.Vehicle_ID JOIN driver ON vehicle_driver.Driver_ID = driver.Driver_ID WHERE driver.Name = 'Ziyang' OR driver.Name IS NULL GROUP BY vehicle.Vehicle_ID, vehicle.Builder HAVING COUNT(driver.Name) = 2 ORDER BY vehicle.Vehicle_ID"
208,183,vehicle_driver,vehicle_driver,,,False,2,True,,llama3.1-8b,hybrid,"SELECT SUM(count) FROM ( SELECT TEXT_FIELD_6, COUNT(*) AS count FROM T1 WHERE CHRONOLOGICAL_MARKER_3 = 'top speed' GROUP BY TEXT_FIELD_6 HAVING MAX(MEASUREMENT_VALUE_7) = (SELECT MAX(MEASUREMENT_VALUE_7) FROM T1 WHERE CHRONOLOGICAL_MARKER_3 = 'top speed') ) AS subquery","SELECT SUM(count) FROM ( SELECT Builder, COUNT(*) AS count FROM vehicle WHERE Build_Year = 'top speed' GROUP BY Builder HAVING MAX(Total_Production) = (SELECT MAX(Total_Production) FROM vehicle WHERE Build_Year = 'top speed') ) AS subquery"
209,184,vehicle_driver,vehicle_driver,,,False,1,True,,llama3.1-8b,hybrid,SELECT COUNT(*) FROM T1 WHERE NUMERIC_FIELD_4 = (SELECT MAX(NUMERIC_FIELD_4) FROM T1),SELECT COUNT(*) FROM vehicle WHERE Top_Speed = (SELECT MAX(Top_Speed) FROM vehicle)
210,189,vehicle_driver,vehicle_driver,,,False,1,True,,llama3.1-8b,hybrid,"SELECT T2.DESCRIPTIVE_ATTRIBUTE_9, T2.TEXT_FIELD_10 FROM T3 JOIN T2 ON T3.IDENTIFIER_PRIMARY_12 = T2.IDENTIFIER_PRIMARY_8 JOIN T1 ON T3.IDENTIFIER_REFERENCE_13 = T1.IDENTIFIER_PRIMARY_1 WHERE T1.TEXT_FIELD_6 = 'DJ1'","SELECT driver.Name, driver.Citizenship FROM vehicle_driver JOIN driver ON vehicle_driver.Driver_ID = driver.Driver_ID JOIN vehicle ON vehicle_driver.Vehicle_ID = vehicle.Vehicle_ID WHERE vehicle.Builder = 'DJ1'"
211,190,vehicle_driver,vehicle_driver,,,False,1,True,,llama3.1-8b,hybrid,"SELECT T2.DESCRIPTIVE_ATTRIBUTE_9, T2.TEXT_FIELD_10 FROM T3 JOIN T2 ON T3.IDENTIFIER_PRIMARY_12 = T2.IDENTIFIER_PRIMARY_8 JOIN T1 ON T3.IDENTIFIER_REFERENCE_13 = T1.IDENTIFIER_PRIMARY_1 WHERE T1.TEXT_FIELD_6 = 'DJ1'","SELECT driver.Name, driver.Citizenship FROM vehicle_driver JOIN driver ON vehicle_driver.Driver_ID = driver.Driver_ID JOIN vehicle ON vehicle_driver.Vehicle_ID = vehicle.Vehicle_ID WHERE vehicle.Builder = 'DJ1'"
212,199,online_exams,online_exams,,,False,1,True,,llama3.1-8b,hybrid,SELECT CHRONOLOGICAL_MARKER_3 FROM T1 WHERE TEXT_FIELD_2 LIKE '%data%' ORDER BY CHRONOLOGICAL_MARKER_3 DESC,SELECT Exam_Date FROM Exams WHERE Subject_Code LIKE '%data%' ORDER BY Exam_Date DESC
213,200,online_exams,online_exams,,,False,1,True,,llama3.1-8b,hybrid,SELECT CHRONOLOGICAL_MARKER_3 FROM T1 WHERE TEXT_FIELD_2 LIKE '%data%' ORDER BY CHRONOLOGICAL_MARKER_3 DESC,SELECT Exam_Date FROM Exams WHERE Subject_Code LIKE '%data%' ORDER BY Exam_Date DESC
214,213,online_exams,online_exams,,,False,3,False,,llama3.1-8b,hybrid,"SELECT T2.DESCRIPTIVE_ATTRIBUTE_2, COUNT(T2.DESCRIPTIVE_ATTRIBUTE_2) AS count FROM T2 JOIN T1 ON T2.IDENTIFIER_REFERENCE_10 = T1.IDENTIFIER_PRIMARY_1 GROUP BY T2.DESCRIPTIVE_ATTRIBUTE_2 ORDER BY count ASC LIMIT 1","SELECT Student_Answers.First_Name, COUNT(Student_Answers.First_Name) AS count FROM Student_Answers JOIN Students ON Student_Answers.Student_ID = Students.Student_ID GROUP BY Student_Answers.First_Name ORDER BY count ASC LIMIT 1"
215,214,online_exams,online_exams,,,False,1,True,,llama3.1-8b,hybrid,"SELECT IDENTIFIER_PRIMARY_1, COUNT(IDENTIFIER_PRIMARY_1) AS frequency_count FROM T1 GROUP BY IDENTIFIER_PRIMARY_1 ORDER BY COUNT(IDENTIFIER_PRIMARY_1) ASC LIMIT 1","SELECT Student_Answer_ID, COUNT(Student_Answer_ID) AS frequency_count FROM Student_Assessments GROUP BY Student_Answer_ID ORDER BY COUNT(Student_Answer_ID) ASC LIMIT 1"
216,217,online_exams,online_exams,,,False,1,True,,llama3.1-8b,hybrid,"SELECT TEXT_FIELD_12, COUNT(*) as count FROM T3 GROUP BY TEXT_FIELD_12 ORDER BY count DESC LIMIT 1","SELECT Student_Answer_Text, COUNT(*) as count FROM Student_Assessments GROUP BY Student_Answer_Text ORDER BY count DESC LIMIT 1"
217,218,online_exams,online_exams,,,False,1,True,,llama3.1-8b,hybrid,SELECT TEXT_FIELD_12 FROM T3 GROUP BY TEXT_FIELD_12 ORDER BY COUNT(TEXT_FIELD_12) DESC LIMIT 1,SELECT Student_Answer_Text FROM Student_Assessments GROUP BY Student_Answer_Text ORDER BY COUNT(Student_Answer_Text) DESC LIMIT 1
218,225,online_exams,online_exams,,,False,3,False,,llama3.1-8b,hybrid,SELECT T1.DESCRIPITIVE_ATTRIBUTE_2 FROM T1 WHERE T1.IDENTIFIER_PRIMARY_1 NOT IN (SELECT IDENTIFIER_REFERENCE_10 FROM T2),SELECT Students.DESCRIPITIVE_ATTRIBUTE_2 FROM Students WHERE Students.Student_ID NOT IN (SELECT Student_ID FROM Student_Answers)
219,226,online_exams,online_exams,,,False,3,False,,llama3.1-8b,hybrid,SELECT T1.DESCRIPATIVE_ATTRIBUTE_2 FROM T1 LEFT JOIN T2 ON T1.IDENTIFIER_PRIMARY_1 = T2.IDENTIFIER_REFERENCE_10 WHERE T2.IDENTIFIER_REFERENCE_10 IS NULL,SELECT Students.DESCRIPATIVE_ATTRIBUTE_2 FROM Students LEFT JOIN Student_Answers ON Students.Student_ID = Student_Answers.Student_ID WHERE Student_Answers.Student_ID IS NULL
220,227,online_exams,online_exams,,,False,1,True,,llama3.1-8b,hybrid,SELECT T3.TEXT_FIELD_12 FROM T3 JOIN T1 ON T3.IDENTIFIER_REFERENCE_11 = T1.IDENTIFIER_PRIMARY_1 JOIN T2 ON T1.IDENTIFIER_PRIMARY_1 = T2.IDENTIFIER_REFERENCE_6 WHERE T2.TEXT_FIELD_8 = 'Normal' AND T2.TEXT_FIELD_9 = 'Absent',SELECT Student_Assessments.Student_Answer_Text FROM Student_Assessments JOIN Valid_Answers ON Student_Assessments.Valid_Answer_ID = Valid_Answers.Valid_Answer_ID JOIN Student_Answers ON Valid_Answers.Valid_Answer_ID = Student_Answers.Student_ID WHERE Student_Answers.Comments = 'Normal' AND Student_Answers.Student_Answer_Text = 'Absent'
221,228,online_exams,online_exams,,,False,1,True,,llama3.1-8b,hybrid,"SELECT T2.TEXT_FIELD_8 FROM T2 JOIN T1 ON T2.IDENTIFIER_REFERENCE_6 = T1.IDENTIFIER_PRIMARY_1 WHERE T1.TEXT_FIELD_3 IN ('Normal', 'Absent')","SELECT Student_Answers.Comments FROM Student_Answers JOIN Valid_Answers ON Student_Answers.Student_ID = Valid_Answers.Valid_Answer_ID WHERE Valid_Answers.Valid_Answer_Text IN ('Normal', 'Absent')"
222,249,customers_and_orders,customers_and_orders,,,False,1,True,,llama3.1-8b,hybrid,SELECT DESCRIPTIVE_ATTRIBUTE_2 FROM T1 WHERE CURRENCY_AMOUNT_4 > (SELECT AVG(CURRENCY_AMOUNT_4) FROM T1),SELECT product_type_code FROM Products WHERE product_price > (SELECT AVG(product_price) FROM Products)
223,250,customers_and_orders,customers_and_orders,,,False,1,True,,llama3.1-8b,hybrid,SELECT DESCRIPTIVE_ATTRIBUTE_2 FROM T1 WHERE CURRENCY_AMOUNT_4 > (SELECT AVG(CURRENCY_AMOUNT_4) FROM T1),SELECT product_type_code FROM Products WHERE product_price > (SELECT AVG(product_price) FROM Products)
224,253,customers_and_orders,customers_and_orders,,,False,1,True,,llama3.1-8b,hybrid,"SELECT DESCRIPTIVE_ATTRIBUTE_3, MAX(CURRENCY_AMOUNT_4) FROM T1 WHERE DESCRIPTIVE_ATTRIBUTE_3 = 'Clothes' GROUP BY DESCRIPTIVE_ATTRIBUTE_3 ORDER BY MAX(CURRENCY_AMOUNT_4) DESC LIMIT 1","SELECT product_name, MAX(product_price) FROM Products WHERE product_name = 'Clothes' GROUP BY product_name ORDER BY MAX(product_price) DESC LIMIT 1"
225,254,customers_and_orders,customers_and_orders,,,False,1,True,,llama3.1-8b,hybrid,SELECT DESCRIPTIVE_ATTRIBUTE_2 FROM T1 WHERE CURRENCY_AMOUNT_4 = (SELECT MAX(CURRENCY_AMOUNT_4) FROM T1),SELECT product_type_code FROM Products WHERE product_price = (SELECT MAX(product_price) FROM Products)
226,255,customers_and_orders,customers_and_orders,,,False,3,False,,llama3.1-8b,hybrid,"SELECT T1.IDENTIFIER_PRIMARY_1, T1.DESCRIBITIVE_ATTRIBUTE_3 FROM T1 JOIN T2 ON T1.IDENTIFIER_PRIMARY_1 = T2.IDENTIFIER_REFERENCE_7 WHERE T2.MEASUREMENT_VALUE_8 = 'Hardware' ORDER BY T1.CURRENCY_AMOUNT_4 ASC LIMIT 1","SELECT Products.product_id, Products.DESCRIBITIVE_ATTRIBUTE_3 FROM Products JOIN Order_Items ON Products.product_id = Order_Items.product_id WHERE Order_Items.order_quantity = 'Hardware' ORDER BY Products.product_price ASC LIMIT 1"
227,256,customers_and_orders,customers_and_orders,,,False,1,True,,llama3.1-8b,hybrid,"SELECT IDENTIFIER_PRIMARY_1, DESCRIPTIVE_ATTRIBUTE_2 FROM T1 WHERE DESCRIPTIVE_ATTRIBUTE_2 = 'Hardware' ORDER BY CURRENCY_AMOUNT_4 ASC LIMIT 1","SELECT product_id, product_type_code FROM Products WHERE product_type_code = 'Hardware' ORDER BY product_price ASC LIMIT 1"
228,267,customers_and_orders,customers_and_orders,,,False,1,True,,llama3.1-8b,hybrid,"SELECT IDENTIFIER_PRIMARY_1, COUNT(*) as product_count FROM T1 GROUP BY IDENTIFIER_PRIMARY_1 ORDER BY COUNT(*) DESC","SELECT product_id, COUNT(*) as product_count FROM Products GROUP BY product_id ORDER BY COUNT(*) DESC"
229,268,customers_and_orders,customers_and_orders,,,False,1,True,,llama3.1-8b,hybrid,"SELECT DESCRIPTIVE_ATTRIBUTE_2, COUNT(*) as count FROM T1 GROUP BY DESCRIPTIVE_ATTRIBUTE_2 ORDER BY count DESC LIMIT 1","SELECT product_type_code, COUNT(*) as count FROM Products GROUP BY product_type_code ORDER BY count DESC LIMIT 1"
230,277,customers_and_orders,customers_and_orders,,,False,1,True,,llama3.1-8b,hybrid,SELECT MEASUREMENT_VALUE_3 FROM T1 GROUP BY MEASUREMENT_VALUE_3 ORDER BY COUNT(MEASUREMENT_VALUE_3) DESC LIMIT 1,SELECT customer_number FROM Customers GROUP BY customer_number ORDER BY COUNT(customer_number) DESC LIMIT 1
231,278,customers_and_orders,customers_and_orders,,,False,1,True,,llama3.1-8b,hybrid,"SELECT IDENTIFIER_CODE_2, COUNT(*) as count FROM T1 GROUP BY IDENTIFIER_CODE_2 ORDER BY count DESC LIMIT 1","SELECT address_id, COUNT(*) as count FROM Customers GROUP BY address_id ORDER BY count DESC LIMIT 1"
232,279,customers_and_orders,customers_and_orders,,,False,1,True,,llama3.1-8b,hybrid,"SELECT TEXT_FIELD_2, DESCRIPTIVE_ATTRIBUTE_4 FROM (SELECT TEXT_FIELD_2, DESCRIPTIVE_ATTRIBUTE_4, COUNT(*) as count FROM T1 GROUP BY DESCRIPTIVE_ATTRIBUTE_4 ORDER BY count ASC LIMIT 1)","SELECT payment_method_code, customer_name FROM (SELECT payment_method_code, customer_name, COUNT(*) as count FROM Customers GROUP BY customer_name ORDER BY count ASC LIMIT 1)"
233,280,customers_and_orders,customers_and_orders,,,False,1,True,,llama3.1-8b,hybrid,SELECT TEXT_FIELD_2 FROM T1 GROUP BY TEXT_FIELD_2 ORDER BY COUNT(TEXT_FIELD_2) ASC LIMIT 1,SELECT payment_method_code FROM Customers GROUP BY payment_method_code ORDER BY COUNT(payment_method_code) ASC LIMIT 1
234,287,customers_and_orders,customers_and_orders,,,False,1,True,,llama3.1-8b,hybrid,SELECT DESCRIPTIVE_ATTRIBUTE_2 FROM T1 GROUP BY DESCRIPTIVE_ATTRIBUTE_2 ORDER BY COUNT(DESCRIPTIVE_ATTRIBUTE_2) ASC LIMIT 1,SELECT product_type_code FROM Products GROUP BY product_type_code ORDER BY COUNT(product_type_code) ASC LIMIT 1
235,288,customers_and_orders,customers_and_orders,,,False,1,True,,llama3.1-8b,hybrid,SELECT DESCRIPTIVE_ATTRIBUTE_2 FROM T1 GROUP BY DESCRIPTIVE_ATTRIBUTE_2 ORDER BY COUNT(DESCRIPTIVE_ATTRIBUTE_2) ASC LIMIT 1,SELECT product_type_code FROM Products GROUP BY product_type_code ORDER BY COUNT(product_type_code) ASC LIMIT 1
236,299,customers_and_orders,customers_and_orders,,,False,1,True,,llama3.1-8b,hybrid,"SELECT IDENTIFIER_CODE_5, COUNT(*) as count FROM T2 GROUP BY IDENTIFIER_CODE_5 ORDER BY count DESC LIMIT 1","SELECT order_item_id, COUNT(*) as count FROM Order_Items GROUP BY order_item_id ORDER BY count DESC LIMIT 1"
237,300,customers_and_orders,customers_and_orders,,,False,3,False,,llama3.1-8b,hybrid,SELECT T3.MEASUREMENT_VALUE_14 FROM (SELECT T3.MEASUREMENT_VALUE_14 FROM T3 JOIN T2 ON T3.IDENTIFIER_REFERENCE_12 = T2.IDENTIFIER_PRIMARY_7 GROUP BY T3.MEASUREMENT_VALUE_14 ORDER BY COUNT(T3.MEASUREMENT_VALUE_14) DESC LIMIT 1) AS subquery,SELECT Order_Items.order_quantity FROM (SELECT Order_Items.order_quantity FROM Order_Items JOIN Customer_Orders ON Order_Items.order_id = Customer_Orders.order_id GROUP BY Order_Items.order_quantity ORDER BY COUNT(Order_Items.order_quantity) DESC LIMIT 1) AS subquery
238,303,customers_and_orders,customers_and_orders,,,False,3,False,,llama3.1-8b,hybrid,SELECT T1.DESCRIPITIVE_ATTRIBUTE_2 FROM T1 LEFT JOIN T3 ON T1.IDENTIFIER_PRIMARY_1 = T3.IDENTIFIER_REFERENCE_11 WHERE T3.IDENTIFIER_REFERENCE_10 IS NULL AND T1.DESCRIPITIVE_ATTRIBUTE_2 IS NOT NULL,SELECT Products.DESCRIPITIVE_ATTRIBUTE_2 FROM Products LEFT JOIN Order_Items ON Products.product_id = Order_Items.product_id WHERE Order_Items.order_id IS NULL AND Products.DESCRIPITIVE_ATTRIBUTE_2 IS NOT NULL
239,304,customers_and_orders,customers_and_orders,,,False,1,True,,llama3.1-8b,hybrid,SELECT T1.DESCRIPTIVE_ATTRIBUTE_2 FROM T1 LEFT JOIN T3 ON T3.IDENTIFIER_REFERENCE_11 = T1.IDENTIFIER_PRIMARY_1 WHERE T1.IDENTIFIER_PRIMARY_1 NOT IN (SELECT IDENTIFIER_REFERENCE_11 FROM T3),SELECT Products.product_type_code FROM Products LEFT JOIN Order_Items ON Order_Items.product_id = Products.product_id WHERE Products.product_id NOT IN (SELECT product_id FROM Order_Items)
240,40,e_commerce,e_commerce,,,False,1,True,,llama3.1-8b,hybrid,"SELECT T2.DESCRIPTIVE_ATTRIBUTE_8, T2.DESCRIPTIVE_ATTRIBUTE_9, T1.IDENTIFIER_PRIMARY_1 FROM T1 JOIN T2 ON T1.IDENTIFIER_PRIMARY_1 = T2.IDENTIFIER_PRIMARY_7 JOIN T5 ON T1.IDENTIFIER_PRIMARY_1 = T5.IDENTIFIER_REFERENCE_20 JOIN T3 ON T2.IDENTIFIER_PRIMARY_7 = T3.IDENTIFIER_REFERENCE_13 JOIN T4 ON T2.IDENTIFIER_PRIMARY_7 = T4.IDENTIFIER_REFERENCE_16 JOIN T6 ON T4.IDENTIFIER_PRIMARY_15 = T6.IDENTIFIER_REFERENCE_24 JOIN T7 ON T6.IDENTIFIER_PRIMARY_23 = T7.IDENTIFIER_PRIMARY_28 GROUP BY T1.IDENTIFIER_PRIMARY_1, T2.DESCRIPTIVE_ATTRIBUTE_8, T2.DESCRIPTIVE_ATTRIBUTE_9 HAVING COUNT(T5.IDENTIFIER_PRIMARY_19) > 2 AND COUNT(T7.IDENTIFIER_PRIMARY_28) > 2","SELECT Customers.gender_code, Customers.customer_first_name, Products.product_id FROM Products JOIN Customers ON Products.product_id = Customers.customer_id JOIN Order_Items ON Products.product_id = Order_Items.product_id JOIN Customer_Payment_Methods ON Customers.customer_id = Customer_Payment_Methods.customer_id JOIN Orders ON Customers.customer_id = Orders.customer_id JOIN Shipments ON Orders.order_id = Shipments.order_id JOIN Shipment_Items ON Shipments.shipment_id = Shipment_Items.shipment_id GROUP BY Products.product_id, Customers.gender_code, Customers.customer_first_name HAVING COUNT(Order_Items.order_item_id) > 2 AND COUNT(Shipment_Items.shipment_id) > 2"
241,41,e_commerce,e_commerce,,,False,3,False,,llama3.1-8b,hybrid,"SELECT T2.IDENTIFIER_PRIMARY_7, T2.DESCRIPITIVE_ATTRIBUTE_8, T2.DESCRIPITIVE_ATTRIBUTE_9 FROM T1 JOIN T2 ON T1.IDENTIFIER_PRIMARY_1 = T2.IDENTIFIER_PRIMARY_7 JOIN T5 ON T1.IDENTIFIER_PRIMARY_1 = T5.IDENTIFIER_REFERENCE_20 JOIN T4 ON T5.IDENTIFIER_REFERENCE_21 = T4.IDENTIFIER_PRIMARY_15 JOIN T6 ON T4.IDENTIFIER_PRIMARY_15 = T6.IDENTIFIER_REFERENCE_24 JOIN T7 ON T6.IDENTIFIER_PRIMARY_23 = T7.IDENTIFIER_PRIMARY_28 GROUP BY T2.IDENTIFIER_PRIMARY_7, T2.DESCRIPITIVE_ATTRIBUTE_8, T2.DESCRIPITIVE_ATTRIBUTE_9 HAVING COUNT(T5.IDENTIFIER_PRIMARY_19) > 2 AND COUNT(DISTINCT T1.IDENTIFIER_PRIMARY_1) >= 3","SELECT Customers.customer_id, Customers.DESCRIPITIVE_ATTRIBUTE_8, Customers.DESCRIPITIVE_ATTRIBUTE_9 FROM Products JOIN Customers ON Products.product_id = Customers.customer_id JOIN Order_Items ON Products.product_id = Order_Items.product_id JOIN Orders ON Order_Items.order_id = Orders.order_id JOIN Shipments ON Orders.order_id = Shipments.order_id JOIN Shipment_Items ON Shipments.shipment_id = Shipment_Items.shipment_id GROUP BY Customers.customer_id, Customers.DESCRIPITIVE_ATTRIBUTE_8, Customers.DESCRIPITIVE_ATTRIBUTE_9 HAVING COUNT(Order_Items.order_item_id) > 2 AND COUNT(DISTINCT Products.product_id) >= 3"
242,46,e_commerce,e_commerce,,,False,3,False,,llama3.1-8b,hybrid,"SELECT T1.DESCRIPITIVE_ATTRIBUTE_2 AS first_name, T1.DESCRIPITIVE_ATTRIBUTE_3 AS middle_initial, T1.DESCRIPITIVE_ATTRIBUTE_5 AS last_name FROM T1 WHERE T1.IDENTIFIER_PRIMARY_1 NOT IN (SELECT IDENTIFIER_REFERENCE_8 FROM T2)","SELECT Customers.DESCRIPITIVE_ATTRIBUTE_2 AS first_name, Customers.DESCRIPITIVE_ATTRIBUTE_3 AS middle_initial, Customers.DESCRIPITIVE_ATTRIBUTE_5 AS last_name FROM Customers WHERE Customers.customer_id NOT IN (SELECT customer_id FROM Orders)"
243,47,e_commerce,e_commerce,,,False,1,True,,llama3.1-8b,hybrid,"SELECT T1.DESCRIPTIVE_ATTRIBUTE_2, T1.DESCRIPTIVE_ATTRIBUTE_3, T1.DESCRIPTIVE_ATTRIBUTE_5 FROM T1 WHERE T1.IDENTIFIER_PRIMARY_1 NOT IN (SELECT IDENTIFIER_REFERENCE_8 FROM T2)","SELECT Customers.gender_code, Customers.customer_first_name, Customers.customer_last_name FROM Customers WHERE Customers.customer_id NOT IN (SELECT customer_id FROM Orders)"
244,48,e_commerce,e_commerce,,,False,1,True,,llama3.1-8b,hybrid,"SELECT T1.IDENTIFIER_PRIMARY_1, T1.DESCRIPTIVE_ATTRIBUTE_3, T1.CURRENCY_AMOUNT_4, T1.MEASUREMENT_VALUE_6 FROM T1 JOIN T3 ON T1.IDENTIFIER_PRIMARY_1 = T3.IDENTIFIER_REFERENCE_12 JOIN T2 ON T3.IDENTIFIER_REFERENCE_13 = T2.IDENTIFIER_PRIMARY_7 GROUP BY T1.IDENTIFIER_PRIMARY_1 HAVING COUNT(T3.IDENTIFIER_PRIMARY_11) < 2","SELECT Products.product_id, Products.product_name, Products.product_price, Products.product_size FROM Products JOIN Order_Items ON Products.product_id = Order_Items.product_id JOIN Orders ON Order_Items.order_id = Orders.order_id GROUP BY Products.product_id HAVING COUNT(Order_Items.order_item_id) < 2"
245,52,e_commerce,e_commerce,,,False,3,False,,llama3.1-8b,hybrid,"SELECT T5.IDENTIFIER_PRIMARY_19, T1.DESCRIPITIVE_ATTRIBUTE_3, T1.CURRENCY_AMOUNT_4 AS price FROM T5 JOIN T1 ON T5.IDENTIFIER_REFERENCE_20 = T1.IDENTIFIER_PRIMARY_1 GROUP BY T1.DESCRIPITIVE_ATTRIBUTE_3 ORDER BY COUNT(*) DESC LIMIT 1","SELECT Order_Items.order_item_id, Products.DESCRIPITIVE_ATTRIBUTE_3, Products.product_price AS price FROM Order_Items JOIN Products ON Order_Items.product_id = Products.product_id GROUP BY Products.DESCRIPITIVE_ATTRIBUTE_3 ORDER BY COUNT(*) DESC LIMIT 1"
246,53,e_commerce,e_commerce,,,False,1,True,,llama3.1-8b,hybrid,"SELECT T1.IDENTIFIER_PRIMARY_1, T1.DESCRIPTIVE_ATTRIBUTE_3, T1.CURRENCY_AMOUNT_4 FROM T1 JOIN T2 ON T1.IDENTIFIER_PRIMARY_1 = T2.IDENTIFIER_REFERENCE_8","SELECT Products.product_id, Products.product_name, Products.product_price FROM Products JOIN Order_Items ON Products.product_id = Order_Items.product_id"
247,54,e_commerce,e_commerce,,,False,1,True,,llama3.1-8b,hybrid,"SELECT T3.DESCRIPTIVE_ATTRIBUTE_14, SUM(T1.CURRENCY_AMOUNT_4) FROM T1 JOIN T3 ON T1.IDENTIFIER_PRIMARY_1 = T3.IDENTIFIER_REFERENCE_12 JOIN T2 ON T3.IDENTIFIER_REFERENCE_13 = T2.IDENTIFIER_PRIMARY_7 GROUP BY T3.DESCRIPTIVE_ATTRIBUTE_14 ORDER BY SUM(T1.CURRENCY_AMOUNT_4) ASC LIMIT 1","SELECT Order_Items.order_item_status_code, SUM(Products.product_price) FROM Products JOIN Order_Items ON Products.product_id = Order_Items.product_id JOIN Orders ON Order_Items.order_id = Orders.order_id GROUP BY Order_Items.order_item_status_code ORDER BY SUM(Products.product_price) ASC LIMIT 1"
248,55,e_commerce,e_commerce,,,False,3,False,,llama3.1-8b,hybrid,"SELECT T1.IDENTIFIER_PRIMARY_1, SUM(CAST(REPLACE(SUBSTR(T2.DESCRIPITIVE_ATTRIBUTE_8, INSTR(T2.DESCRIPITIVE_ATTRIBUTE_8, 'Cost: ') + 6), ',', '') AS REAL)) AS total_cost FROM T2 JOIN T1 ON T2.IDENTIFIER_REFERENCE_7 = T1.IDENTIFIER_PRIMARY_1 GROUP BY T1.IDENTIFIER_PRIMARY_1 ORDER BY total_cost ASC LIMIT 1","SELECT Orders.order_id, SUM(CAST(REPLACE(SUBSTR(Order_Items.DESCRIPITIVE_ATTRIBUTE_8, INSTR(Order_Items.DESCRIPITIVE_ATTRIBUTE_8, 'Cost: ') + 6), ',', '') AS REAL)) AS total_cost FROM Order_Items JOIN Orders ON Order_Items.order_id = Orders.order_id GROUP BY Orders.order_id ORDER BY total_cost ASC LIMIT 1"
249,72,e_commerce,e_commerce,,,False,1,True,,llama3.1-8b,hybrid,"SELECT DISTINCT T1.DESCRIPTIVE_ATTRIBUTE_3, T1.CURRENCY_AMOUNT_4, T2.DESCRIPTIVE_ATTRIBUTE_8 FROM T1 JOIN T3 ON T1.IDENTIFIER_PRIMARY_1 = T3.IDENTIFIER_REFERENCE_14 JOIN T2 ON T3.IDENTIFIER_REFERENCE_14 = T2.IDENTIFIER_PRIMARY_7 WHERE T2.DESCRIPTIVE_ATTRIBUTE_8 = 'Female'","SELECT DISTINCT Products.product_name, Products.product_price, Customers.gender_code FROM Products JOIN Orders ON Products.product_id = Orders.customer_id JOIN Customers ON Orders.customer_id = Customers.customer_id WHERE Customers.gender_code = 'Female'"
250,73,e_commerce,e_commerce,,,False,1,True,,llama3.1-8b,hybrid,"SELECT DISTINCT T1.DESCRIPTIVE_ATTRIBUTE_3, T1.CURRENCY_AMOUNT_4, T2.DESCRIPTIVE_ATTRIBUTE_8 FROM T1 JOIN T2 ON T1.IDENTIFIER_PRIMARY_1 = T2.IDENTIFIER_PRIMARY_7","SELECT DISTINCT Products.product_name, Products.product_price, Customers.gender_code FROM Products JOIN Customers ON Products.product_id = Customers.customer_id"
251,88,e_commerce,e_commerce,,,False,1,True,,llama3.1-8b,hybrid,"SELECT T1.CURRENCY_AMOUNT_4 AS product_price, T1.MEASUREMENT_VALUE_6 AS product_size FROM T1 WHERE T1.CURRENCY_AMOUNT_4 > (SELECT AVG(CURRENCY_AMOUNT_4) FROM T1)","SELECT Products.product_price AS product_price, Products.product_size AS product_size FROM Products WHERE Products.product_price > (SELECT AVG(product_price) FROM Products)"
252,89,e_commerce,e_commerce,,,False,1,True,,llama3.1-8b,hybrid,"SELECT CURRENCY_AMOUNT_4, MEASUREMENT_VALUE_6 FROM T1 WHERE CURRENCY_AMOUNT_4 > (SELECT AVG(CURRENCY_AMOUNT_4) FROM T1)","SELECT product_price, product_size FROM Products WHERE product_price > (SELECT AVG(product_price) FROM Products)"
253,90,e_commerce,e_commerce,,,False,1,True,,llama3.1-8b,hybrid,SELECT COUNT(*) FROM T1 WHERE CURRENCY_AMOUNT_4 = 0,SELECT COUNT(*) FROM Products WHERE product_price = 0
254,91,e_commerce,e_commerce,,,False,1,True,,llama3.1-8b,hybrid,SELECT COUNT(T1.IDENTIFIER_PRIMARY_1) FROM T1 WHERE T1.IDENTIFIER_PRIMARY_1 NOT IN (SELECT IDENTIFIER_REFERENCE_8 FROM T2),SELECT COUNT(Products.product_id) FROM Products WHERE Products.product_id NOT IN (SELECT product_id FROM Order_Items)
255,92,e_commerce,e_commerce,,,False,1,True,,llama3.1-8b,hybrid,SELECT COUNT(T1.IDENTIFIER_PRIMARY_1) FROM T1 LEFT JOIN T2 ON T1.IDENTIFIER_PRIMARY_1 = T2.IDENTIFIER_REFERENCE_7 WHERE T2.IDENTIFIER_REFERENCE_7 IS NULL,SELECT COUNT(Customers.customer_id) FROM Customers LEFT JOIN Customer_Payment_Methods ON Customers.customer_id = Customer_Payment_Methods.customer_id WHERE Customer_Payment_Methods.customer_id IS NULL
256,93,e_commerce,e_commerce,,,False,1,True,,llama3.1-8b,hybrid,SELECT COUNT(T1.IDENTIFIER_PRIMARY_1) FROM T1 LEFT JOIN T2 ON T1.IDENTIFIER_PRIMARY_1 = T2.IDENTIFIER_REFERENCE_7 WHERE T2.IDENTIFIER_REFERENCE_7 IS NULL,SELECT COUNT(Customers.customer_id) FROM Customers LEFT JOIN Customer_Payment_Methods ON Customers.customer_id = Customer_Payment_Methods.customer_id WHERE Customer_Payment_Methods.customer_id IS NULL
257,106,e_commerce,e_commerce,,,False,1,True,,llama3.1-8b,hybrid,"SELECT TEXT_FIELD_6 AS email_address, DESCRIPTIVE_ATTRIBUTE_3 AS town, DESCRIPTIVE_ATTRIBUTE_4 AS county FROM T1 WHERE DESCRIPTIVE_ATTRIBUTE_2 IN ( SELECT DESCRIPTIVE_ATTRIBUTE_2 FROM T1 GROUP BY DESCRIPTIVE_ATTRIBUTE_2 ORDER BY COUNT(DISTINCT DESCRIPTIVE_ATTRIBUTE_2) ASC LIMIT 1 )","SELECT county AS email_address, email_address AS town, address_line_1 AS county FROM Customers WHERE gender_code IN ( SELECT gender_code FROM Customers GROUP BY gender_code ORDER BY COUNT(DISTINCT gender_code) ASC LIMIT 1 )"
258,107,e_commerce,e_commerce,,,False,1,True,,llama3.1-8b,hybrid,"SELECT T1.DESCRIPTIVE_ATTRIBUTE_2, T1.DESCRIPTIVE_ATTRIBUTE_3, T1.DESCRIPTIVE_ATTRIBUTE_4 FROM T1 JOIN T2 ON T1.IDENTIFIER_PRIMARY_1 = T2.IDENTIFIER_REFERENCE_8 WHERE T2.DESCRIPTIVE_ATTRIBUTE_9 IN ( SELECT DESCRIPTIVE_ATTRIBUTE_9 FROM T2 GROUP BY DESCRIPTIVE_ATTRIBUTE_9 ORDER BY COUNT(IDENTIFIER_PRIMARY_7) ASC LIMIT 1 )","SELECT Customers.gender_code, Customers.email_address, Customers.address_line_1 FROM Customers JOIN Orders ON Customers.customer_id = Orders.customer_id WHERE Orders.order_status_code IN ( SELECT order_status_code FROM Orders GROUP BY order_status_code ORDER BY COUNT(order_id) ASC LIMIT 1 )"
259,118,e_commerce,e_commerce,,,False,1,True,,llama3.1-8b,hybrid,"SELECT TEXT_FIELD_4 AS color, TEXTUAL_CONTENT_6 AS description, MEASUREMENT_VALUE_5 AS size FROM T1 WHERE CURRENCY_AMOUNT_3 < (SELECT MAX(CURRENCY_AMOUNT_3) FROM T1)","SELECT product_color AS color, product_description AS description, product_size AS size FROM Products WHERE product_price < (SELECT MAX(product_price) FROM Products)"
260,119,e_commerce,e_commerce,,,False,1,True,,llama3.1-8b,hybrid,"SELECT TEXT_FIELD_4, TEXTUAL_CONTENT_6, TEXT_FIELD_4 AS size FROM T1 WHERE CURRENCY_AMOUNT_3 < (SELECT MAX(CURRENCY_AMOUNT_3) FROM T1)","SELECT product_color, product_description, product_color AS size FROM Products WHERE product_price < (SELECT MAX(product_price) FROM Products)"
261,125,bbc_channels,bbc_channels,,,False,1,True,,llama3.1-8b,hybrid,"SELECT T1.DESCRIPTIVE_ATTRIBUTE_2, COUNT(T3.IDENTIFIER_PRIMARY_9) AS program_count FROM T1 JOIN T3 ON T1.IDENTIFIER_PRIMARY_1 = T3.IDENTIFIER_REFERENCE_13 GROUP BY T1.DESCRIPTIVE_ATTRIBUTE_2 ORDER BY program_count DESC LIMIT 1","SELECT channel.Name, COUNT(program.Program_ID) AS program_count FROM channel JOIN program ON channel.Channel_ID = program.Channel_ID GROUP BY channel.Name ORDER BY program_count DESC LIMIT 1"
262,126,bbc_channels,bbc_channels,,,False,3,False,,llama3.1-8b,hybrid,"SELECT T1.DESCRIPTIVE_ATTRIBUTE_2, T2.MEASUREMENT_VALUE_8 FROM ( SELECT T1.DESCRIPTIVE_ATTRIBUTE_2, T2.MEASUREMENT_VALUE_8, COUNT(T3.IDENTIFIER_REFERENCE_13) AS COUNT FROM T1 JOIN T3 ON T1.IDENTIFIER_PRIMARY_1 = T3.IDENTIFIER_REFERENCE_13 JOIN T2 ON T3.IDENTIFIER_REFERENCE_12 = T2.IDENTIFIER_PRIMARY_6 GROUP BY T1.DESCRIPTIVE_ATTRIBUTE_2, T2.MEASUREMENT_VALUE_8 ORDER BY COUNT DESC LIMIT 1 ) AS subquery","SELECT channel.Name, director.Age FROM ( SELECT channel.Name, director.Age, COUNT(program.Channel_ID) AS COUNT FROM channel JOIN program ON channel.Channel_ID = program.Channel_ID JOIN director ON program.Director_ID = director.Director_ID GROUP BY channel.Name, director.Age ORDER BY COUNT DESC LIMIT 1 ) AS subquery"
263,130,bbc_channels,bbc_channels,,,False,1,True,,llama3.1-8b,hybrid,SELECT COUNT(T1.IDENTIFIER_PRIMARY_1) FROM T1 LEFT JOIN T3 ON T1.IDENTIFIER_PRIMARY_1 = T3.IDENTIFIER_REFERENCE_13 WHERE T3.IDENTIFIER_REFERENCE_12 IS NULL,SELECT COUNT(channel.Channel_ID) FROM channel LEFT JOIN program ON channel.Channel_ID = program.Channel_ID WHERE program.Director_ID IS NULL
264,132,bbc_channels,bbc_channels,,,False,1,True,,llama3.1-8b,hybrid,"SELECT T1.DESCRIPTIVE_ATTRIBUTE_2, T1.TEXT_FIELD_4 FROM T1 JOIN T3 ON T1.IDENTIFIER_PRIMARY_1 = T3.IDENTIFIER_REFERENCE_13 JOIN T2 ON T3.IDENTIFIER_REFERENCE_12 = T2.IDENTIFIER_PRIMARY_6 GROUP BY T1.IDENTIFIER_PRIMARY_1 ORDER BY COUNT(T3.IDENTIFIER_REFERENCE_13) DESC LIMIT 1","SELECT channel.Name, channel.Digital_terrestrial_channel FROM channel JOIN program ON channel.Channel_ID = program.Channel_ID JOIN director ON program.Director_ID = director.Director_ID GROUP BY channel.Channel_ID ORDER BY COUNT(program.Channel_ID) DESC LIMIT 1"
265,134,bbc_channels,bbc_channels,,,False,1,True,,llama3.1-8b,hybrid,SELECT IDENTIFIER_REFERENCE_13 FROM T3 WHERE IDENTIFIER_REFERENCE_12 IN (SELECT IDENTIFIER_PRIMARY_6 FROM T2 WHERE MEASUREMENT_VALUE_8 < 40) INTERSECT SELECT IDENTIFIER_REFERENCE_13 FROM T3 WHERE IDENTIFIER_REFERENCE_12 IN (SELECT IDENTIFIER_PRIMARY_6 FROM T2 WHERE MEASUREMENT_VALUE_8 > 60),SELECT Channel_ID FROM program WHERE Director_ID IN (SELECT Director_ID FROM director WHERE Age < 40) INTERSECT SELECT Channel_ID FROM program WHERE Director_ID IN (SELECT Director_ID FROM director WHERE Age > 60)
266,181,vehicle_driver,vehicle_driver,,,False,1,True,,llama3.1-8b,hybrid,"SELECT T2.DESCRIPTIVE_ATTRIBUTE_9, T2.TEXT_FIELD_10 FROM T2 JOIN T3 ON T2.IDENTIFIER_PRIMARY_8 = T3.IDENTIFIER_PRIMARY_12 WHERE T3.IDENTIFIER_REFERENCE_13 IN ( SELECT IDENTIFIER_PRIMARY_1 FROM T1 GROUP BY IDENTIFIER_PRIMARY_1 HAVING COUNT(IDENTIFIER_PRIMARY_1) > 2 ) OR EXISTS ( SELECT 1 FROM T1 WHERE T1.IDENTIFIER_PRIMARY_1 = T3.IDENTIFIER_REFERENCE_13 AND T1.TEXT_FIELD_6 = 'Jeff Gordon' )","SELECT driver.Name, driver.Citizenship FROM driver JOIN vehicle_driver ON driver.Driver_ID = vehicle_driver.Driver_ID WHERE vehicle_driver.Vehicle_ID IN ( SELECT Vehicle_ID FROM vehicle GROUP BY Vehicle_ID HAVING COUNT(Vehicle_ID) > 2 ) OR EXISTS ( SELECT 1 FROM vehicle WHERE vehicle.Vehicle_ID = vehicle_driver.Vehicle_ID AND vehicle.Builder = 'Jeff Gordon' )"
267,182,vehicle_driver,vehicle_driver,,,False,1,True,,llama3.1-8b,hybrid,"SELECT T1.IDENTIFIER_PRIMARY_1, T2.DESCRIPTIVE_ATTRIBUTE_9 FROM T1 JOIN T3 ON T1.IDENTIFIER_PRIMARY_1 = T3.IDENTIFIER_REFERENCE_13 JOIN T2 ON T3.IDENTIFIER_PRIMARY_12 = T2.IDENTIFIER_PRIMARY_8 WHERE T2.DESCRIPTIVE_ATTRIBUTE_9 = 'Jeff Gordon' OR T1.IDENTIFIER_PRIMARY_1 IN ( SELECT T1.IDENTIFIER_PRIMARY_1 FROM T1 JOIN T3 ON T1.IDENTIFIER_PRIMARY_1 = T3.IDENTIFIER_REFERENCE_13 JOIN T2 ON T3.IDENTIFIER_PRIMARY_12 = T2.IDENTIFIER_PRIMARY_8 GROUP BY T1.IDENTIFIER_PRIMARY_1 HAVING COUNT(T1.IDENTIFIER_PRIMARY_1) > 2 )","SELECT vehicle.Vehicle_ID, driver.Name FROM vehicle JOIN vehicle_driver ON vehicle.Vehicle_ID = vehicle_driver.Vehicle_ID JOIN driver ON vehicle_driver.Driver_ID = driver.Driver_ID WHERE driver.Name = 'Jeff Gordon' OR vehicle.Vehicle_ID IN ( SELECT vehicle.Vehicle_ID FROM vehicle JOIN vehicle_driver ON vehicle.Vehicle_ID = vehicle_driver.Vehicle_ID JOIN driver ON vehicle_driver.Driver_ID = driver.Driver_ID GROUP BY vehicle.Vehicle_ID HAVING COUNT(vehicle.Vehicle_ID) > 2 )"
268,191,vehicle_driver,vehicle_driver,,,False,1,True,,llama3.1-8b,hybrid,SELECT COUNT(*) FROM T2 LEFT JOIN T3 ON T2.IDENTIFIER_PRIMARY_8 = T3.IDENTIFIER_PRIMARY_12 WHERE T3.IDENTIFIER_PRIMARY_12 IS NULL,SELECT COUNT(*) FROM driver LEFT JOIN vehicle_driver ON driver.Driver_ID = vehicle_driver.Driver_ID WHERE vehicle_driver.Driver_ID IS NULL
269,192,vehicle_driver,vehicle_driver,,,False,1,True,,llama3.1-8b,hybrid,SELECT COUNT(*) FROM T2 WHERE IDENTIFIER_PRIMARY_8 NOT IN (SELECT IDENTIFIER_PRIMARY_12 FROM T3),SELECT COUNT(*) FROM driver WHERE Driver_ID NOT IN (SELECT Driver_ID FROM vehicle_driver)
270,251,customers_and_orders,customers_and_orders,,,False,1,True,,llama3.1-8b,hybrid,SELECT DESCRIPTIVE_ATTRIBUTE_2 FROM T1 WHERE CURRENCY_AMOUNT_4 > (SELECT AVG(CURRENCY_AMOUNT_4) FROM T1),SELECT product_type_code FROM Products WHERE product_price > (SELECT AVG(product_price) FROM Products)
271,252,customers_and_orders,customers_and_orders,,,False,1,True,,llama3.1-8b,hybrid,SELECT DESCRIPTIVE_ATTRIBUTE_2 FROM T1 WHERE DESCRIPTIVE_ATTRIBUTE_3 = 'Hardware' AND CURRENCY_AMOUNT_4 > (SELECT AVG(CURRENCY_AMOUNT_4) FROM T1 WHERE DESCRIPTIVE_ATTRIBUTE_3 = 'Hardware'),SELECT product_type_code FROM Products WHERE product_name = 'Hardware' AND product_price > (SELECT AVG(product_price) FROM Products WHERE product_name = 'Hardware')
272,295,customers_and_orders,customers_and_orders,,,False,3,False,,llama3.1-8b,hybrid,"SELECT T1.IDENTIFIER_CODE_2, T1.DESCRIBITIVE_ATTRIBUTE_4, T1.DESCRIBITIVE_ATTRIBUTE_5, T1.DESCRIBITIVE_ATTRIBUTE_6 FROM T1 JOIN T2 ON T1.IDENTIFIER_PRIMARY_1 = T2.IDENTIFIER_REFERENCE_8 JOIN T3 ON T2.IDENTIFIER_PRIMARY_7 = T3.IDENTIFIER_REFERENCE_12 GROUP BY T1.IDENTIFIER_CODE_2, T1.DESCRIBITIVE_ATTRIBUTE_4, T1.DESCRIBITIVE_ATTRIBUTE_5, T1.DESCRIBITIVE_ATTRIBUTE_6 ORDER BY COUNT(T3.IDENTIFIER_REFERENCE_12) DESC LIMIT 1","SELECT Customers.address_id, Customers.DESCRIBITIVE_ATTRIBUTE_4, Customers.DESCRIBITIVE_ATTRIBUTE_5, Customers.DESCRIBITIVE_ATTRIBUTE_6 FROM Customers JOIN Customer_Orders ON Customers.customer_id = Customer_Orders.customer_id JOIN Order_Items ON Customer_Orders.order_id = Order_Items.order_id GROUP BY Customers.address_id, Customers.DESCRIBITIVE_ATTRIBUTE_4, Customers.DESCRIBITIVE_ATTRIBUTE_5, Customers.DESCRIBITIVE_ATTRIBUTE_6 ORDER BY COUNT(Order_Items.order_id) DESC LIMIT 1"
273,296,customers_and_orders,customers_and_orders,,,False,1,True,,llama3.1-8b,hybrid,"SELECT T1.IDENTIFIER_PRIMARY_1, T1.DESCRIPTIVE_ATTRIBUTE_4, T1.DESCRIPTIVE_ATTRIBUTE_5, T1.DESCRIPTIVE_ATTRIBUTE_6, COUNT(T2.IDENTIFIER_PRIMARY_7) AS ORDER_COUNT FROM T1 JOIN T2 ON T1.IDENTIFIER_PRIMARY_1 = T2.IDENTIFIER_REFERENCE_8 GROUP BY T1.IDENTIFIER_PRIMARY_1 ORDER BY ORDER_COUNT DESC LIMIT 1","SELECT Customers.customer_id, Customers.customer_name, Customers.customer_phone, Customers.customer_email, COUNT(Customer_Orders.order_id) AS ORDER_COUNT FROM Customers JOIN Customer_Orders ON Customers.customer_id = Customer_Orders.customer_id GROUP BY Customers.customer_id ORDER BY ORDER_COUNT DESC LIMIT 1"
274,301,customers_and_orders,customers_and_orders,,,False,1,True,,llama3.1-8b,hybrid,SELECT COUNT(T1.IDENTIFIER_PRIMARY_1) FROM T1 LEFT JOIN T2 ON T1.IDENTIFIER_PRIMARY_1 = T2.IDENTIFIER_REFERENCE_8 WHERE T2.IDENTIFIER_PRIMARY_7 IS NULL,SELECT COUNT(Customers.customer_id) FROM Customers LEFT JOIN Customer_Orders ON Customers.customer_id = Customer_Orders.customer_id WHERE Customer_Orders.order_id IS NULL
275,302,customers_and_orders,customers_and_orders,,,False,1,True,,llama3.1-8b,hybrid,SELECT COUNT(T1.IDENTIFIER_PRIMARY_1) FROM T1 LEFT JOIN T2 ON T1.IDENTIFIER_PRIMARY_1 = T2.IDENTIFIER_REFERENCE_8 WHERE T2.IDENTIFIER_PRIMARY_7 IS NULL,SELECT COUNT(Customers.customer_id) FROM Customers LEFT JOIN Customer_Orders ON Customers.customer_id = Customer_Orders.customer_id WHERE Customer_Orders.order_id IS NULL
276,313,customers_and_orders,customers_and_orders,,,False,1,True,,llama3.1-8b,hybrid,"SELECT T2.CHRONOLOGICAL_MARKER_7, T2.IDENTIFIER_PRIMARY_5 FROM T2 JOIN T3 ON T2.IDENTIFIER_PRIMARY_5 = T3.IDENTIFIER_REFERENCE_10 WHERE T3.MEASUREMENT_VALUE_12 > 6 OR T2.IDENTIFIER_PRIMARY_5 IN ( SELECT T2.IDENTIFIER_PRIMARY_5 FROM T2 JOIN T3 ON T2.IDENTIFIER_PRIMARY_5 = T3.IDENTIFIER_REFERENCE_10 GROUP BY T2.IDENTIFIER_PRIMARY_5 HAVING COUNT(T3.MEASUREMENT_VALUE_12) > 3 ) ORDER BY T2.CHRONOLOGICAL_MARKER_7 LIMIT 10","SELECT Customer_Orders.order_date, Customer_Orders.order_id FROM Customer_Orders JOIN Order_Items ON Customer_Orders.order_id = Order_Items.order_id WHERE Order_Items.order_quantity > 6 OR Customer_Orders.order_id IN ( SELECT Customer_Orders.order_id FROM Customer_Orders JOIN Order_Items ON Customer_Orders.order_id = Order_Items.order_id GROUP BY Customer_Orders.order_id HAVING COUNT(Order_Items.order_quantity) > 3 ) ORDER BY Customer_Orders.order_date LIMIT 10"
277,314,customers_and_orders,customers_and_orders,,,False,1,True,,llama3.1-8b,hybrid,"SELECT T2.IDENTIFIER_PRIMARY_5, T2.CHRONOLOGICAL_MARKER_7 FROM T2 JOIN T3 ON T2.IDENTIFIER_PRIMARY_5 = T3.IDENTIFIER_REFERENCE_10 JOIN T1 ON T3.IDENTIFIER_REFERENCE_11 = T1.IDENTIFIER_PRIMARY_1 WHERE T3.MEASUREMENT_VALUE_12 > 6 OR T3.MEASUREMENT_VALUE_12 > 3 GROUP BY T2.IDENTIFIER_PRIMARY_5, T2.CHRONOLOGICAL_MARKER_7 ORDER BY T2.CHRONOLOGICAL_MARKER_7","SELECT Customer_Orders.order_id, Customer_Orders.order_date FROM Customer_Orders JOIN Order_Items ON Customer_Orders.order_id = Order_Items.order_id JOIN Products ON Order_Items.product_id = Products.product_id WHERE Order_Items.order_quantity > 6 OR Order_Items.order_quantity > 3 GROUP BY Customer_Orders.order_id, Customer_Orders.order_date ORDER BY Customer_Orders.order_date"
278,337,region_building,region_building,,,False,1,True,,llama3.1-8b,hybrid,"SELECT T2.DESCRIPTIVE_ATTRIBUTE_8, T2.LOCATION_ATTRIBUTE_9 FROM T1 JOIN T2 ON T1.IDENTIFIER_REFERENCE_2 = T2.IDENTIFIER_PRIMARY_7 GROUP BY T2.DESCRIPTIVE_ATTRIBUTE_8, T2.LOCATION_ATTRIBUTE_9 ORDER BY COUNT(T1.IDENTIFIER_PRIMARY_1) DESC LIMIT 1","SELECT region.Name, region.Capital FROM building JOIN region ON building.Region_ID = region.Region_ID GROUP BY region.Name, region.Capital ORDER BY COUNT(building.Building_ID) DESC LIMIT 1"
279,338,region_building,region_building,,,False,1,True,,llama3.1-8b,hybrid,"SELECT T2.LOCATION_ATTRIBUTE_9, T2.LOCATION_ATTRIBUTE_10 AS capital FROM T1 JOIN T2 ON T1.IDENTIFIER_REFERENCE_2 = T2.IDENTIFIER_PRIMARY_7 GROUP BY T2.LOCATION_ATTRIBUTE_9 ORDER BY COUNT(T1.IDENTIFIER_PRIMARY_1) DESC LIMIT 1","SELECT region.Capital, region.Area AS capital FROM building JOIN region ON building.Region_ID = region.Region_ID GROUP BY region.Capital ORDER BY COUNT(building.Building_ID) DESC LIMIT 1"
280,365,government_shift,government_shift,,,False,1,True,,llama3.1-8b,hybrid,"SELECT T1.IDENTIFIER_PRIMARY_1, COUNT(T3.IDENTIFIER_PRIMARY_5) AS service_count FROM T1 JOIN T3 ON T3.IDENTIFIER_REFERENCE_7 = T1.IDENTIFIER_PRIMARY_1 GROUP BY T1.IDENTIFIER_PRIMARY_1 ORDER BY service_count DESC LIMIT 1","SELECT Services.Service_ID, COUNT(Customers_and_Services.Customers_and_Services_ID) AS service_count FROM Services JOIN Customers_and_Services ON Customers_and_Services.Service_ID = Services.Service_ID GROUP BY Services.Service_ID ORDER BY service_count DESC LIMIT 1"
281,366,government_shift,government_shift,,,False,1,True,,llama3.1-8b,hybrid,"SELECT T1.IDENTIFIER_PRIMARY_1, COUNT(T4.IDENTIFIER_PRIMARY_9) AS service_count FROM T1 JOIN T4 ON T4.IDENTIFIER_REFERENCE_12 = T1.IDENTIFIER_PRIMARY_1 GROUP BY T1.IDENTIFIER_PRIMARY_1 ORDER BY service_count DESC LIMIT 1","SELECT Services.Service_ID, COUNT(Customer_Interactions.Customer_Interaction_ID) AS service_count FROM Services JOIN Customer_Interactions ON Customer_Interactions.Service_ID = Services.Service_ID GROUP BY Services.Service_ID ORDER BY service_count DESC LIMIT 1"
282,367,government_shift,ERR,,,False,0,False,,,,,"ERR: RateLimitError('Error code: 429 - {\'message\': ""We\'re experiencing high traffic right now! Please try again soon."", \'type\': \'too_many_requests_error\', \'param\': \'queue\', \'code\': \'queue_exceeded\'}')"
283,368,government_shift,government_shift,,,False,1,True,,llama3.1-8b,hybrid,"SELECT T1.IDENTIFIER_PRIMARY_1, T1.TEXT_FIELD_2, COUNT(T5.IDENTIFIER_PRIMARY_15) AS service_count FROM T1 JOIN T3 ON T3.IDENTIFIER_REFERENCE_7 = T1.IDENTIFIER_PRIMARY_1 JOIN T4 ON T4.IDENTIFIER_REFERENCE_12 = T1.IDENTIFIER_PRIMARY_1 JOIN T5 ON T5.IDENTIFIER_REFERENCE_16 = T3.IDENTIFIER_PRIMARY_5 GROUP BY T1.IDENTIFIER_PRIMARY_1, T1.TEXT_FIELD_2 ORDER BY service_count DESC LIMIT 1","SELECT Services.Service_ID, Services.Service_Details, COUNT(Analytical_Layer.Analytical_ID) AS service_count FROM Services JOIN Customers_and_Services ON Customers_and_Services.Service_ID = Services.Service_ID JOIN Customer_Interactions ON Customer_Interactions.Service_ID = Services.Service_ID JOIN Analytical_Layer ON Analytical_Layer.Customers_and_Services_ID = Customers_and_Services.Customers_and_Services_ID GROUP BY Services.Service_ID, Services.Service_Details ORDER BY service_count DESC LIMIT 1"
284,371,government_shift,government_shift,,,False,1,True,,llama3.1-8b,hybrid,"SELECT T1.IDENTIFIER_PRIMARY_1, T1.TEXT_FIELD_2, T3.IDENTIFIER_PRIMARY_5, T3.TEXT_FIELD_8 FROM T1 JOIN T3 ON T3.IDENTIFIER_REFERENCE_7 = T1.IDENTIFIER_PRIMARY_1 JOIN T2 ON T2.IDENTIFIER_PRIMARY_3 = T3.IDENTIFIER_REFERENCE_6 JOIN ( SELECT IDENTIFIER_REFERENCE_7, IDENTIFIER_PRIMARY_5, COUNT(*) as count FROM T3 GROUP BY IDENTIFIER_REFERENCE_7, IDENTIFIER_PRIMARY_5 ) AS subquery ON T3.IDENTIFIER_REFERENCE_7 = subquery.IDENTIFIER_REFERENCE_7 JOIN T5 ON T5.IDENTIFIER_REFERENCE_16 = T3.IDENTIFIER_PRIMARY_5 ORDER BY subquery.count ASC LIMIT 1","SELECT Services.Service_ID, Services.Service_Details, Customers_and_Services.Customers_and_Services_ID, Customers_and_Services.Customers_and_Services_Details FROM Services JOIN Customers_and_Services ON Customers_and_Services.Service_ID = Services.Service_ID JOIN Customers ON Customers.Customer_ID = Customers_and_Services.Customer_ID JOIN ( SELECT Service_ID, Customers_and_Services_ID, COUNT(*) as count FROM Customers_and_Services GROUP BY Service_ID, Customers_and_Services_ID ) AS subquery ON Customers_and_Services.Service_ID = subquery.Service_ID JOIN Analytical_Layer ON Analytical_Layer.Customers_and_Services_ID = Customers_and_Services.Customers_and_Services_ID ORDER BY subquery.count ASC LIMIT 1"
285,372,government_shift,ERR,,,False,0,False,,,,,"ERR: RateLimitError('Error code: 429 - {\'message\': ""We\'re experiencing high traffic right now! Please try again soon."", \'type\': \'too_many_requests_error\', \'param\': \'queue\', \'code\': \'queue_exceeded\'}')"
286,377,government_shift,government_shift,,,False,3,False,,llama3.1-8b,hybrid,SELECT DISTINCT T3.TEXT_FIELD_8 FROM T3 INNER JOIN T1 ON T3.IDENTIFIER_REFERENCE_7 = T1.IDENTIFIER_PRIMARY_1 INNER JOIN T4 ON T4.IDENTIFIER_REFERENCE_12 = T1.IDENTIFIER_PRIMARY_1 INNER JOIN T2 ON T4.IDENTIFIER_REFERENCE_11 = T2.IDENTIFIER_PRIMARY_3 WHERE T1.TEXT_FIELD_2 = 'Hardy Kutch' OR T4.DESCRIPITIVE_ATTRIBUTE_13 = 'good',SELECT DISTINCT Customers_and_Services.Customers_and_Services_Details FROM Customers_and_Services INNER JOIN Services ON Customers_and_Services.Service_ID = Services.Service_ID INNER JOIN Customer_Interactions ON Customer_Interactions.Service_ID = Services.Service_ID INNER JOIN Customers ON Customer_Interactions.Customer_ID = Customers.Customer_ID WHERE Services.Service_Details = 'Hardy Kutch' OR Customer_Interactions.DESCRIPITIVE_ATTRIBUTE_13 = 'good'
287,378,government_shift,government_shift,,,False,1,True,,llama3.1-8b,hybrid,SELECT T3.* FROM T3 WHERE EXISTS (SELECT 1 FROM T1 WHERE T1.TEXT_FIELD_2 = 'Hardy Kutch' INTERSECT SELECT 1 FROM T2 WHERE T2.TEXT_FIELD_4 = 'good'),SELECT Customers_and_Services.* FROM Customers_and_Services WHERE EXISTS (SELECT 1 FROM Services WHERE Services.Service_Details = 'Hardy Kutch' INTERSECT SELECT 1 FROM Customers WHERE Customers.Customer_Details = 'good')
288,379,government_shift,government_shift,,,False,1,True,,llama3.1-8b,hybrid,SELECT T3.TEXT_FIELD_8 FROM T3 JOIN T1 ON T3.IDENTIFIER_REFERENCE_7 = T1.IDENTIFIER_PRIMARY_1 JOIN T4 ON T4.IDENTIFIER_REFERENCE_12 = T1.IDENTIFIER_PRIMARY_1 JOIN T2 ON T4.IDENTIFIER_REFERENCE_11 = T2.IDENTIFIER_PRIMARY_3 WHERE T1.TEXT_FIELD_2 = 'Hardy Kutch' AND T4.DESCRIPTIVE_ATTRIBUTE_13 = 'bad',SELECT Customers_and_Services.Customers_and_Services_Details FROM Customers_and_Services JOIN Services ON Customers_and_Services.Service_ID = Services.Service_ID JOIN Customer_Interactions ON Customer_Interactions.Service_ID = Services.Service_ID JOIN Customers ON Customer_Interactions.Customer_ID = Customers.Customer_ID WHERE Services.Service_Details = 'Hardy Kutch' AND Customer_Interactions.Status_Code = 'bad'
289,380,government_shift,government_shift,,,False,1,True,,llama3.1-8b,hybrid,SELECT T3.* FROM T3 JOIN T1 ON T3.IDENTIFIER_REFERENCE_7 = T1.IDENTIFIER_PRIMARY_1 JOIN T2 ON T3.IDENTIFIER_REFERENCE_6 = T2.IDENTIFIER_PRIMARY_3 WHERE T1.TEXT_FIELD_2 = 'Hardy Kutch' AND T3.TEXT_FIELD_8 = 'bad',SELECT Customers_and_Services.* FROM Customers_and_Services JOIN Services ON Customers_and_Services.Service_ID = Services.Service_ID JOIN Customers ON Customers_and_Services.Customer_ID = Customers.Customer_ID WHERE Services.Service_Details = 'Hardy Kutch' AND Customers_and_Services.Customers_and_Services_Details = 'bad'
290,401,vehicle_rent,vehicle_rent,,,False,3,False,,llama3.1-8b,hybrid,"SELECT T1.DESCRIPITIVE_ATTRIBUTE_2, T2.DESCRIPITIVE_ATTRIBUTE_6, T4.MEASUREMENT_VALUE_22 FROM T4 JOIN T1 ON T4.IDENTIFIER_REFERENCE_19 = T1.IDENTIFIER_PRIMARY_1 JOIN T2 ON T4.IDENTIFIER_REFERENCE_20 = T2.IDENTIFIER_PRIMARY_5 JOIN T3 ON T4.IDENTIFIER_REFERENCE_21 = T3.IDENTIFIER_PRIMARY_8 WHERE T1.DESCRIPITIVE_ATTRIBUTE_2 IN ('2013', '2014')","SELECT Customers.DESCRIPITIVE_ATTRIBUTE_2, Discount.DESCRIPITIVE_ATTRIBUTE_6, Renting_history.total_hours FROM Renting_history JOIN Customers ON Renting_history.customer_id = Customers.id JOIN Discount ON Renting_history.discount_id = Discount.id JOIN Vehicles ON Renting_history.vehicles_id = Vehicles.id WHERE Customers.DESCRIPITIVE_ATTRIBUTE_2 IN ('2013', '2014')"
291,402,vehicle_rent,ERR,,,False,0,False,,,,,"ERR: RateLimitError('Error code: 429 - {\'message\': ""We\'re experiencing high traffic right now! Please try again soon."", \'type\': \'too_many_requests_error\', \'param\': \'queue\', \'code\': \'queue_exceeded\'}')"
292,429,vehicle_rent,vehicle_rent,,,False,3,False,,llama3.1-8b,hybrid,"SELECT T1.DESCRIPTIVE_ATTRIBUTE_2, T3.DESCRIPTIVE_ATTRIBUTE_9 FROM ( SELECT T4.IDENTIFIER_REFERENCE_19 FROM T4 GROUP BY T4.IDENTIFIER_REFERENCE_19 ORDER BY COUNT(T4.IDENTIFIER_REFERENCE_19) DESC LIMIT 1 ) AS T4 JOIN T1 ON T4.IDENTIFIER_REFERENCE_19 = T1.IDENTIFIER_PRIMARY_1 JOIN T2 ON T4.IDENTIFIER_REFERENCE_20 = T2.IDENTIFIER_PRIMARY_5 JOIN T3 ON T4.IDENTIFIER_REFERENCE_21 = T3.IDENTIFIER_PRIMARY_8","SELECT Customers.name, Vehicles.name FROM ( SELECT Renting_history.customer_id FROM Renting_history GROUP BY Renting_history.customer_id ORDER BY COUNT(Renting_history.customer_id) DESC LIMIT 1 ) AS Renting_history JOIN Customers ON Renting_history.customer_id = Customers.id JOIN Discount ON Renting_history.discount_id = Discount.id JOIN Vehicles ON Renting_history.vehicles_id = Vehicles.id"
293,430,vehicle_rent,vehicle_rent,,,False,3,False,,llama3.1-8b,hybrid,"SELECT T1.DESCRIPITIVE_ATTRIBUTE_2, T2.DESCRIPITIVE_ATTRIBUTE_6 FROM T4 JOIN T1 ON T4.IDENTIFIER_REFERENCE_19 = T1.IDENTIFIER_PRIMARY_1 JOIN T2 ON T4.IDENTIFIER_REFERENCE_20 = T2.IDENTIFIER_PRIMARY_5 WHERE (T4.IDENTIFIER_REFERENCE_19, T4.IDENTIFIER_REFERENCE_20) IN ( SELECT IDENTIFIER_REFERENCE_19, IDENTIFIER_REFERENCE_20 FROM T4 GROUP BY IDENTIFIER_REFERENCE_19, IDENTIFIER_REFERENCE_20 ORDER BY COUNT(*) DESC LIMIT 1 )","SELECT Customers.DESCRIPITIVE_ATTRIBUTE_2, Discount.DESCRIPITIVE_ATTRIBUTE_6 FROM Renting_history JOIN Customers ON Renting_history.customer_id = Customers.id JOIN Discount ON Renting_history.discount_id = Discount.id WHERE (Renting_history.customer_id, Renting_history.discount_id) IN ( SELECT customer_id, discount_id FROM Renting_history GROUP BY customer_id, discount_id ORDER BY COUNT(*) DESC LIMIT 1 )"
294,433,vehicle_rent,vehicle_rent,,,False,3,False,,llama3.1-8b,hybrid,"SELECT T2.DESCRIPITIVE_ATTRIBUTE_6, COUNT(*) AS count FROM T4 JOIN T2 ON T4.IDENTIFIER_REFERENCE_20 = T2.IDENTIFIER_PRIMARY_5 JOIN T1 ON T4.IDENTIFIER_REFERENCE_19 = T1.IDENTIFIER_PRIMARY_1 WHERE T1.DESCRIPITIVE_ATTRIBUTE_2 = 'Discount' GROUP BY T2.DESCRIPITIVE_ATTRIBUTE_6 ORDER BY count DESC LIMIT 1","SELECT Discount.DESCRIPITIVE_ATTRIBUTE_6, COUNT(*) AS count FROM Renting_history JOIN Discount ON Renting_history.discount_id = Discount.id JOIN Customers ON Renting_history.customer_id = Customers.id WHERE Customers.DESCRIPITIVE_ATTRIBUTE_2 = 'Discount' GROUP BY Discount.DESCRIPITIVE_ATTRIBUTE_6 ORDER BY count DESC LIMIT 1"
295,434,vehicle_rent,vehicle_rent,,,False,3,False,,llama3.1-8b,hybrid,SELECT T2.DESCRIPITIVE_ATTRIBUTE_6 FROM T2 JOIN T4 ON T4.IDENTIFIER_REFERENCE_20 = T2.IDENTIFIER_PRIMARY_5 JOIN T1 ON T1.IDENTIFIER_PRIMARY_1 = T4.IDENTIFIER_REFERENCE_19 GROUP BY T2.DESCRIPITIVE_ATTRIBUTE_6 ORDER BY COUNT(T1.IDENTIFIER_PRIMARY_1) DESC LIMIT 1,SELECT Discount.DESCRIPITIVE_ATTRIBUTE_6 FROM Discount JOIN Renting_history ON Renting_history.discount_id = Discount.id JOIN Customers ON Customers.id = Renting_history.customer_id GROUP BY Discount.DESCRIPITIVE_ATTRIBUTE_6 ORDER BY COUNT(Customers.id) DESC LIMIT 1
296,441,cre_Students_Information_Systems,cre_Students_Information_Systems,,,False,1,True,,llama3.1-8b,hybrid,"SELECT T1.IDENTIFIER_PRIMARY_1, T1.TEXT_FIELD_2, T1.TEXT_FIELD_3 FROM T1 JOIN ( SELECT IDENTIFIER_REFERENCE_5, COUNT(*) as class_count FROM T2 GROUP BY IDENTIFIER_REFERENCE_5 HAVING COUNT(*) >= 2 ) AS T2_COUNT ON T1.IDENTIFIER_PRIMARY_1 = T2_COUNT.IDENTIFIER_REFERENCE_5 JOIN ( SELECT IDENTIFIER_REFERENCE_32, COUNT(*) as detention_count FROM T9 GROUP BY IDENTIFIER_REFERENCE_32 HAVING COUNT(*) < 2 ) AS T9_COUNT ON T1.IDENTIFIER_PRIMARY_1 = T9_COUNT.IDENTIFIER_REFERENCE_32","SELECT Students.student_id, Students.bio_data, Students.student_details FROM Students JOIN ( SELECT student_id, COUNT(*) as class_count FROM Transcripts GROUP BY student_id HAVING COUNT(*) >= 2 ) AS T2_COUNT ON Students.student_id = T2_COUNT.student_id JOIN ( SELECT student_id, COUNT(*) as detention_count FROM Students_Addresses GROUP BY student_id HAVING COUNT(*) < 2 ) AS T9_COUNT ON Students.student_id = T9_COUNT.student_id"
297,442,cre_Students_Information_Systems,cre_Students_Information_Systems,,,False,1,True,,llama3.1-8b,hybrid,"SELECT T1.IDENTIFIER_PRIMARY_1, T11.TEXT_FIELD_45, T11.TEXT_FIELD_46 FROM T1 JOIN T11 ON T1.IDENTIFIER_PRIMARY_1 = T11.IDENTIFIER_REFERENCE_43 WHERE T1.IDENTIFIER_PRIMARY_1 IN ( SELECT T1.IDENTIFIER_PRIMARY_1 FROM T1 JOIN T11 ON T1.IDENTIFIER_PRIMARY_1 = T11.IDENTIFIER_REFERENCE_43 GROUP BY T1.IDENTIFIER_PRIMARY_1 HAVING COUNT(T11.IDENTIFIER_PRIMARY_41) >= 2 ) OR T1.IDENTIFIER_PRIMARY_1 IN ( SELECT T1.IDENTIFIER_PRIMARY_1 FROM T1 JOIN T9 ON T1.IDENTIFIER_PRIMARY_1 = T9.IDENTIFIER_REFERENCE_32 GROUP BY T1.IDENTIFIER_PRIMARY_1 HAVING COUNT(T9.IDENTIFIER_PRIMARY_29) < 2 )","SELECT Students.student_id, Achievements.achievement_details, Achievements.other_details FROM Students JOIN Achievements ON Students.student_id = Achievements.student_id WHERE Students.student_id IN ( SELECT Students.student_id FROM Students JOIN Achievements ON Students.student_id = Achievements.student_id GROUP BY Students.student_id HAVING COUNT(Achievements.achievement_id) >= 2 ) OR Students.student_id IN ( SELECT Students.student_id FROM Students JOIN Students_Addresses ON Students.student_id = Students_Addresses.student_id GROUP BY Students.student_id HAVING COUNT(Students_Addresses.student_address_id) < 2 )"
298,443,cre_Students_Information_Systems,cre_Students_Information_Systems,,,False,3,False,,llama3.1-8b,hybrid,"SELECT T1.IDENTIFIER_PRIMARY_1, T3.DESCRIBITIVE_ATTRIBUTE_9, T4.TEXT_FIELD_15, T5.TEXT_FIELD_20 FROM T1 JOIN T3 ON T1.IDENTIFIER_PRIMARY_1 = T3.IDENTIFIER_REFERENCE_7 JOIN T4 ON T1.IDENTIFIER_PRIMARY_1 = T4.IDENTIFIER_REFERENCE_12 JOIN T5 ON T1.IDENTIFIER_PRIMARY_1 = T5.IDENTIFIER_REFERENCE_18 WHERE T3.DESCRIBITIVE_ATTRIBUTE_9 LIKE '%data%' AND T3.DESCRIBITIVE_ATTRIBUTE_9 NOT LIKE 'net%' AND T4.TEXT_FIELD_15 NOT LIKE 'net%' AND T5.TEXT_FIELD_20 NOT LIKE 'net%'","SELECT Students.student_id, Classes.DESCRIBITIVE_ATTRIBUTE_9, Detention.other_details, Achievements.achievement_details FROM Students JOIN Classes ON Students.student_id = Classes.student_id JOIN Detention ON Students.student_id = Detention.student_id JOIN Achievements ON Students.student_id = Achievements.student_id WHERE Classes.DESCRIBITIVE_ATTRIBUTE_9 LIKE '%data%' AND Classes.DESCRIBITIVE_ATTRIBUTE_9 NOT LIKE 'net%' AND Detention.other_details NOT LIKE 'net%' AND Achievements.achievement_details NOT LIKE 'net%'"
299,444,cre_Students_Information_Systems,cre_Students_Information_Systems,,,False,1,True,,llama3.1-8b,hybrid,"SELECT T1.TEXT_FIELD_2, T1.TEXT_FIELD_3 FROM T1 JOIN T3 ON T1.IDENTIFIER_PRIMARY_1 = T3.IDENTIFIER_REFERENCE_7 JOIN T2 ON T3.IDENTIFIER_REFERENCE_8 = T2.IDENTIFIER_PRIMARY_4 WHERE T2.TEXT_FIELD_5 LIKE '%data%' AND T2.TEXT_FIELD_5 NOT LIKE 'net%'","SELECT Students.bio_data, Students.student_details FROM Students JOIN Classes ON Students.student_id = Classes.student_id JOIN Teachers ON Classes.teacher_id = Teachers.teacher_id WHERE Teachers.teacher_details LIKE '%data%' AND Teachers.teacher_details NOT LIKE 'net%'"
300,447,cre_Students_Information_Systems,cre_Students_Information_Systems,,,False,1,True,,llama3.1-8b,hybrid,"SELECT T1.IDENTIFIER_PRIMARY_1, SUM(T4.CURRENCY_AMOUNT_13) AS loan_amount, T4.CHRONOLOGICAL_MARKER_12 AS loan_date FROM T4 JOIN T1 ON T4.IDENTIFIER_REFERENCE_11 = T1.IDENTIFIER_PRIMARY_1 JOIN T6 ON T6.IDENTIFIER_REFERENCE_23 = T1.IDENTIFIER_PRIMARY_1 WHERE T6.IDENTIFIER_PRIMARY_21 IN ( SELECT IDENTIFIER_PRIMARY_21 FROM T6 GROUP BY IDENTIFIER_PRIMARY_21 HAVING COUNT(IDENTIFIER_PRIMARY_21) >= 2 ) GROUP BY T1.IDENTIFIER_PRIMARY_1, T4.CHRONOLOGICAL_MARKER_12","SELECT Students.student_id, SUM(Student_Loans.amount_of_loan) AS loan_amount, Student_Loans.date_of_loan AS loan_date FROM Student_Loans JOIN Students ON Student_Loans.student_id = Students.student_id JOIN Achievements ON Achievements.student_id = Students.student_id WHERE Achievements.achievement_id IN ( SELECT achievement_id FROM Achievements GROUP BY achievement_id HAVING COUNT(achievement_id) >= 2 ) GROUP BY Students.student_id, Student_Loans.date_of_loan"
301,448,cre_Students_Information_Systems,cre_Students_Information_Systems,,,False,1,True,,llama3.1-8b,hybrid,"SELECT T5.CURRENCY_AMOUNT_18, T5.CHRONOLOGICAL_MARKER_17 FROM T5 JOIN T1 ON T5.IDENTIFIER_REFERENCE_16 = T1.IDENTIFIER_PRIMARY_1 JOIN ( SELECT IDENTIFIER_REFERENCE_5, COUNT(*) as count FROM T2 GROUP BY IDENTIFIER_REFERENCE_5 HAVING COUNT(*) >= 2 ) AS T2_COUNT ON T1.IDENTIFIER_PRIMARY_1 = T2_COUNT.IDENTIFIER_REFERENCE_5","SELECT Student_Loans.amount_of_loan, Student_Loans.date_of_loan FROM Student_Loans JOIN Students ON Student_Loans.student_id = Students.student_id JOIN ( SELECT student_id, COUNT(*) as count FROM Transcripts GROUP BY student_id HAVING COUNT(*) >= 2 ) AS T2_COUNT ON Students.student_id = T2_COUNT.student_id"
302,449,cre_Students_Information_Systems,cre_Students_Information_Systems,,,False,1,True,,llama3.1-8b,hybrid,"SELECT T1.IDENTIFIER_PRIMARY_1, COUNT(T2.IDENTIFIER_PRIMARY_4) + COUNT(T3.IDENTIFIER_PRIMARY_8) + COUNT(T4.IDENTIFIER_PRIMARY_11) + COUNT(T6.IDENTIFIER_PRIMARY_18) + COUNT(T7.IDENTIFIER_PRIMARY_23) + COUNT(T8.IDENTIFIER_PRIMARY_27) + COUNT(T9.IDENTIFIER_PRIMARY_33) + COUNT(T10.IDENTIFIER_PRIMARY_39) AS detail FROM T1 LEFT JOIN T2 ON T1.IDENTIFIER_PRIMARY_1 = T2.IDENTIFIER_REFERENCE_5 LEFT JOIN T3 ON T1.IDENTIFIER_PRIMARY_1 = T3.IDENTIFIER_REFERENCE_9 LEFT JOIN T4 ON T1.IDENTIFIER_PRIMARY_1 = T4.IDENTIFIER_REFERENCE_13 LEFT JOIN T6 ON T1.IDENTIFIER_PRIMARY_1 = T6.IDENTIFIER_REFERENCE_19 LEFT JOIN T7 ON T1.IDENTIFIER_PRIMARY_1 = T7.IDENTIFIER_REFERENCE_24 LEFT JOIN T8 ON T1.IDENTIFIER_PRIMARY_1 = T8.IDENTIFIER_REFERENCE_30 LEFT JOIN T9 ON T1.IDENTIFIER_PRIMARY_1 = T9.IDENTIFIER_REFERENCE_35 LEFT JOIN T10 ON T1.IDENTIFIER_PRIMARY_1 = T10.IDENTIFIER_REFERENCE_41 GROUP BY T1.IDENTIFIER_PRIMARY_1 ORDER BY COUNT(T2.IDENTIFIER_PRIMARY_4) + COUNT(T3.IDENTIFIER_PRIMARY_8) + COUNT(T4.IDENTIFIER_PRIMARY_11) + COUNT(T6.IDENTIFIER_PRIMARY_18) + COUNT(T7.IDENTIFIER_PRIMARY_23) + COUNT(T8.IDENTIFIER_PRIMARY_27) + COUNT(T9.IDENTIFIER_PRIMARY_33) + COUNT(T10.IDENTIFIER_PRIMARY_39) DESC","SELECT Students.student_id, COUNT(Transcripts.transcript_id) + COUNT(Behaviour_Monitoring.behaviour_monitoring_id) + COUNT(Student_Events.event_id) + COUNT(Student_Loans.student_loan_id) + COUNT(Classes.class_id) + COUNT(Students_Addresses.student_address_id) + COUNT(Detention.detention_id) + COUNT(Achievements.achievement_id) AS detail FROM Students LEFT JOIN Transcripts ON Students.student_id = Transcripts.student_id LEFT JOIN Behaviour_Monitoring ON Students.student_id = Behaviour_Monitoring.student_id LEFT JOIN Student_Events ON Students.student_id = Student_Events.student_id LEFT JOIN Student_Loans ON Students.student_id = Student_Loans.student_id LEFT JOIN Classes ON Students.student_id = Classes.student_id LEFT JOIN Students_Addresses ON Students.student_id = Students_Addresses.student_id LEFT JOIN Detention ON Students.student_id = Detention.student_id LEFT JOIN Achievements ON Students.student_id = Achievements.student_id GROUP BY Students.student_id ORDER BY COUNT(Transcripts.transcript_id) + COUNT(Behaviour_Monitoring.behaviour_monitoring_id) + COUNT(Student_Events.event_id) + COUNT(Student_Loans.student_loan_id) + COUNT(Classes.class_id) + COUNT(Students_Addresses.student_address_id) + COUNT(Detention.detention_id) + COUNT(Achievements.achievement_id) DESC"
303,450,cre_Students_Information_Systems,cre_Students_Information_Systems,,,False,1,True,,llama3.1-8b,hybrid,"SELECT T1.TEXT_FIELD_2, T1.IDENTIFIER_PRIMARY_1 FROM T1 JOIN T5 ON T1.IDENTIFIER_PRIMARY_1 = T5.IDENTIFIER_REFERENCE_16 GROUP BY T1.IDENTIFIER_PRIMARY_1 ORDER BY COUNT(T5.IDENTIFIER_PRIMARY_14) DESC LIMIT 1","SELECT Students.bio_data, Students.student_id FROM Students JOIN Achievements ON Students.student_id = Achievements.student_id GROUP BY Students.student_id ORDER BY COUNT(Achievements.achievement_id) DESC LIMIT 1"
304,461,cre_Students_Information_Systems,cre_Students_Information_Systems,,,False,3,False,,llama3.1-8b,hybrid,SELECT T1.* FROM T1 JOIN ( SELECT T2.IDENTIFIER_REFERENCE_5 FROM T2 GROUP BY T2.IDENTIFIER_REFERENCE_5 HAVING COUNT(T2.IDENTIFIER_REFERENCE_5) = ( SELECT MAX(COUNT(T2.IDENTIFIER_REFERENCE_5)) FROM T2 GROUP BY T2.IDENTIFIER_REFERENCE_5 ) ) AS T2 ON T1.IDENTIFIER_PRIMARY_1 = T2.IDENTIFIER_REFERENCE_5 JOIN ( SELECT T2.IDENTIFIER_REFERENCE_5 FROM T2 GROUP BY T2.IDENTIFIER_REFERENCE_5 HAVING COUNT(T2.IDENTIFIER_REFERENCE_5) = 3 ) AS T3 ON T1.IDENTIFIER_PRIMARY_1 = T3.IDENTIFIER_REFERENCE_5,SELECT Students.* FROM Students JOIN ( SELECT Transcripts.student_id FROM Transcripts GROUP BY Transcripts.student_id HAVING COUNT(Transcripts.student_id) = ( SELECT MAX(COUNT(Transcripts.student_id)) FROM Transcripts GROUP BY Transcripts.student_id ) ) AS Transcripts ON Students.student_id = Transcripts.student_id JOIN ( SELECT Transcripts.student_id FROM Transcripts GROUP BY Transcripts.student_id HAVING COUNT(Transcripts.student_id) = 3 ) AS Behaviour_Monitoring ON Students.student_id = Behaviour_Monitoring.student_id
305,462,cre_Students_Information_Systems,cre_Students_Information_Systems,,,False,1,True,,llama3.1-8b,hybrid,"SELECT T1.IDENTIFIER_PRIMARY_1, T1.TEXT_FIELD_2, T1.TEXT_FIELD_3, T2.CHRONOLOGICAL_MARKER_6, T2.TEXT_FIELD_7, T4.CHRONOLOGICAL_MARKER_14, T4.TEXT_FIELD_15, T5.CHRONOLOGICAL_MARKER_18, T5.CURRENCY_AMOUNT_19, T5.TEXT_FIELD_20 FROM T1 JOIN T2 ON T1.IDENTIFIER_PRIMARY_1 = T2.IDENTIFIER_REFERENCE_5 JOIN T4 ON T1.IDENTIFIER_PRIMARY_1 = T4.IDENTIFIER_REFERENCE_13 JOIN T5 ON T1.IDENTIFIER_PRIMARY_1 = T5.IDENTIFIER_REFERENCE_17 WHERE T2.CHRONOLOGICAL_MARKER_6 IN ( SELECT CHRONOLOGICAL_MARKER_6 FROM T2 GROUP BY CHRONOLOGICAL_MARKER_6 HAVING COUNT(CHRONOLOGICAL_MARKER_6) = 3 ) AND T5.CURRENCY_AMOUNT_19 IN ( SELECT CURRENCY_AMOUNT_19 FROM T5 GROUP BY CURRENCY_AMOUNT_19 HAVING COUNT(CURRENCY_AMOUNT_19) = ( SELECT COUNT(CURRENCY_AMOUNT_19) FROM T5 GROUP BY CURRENCY_AMOUNT_19 ORDER BY COUNT(CURRENCY_AMOUNT_19) DESC LIMIT 1 ) )","SELECT Students.student_id, Students.bio_data, Students.student_details, Transcripts.date_of_transcript, Transcripts.transcript_details, Student_Events.event_date, Student_Events.other_details, Student_Loans.date_of_loan, Student_Loans.amount_of_loan, Student_Loans.other_details FROM Students JOIN Transcripts ON Students.student_id = Transcripts.student_id JOIN Student_Events ON Students.student_id = Student_Events.student_id JOIN Student_Loans ON Students.student_id = Student_Loans.student_id WHERE Transcripts.date_of_transcript IN ( SELECT date_of_transcript FROM Transcripts GROUP BY date_of_transcript HAVING COUNT(date_of_transcript) = 3 ) AND Student_Loans.amount_of_loan IN ( SELECT amount_of_loan FROM Student_Loans GROUP BY amount_of_loan HAVING COUNT(amount_of_loan) = ( SELECT COUNT(amount_of_loan) FROM Student_Loans GROUP BY amount_of_loan ORDER BY COUNT(amount_of_loan) DESC LIMIT 1 ) )"
306,463,cre_Students_Information_Systems,cre_Students_Information_Systems,,,False,1,True,,llama3.1-8b,hybrid,"SELECT T1.IDENTIFIER_PRIMARY_1, T1.TEXT_FIELD_2, T1.TEXT_FIELD_3 FROM T1 JOIN ( SELECT IDENTIFIER_REFERENCE_5, COUNT(*) as count FROM T2 GROUP BY IDENTIFIER_REFERENCE_5 HAVING COUNT(*) = ( SELECT MAX(count) FROM ( SELECT IDENTIFIER_REFERENCE_5, COUNT(*) as count FROM T2 GROUP BY IDENTIFIER_REFERENCE_5 ) ) ) AS T2_SUBQUERY ON T1.IDENTIFIER_PRIMARY_1 = T2_SUBQUERY.IDENTIFIER_REFERENCE_5 UNION SELECT T1.IDENTIFIER_PRIMARY_1, T1.TEXT_FIELD_2, T1.TEXT_FIELD_3 FROM T1 JOIN ( SELECT IDENTIFIER_REFERENCE_9, COUNT(*) as count FROM T3 GROUP BY IDENTIFIER_REFERENCE_9 HAVING COUNT(*) = ( SELECT MAX(count) FROM ( SELECT IDENTIFIER_REFERENCE_9, COUNT(*) as count FROM T3 GROUP BY IDENTIFIER_REFERENCE_9 ) ) ) AS T3_SUBQUERY ON T1.IDENTIFIER_PRIMARY_1 = T3_SUBQUERY.IDENTIFIER_REFERENCE_9 UNION SELECT T1.IDENTIFIER_PRIMARY_1, T1.TEXT_FIELD_2, T1.TEXT_FIELD_3 FROM T1 JOIN ( SELECT IDENTIFIER_REFERENCE_13, COUNT(*) as count FROM T4 GROUP BY IDENTIFIER_REFERENCE_13 HAVING COUNT(*) = ( SELECT MAX(count) FROM ( SELECT IDENTIFIER_REFERENCE_13, COUNT(*) as count FROM T4 GROUP BY IDENTIFIER_REFERENCE_13 ) ) ) AS T4_SUBQUERY ON T1.IDENTIFIER_PRIMARY_1 = T4_SUBQUERY.IDENTIFIER_REFERENCE_13 UNION SELECT T1.IDENTIFIER_PRIMARY_1, T1.TEXT_FIELD_2, T1.TEXT_FIELD_3 FROM T1 JOIN ( SELECT IDENTIFIER_REFERENCE_19, COUNT(*) as count FROM T6 GROUP BY IDENTIFIER_REFERENCE_19 HAVING COUNT(*) = ( SELECT MAX(count) FROM ( SELECT IDENTIFIER_REFERENCE_19, COUNT(*) as count FROM T6 GROUP BY IDENTIFIER_REFERENCE_19 ) ) ) AS T6_SUBQUERY","SELECT Students.student_id, Students.bio_data, Students.student_details FROM Students JOIN ( SELECT student_id, COUNT(*) as count FROM Transcripts GROUP BY student_id HAVING COUNT(*) = ( SELECT MAX(count) FROM ( SELECT student_id, COUNT(*) as count FROM Transcripts GROUP BY student_id ) ) ) AS T2_SUBQUERY ON Students.student_id = T2_SUBQUERY.student_id UNION SELECT Students.student_id, Students.bio_data, Students.student_details FROM Students JOIN ( SELECT student_id, COUNT(*) as count FROM Behaviour_Monitoring GROUP BY student_id HAVING COUNT(*) = ( SELECT MAX(count) FROM ( SELECT student_id, COUNT(*) as count FROM Behaviour_Monitoring GROUP BY student_id ) ) ) AS T3_SUBQUERY ON Students.student_id = T3_SUBQUERY.student_id UNION SELECT Students.student_id, Students.bio_data, Students.student_details FROM Students JOIN ( SELECT student_id, COUNT(*) as count FROM Student_Events GROUP BY student_id HAVING COUNT(*) = ( SELECT MAX(count) FROM ( SELECT student_id, COUNT(*) as count FROM Student_Events GROUP BY student_id ) ) ) AS T4_SUBQUERY ON Students.student_id = T4_SUBQUERY.student_id UNION SELECT Students.student_id, Students.bio_data, Students.student_details FROM Students JOIN ( SELECT student_id, COUNT(*) as count FROM Student_Loans GROUP BY student_id HAVING COUNT(*) = ( SELECT MAX(count) FROM ( SELECT student_id, COUNT(*) as count FROM Student_Loans GROUP BY student_id ) ) ) AS T6_SUBQUERY"
307,464,cre_Students_Information_Systems,cre_Students_Information_Systems,,,False,1,True,,llama3.1-8b,hybrid,"SELECT T1.TEXT_FIELD_2, T1.TEXT_FIELD_3 FROM T1 JOIN T2 ON T1.IDENTIFIER_PRIMARY_1 = T2.IDENTIFIER_REFERENCE_5 JOIN T3 ON T1.IDENTIFIER_PRIMARY_1 = T3.IDENTIFIER_REFERENCE_9 JOIN T4 ON T1.IDENTIFIER_PRIMARY_1 = T4.IDENTIFIER_REFERENCE_13 JOIN T5 ON T1.IDENTIFIER_PRIMARY_1 = T5.IDENTIFIER_REFERENCE_17 JOIN T6 ON T1.IDENTIFIER_PRIMARY_1 = T6.IDENTIFIER_REFERENCE_23 JOIN T7 ON T1.IDENTIFIER_PRIMARY_1 = T7.IDENTIFIER_REFERENCE_29 GROUP BY T1.IDENTIFIER_PRIMARY_1 ORDER BY COUNT(T1.IDENTIFIER_PRIMARY_1) DESC LIMIT 1","SELECT Students.bio_data, Students.student_details FROM Students JOIN Transcripts ON Students.student_id = Transcripts.student_id JOIN Behaviour_Monitoring ON Students.student_id = Behaviour_Monitoring.student_id JOIN Student_Events ON Students.student_id = Student_Events.student_id JOIN Student_Loans ON Students.student_id = Student_Loans.student_id JOIN Detention ON Students.student_id = Detention.student_id JOIN Achievements ON Students.student_id = Achievements.student_id GROUP BY Students.student_id ORDER BY COUNT(Students.student_id) DESC LIMIT 1"
308,467,cre_Students_Information_Systems,cre_Students_Information_Systems,,,False,3,False,,llama3.1-8b,hybrid,"SELECT T3.DESCRIPITIVE_ATTRIBUTE_8 AS event_type, COUNT(T1.IDENTIFIER_PRIMARY_1) AS number_of_students FROM T2 JOIN T1 ON T2.IDENTIFIER_REFERENCE_5 = T1.IDENTIFIER_PRIMARY_1 JOIN T3 ON T2.TEXT_FIELD_6 = T3.IDENTIFIER_PRIMARY_7 GROUP BY T3.DESCRIPITIVE_ATTRIBUTE_8 HAVING COUNT(T1.IDENTIFIER_PRIMARY_1) = (SELECT MAX(number_of_students) FROM (SELECT T3.DESCRIPITIVE_ATTRIBUTE_8, COUNT(T1.IDENTIFIER_PRIMARY_1) AS number_of_students FROM T2 JOIN T1 ON T2.IDENTIFIER_REFERENCE_5 = T1.IDENTIFIER_PRIMARY_1 JOIN T3 ON T2.TEXT_FIELD_6 = T3.IDENTIFIER_PRIMARY_7 GROUP BY T3.DESCRIPITIVE_ATTRIBUTE_8))","SELECT Ref_Event_Types.DESCRIPITIVE_ATTRIBUTE_8 AS event_type, COUNT(Students.student_id) AS number_of_students FROM Behaviour_Monitoring JOIN Students ON Behaviour_Monitoring.student_id = Students.student_id JOIN Ref_Event_Types ON Behaviour_Monitoring.behaviour_monitoring_details = Ref_Event_Types.event_type_code GROUP BY Ref_Event_Types.DESCRIPITIVE_ATTRIBUTE_8 HAVING COUNT(Students.student_id) = (SELECT MAX(number_of_students) FROM (SELECT Ref_Event_Types.DESCRIPITIVE_ATTRIBUTE_8, COUNT(Students.student_id) AS number_of_students FROM Behaviour_Monitoring JOIN Students ON Behaviour_Monitoring.student_id = Students.student_id JOIN Ref_Event_Types ON Behaviour_Monitoring.behaviour_monitoring_details = Ref_Event_Types.event_type_code GROUP BY Ref_Event_Types.DESCRIPITIVE_ATTRIBUTE_8))"
309,468,cre_Students_Information_Systems,cre_Students_Information_Systems,,,False,1,True,,llama3.1-8b,hybrid,"SELECT T4.DESCRIPTIVE_ATTRIBUTE_12 AS event_type_description, T4.IDENTIFIER_PRIMARY_11 AS event_type_code, COUNT(T2.IDENTIFIER_PRIMARY_4) + COUNT(T3.IDENTIFIER_PRIMARY_8) + COUNT(T7.IDENTIFIER_PRIMARY_17) + COUNT(T8.IDENTIFIER_PRIMARY_22) + COUNT(T10.IDENTIFIER_PRIMARY_31) + COUNT(T11.IDENTIFIER_PRIMARY_37) + COUNT(T12.IDENTIFIER_PRIMARY_43) AS num_students FROM T1 LEFT JOIN T2 ON T1.IDENTIFIER_PRIMARY_1 = T2.IDENTIFIER_REFERENCE_5 LEFT JOIN T3 ON T1.IDENTIFIER_PRIMARY_1 = T3.IDENTIFIER_REFERENCE_9 LEFT JOIN T7 ON T1.IDENTIFIER_PRIMARY_1 = T7.IDENTIFIER_REFERENCE_19 LEFT JOIN T4 ON T1.IDENTIFIER_PRIMARY_1 = T4.IDENTIFIER_PRIMARY_11 LEFT JOIN T8 ON T1.IDENTIFIER_PRIMARY_1 = T8.IDENTIFIER_REFERENCE_23 LEFT JOIN T9 ON T1.IDENTIFIER_PRIMARY_1 = T9.IDENTIFIER_REFERENCE_28 LEFT JOIN T10 ON T1.IDENTIFIER_PRIMARY_1 = T10.IDENTIFIER_REFERENCE_34 LEFT JOIN T11 ON T1.IDENTIFIER_PRIMARY_1 = T11.IDENTIFIER_REFERENCE_39 LEFT JOIN T12 ON T1.IDENTIFIER_PRIMARY_1 = T12.IDENTIFIER_REFERENCE_45","SELECT Ref_Event_Types.event_type_description AS event_type_description, Ref_Event_Types.event_type_code AS event_type_code, COUNT(Transcripts.transcript_id) + COUNT(Behaviour_Monitoring.behaviour_monitoring_id) + COUNT(Student_Events.event_id) + COUNT(Student_Loans.student_loan_id) + COUNT(Students_Addresses.student_address_id) + COUNT(Detention.detention_id) + COUNT(Achievements.achievement_id) AS num_students FROM Students LEFT JOIN Transcripts ON Students.student_id = Transcripts.student_id LEFT JOIN Behaviour_Monitoring ON Students.student_id = Behaviour_Monitoring.student_id LEFT JOIN Student_Events ON Students.student_id = Student_Events.student_id LEFT JOIN Ref_Event_Types ON Students.student_id = Ref_Event_Types.event_type_code LEFT JOIN Student_Loans ON Students.student_id = Student_Loans.student_id LEFT JOIN Classes ON Students.student_id = Classes.student_id LEFT JOIN Students_Addresses ON Students.student_id = Students_Addresses.student_id LEFT JOIN Detention ON Students.student_id = Detention.student_id LEFT JOIN Achievements ON Students.student_id = Achievements.student_id"
310,471,cre_Students_Information_Systems,cre_Students_Information_Systems,,,False,1,True,,llama3.1-8b,hybrid,SELECT COUNT(DISTINCT T1.IDENTIFIER_PRIMARY_1) FROM T1 JOIN T3 ON T1.IDENTIFIER_PRIMARY_1 = T3.IDENTIFIER_REFERENCE_12 WHERE T1.IDENTIFIER_PRIMARY_1 NOT IN ( SELECT T2.IDENTIFIER_REFERENCE_5 FROM T2 WHERE T2.CURRENCY_AMOUNT_7 > 0 ),SELECT COUNT(DISTINCT Students.student_id) FROM Students JOIN Students_Addresses ON Students.student_id = Students_Addresses.student_id WHERE Students.student_id NOT IN ( SELECT Student_Loans.student_id FROM Student_Loans WHERE Student_Loans.amount_of_loan > 0 )
311,472,cre_Students_Information_Systems,cre_Students_Information_Systems,,,False,1,True,,llama3.1-8b,hybrid,SELECT COUNT(T1.IDENTIFIER_PRIMARY_1) FROM T1 LEFT JOIN T4 ON T1.IDENTIFIER_PRIMARY_1 = T4.IDENTIFIER_REFERENCE_9 LEFT JOIN T6 ON T1.IDENTIFIER_PRIMARY_1 = T6.IDENTIFIER_REFERENCE_19 WHERE T6.IDENTIFIER_REFERENCE_18 IS NULL,SELECT COUNT(Students.student_id) FROM Students LEFT JOIN Student_Loans ON Students.student_id = Student_Loans.student_id LEFT JOIN Achievements ON Students.student_id = Achievements.student_id WHERE Achievements.achievement_type_code IS NULL
312,489,cre_Students_Information_Systems,cre_Students_Information_Systems,,,False,1,True,,llama3.1-8b,hybrid,"SELECT T1.DESCRIPTIVE_ATTRIBUTE_2 AS TYPE_CODE, T1.DESCRIPTIVE_ATTRIBUTE_2 AS DESCRIPTION FROM T1 LEFT JOIN T2 ON T1.IDENTIFIER_PRIMARY_1 = T2.IDENTIFIER_PRIMARY_3 LEFT JOIN T3 ON T1.IDENTIFIER_PRIMARY_1 = T3.IDENTIFIER_PRIMARY_5 LEFT JOIN T4 ON T1.IDENTIFIER_PRIMARY_1 = T4.IDENTIFIER_PRIMARY_7 GROUP BY T1.DESCRIPTIVE_ATTRIBUTE_2 ORDER BY COUNT(T1.DESCRIPTIVE_ATTRIBUTE_2) ASC LIMIT 1","SELECT Ref_Event_Types.event_type_description AS TYPE_CODE, Ref_Event_Types.event_type_description AS DESCRIPTION FROM Ref_Event_Types LEFT JOIN Ref_Achievement_Type ON Ref_Event_Types.event_type_code = Ref_Achievement_Type.achievement_type_code LEFT JOIN Ref_Address_Types ON Ref_Event_Types.event_type_code = Ref_Address_Types.address_type_code LEFT JOIN Ref_Detention_Type ON Ref_Event_Types.event_type_code = Ref_Detention_Type.detention_type_code GROUP BY Ref_Event_Types.event_type_description ORDER BY COUNT(Ref_Event_Types.event_type_description) ASC LIMIT 1"
313,490,cre_Students_Information_Systems,cre_Students_Information_Systems,,,False,1,True,,llama3.1-8b,hybrid,"SELECT DESCRIPTIVE_ATTRIBUTE_2, COUNT(*) AS frequency FROM T1 GROUP BY DESCRIPTIVE_ATTRIBUTE_2 ORDER BY frequency ASC LIMIT 1","SELECT event_type_description, COUNT(*) AS frequency FROM Ref_Event_Types GROUP BY event_type_description ORDER BY frequency ASC LIMIT 1"
314,491,cre_Students_Information_Systems,cre_Students_Information_Systems,,,False,1,True,,llama3.1-8b,hybrid,"SELECT T1.IDENTIFIER_PRIMARY_1, T1.TEXT_FIELD_2, T1.TEXT_FIELD_3, T2.CHRONOLOGICAL_MARKER_6, T2.TEXT_FIELD_7, T3.CURRENCY_AMOUNT_11 FROM T1 JOIN T2 ON T1.IDENTIFIER_PRIMARY_1 = T2.IDENTIFIER_REFERENCE_5 JOIN T3 ON T1.IDENTIFIER_PRIMARY_1 = T3.IDENTIFIER_REFERENCE_9 WHERE T3.CURRENCY_AMOUNT_11 > (SELECT AVG(CURRENCY_AMOUNT_11) FROM T3) ORDER BY T3.CURRENCY_AMOUNT_11 DESC","SELECT Students.student_id, Students.bio_data, Students.student_details, Transcripts.date_of_transcript, Transcripts.transcript_details, Student_Loans.amount_of_loan FROM Students JOIN Transcripts ON Students.student_id = Transcripts.student_id JOIN Student_Loans ON Students.student_id = Student_Loans.student_id WHERE Student_Loans.amount_of_loan > (SELECT AVG(amount_of_loan) FROM Student_Loans) ORDER BY Student_Loans.amount_of_loan DESC"
315,492,cre_Students_Information_Systems,cre_Students_Information_Systems,,,False,1,True,,llama3.1-8b,hybrid,"SELECT T1.TEXT_FIELD_2, T1.TEXT_FIELD_3, T3.CURRENCY_AMOUNT_11 FROM T1 JOIN T3 ON T1.IDENTIFIER_PRIMARY_1 = T3.IDENTIFIER_REFERENCE_9 WHERE T3.CURRENCY_AMOUNT_11 > (SELECT AVG(CURRENCY_AMOUNT_11) FROM T3)","SELECT Students.bio_data, Students.student_details, Student_Loans.amount_of_loan FROM Students JOIN Student_Loans ON Students.student_id = Student_Loans.student_id WHERE Student_Loans.amount_of_loan > (SELECT AVG(amount_of_loan) FROM Student_Loans)"
316,499,cre_Students_Information_Systems,cre_Students_Information_Systems,,,False,1,True,,llama3.1-8b,hybrid,"SELECT T1.TEXT_FIELD_2, T1.TEXT_FIELD_3 FROM T1 JOIN T2 ON T1.IDENTIFIER_PRIMARY_1 = T2.IDENTIFIER_REFERENCE_5 WHERE T2.CHRONOLOGICAL_MARKER_6 = (SELECT MIN(CHRONOLOGICAL_MARKER_6) FROM T2)","SELECT Students.bio_data, Students.student_details FROM Students JOIN Transcripts ON Students.student_id = Transcripts.student_id WHERE Transcripts.date_of_transcript = (SELECT MIN(date_of_transcript) FROM Transcripts)"
317,500,cre_Students_Information_Systems,cre_Students_Information_Systems,,,False,1,True,,llama3.1-8b,hybrid,"SELECT T1.IDENTIFIER_PRIMARY_1, T1.TEXT_FIELD_2, T1.TEXT_FIELD_3, T3.IDENTIFIER_PRIMARY_8, T3.TEXT_FIELD_12 FROM T1 JOIN T3 ON T1.IDENTIFIER_PRIMARY_1 = T3.IDENTIFIER_REFERENCE_10 JOIN T2 ON T1.IDENTIFIER_PRIMARY_1 = T2.IDENTIFIER_REFERENCE_5 WHERE T2.CHRONOLOGICAL_MARKER_6 = (SELECT MIN(CHRONOLOGICAL_MARKER_6) FROM T2)","SELECT Students.student_id, Students.bio_data, Students.student_details, Student_Events.event_id, Student_Events.other_details FROM Students JOIN Student_Events ON Students.student_id = Student_Events.student_id JOIN Transcripts ON Students.student_id = Transcripts.student_id WHERE Transcripts.date_of_transcript = (SELECT MIN(date_of_transcript) FROM Transcripts)"
318,507,cre_Students_Information_Systems,cre_Students_Information_Systems,,,False,1,True,,llama3.1-8b,hybrid,"SELECT T4.DESCRIPTIVE_ATTRIBUTE_11, COUNT(T10.IDENTIFIER_PRIMARY_33) AS count FROM T4 JOIN T10 ON T4.IDENTIFIER_PRIMARY_10 = T10.IDENTIFIER_REFERENCE_34 GROUP BY T4.DESCRIPTIVE_ATTRIBUTE_11 ORDER BY count DESC LIMIT 1","SELECT Ref_Achievement_Type.achievement_type_description, COUNT(Achievements.achievement_id) AS count FROM Ref_Achievement_Type JOIN Achievements ON Ref_Achievement_Type.achievement_type_code = Achievements.achievement_type_code GROUP BY Ref_Achievement_Type.achievement_type_description ORDER BY count DESC LIMIT 1"
319,508,cre_Students_Information_Systems,cre_Students_Information_Systems,,,False,3,False,,llama3.1-8b,hybrid,"SELECT T3.DESCRIBITIVE_ATTRIBUTE_7, COUNT(T1.IDENTIFIER_PRIMARY_1) as count FROM T1 JOIN T3 ON T1.IDENTIFIER_PRIMARY_1 = T3.IDENTIFIER_PRIMARY_6 WHERE T3.IDENTIFIER_PRIMARY_6 IS NOT NULL GROUP BY T3.DESCRIBITIVE_ATTRIBUTE_7 ORDER BY count DESC","SELECT Ref_Achievement_Type.DESCRIBITIVE_ATTRIBUTE_7, COUNT(Students.student_id) as count FROM Students JOIN Ref_Achievement_Type ON Students.student_id = Ref_Achievement_Type.achievement_type_code WHERE Ref_Achievement_Type.achievement_type_code IS NOT NULL GROUP BY Ref_Achievement_Type.DESCRIBITIVE_ATTRIBUTE_7 ORDER BY count DESC"
