pos,test_idx,db_id_gold,db_id_used,broker_pick,broker_correct,re_picked,retries,exec_success,difficulty,model_used,masked_sql,real_sql
0,0,soccer_3,soccer_3,,,False,0,True,,llama3.1-8b,SELECT COUNT(DISTINCT DESCRIPTIVE_ATTRIBUTE_2) FROM T1,SELECT COUNT(DISTINCT Name) FROM club
1,1,soccer_3,soccer_3,,,False,0,True,,llama3.1-8b,SELECT COUNT(DISTINCT DESCRIPTIVE_ATTRIBUTE_2) FROM T1,SELECT COUNT(DISTINCT Name) FROM club
2,2,soccer_3,soccer_3,,,False,0,True,,llama3.1-8b,SELECT DESCRIPTIVE_ATTRIBUTE_2 FROM T1 ORDER BY DESCRIPTIVE_ATTRIBUTE_2 ASC,SELECT Name FROM club ORDER BY Name ASC
3,3,soccer_3,soccer_3,,,False,0,True,,llama3.1-8b,SELECT DESCRIPTIVE_ATTRIBUTE_2 FROM T1 ORDER BY DESCRIPTIVE_ATTRIBUTE_2 ASC,SELECT Name FROM club ORDER BY Name ASC
4,6,soccer_3,soccer_3,,,False,0,True,,llama3.1-8b,SELECT DESCRIPTIVE_ATTRIBUTE_2 FROM T1 WHERE TEXT_FIELD_3 != 'Nike',SELECT Name FROM club WHERE Manager != 'Nike'
5,7,soccer_3,soccer_3,,,False,0,True,,llama3.1-8b,SELECT DESCRIPTIVE_ATTRIBUTE_2 FROM T1 WHERE IDENTIFIER_PRIMARY_1 NOT IN (SELECT IDENTIFIER_REFERENCE_13 FROM T2 WHERE DESCRIPTIVE_ATTRIBUTE_9 = 'Nike'),SELECT Name FROM club WHERE Club_ID NOT IN (SELECT Club_ID FROM player WHERE Country = 'Nike')
6,8,soccer_3,soccer_3,,,False,3,False,,llama3.1-8b,SELECT DESCRIPTIVE_ATTRIBUTE_2 FROM T1 ORDER BY MEASUREMENT_VALUE_12 ASC,SELECT Name FROM club ORDER BY Wins_count ASC
7,9,soccer_3,soccer_3,,,False,0,True,,llama3.1-8b,SELECT DESCRIPTIVE_ATTRIBUTE_2 FROM T1 WHERE IDENTIFIER_PRIMARY_1 IN ( SELECT IDENTIFIER_REFERENCE_13 FROM T2 GROUP BY IDENTIFIER_REFERENCE_13 ORDER BY COUNT(IDENTIFIER_REFERENCE_13) ASC ),SELECT Name FROM club WHERE Club_ID IN ( SELECT Club_ID FROM player GROUP BY Club_ID ORDER BY COUNT(Club_ID) ASC )
8,12,soccer_3,soccer_3,,,False,0,True,,llama3.1-8b,SELECT DISTINCT T1.DESCRIPTIVE_ATTRIBUTE_2 FROM T1 JOIN T2 ON T1.IDENTIFIER_PRIMARY_1 = T2.IDENTIFIER_REFERENCE_13 WHERE T2.NUMERIC_FIELD_10 > 1200000,SELECT DISTINCT club.Name FROM club JOIN player ON club.Club_ID = player.Club_ID WHERE player.Earnings > 1200000
9,13,soccer_3,soccer_3,,,False,0,True,,llama3.1-8b,SELECT T1.DESCRIPTIVE_ATTRIBUTE_2 FROM T1 JOIN T2 ON T1.IDENTIFIER_PRIMARY_1 = T2.IDENTIFIER_REFERENCE_13 WHERE T2.MEASUREMENT_VALUE_11 > 1200000,SELECT club.Name FROM club JOIN player ON club.Club_ID = player.Club_ID WHERE player.Events_number > 1200000
10,28,soccer_3,soccer_3,,,False,0,True,,llama3.1-8b,SELECT T1.DESCRIPTIVE_ATTRIBUTE_2 FROM T1 JOIN T2 ON T1.IDENTIFIER_PRIMARY_1 = T2.IDENTIFIER_REFERENCE_13 GROUP BY T1.DESCRIPTIVE_ATTRIBUTE_2 HAVING COUNT(T2.IDENTIFIER_REFERENCE_13) > 1,SELECT club.Name FROM club JOIN player ON club.Club_ID = player.Club_ID GROUP BY club.Name HAVING COUNT(player.Club_ID) > 1
11,29,soccer_3,soccer_3,,,False,0,True,,llama3.1-8b,SELECT DISTINCT T1.DESCRIPTIVE_ATTRIBUTE_2 FROM T1 JOIN T2 ON T1.IDENTIFIER_PRIMARY_1 = T2.IDENTIFIER_REFERENCE_13 GROUP BY T1.DESCRIPTIVE_ATTRIBUTE_2 HAVING COUNT(T2.IDENTIFIER_REFERENCE_13) > 1,SELECT DISTINCT club.Name FROM club JOIN player ON club.Club_ID = player.Club_ID GROUP BY club.Name HAVING COUNT(player.Club_ID) > 1
12,30,soccer_3,soccer_3,,,False,0,True,,llama3.1-8b,SELECT DISTINCT T1.DESCRIPTIVE_ATTRIBUTE_2 FROM T1 INNER JOIN T2 ON T1.IDENTIFIER_PRIMARY_1 = T2.IDENTIFIER_REFERENCE_13 GROUP BY T1.DESCRIPTIVE_ATTRIBUTE_2 HAVING COUNT(T2.IDENTIFIER_REFERENCE_13) > 1,SELECT DISTINCT club.Name FROM club INNER JOIN player ON club.Club_ID = player.Club_ID GROUP BY club.Name HAVING COUNT(player.Club_ID) > 1
13,31,soccer_3,soccer_3,,,False,0,True,,llama3.1-8b,SELECT DISTINCT DESCRIPTIVE_ATTRIBUTE_8 FROM T2 WHERE IDENTIFIER_REFERENCE_13 IN (SELECT IDENTIFIER_PRIMARY_1 FROM T1 GROUP BY IDENTIFIER_PRIMARY_1 HAVING COUNT(IDENTIFIER_PRIMARY_1) > 1),SELECT DISTINCT Name FROM player WHERE Club_ID IN (SELECT Club_ID FROM club GROUP BY Club_ID HAVING COUNT(Club_ID) > 1)
14,36,soccer_3,soccer_3,,,False,0,True,,llama3.1-8b,SELECT COUNT(DISTINCT DESCRIPTIVE_ATTRIBUTE_8) FROM T2,SELECT COUNT(DISTINCT Name) FROM player
15,37,soccer_3,soccer_3,,,False,0,True,,llama3.1-8b,SELECT COUNT(DISTINCT DESCRIPTIVE_ATTRIBUTE_8) FROM T2,SELECT COUNT(DISTINCT Name) FROM player
16,78,e_commerce,e_commerce,,,False,0,True,,llama3.1-8b,SELECT COUNT(DISTINCT T2.IDENTIFIER_REFERENCE_8) FROM T2,SELECT COUNT(DISTINCT Orders.customer_id) FROM Orders
17,79,e_commerce,e_commerce,,,False,0,True,,llama3.1-8b,SELECT COUNT(DISTINCT T2.IDENTIFIER_REFERENCE_7) FROM T2 INNER JOIN T1 ON T2.IDENTIFIER_REFERENCE_7 = T1.IDENTIFIER_PRIMARY_1,SELECT COUNT(DISTINCT Customer_Payment_Methods.customer_id) FROM Customer_Payment_Methods INNER JOIN Customers ON Customer_Payment_Methods.customer_id = Customers.customer_id
18,80,e_commerce,e_commerce,,,False,0,True,,llama3.1-8b,SELECT COUNT(DISTINCT T2.IDENTIFIER_REFERENCE_7) FROM T2,SELECT COUNT(DISTINCT Order_Items.order_id) FROM Order_Items
19,81,e_commerce,e_commerce,,,False,0,True,,llama3.1-8b,SELECT COUNT(DISTINCT T2.DESCRIPTIVE_ATTRIBUTE_8) FROM T2,SELECT COUNT(DISTINCT Order_Items.order_item_status_code) FROM Order_Items
20,82,e_commerce,e_commerce,,,False,0,True,,llama3.1-8b,SELECT COUNT(DISTINCT IDENTIFIER_REFERENCE_1) FROM T1,SELECT COUNT(DISTINCT customer_id) FROM Customer_Payment_Methods
21,83,e_commerce,e_commerce,,,False,0,True,,llama3.1-8b,SELECT COUNT(DISTINCT TEXT_FIELD_8) FROM T2,SELECT COUNT(DISTINCT payment_method_code) FROM Customer_Payment_Methods
22,100,e_commerce,e_commerce,,,False,0,True,,llama3.1-8b,SELECT COUNT(DISTINCT T2.IDENTIFIER_PRIMARY_5) FROM T2 WHERE T2.DESCRIPTIVE_ATTRIBUTE_8 = 'shipped',SELECT COUNT(DISTINCT Order_Items.order_item_id) FROM Order_Items WHERE Order_Items.order_item_status_code = 'shipped'
23,101,e_commerce,e_commerce,,,False,0,True,,llama3.1-8b,SELECT COUNT(*) FROM T2,SELECT COUNT(*) FROM Shipments
24,102,e_commerce,e_commerce,,,False,0,True,,llama3.1-8b,SELECT AVG(CURRENCY_AMOUNT_4) FROM T1,SELECT AVG(product_price) FROM Products
25,103,e_commerce,e_commerce,,,False,0,True,,llama3.1-8b,SELECT AVG(CURRENCY_AMOUNT_4) FROM T1,SELECT AVG(product_price) FROM Products
26,104,e_commerce,e_commerce,,,False,0,True,,llama3.1-8b,SELECT AVG(CURRENCY_AMOUNT_4) FROM T1,SELECT AVG(product_price) FROM Products
27,105,e_commerce,e_commerce,,,False,0,True,,llama3.1-8b,SELECT AVG(T1.CURRENCY_AMOUNT_4) FROM T1,SELECT AVG(Products.product_price) FROM Products
28,123,bbc_channels,bbc_channels,,,False,0,True,,llama3.1-8b,SELECT COUNT(DISTINCT T1.DESCRIPTIVE_ATTRIBUTE_2) FROM T1 INNER JOIN T4 ON T1.IDENTIFIER_PRIMARY_1 = T4.IDENTIFIER_REFERENCE_15 INNER JOIN T2 ON T4.IDENTIFIER_REFERENCE_15 = T2.IDENTIFIER_PRIMARY_6,SELECT COUNT(DISTINCT channel.Name) FROM channel INNER JOIN director_admin ON channel.Channel_ID = director_admin.Channel_ID INNER JOIN director ON director_admin.Channel_ID = director.Director_ID
29,124,bbc_channels,bbc_channels,,,False,0,True,,llama3.1-8b,SELECT T1.DESCRIPTIVE_ATTRIBUTE_2 FROM T1 JOIN T4 ON T1.IDENTIFIER_PRIMARY_1 = T4.IDENTIFIER_REFERENCE_15 JOIN T2 ON T4.IDENTIFIER_REFERENCE_15 = T2.IDENTIFIER_PRIMARY_6 ORDER BY T2.MEASUREMENT_VALUE_8 DESC,SELECT channel.Name FROM channel JOIN director_admin ON channel.Channel_ID = director_admin.Channel_ID JOIN director ON director_admin.Channel_ID = director.Director_ID ORDER BY director.Age DESC
30,133,bbc_channels,bbc_channels,,,False,0,True,,llama3.1-8b,SELECT T1.DESCRIPTIVE_ATTRIBUTE_2 FROM T1 JOIN T3 ON T1.IDENTIFIER_PRIMARY_1 = T3.IDENTIFIER_REFERENCE_13 JOIN T2 ON T3.IDENTIFIER_REFERENCE_12 = T2.IDENTIFIER_PRIMARY_6 WHERE T2.MEASUREMENT_VALUE_8 BETWEEN 30 AND 60,SELECT channel.Name FROM channel JOIN program ON channel.Channel_ID = program.Channel_ID JOIN director ON program.Director_ID = director.Director_ID WHERE director.Age BETWEEN 30 AND 60
31,136,tv_shows,tv_shows,,,False,0,True,,llama3.1-8b,SELECT COUNT(IDENTIFIER_PRIMARY_7) FROM T2 WHERE DESCRIPTIVE_ATTRIBUTE_9 = 'radio',SELECT COUNT(City_channel_ID) FROM city_channel_radio WHERE Is_online = 'radio'
32,137,tv_shows,tv_shows,,,False,3,False,,llama3.1-8b,SELECT T1.TEXT_FIELD_2 FROM T1 INNER JOIN T2 ON T1.IDENTIFIER_PRIMARY_1 = T2.IDENTIFIER_REFERENCE_8 WHERE T2.DESCRIBITIVE_ATTRIBUTE_9 LIKE '%erp kw%' ORDER BY T2.DESCRIBITIVE_ATTRIBUTE_9 ASC,SELECT radio.Transmitter FROM radio INNER JOIN city_channel_radio ON radio.Radio_ID = city_channel_radio.Radio_ID WHERE city_channel_radio.DESCRIBITIVE_ATTRIBUTE_9 LIKE '%erp kw%' ORDER BY city_channel_radio.DESCRIBITIVE_ATTRIBUTE_9 ASC
33,139,tv_shows,tv_shows,,,False,3,False,,llama3.1-8b,SELECT T2.TEXT_FIELD_7 FROM T2 JOIN T3 ON T2.IDENTIFIER_PRIMARY_6 = T3.IDENTIFIER_REFERENCE_13 JOIN T1 ON T3.IDENTIFIER_PRIMARY_12 = T1.IDENTIFIER_PRIMARY_1 WHERE T1.DESCRIPITIVE_ATTRIBUTE_5 != 'ABC',SELECT radio.Transmitter FROM radio JOIN city_channel_radio ON radio.Radio_ID = city_channel_radio.Radio_ID JOIN city_channel ON city_channel_radio.City_channel_ID = city_channel.ID WHERE city_channel.DESCRIPITIVE_ATTRIBUTE_5 != 'ABC'
34,142,tv_shows,tv_shows,,,False,0,True,,llama3.1-8b,SELECT AVG(T2.DESCRIPTIVE_ATTRIBUTE_9) FROM T2 INNER JOIN T1 ON T2.IDENTIFIER_REFERENCE_8 = T1.IDENTIFIER_PRIMARY_1,SELECT AVG(city_channel_radio.Is_online) FROM city_channel_radio INNER JOIN radio ON city_channel_radio.Radio_ID = radio.Radio_ID
35,145,tv_shows,tv_shows,,,False,0,True,,llama3.1-8b,SELECT DESCRIPTIVE_ATTRIBUTE_8 FROM T2 WHERE IDENTIFIER_PRIMARY_6 IN (SELECT IDENTIFIER_PRIMARY_1 FROM T1 GROUP BY IDENTIFIER_PRIMARY_1 HAVING COUNT(IDENTIFIER_PRIMARY_1) > 3),SELECT Is_online FROM city_channel_radio WHERE City_channel_ID IN (SELECT ID FROM city_channel GROUP BY ID HAVING COUNT(ID) > 3)
36,153,vehicle_driver,vehicle_driver,,,False,0,True,,llama3.1-8b,SELECT T2.TEXT_FIELD_10 FROM T2 INNER JOIN T3 ON T2.IDENTIFIER_PRIMARY_8 = T3.IDENTIFIER_PRIMARY_12 INNER JOIN T1 ON T3.IDENTIFIER_REFERENCE_13 = T1.IDENTIFIER_PRIMARY_1 WHERE T2.DESCRIPTIVE_ATTRIBUTE_9 = 'citizenship' AND T1.TEXT_FIELD_2 = 'United States',SELECT driver.Citizenship FROM driver INNER JOIN vehicle_driver ON driver.Driver_ID = vehicle_driver.Driver_ID INNER JOIN vehicle ON vehicle_driver.Vehicle_ID = vehicle.Vehicle_ID WHERE driver.Name = 'citizenship' AND vehicle.Model = 'United States'
37,154,vehicle_driver,vehicle_driver,,,False,0,True,,llama3.1-8b,SELECT T2.TEXT_FIELD_10 FROM T2 INNER JOIN T3 ON T2.IDENTIFIER_PRIMARY_8 = T3.IDENTIFIER_PRIMARY_12 INNER JOIN T1 ON T3.IDENTIFIER_REFERENCE_13 = T1.IDENTIFIER_PRIMARY_1 WHERE T1.TEXT_FIELD_2 = 'United States',SELECT driver.Citizenship FROM driver INNER JOIN vehicle_driver ON driver.Driver_ID = vehicle_driver.Driver_ID INNER JOIN vehicle ON vehicle_driver.Vehicle_ID = vehicle.Vehicle_ID WHERE vehicle.Model = 'United States'
38,167,vehicle_driver,vehicle_driver,,,False,0,True,,llama3.1-8b,SELECT COUNT(DISTINCT T1.IDENTIFIER_PRIMARY_1) FROM T1 JOIN T3 ON T1.IDENTIFIER_PRIMARY_1 = T3.IDENTIFIER_REFERENCE_13 JOIN T2 ON T3.IDENTIFIER_PRIMARY_12 = T2.IDENTIFIER_PRIMARY_8 WHERE T2.DESCRIPTIVE_ATTRIBUTE_9 = 'driver' AND T2.TEXT_FIELD_10 = 'NASCAR',SELECT COUNT(DISTINCT vehicle.Vehicle_ID) FROM vehicle JOIN vehicle_driver ON vehicle.Vehicle_ID = vehicle_driver.Vehicle_ID JOIN driver ON vehicle_driver.Driver_ID = driver.Driver_ID WHERE driver.Name = 'driver' AND driver.Citizenship = 'NASCAR'
39,168,vehicle_driver,vehicle_driver,,,False,0,True,,llama3.1-8b,SELECT COUNT(T1.IDENTIFIER_PRIMARY_1) FROM T1 INNER JOIN T3 ON T1.IDENTIFIER_PRIMARY_1 = T3.IDENTIFIER_REFERENCE_13 WHERE T1.TEXT_FIELD_2 = 'NASCAR',SELECT COUNT(vehicle.Vehicle_ID) FROM vehicle INNER JOIN vehicle_driver ON vehicle.Vehicle_ID = vehicle_driver.Vehicle_ID WHERE vehicle.Model = 'NASCAR'
40,169,vehicle_driver,vehicle_driver,,,False,0,True,,llama3.1-8b,SELECT AVG(NUMERIC_FIELD_5) FROM T1 WHERE TEXT_FIELD_6 = 'vehicles',SELECT AVG(Power) FROM vehicle WHERE Builder = 'vehicles'
41,170,vehicle_driver,vehicle_driver,,,False,0,True,,llama3.1-8b,SELECT AVG(T1.NUMERIC_FIELD_5) FROM T1 INNER JOIN T3 ON T1.IDENTIFIER_PRIMARY_1 = T3.IDENTIFIER_REFERENCE_13,SELECT AVG(vehicle.Power) FROM vehicle INNER JOIN vehicle_driver ON vehicle.Vehicle_ID = vehicle_driver.Vehicle_ID
42,185,vehicle_driver,vehicle_driver,,,False,0,True,,llama3.1-8b,SELECT T2.DESCRIPTIVE_ATTRIBUTE_9 FROM T2 INNER JOIN T3 ON T2.IDENTIFIER_PRIMARY_8 = T3.IDENTIFIER_PRIMARY_12,SELECT driver.Name FROM driver INNER JOIN vehicle_driver ON driver.Driver_ID = vehicle_driver.Driver_ID
43,186,vehicle_driver,vehicle_driver,,,False,0,True,,llama3.1-8b,SELECT TEXT_FIELD_10 FROM T2 WHERE DESCRIPTIVE_ATTRIBUTE_9 = 'drivers' ORDER BY TEXT_FIELD_10 ASC,SELECT Citizenship FROM driver WHERE Name = 'drivers' ORDER BY Citizenship ASC
44,193,online_exams,online_exams,,,False,0,True,,llama3.1-8b,SELECT COUNT(DISTINCT IDENTIFIER_PRIMARY_5) FROM T2,SELECT COUNT(DISTINCT Exam_ID) FROM Questions_in_Exams
45,194,online_exams,online_exams,,,False,0,True,,llama3.1-8b,SELECT COUNT(DISTINCT T1.IDENTIFIER_PRIMARY_1) FROM T1 INNER JOIN T2 ON T1.IDENTIFIER_PRIMARY_1 = T2.IDENTIFIER_PRIMARY_5,SELECT COUNT(DISTINCT Exams.Exam_ID) FROM Exams INNER JOIN Questions_in_Exams ON Exams.Exam_ID = Questions_in_Exams.Exam_ID
46,195,online_exams,online_exams,,,False,0,True,,llama3.1-8b,SELECT DISTINCT TEXT_FIELD_2 FROM T1 ORDER BY TEXT_FIELD_2 ASC,SELECT DISTINCT Subject_Code FROM Exams ORDER BY Subject_Code ASC
47,196,online_exams,online_exams,,,False,3,False,,llama3.1-8b,SELECT DISTINCT T2.DESCRIPTIVE_ATTRIBUTE_4 FROM T2 INNER JOIN T1 ON T2.IDENTIFIER_PRIMARY_5 = T1.IDENTIFIER_PRIMARY_1 ORDER BY T2.DESCRIPTIVE_ATTRIBUTE_4 ASC,SELECT DISTINCT Questions_in_Exams.Exam_Name FROM Questions_in_Exams INNER JOIN Exams ON Questions_in_Exams.Exam_ID = Exams.Exam_ID ORDER BY Questions_in_Exams.Exam_Name ASC
48,203,online_exams,online_exams,,,False,0,True,,llama3.1-8b,SELECT DISTINCT T5.TEXT_FIELD_17 FROM T5 JOIN T3 ON T5.IDENTIFIER_REFERENCE_16 = T3.IDENTIFIER_PRIMARY_6 JOIN T1 ON T3.IDENTIFIER_REFERENCE_7 = T1.IDENTIFIER_PRIMARY_1 JOIN T2 ON T1.IDENTIFIER_PRIMARY_1 = T2.IDENTIFIER_REFERENCE_5 JOIN T4 ON T2.IDENTIFIER_REFERENCE_11 = T4.IDENTIFIER_REFERENCE_11 WHERE T4.TEXT_FIELD_14 = 'Normal',SELECT DISTINCT Student_Assessments.Student_Answer_Text FROM Student_Assessments JOIN Valid_Answers ON Student_Assessments.Valid_Answer_ID = Valid_Answers.Valid_Answer_ID JOIN Questions ON Valid_Answers.Question_ID = Questions.Question_ID JOIN Questions_in_Exams ON Questions.Question_ID = Questions_in_Exams.Question_ID JOIN Student_Answers ON Questions_in_Exams.Question_ID = Student_Answers.Question_ID WHERE Student_Answers.Student_Answer_Text = 'Normal'
49,204,online_exams,online_exams,,,False,0,True,,llama3.1-8b,SELECT DISTINCT T5.TEXT_FIELD_17 FROM T5 JOIN T3 ON T5.IDENTIFIER_REFERENCE_16 = T3.IDENTIFIER_PRIMARY_6 JOIN T1 ON T3.IDENTIFIER_REFERENCE_7 = T1.IDENTIFIER_PRIMARY_1 JOIN T2 ON T1.IDENTIFIER_PRIMARY_1 = T2.IDENTIFIER_REFERENCE_5 JOIN T4 ON T2.IDENTIFIER_REFERENCE_11 = T4.IDENTIFIER_REFERENCE_11 WHERE T4.TEXT_FIELD_14 = 'Normal',SELECT DISTINCT Student_Assessments.Student_Answer_Text FROM Student_Assessments JOIN Valid_Answers ON Student_Assessments.Valid_Answer_ID = Valid_Answers.Valid_Answer_ID JOIN Questions ON Valid_Answers.Question_ID = Questions.Question_ID JOIN Questions_in_Exams ON Questions.Question_ID = Questions_in_Exams.Question_ID JOIN Student_Answers ON Questions_in_Exams.Question_ID = Student_Answers.Question_ID WHERE Student_Answers.Student_Answer_Text = 'Normal'
50,205,online_exams,online_exams,,,False,0,True,,llama3.1-8b,SELECT COUNT(DISTINCT TEXT_FIELD_12) FROM T2 WHERE IDENTIFIER_REFERENCE_8 = 1,SELECT COUNT(DISTINCT Student_Answer_Text) FROM Student_Answers WHERE Exam_ID = 1
51,206,online_exams,online_exams,,,False,0,True,,llama3.1-8b,SELECT COUNT(DISTINCT T2.DESCRIPTIVE_ATTRIBUTE_8) FROM T5 INNER JOIN T3 ON T5.IDENTIFIER_REFERENCE_16 = T3.IDENTIFIER_PRIMARY_10 INNER JOIN T2 ON T3.IDENTIFIER_REFERENCE_11 = T2.IDENTIFIER_PRIMARY_7,SELECT COUNT(DISTINCT Questions.Type_of_Question_Code) FROM Student_Answers INNER JOIN Questions_in_Exams ON Student_Answers.Exam_ID = Questions_in_Exams.Exam_ID INNER JOIN Questions ON Questions_in_Exams.Question_ID = Questions.Question_ID
52,219,online_exams,online_exams,,,False,0,True,,llama3.1-8b,SELECT DESCRIPTIVE_ATTRIBUTE_2 FROM T1 WHERE DESCRIPTIVE_ATTRIBUTE_3 != 'M',SELECT First_Name FROM Students WHERE Middle_Name != 'M'
53,220,online_exams,online_exams,,,False,0,True,,llama3.1-8b,SELECT DESCRIPTIVE_ATTRIBUTE_2 FROM T1 WHERE DESCRIPTIVE_ATTRIBUTE_3 != 'M',SELECT First_Name FROM Students WHERE Middle_Name != 'M'
54,229,online_exams,online_exams,,,False,0,True,,llama3.1-8b,SELECT T1.DESCRIPTIVE_ATTRIBUTE_2 FROM T1 INNER JOIN T2 ON T1.IDENTIFIER_PRIMARY_1 = T2.IDENTIFIER_REFERENCE_5 GROUP BY T1.DESCRIPTIVE_ATTRIBUTE_2 HAVING COUNT(T2.IDENTIFIER_PRIMARY_4) >= 3,SELECT Questions.Type_of_Question_Code FROM Questions INNER JOIN Questions_in_Exams ON Questions.Question_ID = Questions_in_Exams.Question_ID GROUP BY Questions.Type_of_Question_Code HAVING COUNT(Questions_in_Exams.Exam_ID) >= 3
55,230,online_exams,online_exams,,,False,0,True,,llama3.1-8b,SELECT T1.DESCRIPTIVE_ATTRIBUTE_2 FROM T1 JOIN T2 ON T1.IDENTIFIER_PRIMARY_1 = T2.IDENTIFIER_REFERENCE_5 GROUP BY T1.DESCRIPTIVE_ATTRIBUTE_2 HAVING COUNT(T2.IDENTIFIER_PRIMARY_4) >= 3,SELECT Questions.Type_of_Question_Code FROM Questions JOIN Questions_in_Exams ON Questions.Question_ID = Questions_in_Exams.Question_ID GROUP BY Questions.Type_of_Question_Code HAVING COUNT(Questions_in_Exams.Exam_ID) >= 3
56,231,online_exams,online_exams,,,False,0,True,,llama3.1-8b,"SELECT T1.DESCRIPTIVE_ATTRIBUTE_2, T1.DESCRIPTIVE_ATTRIBUTE_3, T1.DESCRIPTIVE_ATTRIBUTE_4, T1.DESCRIPTIVE_ATTRIBUTE_5, T1.DESCRIPTIVE_ATTRIBUTE_6, T4.IDENTIFIER_REFERENCE_14, T4.IDENTIFIER_REFERENCE_15, T4.IDENTIFIER_REFERENCE_16, T4.CHRONOLOGICAL_MARKER_17, T4.TEXT_FIELD_18 FROM T1 INNER JOIN T4 ON T1.IDENTIFIER_PRIMARY_1 = T4.IDENTIFIER_REFERENCE_16","SELECT Students.First_Name, Students.Middle_Name, Students.Last_Name, Students.Gender_MFU, Students.Student_Address, Student_Answers.Exam_ID, Student_Answers.Question_ID, Student_Answers.Student_ID, Student_Answers.Date_of_Answer, Student_Answers.Student_Answer_Text FROM Students INNER JOIN Student_Answers ON Students.Student_ID = Student_Answers.Student_ID"
57,232,online_exams,online_exams,,,False,0,True,,llama3.1-8b,"SELECT T1.DESCRIPTIVE_ATTRIBUTE_2, T1.DESCRIPTIVE_ATTRIBUTE_3, T1.DESCRIPTIVE_ATTRIBUTE_4, T1.DESCRIPTIVE_ATTRIBUTE_5, T1.DESCRIPTIVE_ATTRIBUTE_6, T2.CHRONOLOGICAL_MARKER_11, T2.TEXT_FIELD_12 FROM T1 INNER JOIN T2 ON T1.IDENTIFIER_PRIMARY_1 = T2.IDENTIFIER_REFERENCE_10","SELECT Students.First_Name, Students.Middle_Name, Students.Last_Name, Students.Gender_MFU, Students.Student_Address, Student_Answers.Date_of_Answer, Student_Answers.Student_Answer_Text FROM Students INNER JOIN Student_Answers ON Students.Student_ID = Student_Answers.Student_ID"
58,233,customers_and_orders,customers_and_orders,,,False,0,True,,llama3.1-8b,SELECT COUNT(*) FROM T2,SELECT COUNT(*) FROM Customers
59,234,customers_and_orders,customers_and_orders,,,False,0,True,,llama3.1-8b,SELECT COUNT(*) FROM T2,SELECT COUNT(*) FROM Customers
60,237,customers_and_orders,customers_and_orders,,,False,0,True,,llama3.1-8b,SELECT COUNT(IDENTIFIER_PRIMARY_1) FROM T1,SELECT COUNT(product_id) FROM Products
61,238,customers_and_orders,customers_and_orders,,,False,0,True,,llama3.1-8b,SELECT COUNT(IDENTIFIER_PRIMARY_1) FROM T1,SELECT COUNT(product_id) FROM Products
62,241,customers_and_orders,customers_and_orders,,,False,0,True,,llama3.1-8b,SELECT CURRENCY_AMOUNT_4 FROM T1 WHERE DESCRIPTIVE_ATTRIBUTE_2 = 'Monitor',SELECT product_price FROM Products WHERE product_type_code = 'Monitor'
63,242,customers_and_orders,customers_and_orders,,,False,0,True,,llama3.1-8b,SELECT T1.CURRENCY_AMOUNT_4 FROM T1 WHERE T1.DESCRIPTIVE_ATTRIBUTE_2 = 'Monitor',SELECT Products.product_price FROM Products WHERE Products.product_type_code = 'Monitor'
64,245,customers_and_orders,customers_and_orders,,,False,0,True,,llama3.1-8b,SELECT AVG(CURRENCY_AMOUNT_4) FROM T1 WHERE DESCRIPTIVE_ATTRIBUTE_2 = 'Clothes',SELECT AVG(product_price) FROM Products WHERE product_type_code = 'Clothes'
65,246,customers_and_orders,customers_and_orders,,,False,0,True,,llama3.1-8b,SELECT AVG(CURRENCY_AMOUNT_4) FROM T1 WHERE DESCRIPTIVE_ATTRIBUTE_2 = 'Clothes',SELECT AVG(product_price) FROM Products WHERE product_type_code = 'Clothes'
66,247,customers_and_orders,customers_and_orders,,,False,0,True,,llama3.1-8b,SELECT COUNT(*) FROM T1 WHERE DESCRIPTIVE_ATTRIBUTE_2 = 'Hardware Type',SELECT COUNT(*) FROM Products WHERE product_type_code = 'Hardware Type'
67,248,customers_and_orders,customers_and_orders,,,False,0,True,,llama3.1-8b,SELECT COUNT(*) FROM T1 WHERE DESCRIPTIVE_ATTRIBUTE_2 = 'Hardware',SELECT COUNT(*) FROM Products WHERE product_type_code = 'Hardware'
68,257,customers_and_orders,customers_and_orders,,,False,3,False,,llama3.1-8b,SELECT T1.DESCRIPITIVE_ATTRIBUTE_2 FROM T1 INNER JOIN T3 ON T1.IDENTIFIER_PRIMARY_1 = T3.IDENTIFIER_REFERENCE_11 ORDER BY T1.CURRENCY_AMOUNT_4 DESC,SELECT Products.DESCRIPITIVE_ATTRIBUTE_2 FROM Products INNER JOIN Order_Items ON Products.product_id = Order_Items.product_id ORDER BY Products.product_price DESC
69,258,customers_and_orders,customers_and_orders,,,False,0,True,,llama3.1-8b,SELECT DESCRIPTIVE_ATTRIBUTE_2 FROM T1 ORDER BY CURRENCY_AMOUNT_4 DESC,SELECT product_type_code FROM Products ORDER BY product_price DESC
70,265,customers_and_orders,customers_and_orders,,,False,1,True,,llama3.1-8b,SELECT DESCRIPTIVE_ATTRIBUTE_2 FROM T1 GROUP BY DESCRIPTIVE_ATTRIBUTE_2 HAVING COUNT(DESCRIPTIVE_ATTRIBUTE_3) >= 2,SELECT product_type_code FROM Products GROUP BY product_type_code HAVING COUNT(product_name) >= 2
71,266,customers_and_orders,customers_and_orders,,,False,0,True,,llama3.1-8b,SELECT DISTINCT T1.DESCRIPTIVE_ATTRIBUTE_2 FROM T1 GROUP BY T1.DESCRIPTIVE_ATTRIBUTE_2 HAVING COUNT(T1.DESCRIPTIVE_ATTRIBUTE_2) >= 2,SELECT DISTINCT Products.product_type_code FROM Products GROUP BY Products.product_type_code HAVING COUNT(Products.product_type_code) >= 2
72,269,customers_and_orders,customers_and_orders,,,False,0,True,,llama3.1-8b,SELECT COUNT(IDENTIFIER_PRIMARY_1) FROM T1,SELECT COUNT(customer_id) FROM Customers
73,270,customers_and_orders,customers_and_orders,,,False,0,True,,llama3.1-8b,SELECT COUNT(IDENTIFIER_PRIMARY_1) FROM T1,SELECT COUNT(customer_id) FROM Customers
74,283,customers_and_orders,customers_and_orders,,,False,0,True,,llama3.1-8b,SELECT DISTINCT DESCRIPTIVE_ATTRIBUTE_5 FROM T1,SELECT DISTINCT customer_address FROM Customers
75,284,customers_and_orders,customers_and_orders,,,False,0,True,,llama3.1-8b,SELECT DISTINCT DESCRIPTIVE_ATTRIBUTE_6 FROM T1,SELECT DISTINCT customer_phone FROM Customers
76,289,customers_and_orders,customers_and_orders,,,False,0,True,,llama3.1-8b,SELECT COUNT(*) FROM T2,SELECT COUNT(*) FROM Customer_Orders
77,290,customers_and_orders,customers_and_orders,,,False,0,True,,llama3.1-8b,SELECT COUNT(T2.IDENTIFIER_PRIMARY_7) FROM T2 INNER JOIN T1 ON T2.IDENTIFIER_REFERENCE_8 = T1.IDENTIFIER_PRIMARY_1,SELECT COUNT(Customer_Orders.order_id) FROM Customer_Orders INNER JOIN Customers ON Customer_Orders.customer_id = Customers.customer_id
78,309,customers_and_orders,customers_and_orders,,,False,0,True,,llama3.1-8b,SELECT COUNT(DISTINCT T2.IDENTIFIER_REFERENCE_8) FROM T2 INNER JOIN T3 ON T2.IDENTIFIER_PRIMARY_7 = T3.IDENTIFIER_REFERENCE_12,SELECT COUNT(DISTINCT Customer_Orders.customer_id) FROM Customer_Orders INNER JOIN Order_Items ON Customer_Orders.order_id = Order_Items.order_id
79,310,customers_and_orders,customers_and_orders,,,False,0,True,,llama3.1-8b,SELECT COUNT(DISTINCT T2.IDENTIFIER_REFERENCE_8) FROM T2 INNER JOIN T3 ON T2.IDENTIFIER_PRIMARY_7 = T3.IDENTIFIER_REFERENCE_12,SELECT COUNT(DISTINCT Customer_Orders.customer_id) FROM Customer_Orders INNER JOIN Order_Items ON Customer_Orders.order_id = Order_Items.order_id
80,4,soccer_3,soccer_3,,,False,3,False,,llama3.1-8b,"SELECT T1.DESCRIPITIVE_ATTRIBUTE_2, T2.DESCRIPITIVE_ATTRIBUTE_9 FROM T1 INNER JOIN T2 ON T1.IDENTIFIER_PRIMARY_1 = T2.IDENTIFIER_REFERENCE_13 WHERE T2.DESCRIPITIVE_ATTRIBUTE_9 IN ('Manager', 'Captain')","SELECT club.DESCRIPITIVE_ATTRIBUTE_2, player.DESCRIPITIVE_ATTRIBUTE_9 FROM club INNER JOIN player ON club.Club_ID = player.Club_ID WHERE player.DESCRIPITIVE_ATTRIBUTE_9 IN ('Manager', 'Captain')"
81,5,soccer_3,soccer_3,,,False,3,False,,llama3.1-8b,"SELECT T1.DESCRIPITIVE_ATTRIBUTE_2, T2.DESCRIPITIVE_ATTRIBUTE_9 FROM T1 JOIN T2 ON T1.IDENTIFIER_PRIMARY_1 = T2.IDENTIFIER_REFERENCE_13 WHERE T2.DESCRIPITIVE_ATTRIBUTE_9 IN ('Manager', 'Captain')","SELECT club.DESCRIPITIVE_ATTRIBUTE_2, player.DESCRIPITIVE_ATTRIBUTE_9 FROM club JOIN player ON club.Club_ID = player.Club_ID WHERE player.DESCRIPITIVE_ATTRIBUTE_9 IN ('Manager', 'Captain')"
82,10,soccer_3,soccer_3,,,False,0,True,,llama3.1-8b,SELECT DESCRIPTIVE_ATTRIBUTE_2 FROM T1 WHERE IDENTIFIER_PRIMARY_1 = ( SELECT IDENTIFIER_REFERENCE_13 FROM T2 ORDER BY MEASUREMENT_VALUE_11 DESC LIMIT 1 ),SELECT Name FROM club WHERE Club_ID = ( SELECT Club_ID FROM player ORDER BY Events_number DESC LIMIT 1 )
83,11,soccer_3,soccer_3,,,False,0,True,,llama3.1-8b,SELECT T1.DESCRIPTIVE_ATTRIBUTE_2 FROM T1 INNER JOIN T2 ON T1.IDENTIFIER_PRIMARY_1 = T2.IDENTIFIER_REFERENCE_13 ORDER BY T2.MEASUREMENT_VALUE_11 DESC LIMIT 1,SELECT club.Name FROM club INNER JOIN player ON club.Club_ID = player.Club_ID ORDER BY player.Events_number DESC LIMIT 1
84,16,soccer_3,soccer_3,,,False,3,False,,llama3.1-8b,"SELECT T1.DESCRIPITIVE_ATTRIBUTE_2, T2.DESCRIPITIVE_ATTRIBUTE_9 FROM T1 INNER JOIN T2 ON T1.IDENTIFIER_PRIMARY_1 = T2.IDENTIFIER_REFERENCE_13","SELECT club.DESCRIPITIVE_ATTRIBUTE_2, player.DESCRIPITIVE_ATTRIBUTE_9 FROM club INNER JOIN player ON club.Club_ID = player.Club_ID"
85,17,soccer_3,soccer_3,,,False,3,False,,llama3.1-8b,"SELECT T1.DESCRIPITIVE_ATTRIBUTE_2, T2.DESCRIPITIVE_ATTRIBUTE_8 FROM T1 INNER JOIN T2 ON T1.IDENTIFIER_PRIMARY_1 = T2.IDENTIFIER_REFERENCE_13","SELECT club.DESCRIPITIVE_ATTRIBUTE_2, player.DESCRIPITIVE_ATTRIBUTE_8 FROM club INNER JOIN player ON club.Club_ID = player.Club_ID"
86,18,soccer_3,soccer_3,,,False,0,True,,llama3.1-8b,SELECT T1.DESCRIPTIVE_ATTRIBUTE_2 FROM T1 JOIN T2 ON T1.IDENTIFIER_PRIMARY_1 = T2.IDENTIFIER_REFERENCE_13 GROUP BY T1.DESCRIPTIVE_ATTRIBUTE_2 HAVING COUNT(T2.MEASUREMENT_VALUE_11) > 2,SELECT club.Name FROM club JOIN player ON club.Club_ID = player.Club_ID GROUP BY club.Name HAVING COUNT(player.Events_number) > 2
87,19,soccer_3,soccer_3,,,False,0,True,,llama3.1-8b,SELECT DISTINCT T1.DESCRIPTIVE_ATTRIBUTE_2 FROM T1 JOIN T2 ON T1.IDENTIFIER_PRIMARY_1 = T2.IDENTIFIER_REFERENCE_13 WHERE T2.MEASUREMENT_VALUE_11 > 2,SELECT DISTINCT club.Name FROM club JOIN player ON club.Club_ID = player.Club_ID WHERE player.Events_number > 2
88,20,soccer_3,soccer_3,,,False,1,True,,llama3.1-8b,SELECT T1.DESCRIPTIVE_ATTRIBUTE_2 FROM T1 INNER JOIN T2 ON T1.IDENTIFIER_PRIMARY_1 = T2.IDENTIFIER_REFERENCE_13 WHERE T2.DESCRIPTIVE_ATTRIBUTE_9 = 'Sam Allardyce',SELECT club.Name FROM club INNER JOIN player ON club.Club_ID = player.Club_ID WHERE player.Country = 'Sam Allardyce'
89,21,soccer_3,soccer_3,,,False,0,True,,llama3.1-8b,SELECT DESCRIPTIVE_ATTRIBUTE_2 FROM T1 WHERE TEXT_FIELD_3 LIKE '%Sam Allardyce%',SELECT Name FROM club WHERE Manager LIKE '%Sam Allardyce%'
90,24,soccer_3,soccer_3,,,False,0,True,,llama3.1-8b,"SELECT DISTINCT T1.DESCRIPTIVE_ATTRIBUTE_2, COUNT(T2.IDENTIFIER_PRIMARY_7) FROM T1 INNER JOIN T2 ON T1.IDENTIFIER_PRIMARY_1 = T2.IDENTIFIER_REFERENCE_13 GROUP BY T1.DESCRIPTIVE_ATTRIBUTE_2","SELECT DISTINCT club.Name, COUNT(player.Player_ID) FROM club INNER JOIN player ON club.Club_ID = player.Club_ID GROUP BY club.Name"
91,25,soccer_3,soccer_3,,,False,0,True,,llama3.1-8b,"SELECT T2.DESCRIPTIVE_ATTRIBUTE_8, COUNT(T2.DESCRIPTIVE_ATTRIBUTE_8) FROM T2 INNER JOIN T1 ON T2.IDENTIFIER_REFERENCE_13 = T1.IDENTIFIER_PRIMARY_1 GROUP BY T2.DESCRIPTIVE_ATTRIBUTE_8","SELECT player.Name, COUNT(player.Name) FROM player INNER JOIN club ON player.Club_ID = club.Club_ID GROUP BY player.Name"
92,38,soccer_3,soccer_3,,,False,0,True,,llama3.1-8b,"SELECT T2.NUMERIC_FIELD_10 FROM T2 INNER JOIN T1 ON T2.IDENTIFIER_REFERENCE_13 = T1.IDENTIFIER_PRIMARY_1 WHERE T1.DESCRIPTIVE_ATTRIBUTE_2 IN ('Australia', 'Zimbabwe')","SELECT player.Earnings FROM player INNER JOIN club ON player.Club_ID = club.Club_ID WHERE club.Name IN ('Australia', 'Zimbabwe')"
93,39,soccer_3,soccer_3,,,False,0,True,,llama3.1-8b,SELECT TEXT_FIELD_3 FROM T1 WHERE DESCRIPTIVE_ATTRIBUTE_2 = 'Australia' OR DESCRIPTIVE_ATTRIBUTE_2 = 'Zimbabwe',SELECT Manager FROM club WHERE Name = 'Australia' OR Name = 'Zimbabwe'
94,42,e_commerce,e_commerce,,,False,3,False,,llama3.1-8b,"SELECT T1.IDENTIFIER_PRIMARY_1, T3.DESCRIPITIVE_ATTRIBUTE_12, COUNT(T5.IDENTIFIER_PRIMARY_18) FROM T1 JOIN T4 ON T1.IDENTIFIER_PRIMARY_1 = T4.IDENTIFIER_REFERENCE_15 JOIN T3 ON T4.IDENTIFIER_REFERENCE_16 = T3.IDENTIFIER_PRIMARY_10 JOIN T5 ON T3.IDENTIFIER_PRIMARY_10 = T5.IDENTIFIER_REFERENCE_19 GROUP BY T1.IDENTIFIER_PRIMARY_1, T3.DESCRIPITIVE_ATTRIBUTE_12","SELECT Products.product_id, Orders.DESCRIPITIVE_ATTRIBUTE_12, COUNT(Shipments.shipment_id) FROM Products JOIN Order_Items ON Products.product_id = Order_Items.product_id JOIN Orders ON Order_Items.order_id = Orders.order_id JOIN Shipments ON Orders.order_id = Shipments.order_id GROUP BY Products.product_id, Orders.DESCRIPITIVE_ATTRIBUTE_12"
95,43,e_commerce,e_commerce,,,False,3,False,,llama3.1-8b,"SELECT T1.IDENTIFIER_PRIMARY_1, COUNT(T5.IDENTIFIER_PRIMARY_18) AS product_count, T3.DESCRIPITIVE_ATTRIBUTE_12, T3.CHRONOLOGICAL_MARKER_13 AS order_status FROM T1 JOIN T4 ON T1.IDENTIFIER_PRIMARY_1 = T4.IDENTIFIER_REFERENCE_15 JOIN T3 ON T4.IDENTIFIER_REFERENCE_16 = T3.IDENTIFIER_PRIMARY_10 -- Corrected the join condition JOIN T5 ON T3.IDENTIFIER_PRIMARY_10 = T5.IDENTIFIER_REFERENCE_19 GROUP BY T1.IDENTIFIER_PRIMARY_1, T3.DESCRIPITIVE_ATTRIBUTE_12","SELECT Products.product_id, COUNT(Shipments.shipment_id) AS product_count, Orders.DESCRIPITIVE_ATTRIBUTE_12, Orders.date_order_placed AS order_status FROM Products JOIN Order_Items ON Products.product_id = Order_Items.product_id JOIN Orders ON Order_Items.order_id = Orders.order_id -- Corrected the join condition JOIN Shipments ON Orders.order_id = Shipments.order_id GROUP BY Products.product_id, Orders.DESCRIPITIVE_ATTRIBUTE_12"
96,50,e_commerce,e_commerce,,,False,0,True,,llama3.1-8b,"SELECT T1.IDENTIFIER_PRIMARY_1, T2.DESCRIPTIVE_ATTRIBUTE_8 FROM T1 JOIN T4 ON T1.IDENTIFIER_PRIMARY_1 = T4.IDENTIFIER_REFERENCE_15 JOIN T5 ON T4.IDENTIFIER_REFERENCE_16 = T5.IDENTIFIER_REFERENCE_20 JOIN T2 ON T5.IDENTIFIER_REFERENCE_20 = T2.IDENTIFIER_PRIMARY_7 GROUP BY T1.IDENTIFIER_PRIMARY_1 HAVING COUNT(T5.IDENTIFIER_PRIMARY_18) >= 2","SELECT Products.product_id, Invoices.invoice_status_code FROM Products JOIN Order_Items ON Products.product_id = Order_Items.product_id JOIN Shipments ON Order_Items.order_id = Shipments.invoice_number JOIN Invoices ON Shipments.invoice_number = Invoices.invoice_number GROUP BY Products.product_id HAVING COUNT(Shipments.shipment_id) >= 2"
97,51,e_commerce,e_commerce,,,False,0,True,,llama3.1-8b,"SELECT T3.IDENTIFIER_PRIMARY_10, T2.CHRONOLOGICAL_MARKER_9 FROM T3 JOIN T5 ON T3.IDENTIFIER_PRIMARY_10 = T5.IDENTIFIER_REFERENCE_19 JOIN T2 ON T5.IDENTIFIER_REFERENCE_20 = T2.IDENTIFIER_PRIMARY_7 GROUP BY T3.IDENTIFIER_PRIMARY_10, T2.CHRONOLOGICAL_MARKER_9 HAVING COUNT(T5.IDENTIFIER_PRIMARY_18) >= 2","SELECT Orders.order_id, Invoices.invoice_date FROM Orders JOIN Shipments ON Orders.order_id = Shipments.order_id JOIN Invoices ON Shipments.invoice_number = Invoices.invoice_number GROUP BY Orders.order_id, Invoices.invoice_date HAVING COUNT(Shipments.shipment_id) >= 2"
98,60,e_commerce,e_commerce,,,False,0,True,,llama3.1-8b,"SELECT T1.DESCRIPTIVE_ATTRIBUTE_2, COUNT(T2.IDENTIFIER_PRIMARY_7) FROM T1 JOIN T2 ON T1.IDENTIFIER_PRIMARY_1 = T2.IDENTIFIER_REFERENCE_8 GROUP BY T1.DESCRIPTIVE_ATTRIBUTE_2","SELECT Customers.gender_code, COUNT(Orders.order_id) FROM Customers JOIN Orders ON Customers.customer_id = Orders.customer_id GROUP BY Customers.gender_code"
99,61,e_commerce,e_commerce,,,False,3,False,,llama3.1-8b,"SELECT T2.IDENTIFIER_REFERENCE_6, COUNT(T2.IDENTIFIER_REFERENCE_6) AS total_orders, T1.DESCRIBITIVE_ATTRIBUTE_3 AS gender FROM T2 JOIN T1 ON T2.IDENTIFIER_REFERENCE_7 = T1.IDENTIFIER_PRIMARY_1 GROUP BY T2.IDENTIFIER_REFERENCE_6, T1.DESCRIBITIVE_ATTRIBUTE_3","SELECT Order_Items.product_id, COUNT(Order_Items.product_id) AS total_orders, Orders.DESCRIBITIVE_ATTRIBUTE_3 AS gender FROM Order_Items JOIN Orders ON Order_Items.order_id = Orders.order_id GROUP BY Order_Items.product_id, Orders.DESCRIBITIVE_ATTRIBUTE_3"
100,62,e_commerce,e_commerce,,,False,0,True,,llama3.1-8b,"SELECT T2.TEXT_FIELD_8, '', '', T2.TEXT_FIELD_8 FROM T2 INNER JOIN T1 ON T2.IDENTIFIER_REFERENCE_7 = T1.IDENTIFIER_PRIMARY_1","SELECT Customer_Payment_Methods.payment_method_code, '', '', Customer_Payment_Methods.payment_method_code FROM Customer_Payment_Methods INNER JOIN Customers ON Customer_Payment_Methods.customer_id = Customers.customer_id"
101,63,e_commerce,e_commerce,,,False,0,True,,llama3.1-8b,"SELECT DESCRIPTIVE_ATTRIBUTE_2, DESCRIPTIVE_ATTRIBUTE_3, DESCRIPTIVE_ATTRIBUTE_6, TEXT_FIELD_4 FROM T1","SELECT gender_code, customer_first_name, login_name, customer_middle_initial FROM Customers"
102,64,e_commerce,e_commerce,,,False,0,True,,llama3.1-8b,"SELECT T2.DESCRIPTIVE_ATTRIBUTE_6, T2.CHRONOLOGICAL_MARKER_7, T4.CHRONOLOGICAL_MARKER_16 FROM T4 JOIN T2 ON T4.IDENTIFIER_REFERENCE_13 = T2.IDENTIFIER_PRIMARY_4 JOIN T1 ON T4.IDENTIFIER_REFERENCE_14 = T1.IDENTIFIER_PRIMARY_1","SELECT Orders.order_status_code, Orders.date_order_placed, Shipments.shipment_date FROM Shipments JOIN Orders ON Shipments.order_id = Orders.order_id JOIN Invoices ON Shipments.invoice_number = Invoices.invoice_number"
103,65,e_commerce,e_commerce,,,False,0,True,,llama3.1-8b,"SELECT T2.DESCRIPTIVE_ATTRIBUTE_6, T2.CHRONOLOGICAL_MARKER_7, T4.CHRONOLOGICAL_MARKER_16 FROM T2 JOIN T4 ON T2.IDENTIFIER_PRIMARY_4 = T4.IDENTIFIER_REFERENCE_13","SELECT Orders.order_status_code, Orders.date_order_placed, Shipments.shipment_date FROM Orders JOIN Shipments ON Orders.order_id = Shipments.order_id"
104,68,e_commerce,e_commerce,,,False,0,True,,llama3.1-8b,"SELECT T3.DESCRIPTIVE_ATTRIBUTE_11, T4.MEASUREMENT_VALUE_15 FROM T3 JOIN T4 ON T4.IDENTIFIER_REFERENCE_14 = T3.IDENTIFIER_PRIMARY_8 JOIN T2 ON T2.IDENTIFIER_PRIMARY_4 = T3.IDENTIFIER_REFERENCE_10","SELECT Order_Items.order_item_status_code, Shipments.shipment_tracking_number FROM Order_Items JOIN Shipments ON Shipments.invoice_number = Order_Items.order_item_id JOIN Orders ON Orders.order_id = Order_Items.order_id"
105,69,e_commerce,e_commerce,,,False,0,True,,llama3.1-8b,"SELECT T2.DESCRIPTIVE_ATTRIBUTE_6, T4.MEASUREMENT_VALUE_15 FROM T2 JOIN T4 ON T2.IDENTIFIER_PRIMARY_4 = T4.IDENTIFIER_REFERENCE_13 JOIN T1 ON T1.IDENTIFIER_PRIMARY_1 = T4.IDENTIFIER_REFERENCE_14 WHERE T2.DESCRIPTIVE_ATTRIBUTE_6 = 'ORDERED' AND T2.DESCRIPTIVE_ATTRIBUTE_6 = 'SHIPPED'","SELECT Orders.order_status_code, Shipments.shipment_tracking_number FROM Orders JOIN Shipments ON Orders.order_id = Shipments.order_id JOIN Invoices ON Invoices.invoice_number = Shipments.invoice_number WHERE Orders.order_status_code = 'ORDERED' AND Orders.order_status_code = 'SHIPPED'"
106,84,e_commerce,e_commerce,,,False,0,True,,llama3.1-8b,"SELECT DESCRIPTIVE_ATTRIBUTE_2, DESCRIPTIVE_ATTRIBUTE_3 FROM T1 WHERE DESCRIPTIVE_ATTRIBUTE_4 LIKE '+12%'","SELECT customer_first_name, customer_last_name FROM Customers WHERE login_name LIKE '+12%'"
107,85,e_commerce,e_commerce,,,False,0,True,,llama3.1-8b,"SELECT T1.DESCRIPTIVE_ATTRIBUTE_2, T1.DESCRIPTIVE_ATTRIBUTE_4 FROM T1 INNER JOIN T2 ON T1.IDENTIFIER_PRIMARY_1 = T2.IDENTIFIER_REFERENCE_8 WHERE T2.DESCRIPTIVE_ATTRIBUTE_9 LIKE '+12%'","SELECT Customers.customer_first_name, Customers.customer_last_name FROM Customers INNER JOIN Orders ON Customers.customer_id = Orders.customer_id WHERE Orders.order_status_code LIKE '+12%'"
108,86,e_commerce,e_commerce,,,False,0,True,,llama3.1-8b,SELECT DESCRIPTIVE_ATTRIBUTE_3 FROM T1 WHERE DESCRIPTIVE_ATTRIBUTE_3 LIKE '%Dell%',SELECT product_name FROM Products WHERE product_name LIKE '%Dell%'
109,87,e_commerce,e_commerce,,,False,0,True,,llama3.1-8b,"SELECT T1.DESCRIPTIVE_ATTRIBUTE_3, T1.MEASUREMENT_VALUE_6 FROM T1 JOIN T2 ON T1.IDENTIFIER_PRIMARY_1 = T2.IDENTIFIER_REFERENCE_8 WHERE T1.DESCRIPTIVE_ATTRIBUTE_3 LIKE '%Dell%'","SELECT Products.product_name, Products.product_size FROM Products JOIN Order_Items ON Products.product_id = Order_Items.product_id WHERE Products.product_name LIKE '%Dell%'"
110,94,e_commerce,e_commerce,,,False,0,True,,llama3.1-8b,"SELECT T2.DESCRIPTIVE_ATTRIBUTE_8, T1.CHRONOLOGICAL_MARKER_4 FROM T2 JOIN T1 ON T2.IDENTIFIER_REFERENCE_7 = T1.IDENTIFIER_PRIMARY_1 JOIN T3 ON T1.IDENTIFIER_PRIMARY_1 = T3.IDENTIFIER_REFERENCE_10","SELECT Order_Items.order_item_status_code, Orders.date_order_placed FROM Order_Items JOIN Orders ON Order_Items.order_id = Orders.order_id JOIN Shipments ON Orders.order_id = Shipments.order_id"
111,95,e_commerce,e_commerce,,,False,0,True,,llama3.1-8b,"SELECT T2.DESCRIPTIVE_ATTRIBUTE_8, T1.CHRONOLOGICAL_MARKER_4 FROM T2 JOIN T1 ON T2.IDENTIFIER_REFERENCE_7 = T1.IDENTIFIER_PRIMARY_1","SELECT Order_Items.order_item_status_code, Orders.date_order_placed FROM Order_Items JOIN Orders ON Order_Items.order_id = Orders.order_id"
112,96,e_commerce,e_commerce,,,False,0,True,,llama3.1-8b,"SELECT DESCRIPTIVE_ATTRIBUTE_2, DESCRIPTIVE_ATTRIBUTE_3, DESCRIPTIVE_ATTRIBUTE_4 FROM T1 WHERE DESCRIPTIVE_ATTRIBUTE_5 = 'USA'","SELECT customer_first_name, email_address, address_line_1 FROM Customers WHERE town_city = 'USA'"
113,97,e_commerce,e_commerce,,,False,0,True,,llama3.1-8b,"SELECT TEXT_FIELD_6, DESCRIPTIVE_ATTRIBUTE_3, DESCRIPTIVE_ATTRIBUTE_4 FROM T1 WHERE DESCRIPTIVE_ATTRIBUTE_2 = 'United States'","SELECT county, email_address, address_line_1 FROM Customers WHERE customer_first_name = 'United States'"
114,112,e_commerce,e_commerce,,,False,0,True,,llama3.1-8b,"SELECT T1.IDENTIFIER_PRIMARY_1, T1.DESCRIPTIVE_ATTRIBUTE_3 FROM T1 JOIN T3 ON T1.IDENTIFIER_PRIMARY_1 = T3.IDENTIFIER_REFERENCE_10 JOIN T4 ON T3.IDENTIFIER_PRIMARY_9 = T4.IDENTIFIER_REFERENCE_14 WHERE T1.CURRENCY_AMOUNT_4 > 3","SELECT Products.product_id, Products.product_name FROM Products JOIN Order_Items ON Products.product_id = Order_Items.product_id JOIN Shipment_Items ON Order_Items.order_item_id = Shipment_Items.order_item_id WHERE Products.product_price > 3"
115,113,e_commerce,e_commerce,,,False,3,False,,llama3.1-8b,"SELECT T1.IDENTIFIER_PRIMARY_1, T1.DESCRIBITIVE_ATTRIBUTE_3 FROM T1 JOIN T3 ON T1.IDENTIFIER_PRIMARY_1 = T3.IDENTIFIER_REFERENCE_12 JOIN T5 ON T3.IDENTIFIER_PRIMARY_11 = T5.IDENTIFIER_REFERENCE_21 JOIN T4 ON T5.IDENTIFIER_PRIMARY_20 = T4.IDENTIFIER_PRIMARY_15 JOIN T2 ON T4.IDENTIFIER_REFERENCE_17 = T2.IDENTIFIER_PRIMARY_7 GROUP BY T1.IDENTIFIER_PRIMARY_1 HAVING COUNT(T2.IDENTIFIER_PRIMARY_7) > 3","SELECT Products.product_id, Products.DESCRIBITIVE_ATTRIBUTE_3 FROM Products JOIN Order_Items ON Products.product_id = Order_Items.product_id JOIN Shipment_Items ON Order_Items.order_item_id = Shipment_Items.order_item_id JOIN Shipments ON Shipment_Items.shipment_id = Shipments.shipment_id JOIN Orders ON Shipments.invoice_number = Orders.order_id GROUP BY Products.product_id HAVING COUNT(Orders.order_id) > 3"
116,114,e_commerce,e_commerce,,,False,0,True,,llama3.1-8b,"SELECT T2.DESCRIPTIVE_ATTRIBUTE_6, T2.IDENTIFIER_PRIMARY_4 FROM T2 JOIN T4 ON T2.IDENTIFIER_PRIMARY_4 = T4.IDENTIFIER_REFERENCE_13 JOIN T1 ON T4.IDENTIFIER_REFERENCE_14 = T1.IDENTIFIER_PRIMARY_1 GROUP BY T2.IDENTIFIER_PRIMARY_4 HAVING COUNT(T2.IDENTIFIER_PRIMARY_4) >= 2","SELECT Orders.order_status_code, Orders.order_id FROM Orders JOIN Shipments ON Orders.order_id = Shipments.order_id JOIN Invoices ON Shipments.invoice_number = Invoices.invoice_number GROUP BY Orders.order_id HAVING COUNT(Orders.order_id) >= 2"
117,115,e_commerce,e_commerce,,,False,0,True,,llama3.1-8b,"SELECT T2.CHRONOLOGICAL_MARKER_7, T2.IDENTIFIER_PRIMARY_4 FROM T2 JOIN T3 ON T2.IDENTIFIER_PRIMARY_4 = T3.IDENTIFIER_REFERENCE_10 JOIN T5 ON T3.IDENTIFIER_PRIMARY_8 = T5.IDENTIFIER_REFERENCE_18 GROUP BY T2.IDENTIFIER_PRIMARY_4 HAVING COUNT(T5.IDENTIFIER_PRIMARY_17) >= 2","SELECT Orders.date_order_placed, Orders.order_id FROM Orders JOIN Order_Items ON Orders.order_id = Order_Items.order_id JOIN Shipment_Items ON Order_Items.order_item_id = Shipment_Items.order_item_id GROUP BY Orders.order_id HAVING COUNT(Shipment_Items.shipment_id) >= 2"
118,116,e_commerce,e_commerce,,,False,0,True,,llama3.1-8b,"SELECT T2.IDENTIFIER_REFERENCE_7, T1.CHRONOLOGICAL_MARKER_5 FROM T1 INNER JOIN T2 ON T1.IDENTIFIER_PRIMARY_1 = T2.IDENTIFIER_PRIMARY_6","SELECT Shipment_Items.order_item_id, Shipments.shipment_date FROM Shipments INNER JOIN Shipment_Items ON Shipments.shipment_id = Shipment_Items.shipment_id"
119,117,e_commerce,e_commerce,,,False,0,True,,llama3.1-8b,"SELECT T2.IDENTIFIER_REFERENCE_6, T1.DESCRIPTIVE_ATTRIBUTE_3, T1.CHRONOLOGICAL_MARKER_4 FROM T2 JOIN T1 ON T2.IDENTIFIER_REFERENCE_7 = T1.IDENTIFIER_PRIMARY_1","SELECT Order_Items.product_id, Orders.order_status_code, Orders.date_order_placed FROM Order_Items JOIN Orders ON Order_Items.order_id = Orders.order_id"
120,121,bbc_channels,bbc_channels,,,False,0,True,,llama3.1-8b,SELECT T3.DESCRIPTIVE_ATTRIBUTE_11 FROM T3 INNER JOIN T2 ON T3.IDENTIFIER_REFERENCE_12 = T2.IDENTIFIER_PRIMARY_6 ORDER BY T2.MEASUREMENT_VALUE_8 LIMIT 1,SELECT program.Title FROM program INNER JOIN director ON program.Director_ID = director.Director_ID ORDER BY director.Age LIMIT 1
121,122,bbc_channels,bbc_channels,,,False,0,True,,llama3.1-8b,SELECT COUNT(DISTINCT T1.IDENTIFIER_PRIMARY_1) FROM T1 INNER JOIN T4 ON T1.IDENTIFIER_PRIMARY_1 = T4.IDENTIFIER_REFERENCE_15 WHERE T1.TEXT_FIELD_3 LIKE '%bbc%',SELECT COUNT(DISTINCT channel.Channel_ID) FROM channel INNER JOIN director_admin ON channel.Channel_ID = director_admin.Channel_ID WHERE channel.Analogue_terrestrial_channel LIKE '%bbc%'
122,127,bbc_channels,bbc_channels,,,False,0,True,,llama3.1-8b,SELECT T1.DESCRIPTIVE_ATTRIBUTE_2 FROM T3 AS T3 INNER JOIN T1 AS T1 ON T3.IDENTIFIER_REFERENCE_13 = T1.IDENTIFIER_PRIMARY_1 ORDER BY T3.CHRONOLOGICAL_MARKER_10 DESC LIMIT 1,SELECT channel.Name FROM program AS program INNER JOIN channel AS channel ON program.Channel_ID = channel.Channel_ID ORDER BY program.Start_Year DESC LIMIT 1
123,128,bbc_channels,bbc_channels,,,False,0,True,,llama3.1-8b,"SELECT T1.DESCRIPTIVE_ATTRIBUTE_2, T1.TEXT_FIELD_4 FROM T1 JOIN T4 ON T1.IDENTIFIER_PRIMARY_1 = T4.IDENTIFIER_REFERENCE_15 GROUP BY T1.IDENTIFIER_PRIMARY_1 HAVING COUNT(T4.IDENTIFIER_PRIMARY_14) > 1","SELECT channel.Name, channel.Digital_terrestrial_channel FROM channel JOIN director_admin ON channel.Channel_ID = director_admin.Channel_ID GROUP BY channel.Channel_ID HAVING COUNT(director_admin.Director_ID) > 1"
124,129,bbc_channels,bbc_channels,,,False,0,True,,llama3.1-8b,"SELECT T2.DESCRIPTIVE_ATTRIBUTE_7, COUNT(T4.IDENTIFIER_PRIMARY_14) FROM T4 JOIN T1 ON T4.IDENTIFIER_REFERENCE_15 = T1.IDENTIFIER_PRIMARY_1 JOIN T2 ON T4.IDENTIFIER_PRIMARY_14 = T2.IDENTIFIER_PRIMARY_6 GROUP BY T2.DESCRIPTIVE_ATTRIBUTE_7","SELECT director.Name, COUNT(director_admin.Director_ID) FROM director_admin JOIN channel ON director_admin.Channel_ID = channel.Channel_ID JOIN director ON director_admin.Director_ID = director.Director_ID GROUP BY director.Name"
125,131,bbc_channels,bbc_channels,,,False,0,True,,llama3.1-8b,SELECT T1.DESCRIPTIVE_ATTRIBUTE_2 FROM T3 JOIN T1 ON T3.IDENTIFIER_REFERENCE_13 = T1.IDENTIFIER_PRIMARY_1 WHERE T3.DESCRIPTIVE_ATTRIBUTE_11 = 'Dracula',SELECT channel.Name FROM program JOIN channel ON program.Channel_ID = channel.Channel_ID WHERE program.Title = 'Dracula'
126,138,tv_shows,tv_shows,,,False,0,True,,llama3.1-8b,"SELECT DESCRIPTIVE_ATTRIBUTE_2, DESCRIPTIVE_ATTRIBUTE_4 FROM T1","SELECT tv_show_name, Next_show_name FROM tv_show"
127,140,tv_shows,tv_shows,,,False,0,True,,llama3.1-8b,SELECT T2.DESCRIPTIVE_ATTRIBUTE_9 FROM T2 JOIN T1 ON T2.IDENTIFIER_REFERENCE_8 = T1.IDENTIFIER_PRIMARY_1 WHERE T1.TEXT_FIELD_5 > 150 OR T1.TEXT_FIELD_5 < 30,SELECT city_channel_radio.Is_online FROM city_channel_radio JOIN radio ON city_channel_radio.Radio_ID = radio.Radio_ID WHERE radio.RnaG_MHz > 150 OR radio.RnaG_MHz < 30
128,141,tv_shows,tv_shows,,,False,0,True,,llama3.1-8b,SELECT T1.TEXT_FIELD_5 FROM T1 INNER JOIN T2 ON T1.IDENTIFIER_PRIMARY_1 = T2.IDENTIFIER_REFERENCE_8 ORDER BY T2.DESCRIPTIVE_ATTRIBUTE_9 DESC LIMIT 1,SELECT radio.RnaG_MHz FROM radio INNER JOIN city_channel_radio ON radio.Radio_ID = city_channel_radio.Radio_ID ORDER BY city_channel_radio.Is_online DESC LIMIT 1
129,143,tv_shows,tv_shows,,,False,0,True,,llama3.1-8b,"SELECT T2.DESCRIPTIVE_ATTRIBUTE_7, COUNT(T2.DESCRIPTIVE_ATTRIBUTE_7) FROM T2 INNER JOIN T4 ON T2.IDENTIFIER_PRIMARY_6 = T4.IDENTIFIER_REFERENCE_15 GROUP BY T2.DESCRIPTIVE_ATTRIBUTE_7","SELECT tv_show.tv_show_name, COUNT(tv_show.tv_show_name) FROM tv_show INNER JOIN city_channel_tv_show ON tv_show.tv_show_ID = city_channel_tv_show.tv_show_ID GROUP BY tv_show.tv_show_name"
130,146,tv_shows,tv_shows,,,False,0,True,,llama3.1-8b,"SELECT T2.DESCRIPTIVE_ATTRIBUTE_8, T3.DESCRIPTIVE_ATTRIBUTE_11 FROM T2 JOIN T3 ON T2.IDENTIFIER_PRIMARY_6 = T3.IDENTIFIER_PRIMARY_9 WHERE T2.DESCRIPTIVE_ATTRIBUTE_8 = 'city' ORDER BY T3.DESCRIPTIVE_ATTRIBUTE_11 ASC","SELECT city_channel_radio.Is_online, city_channel_tv_show.Is_online FROM city_channel_radio JOIN city_channel_tv_show ON city_channel_radio.City_channel_ID = city_channel_tv_show.City_channel_ID WHERE city_channel_radio.Is_online = 'city' ORDER BY city_channel_tv_show.Is_online ASC"
131,147,tv_shows,tv_shows,,,False,0,True,,llama3.1-8b,"SELECT T2.TEXT_FIELD_7, T2.TEXT_FIELD_8 FROM T3 INNER JOIN T2 ON T3.IDENTIFIER_REFERENCE_13 = T2.IDENTIFIER_PRIMARY_6 INNER JOIN T1 ON T3.IDENTIFIER_PRIMARY_12 = T1.IDENTIFIER_PRIMARY_1","SELECT radio.Transmitter, radio.Radio_MHz FROM city_channel_radio INNER JOIN radio ON city_channel_radio.Radio_ID = radio.Radio_ID INNER JOIN city_channel ON city_channel_radio.City_channel_ID = city_channel.ID"
132,149,tv_shows,tv_shows,,,False,0,True,,llama3.1-8b,"SELECT T2.TEXT_FIELD_7, COUNT(T4.DESCRIPTIVE_ATTRIBUTE_17) FROM T4 INNER JOIN T1 ON T4.IDENTIFIER_PRIMARY_15 = T1.IDENTIFIER_PRIMARY_1 INNER JOIN T3 ON T1.IDENTIFIER_PRIMARY_1 = T3.IDENTIFIER_PRIMARY_12 INNER JOIN T2 ON T3.IDENTIFIER_REFERENCE_13 = T2.IDENTIFIER_PRIMARY_6 WHERE T4.DESCRIPTIVE_ATTRIBUTE_18 = 'city' GROUP BY T2.TEXT_FIELD_7","SELECT radio.Transmitter, COUNT(city_channel_tv_show.Is_online) FROM city_channel_tv_show INNER JOIN city_channel ON city_channel_tv_show.City_channel_ID = city_channel.ID INNER JOIN city_channel_radio ON city_channel.ID = city_channel_radio.City_channel_ID INNER JOIN radio ON city_channel_radio.Radio_ID = radio.Radio_ID WHERE city_channel_tv_show.Is_free = 'city' GROUP BY radio.Transmitter"
133,157,vehicle_driver,vehicle_driver,,,False,0,True,,llama3.1-8b,"SELECT MAX(T1.NUMERIC_FIELD_4), AVG(T1.NUMERIC_FIELD_4) FROM T1 JOIN T3 ON T1.IDENTIFIER_PRIMARY_1 = T3.IDENTIFIER_REFERENCE_13 JOIN T2 ON T3.IDENTIFIER_PRIMARY_12 = T2.IDENTIFIER_PRIMARY_8 WHERE T2.DESCRIPTIVE_ATTRIBUTE_9 = 'Zhuzhou'","SELECT MAX(vehicle.Top_Speed), AVG(vehicle.Top_Speed) FROM vehicle JOIN vehicle_driver ON vehicle.Vehicle_ID = vehicle_driver.Vehicle_ID JOIN driver ON vehicle_driver.Driver_ID = driver.Driver_ID WHERE driver.Name = 'Zhuzhou'"
134,158,vehicle_driver,vehicle_driver,,,False,0,True,,llama3.1-8b,"SELECT MAX(T1.NUMERIC_FIELD_4) AS max_power, AVG(T1.NUMERIC_FIELD_4) AS avg_power FROM T1 JOIN T3 ON T1.IDENTIFIER_PRIMARY_1 = T3.IDENTIFIER_REFERENCE_13 JOIN T2 ON T3.IDENTIFIER_PRIMARY_8 = T2.IDENTIFIER_PRIMARY_8 WHERE T2.DESCRIPTIVE_ATTRIBUTE_9 = 'Zhuzhou'","SELECT MAX(vehicle.Top_Speed) AS max_power, AVG(vehicle.Top_Speed) AS avg_power FROM vehicle JOIN vehicle_driver ON vehicle.Vehicle_ID = vehicle_driver.Vehicle_ID JOIN driver ON vehicle_driver.Driver_ID = driver.Driver_ID WHERE driver.Name = 'Zhuzhou'"
135,161,vehicle_driver,vehicle_driver,,,False,0,True,,llama3.1-8b,"SELECT T1.NUMERIC_FIELD_5, T1.NUMERIC_FIELD_4 FROM T1 JOIN T3 ON T1.IDENTIFIER_PRIMARY_1 = T3.IDENTIFIER_REFERENCE_13 JOIN T2 ON T3.IDENTIFIER_PRIMARY_12 = T2.IDENTIFIER_PRIMARY_8 WHERE T2.DESCRIPTIVE_ATTRIBUTE_9 = 'year' AND T2.TEXT_FIELD_10 = '1996' AND T1.CHRONOLOGICAL_MARKER_3 = 'top speed'","SELECT vehicle.Power, vehicle.Top_Speed FROM vehicle JOIN vehicle_driver ON vehicle.Vehicle_ID = vehicle_driver.Vehicle_ID JOIN driver ON vehicle_driver.Driver_ID = driver.Driver_ID WHERE driver.Name = 'year' AND driver.Citizenship = '1996' AND vehicle.Build_Year = 'top speed'"
136,162,vehicle_driver,vehicle_driver,,,False,0,True,,llama3.1-8b,"SELECT T1.NUMERIC_FIELD_5, T1.NUMERIC_FIELD_4 FROM T1 JOIN T3 ON T1.IDENTIFIER_PRIMARY_1 = T3.IDENTIFIER_REFERENCE_13 JOIN T2 ON T3.IDENTIFIER_PRIMARY_12 = T2.IDENTIFIER_PRIMARY_8 WHERE T1.CHRONOLOGICAL_MARKER_3 LIKE '1996%'","SELECT vehicle.Power, vehicle.Top_Speed FROM vehicle JOIN vehicle_driver ON vehicle.Vehicle_ID = vehicle_driver.Vehicle_ID JOIN driver ON vehicle_driver.Driver_ID = driver.Driver_ID WHERE vehicle.Build_Year LIKE '1996%'"
137,163,vehicle_driver,vehicle_driver,,,False,0,True,,llama3.1-8b,"SELECT T2.DESCRIPTIVE_ATTRIBUTE_9, T2.TEXT_FIELD_10, T2.TEXT_FIELD_11 FROM T2 JOIN T3 ON T2.IDENTIFIER_PRIMARY_8 = T3.IDENTIFIER_PRIMARY_12 JOIN T1 ON T3.IDENTIFIER_REFERENCE_13 = T1.IDENTIFIER_PRIMARY_1","SELECT driver.Name, driver.Citizenship, driver.Racing_Series FROM driver JOIN vehicle_driver ON driver.Driver_ID = vehicle_driver.Driver_ID JOIN vehicle ON vehicle_driver.Vehicle_ID = vehicle.Vehicle_ID"
138,164,vehicle_driver,vehicle_driver,,,False,0,True,,llama3.1-8b,"SELECT T2.DESCRIPTIVE_ATTRIBUTE_9, T2.TEXT_FIELD_10, T2.TEXT_FIELD_11 FROM T2 JOIN T3 ON T2.IDENTIFIER_PRIMARY_8 = T3.IDENTIFIER_PRIMARY_12 JOIN T1 ON T3.IDENTIFIER_REFERENCE_13 = T1.IDENTIFIER_PRIMARY_1","SELECT driver.Name, driver.Citizenship, driver.Racing_Series FROM driver JOIN vehicle_driver ON driver.Driver_ID = vehicle_driver.Driver_ID JOIN vehicle ON vehicle_driver.Vehicle_ID = vehicle.Vehicle_ID"
139,165,vehicle_driver,vehicle_driver,,,False,3,False,,llama3.1-8b,SELECT COUNT(DISTINCT T2.IDENTIFIER_PRIMARY_8) FROM T3 JOIN T1 ON T3.IDENTIFIER_REFERENCE_13 = T1.IDENTIFIER_PRIMARY_1 WHERE T1.CHRONOLOGICAL_MARKER_3 = '2012',SELECT COUNT(DISTINCT driver.Driver_ID) FROM vehicle_driver JOIN vehicle ON vehicle_driver.Vehicle_ID = vehicle.Vehicle_ID WHERE vehicle.Build_Year = '2012'
140,166,vehicle_driver,vehicle_driver,,,False,0,True,,llama3.1-8b,SELECT COUNT(DISTINCT T1.IDENTIFIER_PRIMARY_1) FROM T1 INNER JOIN T3 ON T1.IDENTIFIER_PRIMARY_1 = T3.IDENTIFIER_REFERENCE_13 WHERE T1.CHRONOLOGICAL_MARKER_3 = '2012',SELECT COUNT(DISTINCT vehicle.Vehicle_ID) FROM vehicle INNER JOIN vehicle_driver ON vehicle.Vehicle_ID = vehicle_driver.Vehicle_ID WHERE vehicle.Build_Year = '2012'
141,173,vehicle_driver,vehicle_driver,,,False,0,True,,llama3.1-8b,SELECT T2.DESCRIPTIVE_ATTRIBUTE_9 FROM T2 JOIN T3 ON T2.IDENTIFIER_PRIMARY_8 = T3.IDENTIFIER_PRIMARY_12 JOIN T1 ON T3.IDENTIFIER_REFERENCE_13 = T1.IDENTIFIER_PRIMARY_1 WHERE (T1.NUMERIC_FIELD_4 > 100 OR T1.NUMERIC_FIELD_5 > 150),SELECT driver.Name FROM driver JOIN vehicle_driver ON driver.Driver_ID = vehicle_driver.Driver_ID JOIN vehicle ON vehicle_driver.Vehicle_ID = vehicle.Vehicle_ID WHERE (vehicle.Top_Speed > 100 OR vehicle.Power > 150)
142,174,vehicle_driver,vehicle_driver,,,False,0,True,,llama3.1-8b,"SELECT T2.DESCRIPTIVE_ATTRIBUTE_9, T2.TEXT_FIELD_10, T2.TEXT_FIELD_11 FROM T2 JOIN T3 ON T2.IDENTIFIER_PRIMARY_8 = T3.IDENTIFIER_PRIMARY_12 JOIN T1 ON T3.IDENTIFIER_REFERENCE_13 = T1.IDENTIFIER_PRIMARY_1 WHERE (T1.NUMERIC_FIELD_4 + T1.NUMERIC_FIELD_5) > 100 OR T1.NUMERIC_FIELD_5 > 150","SELECT driver.Name, driver.Citizenship, driver.Racing_Series FROM driver JOIN vehicle_driver ON driver.Driver_ID = vehicle_driver.Driver_ID JOIN vehicle ON vehicle_driver.Vehicle_ID = vehicle.Vehicle_ID WHERE (vehicle.Top_Speed + vehicle.Power) > 100 OR vehicle.Power > 150"
143,175,vehicle_driver,vehicle_driver,,,False,0,True,,llama3.1-8b,"SELECT T2.DESCRIPTIVE_ATTRIBUTE_9, T1.NUMERIC_FIELD_4 FROM T1 JOIN T3 ON T1.IDENTIFIER_PRIMARY_1 = T3.IDENTIFIER_REFERENCE_13 JOIN T2 ON T3.IDENTIFIER_PRIMARY_12 = T2.IDENTIFIER_PRIMARY_8 WHERE T2.TEXT_FIELD_10 LIKE '%DJ%'","SELECT driver.Name, vehicle.Top_Speed FROM vehicle JOIN vehicle_driver ON vehicle.Vehicle_ID = vehicle_driver.Vehicle_ID JOIN driver ON vehicle_driver.Driver_ID = driver.Driver_ID WHERE driver.Citizenship LIKE '%DJ%'"
144,176,vehicle_driver,vehicle_driver,,,False,0,True,,llama3.1-8b,"SELECT T2.DESCRIPTIVE_ATTRIBUTE_9, T2.TEXT_FIELD_10 FROM T2 JOIN T3 ON T2.IDENTIFIER_PRIMARY_8 = T3.IDENTIFIER_PRIMARY_12 JOIN T1 ON T3.IDENTIFIER_REFERENCE_13 = T1.IDENTIFIER_PRIMARY_1 WHERE T1.TEXT_FIELD_2 LIKE '%DJ%'","SELECT driver.Name, driver.Citizenship FROM driver JOIN vehicle_driver ON driver.Driver_ID = vehicle_driver.Driver_ID JOIN vehicle ON vehicle_driver.Vehicle_ID = vehicle.Vehicle_ID WHERE vehicle.Model LIKE '%DJ%'"
145,187,vehicle_driver,vehicle_driver,,,False,0,True,,llama3.1-8b,"SELECT T2.DESCRIPTIVE_ATTRIBUTE_9, COUNT(T3.IDENTIFIER_PRIMARY_12) FROM T3 INNER JOIN T2 ON T3.IDENTIFIER_PRIMARY_12 = T2.IDENTIFIER_PRIMARY_8 GROUP BY T2.DESCRIPTIVE_ATTRIBUTE_9","SELECT driver.Name, COUNT(vehicle_driver.Driver_ID) FROM vehicle_driver INNER JOIN driver ON vehicle_driver.Driver_ID = driver.Driver_ID GROUP BY driver.Name"
146,188,vehicle_driver,vehicle_driver,,,False,0,True,,llama3.1-8b,"SELECT T2.DESCRIPTIVE_ATTRIBUTE_9, COUNT(T3.IDENTIFIER_PRIMARY_12) FROM T3 INNER JOIN T2 ON T3.IDENTIFIER_PRIMARY_12 = T2.IDENTIFIER_PRIMARY_8 GROUP BY T2.DESCRIPTIVE_ATTRIBUTE_9","SELECT driver.Name, COUNT(vehicle_driver.Driver_ID) FROM vehicle_driver INNER JOIN driver ON vehicle_driver.Driver_ID = driver.Driver_ID GROUP BY driver.Name"
147,197,online_exams,online_exams,,,False,0,True,,llama3.1-8b,"SELECT T2.TEXT_FIELD_5, T2.CHRONOLOGICAL_MARKER_6 FROM T2 JOIN T3 ON T2.IDENTIFIER_PRIMARY_4 = T3.IDENTIFIER_PRIMARY_8 JOIN T1 ON T3.IDENTIFIER_REFERENCE_9 = T1.IDENTIFIER_PRIMARY_1 WHERE T1.DESCRIPTIVE_ATTRIBUTE_2 != 'Database'","SELECT Exams.Subject_Code, Exams.Exam_Date FROM Exams JOIN Questions_in_Exams ON Exams.Exam_ID = Questions_in_Exams.Exam_ID JOIN Questions ON Questions_in_Exams.Question_ID = Questions.Question_ID WHERE Questions.Type_of_Question_Code != 'Database'"
148,198,online_exams,online_exams,,,False,0,True,,llama3.1-8b,"SELECT T1.DESCRIPTIVE_ATTRIBUTE_4, T1.CHRONOLOGICAL_MARKER_3 FROM T1 WHERE T1.TEXT_FIELD_2 != 'Database'","SELECT Exams.Exam_Name, Exams.Exam_Date FROM Exams WHERE Exams.Subject_Code != 'Database'"
149,201,online_exams,online_exams,,,False,0,True,,llama3.1-8b,"SELECT DESCRIPTIVE_ATTRIBUTE_2, COUNT(*) FROM T1 GROUP BY DESCRIPTIVE_ATTRIBUTE_2","SELECT Type_of_Question_Code, COUNT(*) FROM Questions GROUP BY Type_of_Question_Code"
150,202,online_exams,online_exams,,,False,0,True,,llama3.1-8b,"SELECT DESCRIPTIVE_ATTRIBUTE_2, COUNT(*) FROM T1 GROUP BY DESCRIPTIVE_ATTRIBUTE_2","SELECT Type_of_Question_Code, COUNT(*) FROM Questions GROUP BY Type_of_Question_Code"
151,207,online_exams,online_exams,,,False,0,True,,llama3.1-8b,SELECT TEXT_FIELD_20 FROM T5 GROUP BY TEXT_FIELD_20 ORDER BY COUNT(TEXT_FIELD_20) DESC,SELECT Student_Answer_Text FROM Student_Answers GROUP BY Student_Answer_Text ORDER BY COUNT(Student_Answer_Text) DESC
152,208,online_exams,online_exams,,,False,0,True,,llama3.1-8b,SELECT TEXT_FIELD_15 FROM T3 JOIN T1 ON T3.IDENTIFIER_REFERENCE_13 = T1.IDENTIFIER_PRIMARY_1 JOIN T2 ON T1.DESCRIPTIVE_ATTRIBUTE_2 = T2.IDENTIFIER_PRIMARY_7 GROUP BY TEXT_FIELD_15 ORDER BY COUNT(TEXT_FIELD_15) DESC,SELECT Student_Answer_Text FROM Student_Answers JOIN Students ON Student_Answers.Student_ID = Students.Student_ID JOIN Valid_Answers ON Students.First_Name = Valid_Answers.Valid_Answer_ID GROUP BY Student_Answer_Text ORDER BY COUNT(Student_Answer_Text) DESC
153,209,online_exams,online_exams,,,False,0,True,,llama3.1-8b,"SELECT T5.TEXT_FIELD_21, T4.CHRONOLOGICAL_MARKER_17 FROM T4 JOIN T3 ON T4.IDENTIFIER_REFERENCE_14 = T3.IDENTIFIER_PRIMARY_11 JOIN T2 ON T3.IDENTIFIER_PRIMARY_7 = T2.IDENTIFIER_PRIMARY_7 JOIN T5 ON T5.IDENTIFIER_REFERENCE_20 = T2.IDENTIFIER_PRIMARY_7","SELECT Student_Assessments.Student_Answer_Text, Student_Answers.Date_of_Answer FROM Student_Answers JOIN Questions_in_Exams ON Student_Answers.Exam_ID = Questions_in_Exams.Exam_ID JOIN Exams ON Questions_in_Exams.Exam_ID = Exams.Exam_ID JOIN Student_Assessments ON Student_Assessments.Valid_Answer_ID = Exams.Exam_ID"
154,210,online_exams,online_exams,,,False,0,True,,llama3.1-8b,"SELECT T5.TEXT_FIELD_21, T4.CHRONOLOGICAL_MARKER_17 FROM T4 JOIN T3 ON T4.IDENTIFIER_REFERENCE_14 = T3.IDENTIFIER_PRIMARY_11 JOIN T2 ON T3.IDENTIFIER_REFERENCE_12 = T2.IDENTIFIER_PRIMARY_7 JOIN T5 ON T5.IDENTIFIER_REFERENCE_20 = T2.IDENTIFIER_PRIMARY_7","SELECT Student_Assessments.Student_Answer_Text, Student_Answers.Date_of_Answer FROM Student_Answers JOIN Questions_in_Exams ON Student_Answers.Exam_ID = Questions_in_Exams.Exam_ID JOIN Exams ON Questions_in_Exams.Question_ID = Exams.Exam_ID JOIN Student_Assessments ON Student_Assessments.Valid_Answer_ID = Exams.Exam_ID"
155,211,online_exams,online_exams,,,False,0,True,,llama3.1-8b,"SELECT T5.TEXT_FIELD_21, T4.CHRONOLOGICAL_MARKER_17 FROM T4 JOIN T3 ON T4.IDENTIFIER_REFERENCE_14 = T3.IDENTIFIER_PRIMARY_11 JOIN T2 ON T3.IDENTIFIER_REFERENCE_12 = T2.IDENTIFIER_PRIMARY_7 JOIN T5 ON T5.IDENTIFIER_REFERENCE_20 = T2.IDENTIFIER_PRIMARY_7 WHERE T5.TEXT_FIELD_21 LIKE '%@%' ORDER BY T4.CHRONOLOGICAL_MARKER_17 DESC","SELECT Student_Assessments.Student_Answer_Text, Student_Answers.Date_of_Answer FROM Student_Answers JOIN Questions_in_Exams ON Student_Answers.Exam_ID = Questions_in_Exams.Exam_ID JOIN Exams ON Questions_in_Exams.Question_ID = Exams.Exam_ID JOIN Student_Assessments ON Student_Assessments.Valid_Answer_ID = Exams.Exam_ID WHERE Student_Assessments.Student_Answer_Text LIKE '%@%' ORDER BY Student_Answers.Date_of_Answer DESC"
156,212,online_exams,online_exams,,,False,3,False,,llama3.1-8b,"SELECT T5.TEXT_FIELD_21, T4.CHRONOLOGICAL_MARKER_17 FROM T4 JOIN T3 ON T4.IDENTIFIER_REFERENCE_14 = T3.IDENTIFIER_PRIMARY_11 JOIN T2 ON T3.IDENTIFIER_REFERENCE_12 = T2.IDENTIFIER_PRIMARY_7 JOIN T5 ON T2.DESCRIPTIVE_ATTRIBUTE_10 = T5.IDENTIFIER_REFERENCE_20 WHERE T5.DESCRIPTIVE_ATTRIBUTE_5 = 'email' ORDER BY T4.CHRONOLOGICAL_MARKER_17 DESC","SELECT Student_Assessments.Student_Answer_Text, Student_Answers.Date_of_Answer FROM Student_Answers JOIN Questions_in_Exams ON Student_Answers.Exam_ID = Questions_in_Exams.Exam_ID JOIN Exams ON Questions_in_Exams.Question_ID = Exams.Exam_ID JOIN Student_Assessments ON Exams.Exam_Name = Student_Assessments.Valid_Answer_ID WHERE Student_Assessments.Student_Address = 'email' ORDER BY Student_Answers.Date_of_Answer DESC"
157,215,online_exams,online_exams,,,False,3,False,,llama3.1-8b,SELECT T4.DESCRIPTIVE_ATTRIBUTE_2 FROM T4 JOIN T3 ON T3.IDENTIFIER_REFERENCE_12 = T4.IDENTIFIER_PRIMARY_15 JOIN T2 ON T2.IDENTIFIER_PRIMARY_7 = T3.IDENTIFIER_REFERENCE_10 JOIN T1 ON T1.IDENTIFIER_PRIMARY_1 = T3.IDENTIFIER_REFERENCE_12 GROUP BY T4.DESCRIPTIVE_ATTRIBUTE_2 HAVING COUNT(T4.DESCRIPTIVE_ATTRIBUTE_2) >= 2,SELECT Student_Assessments.First_Name FROM Student_Assessments JOIN Student_Answers ON Student_Answers.Student_ID = Student_Assessments.Student_Answer_ID JOIN Questions_in_Exams ON Questions_in_Exams.Exam_ID = Student_Answers.Exam_ID JOIN Students ON Students.Student_ID = Student_Answers.Student_ID GROUP BY Student_Assessments.First_Name HAVING COUNT(Student_Assessments.First_Name) >= 2
158,216,online_exams,online_exams,,,False,3,False,,llama3.1-8b,SELECT DISTINCT T3.DESCRIPTIVE_ATTRIBUTE_2 FROM T3 JOIN T2 ON T3.IDENTIFIER_PRIMARY_13 = T2.IDENTIFIER_REFERENCE_8 GROUP BY T3.DESCRIPTIVE_ATTRIBUTE_2 HAVING COUNT(T2.IDENTIFIER_PRIMARY_7) >= 2,SELECT DISTINCT Student_Assessments.First_Name FROM Student_Assessments JOIN Student_Answers ON Student_Assessments.Student_Answer_ID = Student_Answers.Exam_ID GROUP BY Student_Assessments.First_Name HAVING COUNT(Student_Answers.Student_Answer_ID) >= 2
159,221,online_exams,online_exams,,,False,0,True,,llama3.1-8b,"SELECT DESCRIPTIVE_ATTRIBUTE_2, COUNT(*) FROM T1 GROUP BY DESCRIPTIVE_ATTRIBUTE_2","SELECT First_Name, COUNT(*) FROM Students GROUP BY First_Name"
160,14,soccer_3,soccer_3,,,False,0,True,,llama3.1-8b,SELECT T1.DESCRIPTIVE_ATTRIBUTE_2 FROM T1 JOIN T2 ON T1.IDENTIFIER_PRIMARY_1 = T2.IDENTIFIER_REFERENCE_13 WHERE T2.NUMERIC_FIELD_10 > 2 ORDER BY T2.NUMERIC_FIELD_10 DESC LIMIT 1,SELECT club.Name FROM club JOIN player ON club.Club_ID = player.Club_ID WHERE player.Earnings > 2 ORDER BY player.Earnings DESC LIMIT 1
161,15,soccer_3,soccer_3,,,False,0,True,,llama3.1-8b,SELECT T1.DESCRIPTIVE_ATTRIBUTE_2 FROM T1 INNER JOIN T2 ON T1.IDENTIFIER_PRIMARY_1 = T2.IDENTIFIER_REFERENCE_13 GROUP BY T1.DESCRIPTIVE_ATTRIBUTE_2 ORDER BY COUNT(T2.MEASUREMENT_VALUE_11) DESC LIMIT 1,SELECT club.Name FROM club INNER JOIN player ON club.Club_ID = player.Club_ID GROUP BY club.Name ORDER BY COUNT(player.Events_number) DESC LIMIT 1
162,22,soccer_3,soccer_3,,,False,0,True,,llama3.1-8b,SELECT T1.DESCRIPTIVE_ATTRIBUTE_2 FROM T1 JOIN T2 ON T1.IDENTIFIER_PRIMARY_1 = T2.IDENTIFIER_REFERENCE_13 GROUP BY T1.DESCRIPTIVE_ATTRIBUTE_2 ORDER BY AVG(T2.MEASUREMENT_VALUE_11) DESC,SELECT club.Name FROM club JOIN player ON club.Club_ID = player.Club_ID GROUP BY club.Name ORDER BY AVG(player.Events_number) DESC
163,23,soccer_3,soccer_3,,,False,0,True,,llama3.1-8b,SELECT T1.DESCRIPTIVE_ATTRIBUTE_2 FROM T1 JOIN T2 ON T1.IDENTIFIER_PRIMARY_1 = T2.IDENTIFIER_REFERENCE_13 GROUP BY T1.DESCRIPTIVE_ATTRIBUTE_2 ORDER BY AVG(T2.MEASUREMENT_VALUE_11) DESC,SELECT club.Name FROM club JOIN player ON club.Club_ID = player.Club_ID GROUP BY club.Name ORDER BY AVG(player.Events_number) DESC
164,26,soccer_3,soccer_3,,,False,0,True,,llama3.1-8b,SELECT DESCRIPTIVE_ATTRIBUTE_2 FROM T1 GROUP BY DESCRIPTIVE_ATTRIBUTE_2 ORDER BY COUNT(DESCRIPTIVE_ATTRIBUTE_2) DESC LIMIT 1,SELECT Name FROM club GROUP BY Name ORDER BY COUNT(Name) DESC LIMIT 1
165,27,soccer_3,soccer_3,,,False,0,True,,llama3.1-8b,SELECT DESCRIPTIVE_ATTRIBUTE_8 FROM T2 GROUP BY DESCRIPTIVE_ATTRIBUTE_8 ORDER BY COUNT(DESCRIPTIVE_ATTRIBUTE_8) DESC LIMIT 1,SELECT Name FROM player GROUP BY Name ORDER BY COUNT(Name) DESC LIMIT 1
166,32,soccer_3,soccer_3,,,False,0,True,,llama3.1-8b,SELECT DESCRIPTIVE_ATTRIBUTE_2 FROM T1 WHERE IDENTIFIER_PRIMARY_1 NOT IN (SELECT IDENTIFIER_REFERENCE_13 FROM T2),SELECT Name FROM club WHERE Club_ID NOT IN (SELECT Club_ID FROM player)
167,33,soccer_3,soccer_3,,,False,0,True,,llama3.1-8b,SELECT DESCRIPTIVE_ATTRIBUTE_2 FROM T1 WHERE IDENTIFIER_PRIMARY_1 NOT IN (SELECT IDENTIFIER_REFERENCE_13 FROM T2),SELECT Name FROM club WHERE Club_ID NOT IN (SELECT Club_ID FROM player)
168,34,soccer_3,soccer_3,,,False,0,True,,llama3.1-8b,"SELECT T1.DESCRIPTIVE_ATTRIBUTE_2, T2.NUMERIC_FIELD_10 FROM T1 INNER JOIN T2 ON T1.IDENTIFIER_PRIMARY_1 = T2.IDENTIFIER_REFERENCE_13 WHERE T2.NUMERIC_FIELD_10 > 1400000 OR T2.NUMERIC_FIELD_10 < 1100000","SELECT club.Name, player.Earnings FROM club INNER JOIN player ON club.Club_ID = player.Club_ID WHERE player.Earnings > 1400000 OR player.Earnings < 1100000"
169,35,soccer_3,soccer_3,,,False,0,True,,llama3.1-8b,SELECT T1.DESCRIPTIVE_ATTRIBUTE_2 FROM T1 JOIN T2 ON T1.IDENTIFIER_PRIMARY_1 = T2.IDENTIFIER_REFERENCE_13 WHERE T2.NUMERIC_FIELD_10 > 1400000 INTERSECT SELECT T1.DESCRIPTIVE_ATTRIBUTE_2 FROM T1 JOIN T2 ON T1.IDENTIFIER_PRIMARY_1 = T2.IDENTIFIER_REFERENCE_13 WHERE T2.NUMERIC_FIELD_10 < 1100000,SELECT club.Name FROM club JOIN player ON club.Club_ID = player.Club_ID WHERE player.Earnings > 1400000 INTERSECT SELECT club.Name FROM club JOIN player ON club.Club_ID = player.Club_ID WHERE player.Earnings < 1100000
170,44,e_commerce,e_commerce,,,False,0,True,,llama3.1-8b,"SELECT DISTINCT T1.DESCRIPTIVE_ATTRIBUTE_3, T1.CHRONOLOGICAL_MARKER_4 FROM T1 WHERE T1.CHRONOLOGICAL_MARKER_4 IN (SELECT T1.CHRONOLOGICAL_MARKER_4 FROM T1 GROUP BY T1.CHRONOLOGICAL_MARKER_4 ORDER BY COUNT(T1.DESCRIPTIVE_ATTRIBUTE_3) ASC LIMIT 1) OR EXISTS (SELECT 1 FROM T2 WHERE T2.IDENTIFIER_REFERENCE_7 = T1.IDENTIFIER_PRIMARY_1 GROUP BY T2.IDENTIFIER_REFERENCE_7 HAVING COUNT(T2.IDENTIFIER_REFERENCE_7) > 1)","SELECT DISTINCT Orders.order_status_code, Orders.date_order_placed FROM Orders WHERE Orders.date_order_placed IN (SELECT Orders.date_order_placed FROM Orders GROUP BY Orders.date_order_placed ORDER BY COUNT(Orders.order_status_code) ASC LIMIT 1) OR EXISTS (SELECT 1 FROM Order_Items WHERE Order_Items.order_id = Orders.order_id GROUP BY Order_Items.order_id HAVING COUNT(Order_Items.order_id) > 1)"
171,45,e_commerce,e_commerce,,,False,0,True,,llama3.1-8b,"SELECT MIN(T1.CHRONOLOGICAL_MARKER_4) AS EarliestOrderDate, T1.CHRONOLOGICAL_MARKER_4 AS OrderDate FROM T1 JOIN T2 ON T1.IDENTIFIER_PRIMARY_1 = T2.IDENTIFIER_REFERENCE_7 GROUP BY T1.CHRONOLOGICAL_MARKER_4 HAVING COUNT(T1.IDENTIFIER_PRIMARY_1) > 1","SELECT MIN(Orders.date_order_placed) AS EarliestOrderDate, Orders.date_order_placed AS OrderDate FROM Orders JOIN Order_Items ON Orders.order_id = Order_Items.order_id GROUP BY Orders.date_order_placed HAVING COUNT(Orders.order_id) > 1"
172,49,e_commerce,e_commerce,,,False,3,False,,llama3.1-8b,"SELECT T1.IDENTIFIER_PRIMARY_1, T1.DESCRIBITIVE_ATTRIBUTE_3, T1.CURRENCY_AMOUNT_4, T1.MEASUREMENT_VALUE_6 FROM T1 JOIN T2 ON T1.IDENTIFIER_PRIMARY_1 = T2.IDENTIFIER_REFERENCE_8 JOIN T4 ON T2.IDENTIFIER_PRIMARY_7 = T4.IDENTIFIER_REFERENCE_17 JOIN T3 ON T4.IDENTIFIER_PRIMARY_16 = T3.IDENTIFIER_PRIMARY_11 WHERE T3.MEASUREMENT_VALUE_14 < 2","SELECT Products.product_id, Products.DESCRIBITIVE_ATTRIBUTE_3, Products.product_price, Products.product_size FROM Products JOIN Order_Items ON Products.product_id = Order_Items.product_id JOIN Shipment_Items ON Order_Items.order_item_id = Shipment_Items.order_item_id JOIN Shipments ON Shipment_Items.shipment_id = Shipments.shipment_id WHERE Shipments.shipment_tracking_number < 2"
173,56,e_commerce,e_commerce,,,False,0,True,,llama3.1-8b,SELECT TEXT_FIELD_2 FROM T1 GROUP BY TEXT_FIELD_2 ORDER BY COUNT(TEXT_FIELD_2) DESC LIMIT 1,SELECT payment_method_code FROM Customer_Payment_Methods GROUP BY payment_method_code ORDER BY COUNT(payment_method_code) DESC LIMIT 1
174,57,e_commerce,e_commerce,,,False,0,True,,llama3.1-8b,SELECT T2.TEXT_FIELD_8 FROM T2 INNER JOIN T1 ON T2.IDENTIFIER_REFERENCE_7 = T1.IDENTIFIER_PRIMARY_1 GROUP BY T2.TEXT_FIELD_8 ORDER BY COUNT(T2.IDENTIFIER_REFERENCE_7) DESC LIMIT 1,SELECT Customer_Payment_Methods.payment_method_code FROM Customer_Payment_Methods INNER JOIN Customers ON Customer_Payment_Methods.customer_id = Customers.customer_id GROUP BY Customer_Payment_Methods.payment_method_code ORDER BY COUNT(Customer_Payment_Methods.customer_id) DESC LIMIT 1
175,58,e_commerce,e_commerce,,,False,0,True,,llama3.1-8b,"SELECT T2.DESCRIPTIVE_ATTRIBUTE_8, COUNT(T1.IDENTIFIER_PRIMARY_1) FROM T1 INNER JOIN T2 ON T1.IDENTIFIER_CODE_2 = T2.DESCRIPTIVE_ATTRIBUTE_9 GROUP BY T2.DESCRIPTIVE_ATTRIBUTE_8","SELECT Customers.gender_code, COUNT(Products.product_id) FROM Products INNER JOIN Customers ON Products.parent_product_id = Customers.customer_first_name GROUP BY Customers.gender_code"
176,59,e_commerce,e_commerce,,,False,0,True,,llama3.1-8b,"SELECT T1.DESCRIPTIVE_ATTRIBUTE_3, COUNT(*) FROM T1 GROUP BY T1.DESCRIPTIVE_ATTRIBUTE_3","SELECT Products.product_name, COUNT(*) FROM Products GROUP BY Products.product_name"
177,66,e_commerce,e_commerce,,,False,0,True,,llama3.1-8b,"SELECT T3.DESCRIPTIVE_ATTRIBUTE_12, T2.CHRONOLOGICAL_MARKER_9 FROM T3 JOIN T5 ON T3.IDENTIFIER_PRIMARY_10 = T5.IDENTIFIER_REFERENCE_19 JOIN T2 ON T5.IDENTIFIER_REFERENCE_20 = T2.IDENTIFIER_PRIMARY_7","SELECT Orders.order_status_code, Invoices.invoice_date FROM Orders JOIN Shipments ON Orders.order_id = Shipments.order_id JOIN Invoices ON Shipments.invoice_number = Invoices.invoice_number"
178,67,e_commerce,e_commerce,,,False,0,True,,llama3.1-8b,"SELECT T1.DESCRIPTIVE_ATTRIBUTE_3, T2.CHRONOLOGICAL_MARKER_10 FROM T1 JOIN T3 ON T1.IDENTIFIER_PRIMARY_1 = T3.IDENTIFIER_REFERENCE_12 JOIN T2 ON T3.IDENTIFIER_REFERENCE_13 = T2.IDENTIFIER_PRIMARY_7","SELECT Products.product_name, Orders.date_order_placed FROM Products JOIN Order_Items ON Products.product_id = Order_Items.product_id JOIN Orders ON Order_Items.order_id = Orders.order_id"
179,70,e_commerce,e_commerce,,,False,0,True,,llama3.1-8b,"SELECT T1.DESCRIPTIVE_ATTRIBUTE_3, T2.DESCRIPTIVE_ATTRIBUTE_9 FROM T2 JOIN T3 ON T2.IDENTIFIER_PRIMARY_7 = T3.IDENTIFIER_REFERENCE_13 JOIN T1 ON T3.IDENTIFIER_REFERENCE_12 = T1.IDENTIFIER_PRIMARY_1 WHERE T2.CHRONOLOGICAL_MARKER_10 LIKE '%SHIPPED%'","SELECT Products.product_name, Orders.order_status_code FROM Orders JOIN Order_Items ON Orders.order_id = Order_Items.order_id JOIN Products ON Order_Items.product_id = Products.product_id WHERE Orders.date_order_placed LIKE '%SHIPPED%'"
180,71,e_commerce,e_commerce,,,False,3,False,,llama3.1-8b,"SELECT T1.DESCRIPTIVE_ATTRIBUTE_3, T1.DESCRIPTIVE_ATTRIBUTE_9 FROM T1 JOIN T2 ON T1.IDENTIFIER_PRIMARY_1 = T2.IDENTIFIER_REFERENCE_8","SELECT Products.product_name, Products.order_status_code FROM Products JOIN Orders ON Products.product_id = Orders.customer_id"
181,74,e_commerce,e_commerce,,,False,0,True,,llama3.1-8b,SELECT T2.DESCRIPTIVE_ATTRIBUTE_6 FROM T2 JOIN T4 ON T2.IDENTIFIER_PRIMARY_4 = T4.IDENTIFIER_REFERENCE_13 WHERE T4.MEASUREMENT_VALUE_15 = 'NOT SHIPPED',SELECT Orders.order_status_code FROM Orders JOIN Shipments ON Orders.order_id = Shipments.order_id WHERE Shipments.shipment_tracking_number = 'NOT SHIPPED'
182,75,e_commerce,e_commerce,,,False,0,True,,llama3.1-8b,SELECT T2.DESCRIPTIVE_ATTRIBUTE_6 FROM T2 JOIN T4 ON T2.IDENTIFIER_PRIMARY_4 = T4.IDENTIFIER_REFERENCE_13 WHERE T4.CHRONOLOGICAL_MARKER_16 < ( SELECT MIN(CHRONOLOGICAL_MARKER_3) FROM T1 WHERE IDENTIFIER_PRIMARY_1 = T4.IDENTIFIER_REFERENCE_14 ),SELECT Orders.order_status_code FROM Orders JOIN Shipments ON Orders.order_id = Shipments.order_id WHERE Shipments.shipment_date < ( SELECT MIN(invoice_date) FROM Invoices WHERE invoice_number = Shipments.invoice_number )
183,76,e_commerce,e_commerce,,,False,0,True,,llama3.1-8b,"SELECT T1.IDENTIFIER_PRIMARY_1, T2.DESCRIPTIVE_ATTRIBUTE_9, SUM(T1.CURRENCY_AMOUNT_4) FROM T1 JOIN T3 ON T1.IDENTIFIER_PRIMARY_1 = T3.IDENTIFIER_REFERENCE_12 JOIN T2 ON T3.IDENTIFIER_REFERENCE_13 = T2.IDENTIFIER_PRIMARY_7 GROUP BY T1.IDENTIFIER_PRIMARY_1, T2.DESCRIPTIVE_ATTRIBUTE_9","SELECT Products.product_id, Orders.order_status_code, SUM(Products.product_price) FROM Products JOIN Order_Items ON Products.product_id = Order_Items.product_id JOIN Orders ON Order_Items.order_id = Orders.order_id GROUP BY Products.product_id, Orders.order_status_code"
184,77,e_commerce,e_commerce,,,False,0,True,,llama3.1-8b,"SELECT T1.IDENTIFIER_PRIMARY_1, T4.DESCRIPTIVE_ATTRIBUTE_16, SUM(T1.CURRENCY_AMOUNT_4) FROM T1 JOIN T5 ON T1.IDENTIFIER_PRIMARY_1 = T5.IDENTIFIER_REFERENCE_19 JOIN T4 ON T5.IDENTIFIER_REFERENCE_19 = T4.IDENTIFIER_PRIMARY_15 GROUP BY T1.IDENTIFIER_PRIMARY_1, T4.DESCRIPTIVE_ATTRIBUTE_16","SELECT Products.product_id, Invoices.invoice_status_code, SUM(Products.product_price) FROM Products JOIN Orders ON Products.product_id = Orders.customer_id JOIN Invoices ON Orders.customer_id = Invoices.invoice_number GROUP BY Products.product_id, Invoices.invoice_status_code"
185,98,e_commerce,e_commerce,,,False,0,True,,llama3.1-8b,"SELECT T1.DESCRIPTIVE_ATTRIBUTE_3, T2.DESCRIPTIVE_ATTRIBUTE_3 FROM T1 INNER JOIN T1 AS T2 ON T1.IDENTIFIER_PRIMARY_1 = T2.IDENTIFIER_PRIMARY_1","SELECT Products.product_name, T2.product_name FROM Products INNER JOIN Products AS T2 ON Products.product_id = T2.product_id"
186,99,e_commerce,e_commerce,,,False,0,True,,llama3.1-8b,"SELECT T1.DESCRIPTIVE_ATTRIBUTE_3, T2.DESCRIPTIVE_ATTRIBUTE_3 FROM T1 INNER JOIN T1 AS T2 ON T1.IDENTIFIER_PRIMARY_1 = T2.IDENTIFIER_PRIMARY_1","SELECT Products.product_name, T2.product_name FROM Products INNER JOIN Products AS T2 ON Products.product_id = T2.product_id"
187,108,e_commerce,e_commerce,,,False,0,True,,llama3.1-8b,SELECT T4.DESCRIPTIVE_ATTRIBUTE_14 FROM T4 JOIN T1 ON T4.IDENTIFIER_REFERENCE_13 = T1.IDENTIFIER_PRIMARY_1 JOIN T5 ON T4.IDENTIFIER_PRIMARY_12 = T5.IDENTIFIER_REFERENCE_18 WHERE T5.DESCRIPTIVE_ATTRIBUTE_19 = 'payment method' AND T1.DESCRIPTIVE_ATTRIBUTE_5 = 'payment methods' AND T1.DESCRIPTIVE_ATTRIBUTE_5 = '2',SELECT Orders.order_status_code FROM Orders JOIN Customers ON Orders.customer_id = Customers.customer_id JOIN Order_Items ON Orders.order_id = Order_Items.order_id WHERE Order_Items.order_item_status_code = 'payment method' AND Customers.customer_last_name = 'payment methods' AND Customers.customer_last_name = '2'
188,109,e_commerce,e_commerce,,,False,0,True,,llama3.1-8b,SELECT T4.CHRONOLOGICAL_MARKER_15 FROM T4 JOIN T5 ON T4.IDENTIFIER_PRIMARY_12 = T5.IDENTIFIER_REFERENCE_18 JOIN T7 ON T5.IDENTIFIER_PRIMARY_16 = T7.IDENTIFIER_PRIMARY_25 WHERE T5.IDENTIFIER_REFERENCE_17 IN (SELECT IDENTIFIER_REFERENCE_17 FROM T5 GROUP BY IDENTIFIER_REFERENCE_17 HAVING COUNT(IDENTIFIER_REFERENCE_17) >= 2),SELECT Orders.date_order_placed FROM Orders JOIN Order_Items ON Orders.order_id = Order_Items.order_id JOIN Shipment_Items ON Order_Items.order_item_id = Shipment_Items.shipment_id WHERE Order_Items.product_id IN (SELECT product_id FROM Order_Items GROUP BY product_id HAVING COUNT(product_id) >= 2)
189,110,e_commerce,e_commerce,,,False,0,True,,llama3.1-8b,SELECT DESCRIPTIVE_ATTRIBUTE_8 FROM T2 WHERE IDENTIFIER_REFERENCE_7 = (SELECT IDENTIFIER_PRIMARY_1 FROM T1 GROUP BY IDENTIFIER_PRIMARY_1 ORDER BY COUNT(IDENTIFIER_PRIMARY_1) ASC LIMIT 1),SELECT order_item_status_code FROM Order_Items WHERE order_id = (SELECT order_id FROM Orders GROUP BY order_id ORDER BY COUNT(order_id) ASC LIMIT 1)
190,111,e_commerce,e_commerce,,,False,0,True,,llama3.1-8b,SELECT DESCRIPTIVE_ATTRIBUTE_8 FROM T2 WHERE IDENTIFIER_REFERENCE_7 IN (SELECT IDENTIFIER_PRIMARY_1 FROM T1 GROUP BY IDENTIFIER_PRIMARY_1 ORDER BY COUNT(IDENTIFIER_PRIMARY_1) ASC LIMIT 1),SELECT order_item_status_code FROM Order_Items WHERE order_id IN (SELECT order_id FROM Orders GROUP BY order_id ORDER BY COUNT(order_id) ASC LIMIT 1)
191,120,bbc_channels,bbc_channels,,,False,0,True,,llama3.1-8b,SELECT T1.DESCRIPTIVE_ATTRIBUTE_2 FROM T1 JOIN T4 ON T1.IDENTIFIER_PRIMARY_1 = T4.IDENTIFIER_REFERENCE_15 JOIN T2 ON T4.IDENTIFIER_REFERENCE_15 = T2.IDENTIFIER_PRIMARY_6 WHERE T2.MEASUREMENT_VALUE_8 > (SELECT AVG(MEASUREMENT_VALUE_8) FROM T2),SELECT channel.Name FROM channel JOIN director_admin ON channel.Channel_ID = director_admin.Channel_ID JOIN director ON director_admin.Channel_ID = director.Director_ID WHERE director.Age > (SELECT AVG(Age) FROM director)
192,135,bbc_channels,bbc_channels,,,False,0,True,,llama3.1-8b,SELECT T1.DESCRIPTIVE_ATTRIBUTE_2 FROM T1 JOIN T3 ON T1.IDENTIFIER_PRIMARY_1 = T3.IDENTIFIER_REFERENCE_13 WHERE T3.DESCRIPTIVE_ATTRIBUTE_11 != 'Hank Baskett',SELECT channel.Name FROM channel JOIN program ON channel.Channel_ID = program.Channel_ID WHERE program.Title != 'Hank Baskett'
193,144,tv_shows,tv_shows,,,False,0,True,,llama3.1-8b,SELECT DESCRIPTIVE_ATTRIBUTE_8 FROM T2 GROUP BY DESCRIPTIVE_ATTRIBUTE_8 ORDER BY COUNT(DESCRIPTIVE_ATTRIBUTE_8) DESC LIMIT 1,SELECT Is_online FROM city_channel_radio GROUP BY Is_online ORDER BY COUNT(Is_online) DESC LIMIT 1
194,148,tv_shows,tv_shows,,,False,3,False,,llama3.1-8b,"SELECT T2.TEXT_FIELD_7, T1.DESCRIPITIVE_ATTRIBUTE_4 FROM T1 JOIN T4 ON T1.IDENTIFIER_PRIMARY_1 = T4.IDENTIFIER_PRIMARY_15 JOIN T3 ON T1.IDENTIFIER_PRIMARY_1 = T3.IDENTIFIER_PRIMARY_12 JOIN T2 ON T3.IDENTIFIER_REFERENCE_13 = T2.IDENTIFIER_PRIMARY_6 ORDER BY T1.DESCRIPATIVE_ATTRIBUTE_4 DESC","SELECT radio.Transmitter, city_channel.DESCRIPITIVE_ATTRIBUTE_4 FROM city_channel JOIN city_channel_tv_show ON city_channel.ID = city_channel_tv_show.City_channel_ID JOIN city_channel_radio ON city_channel.ID = city_channel_radio.City_channel_ID JOIN radio ON city_channel_radio.Radio_ID = radio.Radio_ID ORDER BY city_channel.DESCRIPATIVE_ATTRIBUTE_4 DESC"
195,150,tv_shows,tv_shows,,,False,0,True,,llama3.1-8b,SELECT DISTINCT T1.DESCRIPTIVE_ATTRIBUTE_2 FROM T1 LEFT JOIN T3 ON T1.IDENTIFIER_PRIMARY_1 = T3.IDENTIFIER_PRIMARY_12 LEFT JOIN T2 ON T3.IDENTIFIER_REFERENCE_13 = T2.IDENTIFIER_PRIMARY_6 WHERE T2.TEXT_FIELD_7 IS NULL,SELECT DISTINCT city_channel.City FROM city_channel LEFT JOIN city_channel_radio ON city_channel.ID = city_channel_radio.City_channel_ID LEFT JOIN radio ON city_channel_radio.Radio_ID = radio.Radio_ID WHERE radio.Transmitter IS NULL
196,151,vehicle_driver,vehicle_driver,,,False,0,True,,llama3.1-8b,SELECT T2.DESCRIPTIVE_ATTRIBUTE_9 FROM T1 JOIN T3 ON T1.IDENTIFIER_PRIMARY_1 = T3.IDENTIFIER_REFERENCE_13 JOIN T2 ON T3.IDENTIFIER_PRIMARY_12 = T2.IDENTIFIER_PRIMARY_8 WHERE T1.NUMERIC_FIELD_4 > 6000 ORDER BY T1.NUMERIC_FIELD_4 DESC LIMIT 1,SELECT driver.Name FROM vehicle JOIN vehicle_driver ON vehicle.Vehicle_ID = vehicle_driver.Vehicle_ID JOIN driver ON vehicle_driver.Driver_ID = driver.Driver_ID WHERE vehicle.Top_Speed > 6000 ORDER BY vehicle.Top_Speed DESC LIMIT 1
197,152,vehicle_driver,vehicle_driver,,,False,0,True,,llama3.1-8b,SELECT T2.TEXT_FIELD_10 FROM T1 JOIN T3 ON T1.IDENTIFIER_PRIMARY_1 = T3.IDENTIFIER_REFERENCE_13 JOIN T2 ON T3.IDENTIFIER_PRIMARY_12 = T2.IDENTIFIER_PRIMARY_8 WHERE T1.NUMERIC_FIELD_4 > 6000 ORDER BY T1.NUMERIC_FIELD_5 DESC LIMIT 1,SELECT driver.Citizenship FROM vehicle JOIN vehicle_driver ON vehicle.Vehicle_ID = vehicle_driver.Vehicle_ID JOIN driver ON vehicle_driver.Driver_ID = driver.Driver_ID WHERE vehicle.Top_Speed > 6000 ORDER BY vehicle.Power DESC LIMIT 1
198,155,vehicle_driver,vehicle_driver,,,False,0,True,,llama3.1-8b,"SELECT COUNT(T1.IDENTIFIER_PRIMARY_1), T2.IDENTIFIER_PRIMARY_8 FROM T1 JOIN T3 ON T1.IDENTIFIER_PRIMARY_1 = T3.IDENTIFIER_REFERENCE_13 JOIN T2 ON T3.IDENTIFIER_PRIMARY_12 = T2.IDENTIFIER_PRIMARY_8 GROUP BY T2.IDENTIFIER_PRIMARY_8 ORDER BY COUNT(T1.IDENTIFIER_PRIMARY_1) DESC LIMIT 1","SELECT COUNT(vehicle.Vehicle_ID), driver.Driver_ID FROM vehicle JOIN vehicle_driver ON vehicle.Vehicle_ID = vehicle_driver.Vehicle_ID JOIN driver ON vehicle_driver.Driver_ID = driver.Driver_ID GROUP BY driver.Driver_ID ORDER BY COUNT(vehicle.Vehicle_ID) DESC LIMIT 1"
199,156,vehicle_driver,vehicle_driver,,,False,0,True,,llama3.1-8b,"SELECT T2.IDENTIFIER_PRIMARY_8, COUNT(T3.IDENTIFIER_PRIMARY_12) FROM T2 INNER JOIN T3 ON T2.IDENTIFIER_PRIMARY_8 = T3.IDENTIFIER_REFERENCE_13 GROUP BY T2.IDENTIFIER_PRIMARY_8 ORDER BY COUNT(T3.IDENTIFIER_PRIMARY_12) DESC LIMIT 1","SELECT driver.Driver_ID, COUNT(vehicle_driver.Driver_ID) FROM driver INNER JOIN vehicle_driver ON driver.Driver_ID = vehicle_driver.Vehicle_ID GROUP BY driver.Driver_ID ORDER BY COUNT(vehicle_driver.Driver_ID) DESC LIMIT 1"
200,159,vehicle_driver,vehicle_driver,,,False,0,True,,llama3.1-8b,SELECT T2.IDENTIFIER_PRIMARY_8 FROM T2 JOIN T3 ON T2.IDENTIFIER_PRIMARY_8 = T3.IDENTIFIER_PRIMARY_12 JOIN T1 ON T3.IDENTIFIER_REFERENCE_13 = T1.IDENTIFIER_PRIMARY_1 ORDER BY T1.NUMERIC_FIELD_4 LIMIT 1,SELECT driver.Driver_ID FROM driver JOIN vehicle_driver ON driver.Driver_ID = vehicle_driver.Driver_ID JOIN vehicle ON vehicle_driver.Vehicle_ID = vehicle.Vehicle_ID ORDER BY vehicle.Top_Speed LIMIT 1
201,160,vehicle_driver,vehicle_driver,,,False,0,True,,llama3.1-8b,SELECT T2.IDENTIFIER_PRIMARY_8 FROM T2 JOIN T3 ON T2.IDENTIFIER_PRIMARY_8 = T3.IDENTIFIER_PRIMARY_12 JOIN T1 ON T3.IDENTIFIER_REFERENCE_13 = T1.IDENTIFIER_PRIMARY_1 ORDER BY T1.NUMERIC_FIELD_4 ASC LIMIT 1,SELECT driver.Driver_ID FROM driver JOIN vehicle_driver ON driver.Driver_ID = vehicle_driver.Driver_ID JOIN vehicle ON vehicle_driver.Vehicle_ID = vehicle.Vehicle_ID ORDER BY vehicle.Top_Speed ASC LIMIT 1
202,171,vehicle_driver,vehicle_driver,,,False,0,True,,llama3.1-8b,SELECT DISTINCT T2.DESCRIPTIVE_ATTRIBUTE_9 FROM T2 JOIN T3 ON T2.IDENTIFIER_PRIMARY_8 = T3.IDENTIFIER_PRIMARY_12 JOIN T1 ON T3.IDENTIFIER_REFERENCE_13 = T1.IDENTIFIER_PRIMARY_1 WHERE T1.NUMERIC_FIELD_5 > 5000,SELECT DISTINCT driver.Name FROM driver JOIN vehicle_driver ON driver.Driver_ID = vehicle_driver.Driver_ID JOIN vehicle ON vehicle_driver.Vehicle_ID = vehicle.Vehicle_ID WHERE vehicle.Power > 5000
203,172,vehicle_driver,vehicle_driver,,,False,0,True,,llama3.1-8b,SELECT T2.TEXT_FIELD_10 FROM T3 JOIN T2 ON T3.IDENTIFIER_PRIMARY_12 = T2.IDENTIFIER_PRIMARY_8 JOIN T1 ON T3.IDENTIFIER_REFERENCE_13 = T1.IDENTIFIER_PRIMARY_1 WHERE T1.NUMERIC_FIELD_5 > 5000,SELECT driver.Citizenship FROM vehicle_driver JOIN driver ON vehicle_driver.Driver_ID = driver.Driver_ID JOIN vehicle ON vehicle_driver.Vehicle_ID = vehicle.Vehicle_ID WHERE vehicle.Power > 5000
204,177,vehicle_driver,vehicle_driver,,,False,0,True,,llama3.1-8b,SELECT T2.DESCRIPTIVE_ATTRIBUTE_9 FROM T2 LEFT JOIN T3 ON T2.IDENTIFIER_PRIMARY_8 = T3.IDENTIFIER_PRIMARY_12 LEFT JOIN T1 ON T3.IDENTIFIER_REFERENCE_13 = T1.IDENTIFIER_PRIMARY_1 WHERE T1.IDENTIFIER_PRIMARY_1 IS NULL,SELECT driver.Name FROM driver LEFT JOIN vehicle_driver ON driver.Driver_ID = vehicle_driver.Driver_ID LEFT JOIN vehicle ON vehicle_driver.Vehicle_ID = vehicle.Vehicle_ID WHERE vehicle.Vehicle_ID IS NULL
205,178,vehicle_driver,vehicle_driver,,,False,0,True,,llama3.1-8b,SELECT T2.DESCRIPTIVE_ATTRIBUTE_9 FROM T2 JOIN T3 ON T2.IDENTIFIER_PRIMARY_8 = T3.IDENTIFIER_PRIMARY_12 JOIN T1 ON T3.IDENTIFIER_REFERENCE_13 = T1.IDENTIFIER_PRIMARY_1 WHERE T1.NUMERIC_FIELD_4 = 0,SELECT driver.Name FROM driver JOIN vehicle_driver ON driver.Driver_ID = vehicle_driver.Driver_ID JOIN vehicle ON vehicle_driver.Vehicle_ID = vehicle.Vehicle_ID WHERE vehicle.Top_Speed = 0
206,179,vehicle_driver,vehicle_driver,,,False,0,True,,llama3.1-8b,"SELECT T2.DESCRIPTIVE_ATTRIBUTE_9, T2.TEXT_FIELD_10 FROM T2 JOIN T3 ON T2.IDENTIFIER_PRIMARY_8 = T3.IDENTIFIER_PRIMARY_12 JOIN T1 ON T3.IDENTIFIER_REFERENCE_13 = T1.IDENTIFIER_PRIMARY_1 WHERE T1.NUMERIC_FIELD_4 > 1 OR T1.TEXT_FIELD_2 = 'Ziyang'","SELECT driver.Name, driver.Citizenship FROM driver JOIN vehicle_driver ON driver.Driver_ID = vehicle_driver.Driver_ID JOIN vehicle ON vehicle_driver.Vehicle_ID = vehicle.Vehicle_ID WHERE vehicle.Top_Speed > 1 OR vehicle.Model = 'Ziyang'"
207,180,vehicle_driver,vehicle_driver,,,False,0,True,,llama3.1-8b,"SELECT T2.IDENTIFIER_PRIMARY_8, T2.TEXT_FIELD_10 FROM T2 JOIN T3 ON T2.IDENTIFIER_PRIMARY_8 = T3.IDENTIFIER_PRIMARY_12 WHERE T2.DESCRIPTIVE_ATTRIBUTE_9 = 'driver' AND T3.IDENTIFIER_REFERENCE_13 IN (SELECT IDENTIFIER_PRIMARY_1 FROM T1 GROUP BY IDENTIFIER_PRIMARY_1 HAVING COUNT(IDENTIFIER_PRIMARY_1) = 2) OR T2.DESCRIPTIVE_ATTRIBUTE_9 = 'builder' AND T2.TEXT_FIELD_10 = 'Ziyang'","SELECT driver.Driver_ID, driver.Citizenship FROM driver JOIN vehicle_driver ON driver.Driver_ID = vehicle_driver.Driver_ID WHERE driver.Name = 'driver' AND vehicle_driver.Vehicle_ID IN (SELECT Vehicle_ID FROM vehicle GROUP BY Vehicle_ID HAVING COUNT(Vehicle_ID) = 2) OR driver.Name = 'builder' AND driver.Citizenship = 'Ziyang'"
208,183,vehicle_driver,vehicle_driver,,,False,0,True,,llama3.1-8b,SELECT COUNT(T1.IDENTIFIER_PRIMARY_1) FROM T1 INNER JOIN T3 ON T1.IDENTIFIER_PRIMARY_1 = T3.IDENTIFIER_REFERENCE_13 WHERE T1.NUMERIC_FIELD_5 = ( SELECT MAX(NUMERIC_FIELD_5) FROM T1 ),SELECT COUNT(vehicle.Vehicle_ID) FROM vehicle INNER JOIN vehicle_driver ON vehicle.Vehicle_ID = vehicle_driver.Vehicle_ID WHERE vehicle.Power = ( SELECT MAX(Power) FROM vehicle )
209,184,vehicle_driver,vehicle_driver,,,False,0,True,,llama3.1-8b,SELECT COUNT(T1.IDENTIFIER_PRIMARY_1) FROM T1 JOIN T3 ON T1.IDENTIFIER_PRIMARY_1 = T3.IDENTIFIER_REFERENCE_13 WHERE T1.NUMERIC_FIELD_5 = (SELECT MAX(T1.NUMERIC_FIELD_5) FROM T1),SELECT COUNT(vehicle.Vehicle_ID) FROM vehicle JOIN vehicle_driver ON vehicle.Vehicle_ID = vehicle_driver.Vehicle_ID WHERE vehicle.Power = (SELECT MAX(vehicle.Power) FROM vehicle)
210,189,vehicle_driver,vehicle_driver,,,False,0,True,,llama3.1-8b,"SELECT T2.DESCRIPTIVE_ATTRIBUTE_9, T2.TEXT_FIELD_11 FROM T3 JOIN T2 ON T3.IDENTIFIER_PRIMARY_12 = T2.IDENTIFIER_PRIMARY_8 JOIN T1 ON T3.IDENTIFIER_REFERENCE_13 = T1.IDENTIFIER_PRIMARY_1 WHERE T1.TEXT_FIELD_6 = 'DJ1'","SELECT driver.Name, driver.Racing_Series FROM vehicle_driver JOIN driver ON vehicle_driver.Driver_ID = driver.Driver_ID JOIN vehicle ON vehicle_driver.Vehicle_ID = vehicle.Vehicle_ID WHERE vehicle.Builder = 'DJ1'"
211,190,vehicle_driver,vehicle_driver,,,False,0,True,,llama3.1-8b,"SELECT T2.DESCRIPTIVE_ATTRIBUTE_9, T2.TEXT_FIELD_10 FROM T3 JOIN T2 ON T3.IDENTIFIER_PRIMARY_12 = T2.IDENTIFIER_PRIMARY_8 JOIN T1 ON T3.IDENTIFIER_REFERENCE_13 = T1.IDENTIFIER_PRIMARY_1 WHERE T1.TEXT_FIELD_6 = 'DJ1'","SELECT driver.Name, driver.Citizenship FROM vehicle_driver JOIN driver ON vehicle_driver.Driver_ID = driver.Driver_ID JOIN vehicle ON vehicle_driver.Vehicle_ID = vehicle.Vehicle_ID WHERE vehicle.Builder = 'DJ1'"
212,199,online_exams,online_exams,,,False,0,True,,llama3.1-8b,SELECT CHRONOLOGICAL_MARKER_3 FROM T1 WHERE TEXT_FIELD_2 LIKE '%data%' ORDER BY CHRONOLOGICAL_MARKER_3 DESC,SELECT Exam_Date FROM Exams WHERE Subject_Code LIKE '%data%' ORDER BY Exam_Date DESC
213,200,online_exams,online_exams,,,False,0,True,,llama3.1-8b,SELECT CHRONOLOGICAL_MARKER_3 FROM T1 WHERE TEXT_FIELD_2 LIKE '%data%' ORDER BY CHRONOLOGICAL_MARKER_3 DESC,SELECT Exam_Date FROM Exams WHERE Subject_Code LIKE '%data%' ORDER BY Exam_Date DESC
214,213,online_exams,online_exams,,,False,0,True,,llama3.1-8b,SELECT DESCRIPTIVE_ATTRIBUTE_2 FROM T1 WHERE IDENTIFIER_PRIMARY_1 = (SELECT IDENTIFIER_REFERENCE_10 FROM T2 GROUP BY IDENTIFIER_REFERENCE_10 ORDER BY COUNT(IDENTIFIER_REFERENCE_10) ASC LIMIT 1),SELECT First_Name FROM Students WHERE Student_ID = (SELECT Student_ID FROM Student_Answers GROUP BY Student_ID ORDER BY COUNT(Student_ID) ASC LIMIT 1)
215,214,online_exams,online_exams,,,False,0,True,,llama3.1-8b,SELECT TEXT_FIELD_3 FROM T1 WHERE IDENTIFIER_REFERENCE_2 = (SELECT IDENTIFIER_REFERENCE_2 FROM T1 GROUP BY IDENTIFIER_REFERENCE_2 ORDER BY COUNT(IDENTIFIER_REFERENCE_2) ASC LIMIT 1),SELECT Student_Answer_Text FROM Student_Assessments WHERE Valid_Answer_ID = (SELECT Valid_Answer_ID FROM Student_Assessments GROUP BY Valid_Answer_ID ORDER BY COUNT(Valid_Answer_ID) ASC LIMIT 1)
216,217,online_exams,online_exams,,,False,0,True,,llama3.1-8b,SELECT TEXT_FIELD_3 FROM T1 WHERE IDENTIFIER_PRIMARY_1 IN (SELECT IDENTIFIER_REFERENCE_11 FROM T3 WHERE TEXT_FIELD_12 IS NOT NULL GROUP BY IDENTIFIER_REFERENCE_11 ORDER BY COUNT(TEXT_FIELD_12) DESC LIMIT 1),SELECT Valid_Answer_Text FROM Valid_Answers WHERE Valid_Answer_ID IN (SELECT Valid_Answer_ID FROM Student_Assessments WHERE Student_Answer_Text IS NOT NULL GROUP BY Valid_Answer_ID ORDER BY COUNT(Student_Answer_Text) DESC LIMIT 1)
217,218,online_exams,online_exams,,,False,0,True,,llama3.1-8b,SELECT TEXT_FIELD_3 FROM T1 WHERE IDENTIFIER_PRIMARY_1 IN (SELECT IDENTIFIER_REFERENCE_11 FROM T3 GROUP BY IDENTIFIER_REFERENCE_11 ORDER BY COUNT(*) DESC LIMIT 1),SELECT Valid_Answer_Text FROM Valid_Answers WHERE Valid_Answer_ID IN (SELECT Valid_Answer_ID FROM Student_Assessments GROUP BY Valid_Answer_ID ORDER BY COUNT(*) DESC LIMIT 1)
218,225,online_exams,online_exams,,,False,0,True,,llama3.1-8b,SELECT T3.TEXT_FIELD_15 FROM T3 INNER JOIN T2 ON T3.IDENTIFIER_REFERENCE_14 = T2.IDENTIFIER_REFERENCE_8 WHERE T2.IDENTIFIER_REFERENCE_10 IS NULL,SELECT Student_Assessments.Student_Answer_Text FROM Student_Assessments INNER JOIN Student_Answers ON Student_Assessments.Valid_Answer_ID = Student_Answers.Exam_ID WHERE Student_Answers.Student_ID IS NULL
219,226,online_exams,online_exams,,,False,2,True,,llama3.1-8b,SELECT DESCRIPTIVE_ATTRIBUTE_2 FROM T3 LEFT JOIN T1 ON T1.IDENTIFIER_PRIMARY_1 = T3.IDENTIFIER_REFERENCE_14 WHERE T1.IDENTIFIER_PRIMARY_1 IS NULL,SELECT First_Name FROM Student_Assessments LEFT JOIN Students ON Students.Student_ID = Student_Assessments.Valid_Answer_ID WHERE Students.Student_ID IS NULL
220,227,online_exams,online_exams,,,False,0,True,,llama3.1-8b,"SELECT T3.TEXT_FIELD_12 FROM T3 JOIN T1 ON T3.IDENTIFIER_REFERENCE_11 = T1.IDENTIFIER_PRIMARY_1 WHERE T1.TEXT_FIELD_3 IN ('Normal', 'Absent')","SELECT Student_Assessments.Student_Answer_Text FROM Student_Assessments JOIN Valid_Answers ON Student_Assessments.Valid_Answer_ID = Valid_Answers.Valid_Answer_ID WHERE Valid_Answers.Valid_Answer_Text IN ('Normal', 'Absent')"
221,228,online_exams,online_exams,,,False,0,True,,llama3.1-8b,SELECT T3.TEXT_FIELD_12 FROM T3 JOIN T1 ON T3.IDENTIFIER_REFERENCE_11 = T1.IDENTIFIER_PRIMARY_1 WHERE T3.TEXT_FIELD_13 = 'Normal' AND T3.TEXT_FIELD_14 = 'Absent',SELECT Student_Assessments.Student_Answer_Text FROM Student_Assessments JOIN Valid_Answers ON Student_Assessments.Valid_Answer_ID = Valid_Answers.Valid_Answer_ID WHERE Student_Assessments.Satisfactory_YN = 'Normal' AND Student_Assessments.Assessment = 'Absent'
222,249,customers_and_orders,customers_and_orders,,,False,0,True,,llama3.1-8b,SELECT DESCRIPTIVE_ATTRIBUTE_2 FROM T1 WHERE CURRENCY_AMOUNT_4 > ( SELECT AVG(CURRENCY_AMOUNT_4) FROM T1 ),SELECT product_type_code FROM Products WHERE product_price > ( SELECT AVG(product_price) FROM Products )
223,250,customers_and_orders,customers_and_orders,,,False,0,True,,llama3.1-8b,SELECT DESCRIPTIVE_ATTRIBUTE_2 FROM T1 WHERE CURRENCY_AMOUNT_4 > (SELECT AVG(CURRENCY_AMOUNT_4) FROM T1),SELECT product_type_code FROM Products WHERE product_price > (SELECT AVG(product_price) FROM Products)
224,253,customers_and_orders,customers_and_orders,,,False,0,True,,llama3.1-8b,SELECT DESCRIPTIVE_ATTRIBUTE_2 FROM T1 WHERE DESCRIPTIVE_ATTRIBUTE_3 = 'Clothes' ORDER BY CURRENCY_AMOUNT_4 DESC LIMIT 1,SELECT product_type_code FROM Products WHERE product_name = 'Clothes' ORDER BY product_price DESC LIMIT 1
225,254,customers_and_orders,customers_and_orders,,,False,0,True,,llama3.1-8b,SELECT DESCRIPTIVE_ATTRIBUTE_2 FROM T1 WHERE CURRENCY_AMOUNT_4 = ( SELECT MAX(CURRENCY_AMOUNT_4) FROM T1 WHERE DESCRIPTIVE_ATTRIBUTE_3 = 'Clothes' ),SELECT product_type_code FROM Products WHERE product_price = ( SELECT MAX(product_price) FROM Products WHERE product_name = 'Clothes' )
226,255,customers_and_orders,customers_and_orders,,,False,0,True,,llama3.1-8b,"SELECT T1.DESCRIPTIVE_ATTRIBUTE_2, T1.DESCRIPTIVE_ATTRIBUTE_3 FROM T1 JOIN T2 ON T1.IDENTIFIER_PRIMARY_1 = T2.IDENTIFIER_REFERENCE_7 WHERE T2.MEASUREMENT_VALUE_8 = 'Hardware' ORDER BY T1.CURRENCY_AMOUNT_4 ASC LIMIT 1","SELECT Products.product_type_code, Products.product_name FROM Products JOIN Order_Items ON Products.product_id = Order_Items.product_id WHERE Order_Items.order_quantity = 'Hardware' ORDER BY Products.product_price ASC LIMIT 1"
227,256,customers_and_orders,customers_and_orders,,,False,3,False,,llama3.1-8b,"SELECT T1.IDENTIFIER_PRIMARY_1, T1.DESCRIPITIVE_ATTRIBUTE_3 FROM T1 JOIN T2 ON T1.IDENTIFIER_PRIMARY_1 = T2.IDENTIFIER_REFERENCE_7 ORDER BY T1.CURRENCY_AMOUNT_4 ASC LIMIT 1","SELECT Products.product_id, Products.DESCRIPITIVE_ATTRIBUTE_3 FROM Products JOIN Order_Items ON Products.product_id = Order_Items.product_id ORDER BY Products.product_price ASC LIMIT 1"
228,267,customers_and_orders,customers_and_orders,,,False,0,True,,llama3.1-8b,SELECT DESCRIPTIVE_ATTRIBUTE_2 FROM T1 GROUP BY DESCRIPTIVE_ATTRIBUTE_2 ORDER BY COUNT(DESCRIPTIVE_ATTRIBUTE_2) DESC LIMIT 1,SELECT product_type_code FROM Products GROUP BY product_type_code ORDER BY COUNT(product_type_code) DESC LIMIT 1
229,268,customers_and_orders,customers_and_orders,,,False,0,True,,llama3.1-8b,SELECT DESCRIPTIVE_ATTRIBUTE_2 FROM T1 GROUP BY DESCRIPTIVE_ATTRIBUTE_2 ORDER BY COUNT(DESCRIPTIVE_ATTRIBUTE_2) DESC LIMIT 1,SELECT product_type_code FROM Products GROUP BY product_type_code ORDER BY COUNT(product_type_code) DESC LIMIT 1
230,277,customers_and_orders,customers_and_orders,,,False,0,True,,llama3.1-8b,SELECT DESCRIPTIVE_ATTRIBUTE_6 FROM T1 GROUP BY DESCRIPTIVE_ATTRIBUTE_6 ORDER BY COUNT(DESCRIPTIVE_ATTRIBUTE_6) DESC LIMIT 1,SELECT customer_phone FROM Customers GROUP BY customer_phone ORDER BY COUNT(customer_phone) DESC LIMIT 1
231,278,customers_and_orders,customers_and_orders,,,False,0,True,,llama3.1-8b,SELECT IDENTIFIER_CODE_2 FROM T1 GROUP BY IDENTIFIER_CODE_2 ORDER BY COUNT(IDENTIFIER_CODE_2) DESC LIMIT 1,SELECT address_id FROM Customers GROUP BY address_id ORDER BY COUNT(address_id) DESC LIMIT 1
232,279,customers_and_orders,customers_and_orders,,,False,0,True,,llama3.1-8b,SELECT T1.DESCRIPTIVE_ATTRIBUTE_4 FROM T1 GROUP BY T1.DESCRIPTIVE_ATTRIBUTE_4 ORDER BY COUNT(T1.DESCRIPTIVE_ATTRIBUTE_4) ASC LIMIT 1,SELECT Customers.customer_name FROM Customers GROUP BY Customers.customer_name ORDER BY COUNT(Customers.customer_name) ASC LIMIT 1
233,280,customers_and_orders,customers_and_orders,,,False,0,True,,llama3.1-8b,SELECT T1.DESCRIPTIVE_ATTRIBUTE_4 FROM T1 WHERE T1.DESCRIPTIVE_ATTRIBUTE_6 = ( SELECT DESCRIPTIVE_ATTRIBUTE_6 FROM T1 GROUP BY DESCRIPTIVE_ATTRIBUTE_6 ORDER BY COUNT(*) ASC LIMIT 1 ),SELECT Customers.customer_name FROM Customers WHERE Customers.customer_phone = ( SELECT customer_phone FROM Customers GROUP BY customer_phone ORDER BY COUNT(*) ASC LIMIT 1 )
234,287,customers_and_orders,customers_and_orders,,,False,0,True,,llama3.1-8b,SELECT DESCRIPTIVE_ATTRIBUTE_2 FROM T1 GROUP BY DESCRIPTIVE_ATTRIBUTE_2 ORDER BY COUNT(DESCRIPTIVE_ATTRIBUTE_2) ASC LIMIT 1,SELECT product_type_code FROM Products GROUP BY product_type_code ORDER BY COUNT(product_type_code) ASC LIMIT 1
235,288,customers_and_orders,customers_and_orders,,,False,0,True,,llama3.1-8b,SELECT DESCRIPTIVE_ATTRIBUTE_2 FROM T1 GROUP BY DESCRIPTIVE_ATTRIBUTE_2 ORDER BY COUNT(DESCRIPTIVE_ATTRIBUTE_2) ASC LIMIT 1,SELECT product_type_code FROM Products GROUP BY product_type_code ORDER BY COUNT(product_type_code) ASC LIMIT 1
236,299,customers_and_orders,customers_and_orders,,,False,0,True,,llama3.1-8b,SELECT T2.IDENTIFIER_CODE_5 FROM T2 JOIN T1 ON T2.IDENTIFIER_REFERENCE_6 = T1.IDENTIFIER_PRIMARY_1 GROUP BY T2.IDENTIFIER_CODE_5 ORDER BY COUNT(T2.IDENTIFIER_CODE_5) DESC LIMIT 1,SELECT Order_Items.order_item_id FROM Order_Items JOIN Customer_Orders ON Order_Items.order_id = Customer_Orders.order_id GROUP BY Order_Items.order_item_id ORDER BY COUNT(Order_Items.order_item_id) DESC LIMIT 1
237,300,customers_and_orders,customers_and_orders,,,False,0,True,,llama3.1-8b,SELECT T3.IDENTIFIER_CODE_11 FROM T3 INNER JOIN T2 ON T3.IDENTIFIER_REFERENCE_12 = T2.IDENTIFIER_PRIMARY_7 GROUP BY T3.IDENTIFIER_CODE_11 ORDER BY COUNT(T3.IDENTIFIER_CODE_11) DESC LIMIT 1,SELECT Order_Items.order_item_id FROM Order_Items INNER JOIN Customer_Orders ON Order_Items.order_id = Customer_Orders.order_id GROUP BY Order_Items.order_item_id ORDER BY COUNT(Order_Items.order_item_id) DESC LIMIT 1
238,303,customers_and_orders,customers_and_orders,,,False,0,True,,llama3.1-8b,SELECT T1.DESCRIPTIVE_ATTRIBUTE_2 FROM T1 LEFT JOIN T3 ON T1.IDENTIFIER_PRIMARY_1 = T3.IDENTIFIER_REFERENCE_11 WHERE T3.IDENTIFIER_REFERENCE_10 IS NULL,SELECT Products.product_type_code FROM Products LEFT JOIN Order_Items ON Products.product_id = Order_Items.product_id WHERE Order_Items.order_id IS NULL
239,304,customers_and_orders,customers_and_orders,,,False,0,True,,llama3.1-8b,SELECT T1.DESCRIPTIVE_ATTRIBUTE_2 FROM T1 LEFT JOIN T3 ON T1.IDENTIFIER_PRIMARY_1 = T3.IDENTIFIER_REFERENCE_11 WHERE T3.IDENTIFIER_REFERENCE_11 IS NULL,SELECT Products.product_type_code FROM Products LEFT JOIN Order_Items ON Products.product_id = Order_Items.product_id WHERE Order_Items.product_id IS NULL
240,40,e_commerce,e_commerce,,,False,0,True,,llama3.1-8b,"SELECT T2.DESCRIPTIVE_ATTRIBUTE_8, T2.DESCRIPTIVE_ATTRIBUTE_9 FROM T2 JOIN T5 ON T2.IDENTIFIER_PRIMARY_7 = T5.IDENTIFIER_REFERENCE_21 JOIN T7 ON T5.IDENTIFIER_PRIMARY_19 = T7.IDENTIFIER_PRIMARY_28 JOIN T6 ON T7.IDENTIFIER_REFERENCE_29 = T6.IDENTIFIER_PRIMARY_23 GROUP BY T2.DESCRIPTIVE_ATTRIBUTE_8, T2.DESCRIPTIVE_ATTRIBUTE_9 HAVING COUNT(T6.IDENTIFIER_PRIMARY_23) > 2 AND COUNT(DISTINCT T6.IDENTIFIER_REFERENCE_25) >= 3","SELECT Customers.gender_code, Customers.customer_first_name FROM Customers JOIN Order_Items ON Customers.customer_id = Order_Items.order_id JOIN Shipment_Items ON Order_Items.order_item_id = Shipment_Items.shipment_id JOIN Shipments ON Shipment_Items.order_item_id = Shipments.shipment_id GROUP BY Customers.gender_code, Customers.customer_first_name HAVING COUNT(Shipments.shipment_id) > 2 AND COUNT(DISTINCT Shipments.invoice_number) >= 3"
241,41,e_commerce,e_commerce,,,False,0,True,,llama3.1-8b,"SELECT T1.IDENTIFIER_PRIMARY_1, T2.DESCRIPTIVE_ATTRIBUTE_8, T2.DESCRIPTIVE_ATTRIBUTE_9 FROM T1 JOIN T5 ON T1.IDENTIFIER_PRIMARY_1 = T5.IDENTIFIER_REFERENCE_20 JOIN T7 ON T5.IDENTIFIER_PRIMARY_19 = T7.IDENTIFIER_PRIMARY_28 JOIN T6 ON T7.IDENTIFIER_REFERENCE_29 = T6.IDENTIFIER_PRIMARY_23 JOIN T4 ON T6.IDENTIFIER_REFERENCE_24 = T4.IDENTIFIER_PRIMARY_15 JOIN T2 ON T4.IDENTIFIER_REFERENCE_16 = T2.IDENTIFIER_PRIMARY_7 GROUP BY T1.IDENTIFIER_PRIMARY_1, T2.DESCRIPTIVE_ATTRIBUTE_8, T2.DESCRIPTIVE_ATTRIBUTE_9 HAVING COUNT(T7.IDENTIFIER_PRIMARY_28) > 2 AND COUNT(DISTINCT T7.IDENTIFIER_PRIMARY_28) > 2 AND COUNT(T7.IDENTIFIER_PRIMARY_28) >= 3","SELECT Products.product_id, Customers.gender_code, Customers.customer_first_name FROM Products JOIN Order_Items ON Products.product_id = Order_Items.product_id JOIN Shipment_Items ON Order_Items.order_item_id = Shipment_Items.shipment_id JOIN Shipments ON Shipment_Items.order_item_id = Shipments.shipment_id JOIN Orders ON Shipments.order_id = Orders.order_id JOIN Customers ON Orders.customer_id = Customers.customer_id GROUP BY Products.product_id, Customers.gender_code, Customers.customer_first_name HAVING COUNT(Shipment_Items.shipment_id) > 2 AND COUNT(DISTINCT Shipment_Items.shipment_id) > 2 AND COUNT(Shipment_Items.shipment_id) >= 3"
242,46,e_commerce,e_commerce,,,False,0,True,,llama3.1-8b,"SELECT DESCRIPTIVE_ATTRIBUTE_2, DESCRIPTIVE_ATTRIBUTE_3, DESCRIPTIVE_ATTRIBUTE_6 FROM T1 WHERE IDENTIFIER_PRIMARY_1 NOT IN (SELECT IDENTIFIER_REFERENCE_8 FROM T2)","SELECT gender_code, customer_first_name, login_name FROM Customers WHERE customer_id NOT IN (SELECT customer_id FROM Orders)"
243,47,e_commerce,e_commerce,,,False,0,True,,llama3.1-8b,"SELECT DESCRIPTIVE_ATTRIBUTE_2, DESCRIPTIVE_ATTRIBUTE_3, DESCRIPTIVE_ATTRIBUTE_6 FROM T1 WHERE IDENTIFIER_PRIMARY_1 NOT IN (SELECT IDENTIFIER_REFERENCE_8 FROM T2)","SELECT gender_code, customer_first_name, login_name FROM Customers WHERE customer_id NOT IN (SELECT customer_id FROM Orders)"
244,48,e_commerce,e_commerce,,,False,0,True,,llama3.1-8b,"SELECT T1.IDENTIFIER_PRIMARY_1, T1.DESCRIPTIVE_ATTRIBUTE_3, T1.CURRENCY_AMOUNT_4, T1.MEASUREMENT_VALUE_6 FROM T1 LEFT JOIN T3 ON T1.IDENTIFIER_PRIMARY_1 = T3.IDENTIFIER_REFERENCE_12 LEFT JOIN T5 ON T3.IDENTIFIER_PRIMARY_11 = T5.IDENTIFIER_REFERENCE_21 WHERE T5.IDENTIFIER_PRIMARY_20 IS NULL","SELECT Products.product_id, Products.product_name, Products.product_price, Products.product_size FROM Products LEFT JOIN Order_Items ON Products.product_id = Order_Items.product_id LEFT JOIN Shipment_Items ON Order_Items.order_item_id = Shipment_Items.order_item_id WHERE Shipment_Items.shipment_id IS NULL"
245,52,e_commerce,e_commerce,,,False,0,True,,llama3.1-8b,"SELECT T1.IDENTIFIER_PRIMARY_1, T2.DESCRIPTIVE_ATTRIBUTE_8, T1.CURRENCY_AMOUNT_4 FROM T1 JOIN T5 ON T1.IDENTIFIER_PRIMARY_1 = T5.IDENTIFIER_REFERENCE_20 JOIN T7 ON T5.IDENTIFIER_PRIMARY_19 = T7.IDENTIFIER_PRIMARY_28 JOIN T6 ON T7.IDENTIFIER_REFERENCE_29 = T6.IDENTIFIER_PRIMARY_23 JOIN T4 ON T6.IDENTIFIER_REFERENCE_24 = T4.IDENTIFIER_PRIMARY_15 JOIN T2 ON T4.IDENTIFIER_REFERENCE_16 = T2.IDENTIFIER_PRIMARY_7 GROUP BY T2.DESCRIPTIVE_ATTRIBUTE_8 ORDER BY COUNT(T1.IDENTIFIER_PRIMARY_1) DESC","SELECT Products.product_id, Customers.gender_code, Products.product_price FROM Products JOIN Order_Items ON Products.product_id = Order_Items.product_id JOIN Shipment_Items ON Order_Items.order_item_id = Shipment_Items.shipment_id JOIN Shipments ON Shipment_Items.order_item_id = Shipments.shipment_id JOIN Orders ON Shipments.order_id = Orders.order_id JOIN Customers ON Orders.customer_id = Customers.customer_id GROUP BY Customers.gender_code ORDER BY COUNT(Products.product_id) DESC"
246,53,e_commerce,e_commerce,,,False,3,False,,llama3.1-8b,"SELECT T1.IDENTIFIER_PRIMARY_1, T1.DESCRIBITIVE_ATTRIBUTE_3, T1.CURRENCY_AMOUNT_4 FROM T1 JOIN T2 ON T1.IDENTIFIER_PRIMARY_1 = T2.IDENTIFIER_REFERENCE_8 ORDER BY T2.IDENTIFIER_REFERENCE_8, T1.CURRENCY_AMOUNT_4 DESC","SELECT Products.product_id, Products.DESCRIBITIVE_ATTRIBUTE_3, Products.product_price FROM Products JOIN Order_Items ON Products.product_id = Order_Items.product_id ORDER BY Order_Items.product_id, Products.product_price DESC"
247,54,e_commerce,e_commerce,,,False,0,True,,llama3.1-8b,"SELECT T1.IDENTIFIER_PRIMARY_1, SUM(T1.CURRENCY_AMOUNT_4 * T2.DESCRIPTIVE_ATTRIBUTE_9) AS sum FROM T1 JOIN T3 ON T1.IDENTIFIER_PRIMARY_1 = T3.IDENTIFIER_REFERENCE_12 JOIN T2 ON T3.IDENTIFIER_REFERENCE_13 = T2.IDENTIFIER_PRIMARY_7 GROUP BY T1.IDENTIFIER_PRIMARY_1 ORDER BY sum ASC LIMIT 1","SELECT Products.product_id, SUM(Products.product_price * Orders.order_status_code) AS sum FROM Products JOIN Order_Items ON Products.product_id = Order_Items.product_id JOIN Orders ON Order_Items.order_id = Orders.order_id GROUP BY Products.product_id ORDER BY sum ASC LIMIT 1"
248,55,e_commerce,e_commerce,,,False,0,True,,llama3.1-8b,"SELECT T1.DESCRIPTIVE_ATTRIBUTE_3, T1.CHRONOLOGICAL_MARKER_4, T2.IDENTIFIER_REFERENCE_6, T2.IDENTIFIER_REFERENCE_7, T2.DESCRIPTIVE_ATTRIBUTE_8, T1.IDENTIFIER_PRIMARY_1 FROM T1 JOIN T2 ON T1.IDENTIFIER_PRIMARY_1 = T2.IDENTIFIER_REFERENCE_7 ORDER BY T2.DESCRIPTIVE_ATTRIBUTE_8 ASC","SELECT Orders.order_status_code, Orders.date_order_placed, Order_Items.product_id, Order_Items.order_id, Order_Items.order_item_status_code, Orders.order_id FROM Orders JOIN Order_Items ON Orders.order_id = Order_Items.order_id ORDER BY Order_Items.order_item_status_code ASC"
249,72,e_commerce,e_commerce,,,False,0,True,,llama3.1-8b,"SELECT DISTINCT T1.DESCRIPTIVE_ATTRIBUTE_3, T1.CURRENCY_AMOUNT_4, T1.TEXTUAL_CONTENT_6 FROM T1 JOIN T4 ON T1.IDENTIFIER_PRIMARY_1 = T4.IDENTIFIER_REFERENCE_18 JOIN T3 ON T4.IDENTIFIER_REFERENCE_19 = T3.IDENTIFIER_PRIMARY_13 JOIN T2 ON T3.IDENTIFIER_REFERENCE_14 = T2.IDENTIFIER_PRIMARY_7 WHERE T2.DESCRIPTIVE_ATTRIBUTE_8 = 'Female'","SELECT DISTINCT Products.product_name, Products.product_price, Products.product_description FROM Products JOIN Order_Items ON Products.product_id = Order_Items.product_id JOIN Orders ON Order_Items.order_id = Orders.order_id JOIN Customers ON Orders.customer_id = Customers.customer_id WHERE Customers.gender_code = 'Female'"
250,73,e_commerce,e_commerce,,,False,0,True,,llama3.1-8b,"SELECT T2.DESCRIPTIVE_ATTRIBUTE_8, T2.DESCRIPTIVE_ATTRIBUTE_9, T1.CURRENCY_AMOUNT_4 FROM T1 JOIN T2 ON T1.IDENTIFIER_PRIMARY_1 = T2.IDENTIFIER_PRIMARY_7 WHERE T2.DESCRIPTIVE_ATTRIBUTE_11 = 'Female'","SELECT Customers.gender_code, Customers.customer_first_name, Products.product_price FROM Products JOIN Customers ON Products.product_id = Customers.customer_id WHERE Customers.customer_last_name = 'Female'"
251,88,e_commerce,e_commerce,,,False,0,True,,llama3.1-8b,"SELECT T1.DESCRIPTIVE_ATTRIBUTE_3, T1.CURRENCY_AMOUNT_4 FROM T1 WHERE T1.CURRENCY_AMOUNT_4 > ( SELECT AVG(CURRENCY_AMOUNT_4) FROM T1 )","SELECT Products.product_name, Products.product_price FROM Products WHERE Products.product_price > ( SELECT AVG(product_price) FROM Products )"
252,89,e_commerce,e_commerce,,,False,0,True,,llama3.1-8b,"SELECT T1.CURRENCY_AMOUNT_4, T1.MEASUREMENT_VALUE_6 FROM T1 WHERE T1.CURRENCY_AMOUNT_4 > ( SELECT AVG(CURRENCY_AMOUNT_4) FROM T1 )","SELECT Products.product_price, Products.product_size FROM Products WHERE Products.product_price > ( SELECT AVG(product_price) FROM Products )"
253,90,e_commerce,e_commerce,,,False,0,True,,llama3.1-8b,SELECT COUNT(*) FROM T1 WHERE CURRENCY_AMOUNT_4 = 0,SELECT COUNT(*) FROM Products WHERE product_price = 0
254,91,e_commerce,e_commerce,,,False,0,True,,llama3.1-8b,SELECT COUNT(*) FROM T1 WHERE IDENTIFIER_PRIMARY_1 NOT IN (SELECT IDENTIFIER_REFERENCE_8 FROM T2),SELECT COUNT(*) FROM Products WHERE product_id NOT IN (SELECT product_id FROM Order_Items)
255,92,e_commerce,e_commerce,,,False,0,True,,llama3.1-8b,SELECT COUNT(*) FROM T2 WHERE IDENTIFIER_REFERENCE_7 NOT IN (SELECT IDENTIFIER_PRIMARY_1 FROM T1 WHERE DESCRIPTIVE_ATTRIBUTE_6 != ''),SELECT COUNT(*) FROM Customer_Payment_Methods WHERE customer_id NOT IN (SELECT customer_id FROM Customers WHERE email_address != '')
256,93,e_commerce,e_commerce,,,False,0,True,,llama3.1-8b,SELECT COUNT(*) FROM T2 WHERE IDENTIFIER_REFERENCE_7 NOT IN (SELECT IDENTIFIER_PRIMARY_1 FROM T1 WHERE TEXT_FIELD_4 IS NOT NULL),SELECT COUNT(*) FROM Customer_Payment_Methods WHERE customer_id NOT IN (SELECT customer_id FROM Customers WHERE customer_middle_initial IS NOT NULL)
257,106,e_commerce,e_commerce,,,False,0,True,,llama3.1-8b,"SELECT T1.DESCRIPTIVE_ATTRIBUTE_2, T1.DESCRIPTIVE_ATTRIBUTE_3, T1.DESCRIPTIVE_ATTRIBUTE_4 FROM T1 JOIN (SELECT DESCRIPTIVE_ATTRIBUTE_2, COUNT(*) as count FROM T1 GROUP BY DESCRIPTIVE_ATTRIBUTE_2 ORDER BY count LIMIT 1) AS T2 ON T1.DESCRIPTIVE_ATTRIBUTE_2 = T2.DESCRIPTIVE_ATTRIBUTE_2","SELECT Customers.gender_code, Customers.email_address, Customers.address_line_1 FROM Customers JOIN (SELECT gender_code, COUNT(*) as count FROM Customers GROUP BY gender_code ORDER BY count LIMIT 1) AS T2 ON Customers.gender_code = T2.gender_code"
258,107,e_commerce,e_commerce,,,False,0,True,,llama3.1-8b,"SELECT T1.DESCRIPTIVE_ATTRIBUTE_2, T1.DESCRIPTIVE_ATTRIBUTE_3, T1.DESCRIPTIVE_ATTRIBUTE_4 FROM T1 JOIN T2 ON T1.IDENTIFIER_PRIMARY_1 = T2.IDENTIFIER_REFERENCE_8 JOIN T3 ON T2.IDENTIFIER_PRIMARY_7 = T3.IDENTIFIER_REFERENCE_13 WHERE T3.DESCRIPTIVE_ATTRIBUTE_14 IN ( SELECT DESCRIPTIVE_ATTRIBUTE_9 FROM T2 GROUP BY DESCRIPTIVE_ATTRIBUTE_9 ORDER BY COUNT(IDENTIFIER_PRIMARY_7) ASC LIMIT 1 )","SELECT Customers.gender_code, Customers.email_address, Customers.address_line_1 FROM Customers JOIN Orders ON Customers.customer_id = Orders.customer_id JOIN Order_Items ON Orders.order_id = Order_Items.order_id WHERE Order_Items.order_item_status_code IN ( SELECT order_status_code FROM Orders GROUP BY order_status_code ORDER BY COUNT(order_id) ASC LIMIT 1 )"
259,118,e_commerce,e_commerce,,,False,0,True,,llama3.1-8b,"SELECT TEXT_FIELD_4, TEXTUAL_CONTENT_6, MEASUREMENT_VALUE_5 FROM T1 WHERE CURRENCY_AMOUNT_3 < ( SELECT MAX(CURRENCY_AMOUNT_3) FROM T1 )","SELECT product_color, product_description, product_size FROM Products WHERE product_price < ( SELECT MAX(product_price) FROM Products )"
260,119,e_commerce,e_commerce,,,False,0,True,,llama3.1-8b,"SELECT TEXT_FIELD_4, TEXTUAL_CONTENT_6, MEASUREMENT_VALUE_5 FROM T1 WHERE CURRENCY_AMOUNT_3 < (SELECT MAX(CURRENCY_AMOUNT_3) FROM T1)","SELECT product_color, product_description, product_size FROM Products WHERE product_price < (SELECT MAX(product_price) FROM Products)"
261,125,bbc_channels,bbc_channels,,,False,0,True,,llama3.1-8b,SELECT T1.DESCRIPTIVE_ATTRIBUTE_2 FROM T1 INNER JOIN T4 ON T1.IDENTIFIER_PRIMARY_1 = T4.IDENTIFIER_REFERENCE_15 GROUP BY T1.DESCRIPTIVE_ATTRIBUTE_2 ORDER BY COUNT(T4.IDENTIFIER_PRIMARY_14) DESC LIMIT 1,SELECT channel.Name FROM channel INNER JOIN director_admin ON channel.Channel_ID = director_admin.Channel_ID GROUP BY channel.Name ORDER BY COUNT(director_admin.Director_ID) DESC LIMIT 1
262,126,bbc_channels,bbc_channels,,,False,0,True,,llama3.1-8b,"SELECT T1.DESCRIPTIVE_ATTRIBUTE_2, T2.MEASUREMENT_VALUE_8 FROM T3 JOIN T2 ON T3.IDENTIFIER_REFERENCE_12 = T2.IDENTIFIER_PRIMARY_6 JOIN T1 ON T3.IDENTIFIER_REFERENCE_13 = T1.IDENTIFIER_PRIMARY_1 JOIN T4 ON T4.IDENTIFIER_REFERENCE_15 = T1.IDENTIFIER_PRIMARY_1 GROUP BY T1.DESCRIPTIVE_ATTRIBUTE_2 ORDER BY COUNT(T4.IDENTIFIER_PRIMARY_14) DESC LIMIT 1","SELECT channel.Name, director.Age FROM program JOIN director ON program.Director_ID = director.Director_ID JOIN channel ON program.Channel_ID = channel.Channel_ID JOIN director_admin ON director_admin.Channel_ID = channel.Channel_ID GROUP BY channel.Name ORDER BY COUNT(director_admin.Director_ID) DESC LIMIT 1"
263,130,bbc_channels,bbc_channels,,,False,0,True,,llama3.1-8b,SELECT COUNT(T1.IDENTIFIER_PRIMARY_1) FROM T1 JOIN T4 ON T1.IDENTIFIER_PRIMARY_1 = T4.IDENTIFIER_REFERENCE_15 JOIN T2 ON T4.IDENTIFIER_REFERENCE_15 = T2.IDENTIFIER_PRIMARY_6 WHERE T2.MEASUREMENT_VALUE_8 = 0,SELECT COUNT(channel.Channel_ID) FROM channel JOIN director_admin ON channel.Channel_ID = director_admin.Channel_ID JOIN director ON director_admin.Channel_ID = director.Director_ID WHERE director.Age = 0
264,132,bbc_channels,bbc_channels,,,False,0,True,,llama3.1-8b,"SELECT T1.DESCRIPTIVE_ATTRIBUTE_2, T1.TEXT_FIELD_4 FROM T1 INNER JOIN T3 ON T1.IDENTIFIER_PRIMARY_1 = T3.IDENTIFIER_REFERENCE_13 INNER JOIN T2 ON T3.IDENTIFIER_REFERENCE_12 = T2.IDENTIFIER_PRIMARY_6 GROUP BY T1.DESCRIPTIVE_ATTRIBUTE_2 ORDER BY COUNT(T3.IDENTIFIER_REFERENCE_13) DESC LIMIT 1","SELECT channel.Name, channel.Digital_terrestrial_channel FROM channel INNER JOIN program ON channel.Channel_ID = program.Channel_ID INNER JOIN director ON program.Director_ID = director.Director_ID GROUP BY channel.Name ORDER BY COUNT(program.Channel_ID) DESC LIMIT 1"
265,134,bbc_channels,bbc_channels,,,False,0,True,,llama3.1-8b,SELECT T1.DESCRIPTIVE_ATTRIBUTE_2 FROM T1 JOIN T3 ON T1.IDENTIFIER_PRIMARY_1 = T3.IDENTIFIER_REFERENCE_13 JOIN T2 ON T3.IDENTIFIER_REFERENCE_12 = T2.IDENTIFIER_PRIMARY_6 WHERE T3.DESCRIPTIVE_ATTRIBUTE_11 LIKE '%Director%' AND T2.MEASUREMENT_VALUE_8 < 40 AND EXISTS (SELECT 1 FROM T2 AS T2_2 JOIN T3 AS T3_2 ON T2_2.IDENTIFIER_PRIMARY_6 = T3_2.IDENTIFIER_REFERENCE_12 WHERE T3_2.DESCRIPTIVE_ATTRIBUTE_11 LIKE '%Director%' AND T2_2.MEASUREMENT_VALUE_8 > 60 AND T2_2.IDENTIFIER_PRIMARY_6 = T2.IDENTIFIER_PRIMARY_6),SELECT channel.Name FROM channel JOIN program ON channel.Channel_ID = program.Channel_ID JOIN director ON program.Director_ID = director.Director_ID WHERE program.Title LIKE '%Director%' AND director.Age < 40 AND EXISTS (SELECT 1 FROM director AS T2_2 JOIN program AS T3_2 ON T2_2.Director_ID = T3_2.Director_ID WHERE T3_2.Title LIKE '%Director%' AND T2_2.Age > 60 AND T2_2.Director_ID = director.Director_ID)
266,181,vehicle_driver,vehicle_driver,,,False,0,True,,llama3.1-8b,"SELECT T2.DESCRIPTIVE_ATTRIBUTE_9, T2.TEXT_FIELD_10 FROM T2 JOIN T3 ON T2.IDENTIFIER_PRIMARY_8 = T3.IDENTIFIER_PRIMARY_12 JOIN T1 ON T3.IDENTIFIER_REFERENCE_13 = T1.IDENTIFIER_PRIMARY_1 WHERE T1.NUMERIC_FIELD_5 > 2 OR T1.TEXT_FIELD_6 = 'Jeff Gordon'","SELECT driver.Name, driver.Citizenship FROM driver JOIN vehicle_driver ON driver.Driver_ID = vehicle_driver.Driver_ID JOIN vehicle ON vehicle_driver.Vehicle_ID = vehicle.Vehicle_ID WHERE vehicle.Power > 2 OR vehicle.Builder = 'Jeff Gordon'"
267,182,vehicle_driver,vehicle_driver,,,False,0,True,,llama3.1-8b,"SELECT T2.IDENTIFIER_PRIMARY_8, T2.TEXT_FIELD_10 FROM T2 JOIN T3 ON T2.IDENTIFIER_PRIMARY_8 = T3.IDENTIFIER_PRIMARY_12 JOIN T1 ON T3.IDENTIFIER_REFERENCE_13 = T1.IDENTIFIER_PRIMARY_1 WHERE (SELECT COUNT(*) FROM T3 AS T4 JOIN T1 AS T5 ON T4.IDENTIFIER_REFERENCE_13 = T5.IDENTIFIER_PRIMARY_1 WHERE T5.TEXT_FIELD_2 = 'Jeff Gordon') > 1 OR T1.TEXT_FIELD_2 = 'Jeff Gordon'","SELECT driver.Driver_ID, driver.Citizenship FROM driver JOIN vehicle_driver ON driver.Driver_ID = vehicle_driver.Driver_ID JOIN vehicle ON vehicle_driver.Vehicle_ID = vehicle.Vehicle_ID WHERE (SELECT COUNT(*) FROM vehicle_driver AS T4 JOIN vehicle AS T5 ON T4.Vehicle_ID = T5.Vehicle_ID WHERE T5.Model = 'Jeff Gordon') > 1 OR vehicle.Model = 'Jeff Gordon'"
268,191,vehicle_driver,vehicle_driver,,,False,0,True,,llama3.1-8b,SELECT COUNT(*) FROM T2 WHERE IDENTIFIER_PRIMARY_8 NOT IN (SELECT IDENTIFIER_REFERENCE_13 FROM T3),SELECT COUNT(*) FROM driver WHERE Driver_ID NOT IN (SELECT Vehicle_ID FROM vehicle_driver)
269,192,vehicle_driver,vehicle_driver,,,False,0,True,,llama3.1-8b,SELECT COUNT(*) FROM T2 WHERE IDENTIFIER_PRIMARY_8 NOT IN (SELECT IDENTIFIER_REFERENCE_13 FROM T3),SELECT COUNT(*) FROM driver WHERE Driver_ID NOT IN (SELECT Vehicle_ID FROM vehicle_driver)
270,251,customers_and_orders,customers_and_orders,,,False,0,True,,llama3.1-8b,SELECT T1.DESCRIPTIVE_ATTRIBUTE_2 FROM T1 WHERE T1.CURRENCY_AMOUNT_4 > ( SELECT AVG(T1.CURRENCY_AMOUNT_4) FROM T1 WHERE T1.DESCRIPTIVE_ATTRIBUTE_3 = 'Hardware' ),SELECT Products.product_type_code FROM Products WHERE Products.product_price > ( SELECT AVG(Products.product_price) FROM Products WHERE Products.product_name = 'Hardware' )
271,252,customers_and_orders,customers_and_orders,,,False,0,True,,llama3.1-8b,"SELECT T1.DESCRIPTIVE_ATTRIBUTE_2 FROM T1 JOIN ( SELECT DESCRIPTIVE_ATTRIBUTE_3, AVG(CURRENCY_AMOUNT_4) AS avg_price FROM T1 WHERE DESCRIPTIVE_ATTRIBUTE_3 = 'Hardware' GROUP BY DESCRIPTIVE_ATTRIBUTE_3 ) AS T2 ON T1.DESCRIPTIVE_ATTRIBUTE_3 = T2.DESCRIPTIVE_ATTRIBUTE_3 WHERE T1.CURRENCY_AMOUNT_4 > T2.avg_price","SELECT Products.product_type_code FROM Products JOIN ( SELECT product_name, AVG(product_price) AS avg_price FROM Products WHERE product_name = 'Hardware' GROUP BY product_name ) AS T2 ON Products.product_name = T2.product_name WHERE Products.product_price > T2.avg_price"
272,295,customers_and_orders,customers_and_orders,,,False,0,True,,llama3.1-8b,"SELECT T2.DESCRIPTIVE_ATTRIBUTE_10, T2.DESCRIPTIVE_ATTRIBUTE_10 AS name, T2.DESCRIPTIVE_ATTRIBUTE_10 AS phone, T2.DESCRIPTIVE_ATTRIBUTE_10 AS email FROM T2 JOIN T3 ON T3.IDENTIFIER_REFERENCE_12 = T2.IDENTIFIER_PRIMARY_7 JOIN T1 ON T1.IDENTIFIER_PRIMARY_1 = T2.IDENTIFIER_REFERENCE_8 GROUP BY T2.DESCRIPTIVE_ATTRIBUTE_10 ORDER BY COUNT(T3.IDENTIFIER_REFERENCE_13) DESC LIMIT 1","SELECT Customer_Orders.order_status_code, Customer_Orders.order_status_code AS name, Customer_Orders.order_status_code AS phone, Customer_Orders.order_status_code AS email FROM Customer_Orders JOIN Order_Items ON Order_Items.order_id = Customer_Orders.order_id JOIN Customers ON Customers.customer_id = Customer_Orders.customer_id GROUP BY Customer_Orders.order_status_code ORDER BY COUNT(Order_Items.product_id) DESC LIMIT 1"
273,296,customers_and_orders,customers_and_orders,,,False,0,True,,llama3.1-8b,"SELECT T1.IDENTIFIER_PRIMARY_1, T1.DESCRIPTIVE_ATTRIBUTE_4, T1.DESCRIPTIVE_ATTRIBUTE_5, T1.DESCRIPTIVE_ATTRIBUTE_6 FROM T1 JOIN T2 ON T1.IDENTIFIER_PRIMARY_1 = T2.IDENTIFIER_REFERENCE_8 JOIN T3 ON T2.IDENTIFIER_PRIMARY_7 = T3.IDENTIFIER_REFERENCE_12 ORDER BY T3.IDENTIFIER_REFERENCE_13 DESC LIMIT 1","SELECT Customers.customer_id, Customers.customer_name, Customers.customer_phone, Customers.customer_email FROM Customers JOIN Customer_Orders ON Customers.customer_id = Customer_Orders.customer_id JOIN Order_Items ON Customer_Orders.order_id = Order_Items.order_id ORDER BY Order_Items.product_id DESC LIMIT 1"
274,301,customers_and_orders,customers_and_orders,,,False,0,True,,llama3.1-8b,SELECT COUNT(*) FROM T1 WHERE IDENTIFIER_PRIMARY_1 NOT IN (SELECT IDENTIFIER_REFERENCE_8 FROM T2),SELECT COUNT(*) FROM Customers WHERE customer_id NOT IN (SELECT customer_id FROM Customer_Orders)
275,302,customers_and_orders,customers_and_orders,,,False,0,True,,llama3.1-8b,SELECT COUNT(T1.IDENTIFIER_PRIMARY_1) FROM T1 LEFT JOIN T2 ON T1.IDENTIFIER_PRIMARY_1 = T2.IDENTIFIER_REFERENCE_8 LEFT JOIN T3 ON T2.IDENTIFIER_PRIMARY_7 = T3.IDENTIFIER_REFERENCE_12 WHERE T3.IDENTIFIER_REFERENCE_12 IS NULL,SELECT COUNT(Customers.customer_id) FROM Customers LEFT JOIN Customer_Orders ON Customers.customer_id = Customer_Orders.customer_id LEFT JOIN Order_Items ON Customer_Orders.order_id = Order_Items.order_id WHERE Order_Items.order_id IS NULL
276,313,customers_and_orders,customers_and_orders,,,False,0,True,,llama3.1-8b,"SELECT T2.CHRONOLOGICAL_MARKER_7, T2.IDENTIFIER_PRIMARY_5 FROM T2 JOIN T3 ON T2.IDENTIFIER_PRIMARY_5 = T3.IDENTIFIER_REFERENCE_10 WHERE T3.MEASUREMENT_VALUE_12 > '6' OR T3.IDENTIFIER_REFERENCE_11 > '3'","SELECT Customer_Orders.order_date, Customer_Orders.order_id FROM Customer_Orders JOIN Order_Items ON Customer_Orders.order_id = Order_Items.order_id WHERE Order_Items.order_quantity > '6' OR Order_Items.product_id > '3'"
277,314,customers_and_orders,customers_and_orders,,,False,0,True,,llama3.1-8b,"SELECT T2.IDENTIFIER_PRIMARY_5, T2.CHRONOLOGICAL_MARKER_7 FROM T2 JOIN T3 ON T2.IDENTIFIER_PRIMARY_5 = T3.IDENTIFIER_REFERENCE_10 WHERE T3.MEASUREMENT_VALUE_12 > '6' OR T3.IDENTIFIER_REFERENCE_11 > '3'","SELECT Customer_Orders.order_id, Customer_Orders.order_date FROM Customer_Orders JOIN Order_Items ON Customer_Orders.order_id = Order_Items.order_id WHERE Order_Items.order_quantity > '6' OR Order_Items.product_id > '3'"
278,337,region_building,region_building,,,False,0,True,,llama3.1-8b,SELECT T2.DESCRIPTIVE_ATTRIBUTE_8 FROM T1 INNER JOIN T2 ON T1.IDENTIFIER_REFERENCE_2 = T2.IDENTIFIER_PRIMARY_7 GROUP BY T2.DESCRIPTIVE_ATTRIBUTE_8 ORDER BY COUNT(T1.IDENTIFIER_PRIMARY_1) DESC LIMIT 1,SELECT region.Name FROM building INNER JOIN region ON building.Region_ID = region.Region_ID GROUP BY region.Name ORDER BY COUNT(building.Building_ID) DESC LIMIT 1
279,338,region_building,region_building,,,False,0,True,,llama3.1-8b,"SELECT T2.DESCRIPTIVE_ATTRIBUTE_8, T2.LOCATION_ATTRIBUTE_9 FROM T2 JOIN T1 ON T1.IDENTIFIER_REFERENCE_2 = T2.IDENTIFIER_PRIMARY_7 GROUP BY T2.DESCRIPTIVE_ATTRIBUTE_8 ORDER BY COUNT(T1.IDENTIFIER_PRIMARY_1) DESC LIMIT 1","SELECT region.Name, region.Capital FROM region JOIN building ON building.Region_ID = region.Region_ID GROUP BY region.Name ORDER BY COUNT(building.Building_ID) DESC LIMIT 1"
280,365,government_shift,government_shift,,,False,0,True,,llama3.1-8b,"SELECT T1.TEXT_FIELD_2, COUNT(T5.IDENTIFIER_PRIMARY_15) AS total_services FROM T1 JOIN T3 ON T1.IDENTIFIER_PRIMARY_1 = T3.IDENTIFIER_REFERENCE_7 JOIN T5 ON T3.IDENTIFIER_PRIMARY_5 = T5.IDENTIFIER_REFERENCE_16 GROUP BY T1.TEXT_FIELD_2 ORDER BY total_services DESC LIMIT 1","SELECT Services.Service_Details, COUNT(Analytical_Layer.Analytical_ID) AS total_services FROM Services JOIN Customers_and_Services ON Services.Service_ID = Customers_and_Services.Service_ID JOIN Analytical_Layer ON Customers_and_Services.Customers_and_Services_ID = Analytical_Layer.Customers_and_Services_ID GROUP BY Services.Service_Details ORDER BY total_services DESC LIMIT 1"
281,366,government_shift,government_shift,,,False,0,True,,llama3.1-8b,"SELECT T1.IDENTIFIER_PRIMARY_1, T1.TEXT_FIELD_2, COUNT(T5.IDENTIFIER_PRIMARY_15) AS total_services FROM T1 JOIN T3 ON T3.IDENTIFIER_REFERENCE_7 = T1.IDENTIFIER_PRIMARY_1 JOIN T5 ON T5.IDENTIFIER_REFERENCE_16 = T3.IDENTIFIER_PRIMARY_5 GROUP BY T1.IDENTIFIER_PRIMARY_1 ORDER BY total_services DESC LIMIT 1","SELECT Services.Service_ID, Services.Service_Details, COUNT(Analytical_Layer.Analytical_ID) AS total_services FROM Services JOIN Customers_and_Services ON Customers_and_Services.Service_ID = Services.Service_ID JOIN Analytical_Layer ON Analytical_Layer.Customers_and_Services_ID = Customers_and_Services.Customers_and_Services_ID GROUP BY Services.Service_ID ORDER BY total_services DESC LIMIT 1"
282,367,government_shift,government_shift,,,False,0,True,,llama3.1-8b,SELECT T5.TEXT_FIELD_17 FROM T5 INNER JOIN T3 ON T5.IDENTIFIER_REFERENCE_16 = T3.IDENTIFIER_PRIMARY_5 GROUP BY T5.IDENTIFIER_REFERENCE_16 ORDER BY COUNT(T5.IDENTIFIER_REFERENCE_16) DESC LIMIT 1,SELECT Analytical_Layer.Pattern_Recognition FROM Analytical_Layer INNER JOIN Customers_and_Services ON Analytical_Layer.Customers_and_Services_ID = Customers_and_Services.Customers_and_Services_ID GROUP BY Analytical_Layer.Customers_and_Services_ID ORDER BY COUNT(Analytical_Layer.Customers_and_Services_ID) DESC LIMIT 1
283,368,government_shift,government_shift,,,False,0,True,,llama3.1-8b,"SELECT T1.TEXT_FIELD_2, COUNT(T5.IDENTIFIER_PRIMARY_15) AS total_services FROM T1 JOIN T3 ON T1.IDENTIFIER_PRIMARY_1 = T3.IDENTIFIER_REFERENCE_7 JOIN T5 ON T3.IDENTIFIER_PRIMARY_5 = T5.IDENTIFIER_REFERENCE_16 GROUP BY T1.TEXT_FIELD_2 ORDER BY total_services DESC LIMIT 1","SELECT Services.Service_Details, COUNT(Analytical_Layer.Analytical_ID) AS total_services FROM Services JOIN Customers_and_Services ON Services.Service_ID = Customers_and_Services.Service_ID JOIN Analytical_Layer ON Customers_and_Services.Customers_and_Services_ID = Analytical_Layer.Customers_and_Services_ID GROUP BY Services.Service_Details ORDER BY total_services DESC LIMIT 1"
284,371,government_shift,government_shift,,,False,0,True,,llama3.1-8b,"SELECT T5.TEXT_FIELD_17, T5.DESCRIPTIVE_ATTRIBUTE_18 FROM T5 JOIN T3 ON T5.IDENTIFIER_REFERENCE_16 = T3.IDENTIFIER_PRIMARY_5 JOIN T2 ON T3.IDENTIFIER_REFERENCE_6 = T2.IDENTIFIER_PRIMARY_3 JOIN T1 ON T3.IDENTIFIER_REFERENCE_7 = T1.IDENTIFIER_PRIMARY_1 JOIN T4 ON T1.IDENTIFIER_PRIMARY_1 = T4.IDENTIFIER_REFERENCE_12 ORDER BY T4.DESCRIPTIVE_ATTRIBUTE_13 LIMIT 1","SELECT Analytical_Layer.Pattern_Recognition, Analytical_Layer.Analytical_Layer_Type_Code FROM Analytical_Layer JOIN Customers_and_Services ON Analytical_Layer.Customers_and_Services_ID = Customers_and_Services.Customers_and_Services_ID JOIN Customers ON Customers_and_Services.Customer_ID = Customers.Customer_ID JOIN Services ON Customers_and_Services.Service_ID = Services.Service_ID JOIN Customer_Interactions ON Services.Service_ID = Customer_Interactions.Service_ID ORDER BY Customer_Interactions.Status_Code LIMIT 1"
285,372,government_shift,government_shift,,,False,0,True,,llama3.1-8b,SELECT DISTINCT T1.TEXT_FIELD_2 FROM T1 JOIN T4 ON T1.IDENTIFIER_PRIMARY_1 = T4.IDENTIFIER_REFERENCE_12 JOIN T2 ON T4.IDENTIFIER_REFERENCE_11 = T2.IDENTIFIER_PRIMARY_3 JOIN T3 ON T2.IDENTIFIER_PRIMARY_3 = T3.IDENTIFIER_REFERENCE_6 JOIN T5 ON T3.IDENTIFIER_PRIMARY_5 = T5.IDENTIFIER_REFERENCE_16 GROUP BY T1.TEXT_FIELD_2 ORDER BY COUNT(T5.IDENTIFIER_REFERENCE_16) ASC LIMIT 1,SELECT DISTINCT Services.Service_Details FROM Services JOIN Customer_Interactions ON Services.Service_ID = Customer_Interactions.Service_ID JOIN Customers ON Customer_Interactions.Customer_ID = Customers.Customer_ID JOIN Customers_and_Services ON Customers.Customer_ID = Customers_and_Services.Customer_ID JOIN Analytical_Layer ON Customers_and_Services.Customers_and_Services_ID = Analytical_Layer.Customers_and_Services_ID GROUP BY Services.Service_Details ORDER BY COUNT(Analytical_Layer.Customers_and_Services_ID) ASC LIMIT 1
286,377,government_shift,government_shift,,,False,0,True,,llama3.1-8b,SELECT DISTINCT T5.TEXT_FIELD_17 FROM T5 JOIN T3 ON T5.IDENTIFIER_REFERENCE_16 = T3.IDENTIFIER_PRIMARY_5 JOIN T2 ON T3.IDENTIFIER_REFERENCE_6 = T2.IDENTIFIER_PRIMARY_3 JOIN T1 ON T3.IDENTIFIER_REFERENCE_7 = T1.IDENTIFIER_PRIMARY_1 WHERE T1.TEXT_FIELD_2 = 'Hardy Kutch' OR T2.TEXT_FIELD_4 = 'good',SELECT DISTINCT Analytical_Layer.Pattern_Recognition FROM Analytical_Layer JOIN Customers_and_Services ON Analytical_Layer.Customers_and_Services_ID = Customers_and_Services.Customers_and_Services_ID JOIN Customers ON Customers_and_Services.Customer_ID = Customers.Customer_ID JOIN Services ON Customers_and_Services.Service_ID = Services.Service_ID WHERE Services.Service_Details = 'Hardy Kutch' OR Customers.Customer_Details = 'good'
287,378,government_shift,government_shift,,,False,0,True,,llama3.1-8b,SELECT T2.TEXT_FIELD_4 FROM T3 JOIN T2 ON T3.IDENTIFIER_REFERENCE_6 = T2.IDENTIFIER_PRIMARY_3 JOIN T1 ON T3.IDENTIFIER_REFERENCE_7 = T1.IDENTIFIER_PRIMARY_1 WHERE T1.TEXT_FIELD_2 = 'Hardy Kutch' OR T3.TEXT_FIELD_8 = 'good',SELECT Customers.Customer_Details FROM Customers_and_Services JOIN Customers ON Customers_and_Services.Customer_ID = Customers.Customer_ID JOIN Services ON Customers_and_Services.Service_ID = Services.Service_ID WHERE Services.Service_Details = 'Hardy Kutch' OR Customers_and_Services.Customers_and_Services_Details = 'good'
288,379,government_shift,government_shift,,,False,0,True,,llama3.1-8b,SELECT DISTINCT T5.TEXT_FIELD_17 FROM T5 JOIN T3 ON T5.IDENTIFIER_REFERENCE_16 = T3.IDENTIFIER_PRIMARY_5 JOIN T1 ON T3.IDENTIFIER_REFERENCE_7 = T1.IDENTIFIER_PRIMARY_1 JOIN T4 ON T1.IDENTIFIER_PRIMARY_1 = T4.IDENTIFIER_REFERENCE_12 WHERE T4.DESCRIPTIVE_ATTRIBUTE_13 = 'bad' AND T1.TEXT_FIELD_2 = 'Hardy Kutch',SELECT DISTINCT Analytical_Layer.Pattern_Recognition FROM Analytical_Layer JOIN Customers_and_Services ON Analytical_Layer.Customers_and_Services_ID = Customers_and_Services.Customers_and_Services_ID JOIN Services ON Customers_and_Services.Service_ID = Services.Service_ID JOIN Customer_Interactions ON Services.Service_ID = Customer_Interactions.Service_ID WHERE Customer_Interactions.Status_Code = 'bad' AND Services.Service_Details = 'Hardy Kutch'
289,380,government_shift,government_shift,,,False,0,True,,llama3.1-8b,SELECT T3.TEXT_FIELD_8 FROM T3 JOIN T2 ON T3.IDENTIFIER_REFERENCE_6 = T2.IDENTIFIER_PRIMARY_3 JOIN T1 ON T3.IDENTIFIER_REFERENCE_7 = T1.IDENTIFIER_PRIMARY_1 JOIN T4 ON T4.IDENTIFIER_REFERENCE_12 = T1.IDENTIFIER_PRIMARY_1 WHERE T2.TEXT_FIELD_4 = 'bad' AND T1.TEXT_FIELD_2 = 'Hardy Kutch',SELECT Customers_and_Services.Customers_and_Services_Details FROM Customers_and_Services JOIN Customers ON Customers_and_Services.Customer_ID = Customers.Customer_ID JOIN Services ON Customers_and_Services.Service_ID = Services.Service_ID JOIN Customer_Interactions ON Customer_Interactions.Service_ID = Services.Service_ID WHERE Customers.Customer_Details = 'bad' AND Services.Service_Details = 'Hardy Kutch'
290,401,vehicle_rent,vehicle_rent,,,False,0,True,,llama3.1-8b,"SELECT T2.DESCRIPTIVE_ATTRIBUTE_6, T2.DESCRIPTIVE_ATTRIBUTE_6, T4.MEASUREMENT_VALUE_22 FROM T4 JOIN T3 ON T4.IDENTIFIER_REFERENCE_21 = T3.IDENTIFIER_PRIMARY_8 JOIN T2 ON T3.IDENTIFIER_PRIMARY_8 = T2.IDENTIFIER_PRIMARY_5 JOIN T1 ON T4.IDENTIFIER_REFERENCE_19 = T1.IDENTIFIER_PRIMARY_1 WHERE T1.DESCRIPTIVE_ATTRIBUTE_2 LIKE '%2013%' OR T1.DESCRIPTIVE_ATTRIBUTE_2 LIKE '%2014%'","SELECT Discount.name, Discount.name, Renting_history.total_hours FROM Renting_history JOIN Vehicles ON Renting_history.vehicles_id = Vehicles.id JOIN Discount ON Vehicles.id = Discount.id JOIN Customers ON Renting_history.customer_id = Customers.id WHERE Customers.name LIKE '%2013%' OR Customers.name LIKE '%2014%'"
291,402,vehicle_rent,vehicle_rent,,,False,0,True,,llama3.1-8b,"SELECT T2.DESCRIPTIVE_ATTRIBUTE_6, T2.DESCRIPTIVE_ATTRIBUTE_6, T4.MEASUREMENT_VALUE_22 FROM T4 JOIN T3 ON T4.IDENTIFIER_REFERENCE_21 = T3.IDENTIFIER_PRIMARY_8 JOIN T2 ON T3.IDENTIFIER_PRIMARY_8 = T2.IDENTIFIER_PRIMARY_5 JOIN T1 ON T4.IDENTIFIER_REFERENCE_19 = T1.IDENTIFIER_PRIMARY_1 WHERE T3.DESCRIPTIVE_ATTRIBUTE_9 = 'Model Year' AND T3.STATISTICAL_VALUE_12 IN (2013, 2014)","SELECT Discount.name, Discount.name, Renting_history.total_hours FROM Renting_history JOIN Vehicles ON Renting_history.vehicles_id = Vehicles.id JOIN Discount ON Vehicles.id = Discount.id JOIN Customers ON Renting_history.customer_id = Customers.id WHERE Vehicles.name = 'Model Year' AND Vehicles.Combined_fuel_economy_rate IN (2013, 2014)"
292,429,vehicle_rent,vehicle_rent,,,False,0,True,,llama3.1-8b,"SELECT T2.DESCRIPTIVE_ATTRIBUTE_6, T2.NUMERIC_FIELD_7 FROM T4 JOIN T2 ON T4.IDENTIFIER_REFERENCE_20 = T2.IDENTIFIER_PRIMARY_5 JOIN T1 ON T4.IDENTIFIER_REFERENCE_19 = T1.IDENTIFIER_PRIMARY_1 GROUP BY T2.DESCRIPTIVE_ATTRIBUTE_6, T2.NUMERIC_FIELD_7 ORDER BY COUNT(T4.IDENTIFIER_PRIMARY_18) DESC LIMIT 1","SELECT Discount.name, Discount.membership_credit FROM Renting_history JOIN Discount ON Renting_history.discount_id = Discount.id JOIN Customers ON Renting_history.customer_id = Customers.id GROUP BY Discount.name, Discount.membership_credit ORDER BY COUNT(Renting_history.id) DESC LIMIT 1"
293,430,vehicle_rent,vehicle_rent,,,False,0,True,,llama3.1-8b,"SELECT T2.DESCRIPTIVE_ATTRIBUTE_6, T2.NUMERIC_FIELD_7 FROM T4 JOIN T2 ON T4.IDENTIFIER_REFERENCE_20 = T2.IDENTIFIER_PRIMARY_5 JOIN T1 ON T4.IDENTIFIER_REFERENCE_19 = T1.IDENTIFIER_PRIMARY_1 GROUP BY T2.DESCRIPTIVE_ATTRIBUTE_6, T2.NUMERIC_FIELD_7 ORDER BY COUNT(T4.IDENTIFIER_PRIMARY_18) DESC LIMIT 1","SELECT Discount.name, Discount.membership_credit FROM Renting_history JOIN Discount ON Renting_history.discount_id = Discount.id JOIN Customers ON Renting_history.customer_id = Customers.id GROUP BY Discount.name, Discount.membership_credit ORDER BY COUNT(Renting_history.id) DESC LIMIT 1"
294,433,vehicle_rent,vehicle_rent,,,False,0,True,,llama3.1-8b,SELECT T2.DESCRIPTIVE_ATTRIBUTE_6 FROM T4 INNER JOIN T2 ON T4.IDENTIFIER_REFERENCE_20 = T2.IDENTIFIER_PRIMARY_5 GROUP BY T2.DESCRIPTIVE_ATTRIBUTE_6 ORDER BY COUNT(T4.IDENTIFIER_PRIMARY_18) DESC LIMIT 1,SELECT Discount.name FROM Renting_history INNER JOIN Discount ON Renting_history.discount_id = Discount.id GROUP BY Discount.name ORDER BY COUNT(Renting_history.id) DESC LIMIT 1
295,434,vehicle_rent,vehicle_rent,,,False,0,True,,llama3.1-8b,SELECT T2.DESCRIPTIVE_ATTRIBUTE_6 FROM T4 INNER JOIN T2 ON T4.IDENTIFIER_REFERENCE_20 = T2.IDENTIFIER_PRIMARY_5 GROUP BY T2.DESCRIPTIVE_ATTRIBUTE_6 ORDER BY COUNT(T4.IDENTIFIER_PRIMARY_18) DESC LIMIT 1,SELECT Discount.name FROM Renting_history INNER JOIN Discount ON Renting_history.discount_id = Discount.id GROUP BY Discount.name ORDER BY COUNT(Renting_history.id) DESC LIMIT 1
296,441,cre_Students_Information_Systems,cre_Students_Information_Systems,,,False,0,True,,llama3.1-8b,"SELECT T4.DESCRIPTIVE_ATTRIBUTE_12, T1.TEXT_FIELD_2 FROM T1 JOIN T2 ON T1.IDENTIFIER_PRIMARY_1 = T2.IDENTIFIER_REFERENCE_5 JOIN T4 ON T4.IDENTIFIER_PRIMARY_11 = T10.IDENTIFIER_REFERENCE_36 JOIN T10 ON T1.IDENTIFIER_PRIMARY_1 = T10.IDENTIFIER_REFERENCE_37 WHERE T10.IDENTIFIER_REFERENCE_36 IN (SELECT T4.IDENTIFIER_PRIMARY_11 FROM T4 JOIN T10 ON T4.IDENTIFIER_PRIMARY_11 = T10.IDENTIFIER_REFERENCE_36 GROUP BY T4.IDENTIFIER_PRIMARY_11 HAVING COUNT(T10.IDENTIFIER_REFERENCE_37) >= 2) OR T10.IDENTIFIER_REFERENCE_37 NOT IN (SELECT T1.IDENTIFIER_PRIMARY_1 FROM T1 JOIN T8 ON T1.IDENTIFIER_PRIMARY_1 = T8.IDENTIFIER_REFERENCE_26 GROUP BY T1.IDENTIFIER_PRIMARY_1 HAVING COUNT(T8.IDENTIFIER_REFERENCE_27) >= 2)","SELECT Ref_Detention_Type.detention_type_description, Students.bio_data FROM Students JOIN Transcripts ON Students.student_id = Transcripts.student_id JOIN Ref_Detention_Type ON Ref_Detention_Type.detention_type_code = Detention.detention_type_code JOIN Detention ON Students.student_id = Detention.student_id WHERE Detention.detention_type_code IN (SELECT Ref_Detention_Type.detention_type_code FROM Ref_Detention_Type JOIN Detention ON Ref_Detention_Type.detention_type_code = Detention.detention_type_code GROUP BY Ref_Detention_Type.detention_type_code HAVING COUNT(Detention.student_id) >= 2) OR Detention.student_id NOT IN (SELECT Students.student_id FROM Students JOIN Classes ON Students.student_id = Classes.student_id GROUP BY Students.student_id HAVING COUNT(Classes.teacher_id) >= 2)"
297,442,cre_Students_Information_Systems,cre_Students_Information_Systems,,,False,0,True,,llama3.1-8b,"SELECT T4.DESCRIPTIVE_ATTRIBUTE_12, T1.TEXT_FIELD_2 FROM T1 JOIN T2 ON T1.IDENTIFIER_PRIMARY_1 = T2.IDENTIFIER_REFERENCE_5 JOIN T4 ON T4.IDENTIFIER_PRIMARY_11 = T10.IDENTIFIER_REFERENCE_36 JOIN T10 ON T1.IDENTIFIER_PRIMARY_1 = T10.IDENTIFIER_REFERENCE_37 WHERE T10.IDENTIFIER_REFERENCE_36 IN (SELECT T4.IDENTIFIER_PRIMARY_11 FROM T4 JOIN T10 ON T4.IDENTIFIER_PRIMARY_11 = T10.IDENTIFIER_REFERENCE_36 GROUP BY T4.IDENTIFIER_PRIMARY_11 HAVING COUNT(T10.IDENTIFIER_REFERENCE_37) >= 2) OR T10.CHRONOLOGICAL_MARKER_39 IS NULL","SELECT Ref_Detention_Type.detention_type_description, Students.bio_data FROM Students JOIN Transcripts ON Students.student_id = Transcripts.student_id JOIN Ref_Detention_Type ON Ref_Detention_Type.detention_type_code = Detention.detention_type_code JOIN Detention ON Students.student_id = Detention.student_id WHERE Detention.detention_type_code IN (SELECT Ref_Detention_Type.detention_type_code FROM Ref_Detention_Type JOIN Detention ON Ref_Detention_Type.detention_type_code = Detention.detention_type_code GROUP BY Ref_Detention_Type.detention_type_code HAVING COUNT(Detention.student_id) >= 2) OR Detention.datetime_detention_end IS NULL"
298,443,cre_Students_Information_Systems,cre_Students_Information_Systems,,,False,3,False,,llama3.1-8b,SELECT DISTINCT T1.TEXT_FIELD_2 FROM T1 JOIN T3 ON T1.IDENTIFIER_PRIMARY_1 = T3.IDENTIFIER_REFERENCE_7 JOIN T2 ON T3.IDENTIFIER_REFERENCE_8 = T2.IDENTIFIER_PRIMARY_4 WHERE T3.DESCRIBITIVE_ATTRIBUTE_9 LIKE '%data%' AND T1.IDENTIFIER_PRIMARY_1 NOT IN (SELECT IDENTIFIER_REFERENCE_18 FROM T5 WHERE TEXT_FIELD_20 LIKE 'net%'),SELECT DISTINCT Students.bio_data FROM Students JOIN Classes ON Students.student_id = Classes.student_id JOIN Teachers ON Classes.teacher_id = Teachers.teacher_id WHERE Classes.DESCRIBITIVE_ATTRIBUTE_9 LIKE '%data%' AND Students.student_id NOT IN (SELECT student_id FROM Achievements WHERE achievement_details LIKE 'net%')
299,444,cre_Students_Information_Systems,cre_Students_Information_Systems,,,False,3,False,,llama3.1-8b,SELECT DISTINCT T1.TEXT_FIELD_2 FROM T1 JOIN T3 ON T1.IDENTIFIER_PRIMARY_1 = T3.IDENTIFIER_REFERENCE_7 JOIN T2 ON T3.IDENTIFIER_REFERENCE_8 = T2.IDENTIFIER_PRIMARY_4 WHERE T3.DESCRIBITIVE_ATTRIBUTE_9 LIKE '%data%' AND T3.DESCRIBITIVE_ATTRIBUTE_9 NOT LIKE 'net%',SELECT DISTINCT Students.bio_data FROM Students JOIN Classes ON Students.student_id = Classes.student_id JOIN Teachers ON Classes.teacher_id = Teachers.teacher_id WHERE Classes.DESCRIBITIVE_ATTRIBUTE_9 LIKE '%data%' AND Classes.DESCRIBITIVE_ATTRIBUTE_9 NOT LIKE 'net%'
300,447,cre_Students_Information_Systems,cre_Students_Information_Systems,,,False,0,True,,llama3.1-8b,"SELECT T4.CURRENCY_AMOUNT_13, T4.CHRONOLOGICAL_MARKER_12 FROM T4 JOIN T1 ON T4.IDENTIFIER_REFERENCE_11 = T1.IDENTIFIER_PRIMARY_1 JOIN T6 ON T6.IDENTIFIER_REFERENCE_23 = T1.IDENTIFIER_PRIMARY_1 WHERE T6.IDENTIFIER_REFERENCE_22 IN (SELECT T3.DESCRIPTIVE_ATTRIBUTE_9 FROM T3 GROUP BY T3.DESCRIPTIVE_ATTRIBUTE_9 HAVING COUNT(T3.DESCRIPTIVE_ATTRIBUTE_9) >= 2)","SELECT Student_Loans.amount_of_loan, Student_Loans.date_of_loan FROM Student_Loans JOIN Students ON Student_Loans.student_id = Students.student_id JOIN Achievements ON Achievements.student_id = Students.student_id WHERE Achievements.achievement_type_code IN (SELECT Ref_Achievement_Type.achievement_type_description FROM Ref_Achievement_Type GROUP BY Ref_Achievement_Type.achievement_type_description HAVING COUNT(Ref_Achievement_Type.achievement_type_description) >= 2)"
301,448,cre_Students_Information_Systems,cre_Students_Information_Systems,,,False,0,True,,llama3.1-8b,"SELECT T5.CURRENCY_AMOUNT_18, T4.CHRONOLOGICAL_MARKER_13 FROM T4 JOIN T1 ON T4.IDENTIFIER_REFERENCE_12 = T1.IDENTIFIER_PRIMARY_1 JOIN T5 ON T5.IDENTIFIER_REFERENCE_16 = T1.IDENTIFIER_PRIMARY_1 JOIN T6 ON T6.IDENTIFIER_REFERENCE_23 = T1.IDENTIFIER_PRIMARY_1 WHERE T6.IDENTIFIER_REFERENCE_21 IN (SELECT IDENTIFIER_PRIMARY_1 FROM T1 GROUP BY IDENTIFIER_PRIMARY_1 HAVING COUNT(IDENTIFIER_PRIMARY_1) > 1)","SELECT Student_Loans.amount_of_loan, Student_Events.event_date FROM Student_Events JOIN Students ON Student_Events.student_id = Students.student_id JOIN Student_Loans ON Student_Loans.student_id = Students.student_id JOIN Students_Addresses ON Students_Addresses.student_id = Students.student_id WHERE Students_Addresses.address_id IN (SELECT student_id FROM Students GROUP BY student_id HAVING COUNT(student_id) > 1)"
302,449,cre_Students_Information_Systems,cre_Students_Information_Systems,,,False,0,True,,llama3.1-8b,"SELECT T1.TEXT_FIELD_2, T1.IDENTIFIER_PRIMARY_1 FROM T1 JOIN T2 ON T1.IDENTIFIER_PRIMARY_1 = T2.IDENTIFIER_REFERENCE_5 GROUP BY T1.IDENTIFIER_PRIMARY_1 ORDER BY COUNT(T2.IDENTIFIER_PRIMARY_4) DESC LIMIT 1","SELECT Students.bio_data, Students.student_id FROM Students JOIN Transcripts ON Students.student_id = Transcripts.student_id GROUP BY Students.student_id ORDER BY COUNT(Transcripts.transcript_id) DESC LIMIT 1"
303,450,cre_Students_Information_Systems,cre_Students_Information_Systems,,,False,0,True,,llama3.1-8b,"SELECT T1.TEXT_FIELD_2, T1.IDENTIFIER_PRIMARY_1 FROM T1 JOIN T5 ON T1.IDENTIFIER_PRIMARY_1 = T5.IDENTIFIER_REFERENCE_16 GROUP BY T1.IDENTIFIER_PRIMARY_1 ORDER BY COUNT(T5.IDENTIFIER_REFERENCE_16) DESC LIMIT 1","SELECT Students.bio_data, Students.student_id FROM Students JOIN Achievements ON Students.student_id = Achievements.student_id GROUP BY Students.student_id ORDER BY COUNT(Achievements.student_id) DESC LIMIT 1"
304,461,cre_Students_Information_Systems,cre_Students_Information_Systems,,,False,0,True,,llama3.1-8b,"SELECT T1.TEXT_FIELD_2, T1.TEXT_FIELD_3 FROM T1 JOIN T2 ON T1.IDENTIFIER_PRIMARY_1 = T2.IDENTIFIER_REFERENCE_5 JOIN T4 ON T1.IDENTIFIER_PRIMARY_1 = T4.IDENTIFIER_REFERENCE_13 WHERE T2.CHRONOLOGICAL_MARKER_6 IN ( SELECT CHRONOLOGICAL_MARKER_6 FROM T2 GROUP BY CHRONOLOGICAL_MARKER_6 HAVING COUNT(CHRONOLOGICAL_MARKER_6) = 3 ) AND T1.IDENTIFIER_PRIMARY_1 IN ( SELECT T1.IDENTIFIER_PRIMARY_1 FROM T1 JOIN T2 ON T1.IDENTIFIER_PRIMARY_1 = T2.IDENTIFIER_REFERENCE_5 GROUP BY T1.IDENTIFIER_PRIMARY_1 HAVING COUNT(T1.IDENTIFIER_PRIMARY_1) = ( SELECT COUNT(T1.IDENTIFIER_PRIMARY_1) FROM T1 JOIN T2 ON T1.IDENTIFIER_PRIMARY_1 = T2.IDENTIFIER_REFERENCE_5 ) )","SELECT Students.bio_data, Students.student_details FROM Students JOIN Transcripts ON Students.student_id = Transcripts.student_id JOIN Student_Events ON Students.student_id = Student_Events.student_id WHERE Transcripts.date_of_transcript IN ( SELECT date_of_transcript FROM Transcripts GROUP BY date_of_transcript HAVING COUNT(date_of_transcript) = 3 ) AND Students.student_id IN ( SELECT Students.student_id FROM Students JOIN Transcripts ON Students.student_id = Transcripts.student_id GROUP BY Students.student_id HAVING COUNT(Students.student_id) = ( SELECT COUNT(Students.student_id) FROM Students JOIN Transcripts ON Students.student_id = Transcripts.student_id ) )"
305,462,cre_Students_Information_Systems,cre_Students_Information_Systems,,,False,1,True,,llama3.1-8b,"SELECT T1.TEXT_FIELD_2, T1.TEXT_FIELD_3, T4.TEXT_FIELD_15 FROM T1 JOIN T4 ON T1.IDENTIFIER_PRIMARY_1 = T4.IDENTIFIER_REFERENCE_13 JOIN T2 ON T1.IDENTIFIER_PRIMARY_1 = T2.IDENTIFIER_REFERENCE_5 JOIN T5 ON T1.IDENTIFIER_PRIMARY_1 = T5.IDENTIFIER_REFERENCE_17 JOIN T6 ON T1.IDENTIFIER_PRIMARY_1 = T6.IDENTIFIER_REFERENCE_23 WHERE T4.CHRONOLOGICAL_MARKER_14 IN ( SELECT CHRONOLOGICAL_MARKER_14 FROM T4 GROUP BY CHRONOLOGICAL_MARKER_14, IDENTIFIER_REFERENCE_12 HAVING COUNT(CHRONOLOGICAL_MARKER_14) = 3 AND COUNT(CHRONOLOGICAL_MARKER_14) = ( SELECT COUNT(CHRONOLOGICAL_MARKER_14) FROM T4 GROUP BY CHRONOLOGICAL_MARKER_14 ORDER BY COUNT(CHRONOLOGICAL_MARKER_14) DESC LIMIT 1 ) )","SELECT Students.bio_data, Students.student_details, Student_Events.other_details FROM Students JOIN Student_Events ON Students.student_id = Student_Events.student_id JOIN Transcripts ON Students.student_id = Transcripts.student_id JOIN Student_Loans ON Students.student_id = Student_Loans.student_id JOIN Achievements ON Students.student_id = Achievements.student_id WHERE Student_Events.event_date IN ( SELECT event_date FROM Student_Events GROUP BY event_date, event_type_code HAVING COUNT(event_date) = 3 AND COUNT(event_date) = ( SELECT COUNT(event_date) FROM Student_Events GROUP BY event_date ORDER BY COUNT(event_date) DESC LIMIT 1 ) )"
306,463,cre_Students_Information_Systems,cre_Students_Information_Systems,,,False,0,True,,llama3.1-8b,"SELECT T1.TEXT_FIELD_2, T1.TEXT_FIELD_3 FROM T1 JOIN T2 ON T1.IDENTIFIER_PRIMARY_1 = T2.IDENTIFIER_REFERENCE_5 JOIN T3 ON T1.IDENTIFIER_PRIMARY_1 = T3.IDENTIFIER_REFERENCE_9 JOIN T4 ON T1.IDENTIFIER_PRIMARY_1 = T4.IDENTIFIER_REFERENCE_13 JOIN T6 ON T1.IDENTIFIER_PRIMARY_1 = T6.IDENTIFIER_REFERENCE_19 JOIN T7 ON T1.IDENTIFIER_PRIMARY_1 = T7.IDENTIFIER_REFERENCE_24 JOIN T8 ON T1.IDENTIFIER_PRIMARY_1 = T8.IDENTIFIER_REFERENCE_30 JOIN T9 ON T1.IDENTIFIER_PRIMARY_1 = T9.IDENTIFIER_REFERENCE_35 JOIN T10 ON T1.IDENTIFIER_PRIMARY_1 = T10.IDENTIFIER_REFERENCE_41 WHERE T2.CHRONOLOGICAL_MARKER_6 = (SELECT CHRONOLOGICAL_MARKER_6 FROM T2 GROUP BY CHRONOLOGICAL_MARKER_6 ORDER BY COUNT(CHRONOLOGICAL_MARKER_6) DESC LIMIT 1)","SELECT Students.bio_data, Students.student_details FROM Students JOIN Transcripts ON Students.student_id = Transcripts.student_id JOIN Behaviour_Monitoring ON Students.student_id = Behaviour_Monitoring.student_id JOIN Student_Events ON Students.student_id = Student_Events.student_id JOIN Student_Loans ON Students.student_id = Student_Loans.student_id JOIN Classes ON Students.student_id = Classes.student_id JOIN Students_Addresses ON Students.student_id = Students_Addresses.student_id JOIN Detention ON Students.student_id = Detention.student_id JOIN Achievements ON Students.student_id = Achievements.student_id WHERE Transcripts.date_of_transcript = (SELECT date_of_transcript FROM Transcripts GROUP BY date_of_transcript ORDER BY COUNT(date_of_transcript) DESC LIMIT 1)"
307,464,cre_Students_Information_Systems,cre_Students_Information_Systems,,,False,0,True,,llama3.1-8b,"SELECT T1.TEXT_FIELD_2, T1.TEXT_FIELD_3 FROM T1 JOIN T2 ON T1.IDENTIFIER_PRIMARY_1 = T2.IDENTIFIER_REFERENCE_5 JOIN T3 ON T1.IDENTIFIER_PRIMARY_1 = T3.IDENTIFIER_REFERENCE_9 JOIN T4 ON T1.IDENTIFIER_PRIMARY_1 = T4.IDENTIFIER_REFERENCE_13 JOIN T5 ON T1.IDENTIFIER_PRIMARY_1 = T5.IDENTIFIER_REFERENCE_17 JOIN T6 ON T1.IDENTIFIER_PRIMARY_1 = T6.IDENTIFIER_REFERENCE_23 JOIN T7 ON T1.IDENTIFIER_PRIMARY_1 = T7.IDENTIFIER_REFERENCE_29 GROUP BY T1.TEXT_FIELD_2, T1.TEXT_FIELD_3 ORDER BY COUNT(T1.IDENTIFIER_PRIMARY_1) DESC LIMIT 1","SELECT Students.bio_data, Students.student_details FROM Students JOIN Transcripts ON Students.student_id = Transcripts.student_id JOIN Behaviour_Monitoring ON Students.student_id = Behaviour_Monitoring.student_id JOIN Student_Events ON Students.student_id = Student_Events.student_id JOIN Student_Loans ON Students.student_id = Student_Loans.student_id JOIN Detention ON Students.student_id = Detention.student_id JOIN Achievements ON Students.student_id = Achievements.student_id GROUP BY Students.bio_data, Students.student_details ORDER BY COUNT(Students.student_id) DESC LIMIT 1"
308,467,cre_Students_Information_Systems,cre_Students_Information_Systems,,,False,3,False,,llama3.1-8b,"SELECT COUNT(T1.IDENTIFIER_PRIMARY_1), T3.DESCRIPITIVE_ATTRIBUTE_8, T3.DESCRIPITIVE_ATTRIBUTE_8 FROM T1 JOIN T2 ON T1.IDENTIFIER_PRIMARY_1 = T2.IDENTIFIER_REFERENCE_5 JOIN T6 ON T1.IDENTIFIER_PRIMARY_1 = T6.IDENTIFIER_REFERENCE_15 JOIN T3 ON T6.IDENTIFIER_REFERENCE_14 = T3.IDENTIFIER_PRIMARY_7 GROUP BY T3.DESCRIPITIVE_ATTRIBUTE_8 ORDER BY COUNT(T1.IDENTIFIER_PRIMARY_1) DESC LIMIT 1","SELECT COUNT(Students.student_id), Ref_Event_Types.DESCRIPITIVE_ATTRIBUTE_8, Ref_Event_Types.DESCRIPITIVE_ATTRIBUTE_8 FROM Students JOIN Behaviour_Monitoring ON Students.student_id = Behaviour_Monitoring.student_id JOIN Student_Events ON Students.student_id = Student_Events.student_id JOIN Ref_Event_Types ON Student_Events.event_type_code = Ref_Event_Types.event_type_code GROUP BY Ref_Event_Types.DESCRIPITIVE_ATTRIBUTE_8 ORDER BY COUNT(Students.student_id) DESC LIMIT 1"
309,468,cre_Students_Information_Systems,cre_Students_Information_Systems,,,False,3,False,,llama3.1-8b,"SELECT T1.DESCRIPTIVE_ATTRIBUTE_12, COUNT(T1.IDENTIFIER_PRIMARY_1) AS number_of_students, T4.DESCRIPTIVE_ATTRIBUTE_12 AS event_type_description FROM T1 JOIN T4 ON T1.IDENTIFIER_PRIMARY_1 = T4.IDENTIFIER_PRIMARY_11 JOIN T7 ON T7.IDENTIFIER_REFERENCE_18 = T4.IDENTIFIER_PRIMARY_11 GROUP BY T1.DESCRIPTIVE_ATTRIBUTE_12 ORDER BY COUNT(T1.IDENTIFIER_PRIMARY_1) DESC LIMIT 1","SELECT Students.event_type_description, COUNT(Students.student_id) AS number_of_students, Ref_Event_Types.event_type_description AS event_type_description FROM Students JOIN Ref_Event_Types ON Students.student_id = Ref_Event_Types.event_type_code JOIN Student_Events ON Student_Events.event_type_code = Ref_Event_Types.event_type_code GROUP BY Students.event_type_description ORDER BY COUNT(Students.student_id) DESC LIMIT 1"
310,471,cre_Students_Information_Systems,cre_Students_Information_Systems,,,False,0,True,,llama3.1-8b,SELECT COUNT(T1.IDENTIFIER_PRIMARY_1) FROM T1 JOIN T2 ON T1.IDENTIFIER_PRIMARY_1 = T2.IDENTIFIER_REFERENCE_5 WHERE T2.IDENTIFIER_PRIMARY_4 NOT IN (SELECT IDENTIFIER_PRIMARY_4 FROM T2 WHERE TEXT_FIELD_8 = 'achievement'),SELECT COUNT(Students.student_id) FROM Students JOIN Student_Loans ON Students.student_id = Student_Loans.student_id WHERE Student_Loans.student_loan_id NOT IN (SELECT student_loan_id FROM Student_Loans WHERE other_details = 'achievement')
311,472,cre_Students_Information_Systems,cre_Students_Information_Systems,,,False,3,False,,llama3.1-8b,SELECT COUNT(T1.IDENTIFIER_PRIMARY_1) FROM T1 JOIN T6 ON T1.IDENTIFIER_PRIMARY_1 = T6.IDENTIFIER_REFERENCE_19 JOIN T2 ON T6.IDENTIFIER_REFERENCE_18 = T2.IDENTIFIER_PRIMARY_4 WHERE T2.DESCRIPITIVE_ATTRIBUTE_5 NOT IN (SELECT DESCRIPTIVE_ATTRIBUTE_5 FROM T2 WHERE DESCRIPTIVE_ATTRIBUTE_5 LIKE 'Achievement%'),SELECT COUNT(Students.student_id) FROM Students JOIN Achievements ON Students.student_id = Achievements.student_id JOIN Ref_Achievement_Type ON Achievements.achievement_type_code = Ref_Achievement_Type.achievement_type_code WHERE Ref_Achievement_Type.DESCRIPITIVE_ATTRIBUTE_5 NOT IN (SELECT achievement_type_description FROM Ref_Achievement_Type WHERE achievement_type_description LIKE 'Achievement%')
312,489,cre_Students_Information_Systems,cre_Students_Information_Systems,,,False,0,True,,llama3.1-8b,"SELECT T4.DESCRIPTIVE_ATTRIBUTE_8, T4.DESCRIPTIVE_ATTRIBUTE_8 FROM T4 INNER JOIN T5 ON T4.IDENTIFIER_PRIMARY_7 = T5.IDENTIFIER_REFERENCE_10 GROUP BY T4.DESCRIPTIVE_ATTRIBUTE_8 ORDER BY COUNT(T4.DESCRIPTIVE_ATTRIBUTE_8) ASC LIMIT 1","SELECT Ref_Detention_Type.detention_type_description, Ref_Detention_Type.detention_type_description FROM Ref_Detention_Type INNER JOIN Detention ON Ref_Detention_Type.detention_type_code = Detention.detention_type_code GROUP BY Ref_Detention_Type.detention_type_description ORDER BY COUNT(Ref_Detention_Type.detention_type_description) ASC LIMIT 1"
313,490,cre_Students_Information_Systems,cre_Students_Information_Systems,,,False,0,True,,llama3.1-8b,"SELECT T4.DESCRIPTIVE_ATTRIBUTE_8, T4.DESCRIPTIVE_ATTRIBUTE_8 FROM T4 INNER JOIN T5 ON T4.IDENTIFIER_PRIMARY_7 = T5.IDENTIFIER_REFERENCE_10 GROUP BY T4.DESCRIPTIVE_ATTRIBUTE_8 ORDER BY COUNT(T4.DESCRIPTIVE_ATTRIBUTE_8) LIMIT 1","SELECT Ref_Detention_Type.detention_type_description, Ref_Detention_Type.detention_type_description FROM Ref_Detention_Type INNER JOIN Detention ON Ref_Detention_Type.detention_type_code = Detention.detention_type_code GROUP BY Ref_Detention_Type.detention_type_description ORDER BY COUNT(Ref_Detention_Type.detention_type_description) LIMIT 1"
314,491,cre_Students_Information_Systems,cre_Students_Information_Systems,,,False,0,True,,llama3.1-8b,"SELECT T1.TEXT_FIELD_2, T1.TEXT_FIELD_3, T3.CURRENCY_AMOUNT_11 FROM T1 JOIN T3 ON T1.IDENTIFIER_PRIMARY_1 = T3.IDENTIFIER_REFERENCE_9 WHERE T3.CURRENCY_AMOUNT_11 > ( SELECT AVG(CURRENCY_AMOUNT_11) FROM T3 )","SELECT Students.bio_data, Students.student_details, Student_Loans.amount_of_loan FROM Students JOIN Student_Loans ON Students.student_id = Student_Loans.student_id WHERE Student_Loans.amount_of_loan > ( SELECT AVG(amount_of_loan) FROM Student_Loans )"
315,492,cre_Students_Information_Systems,cre_Students_Information_Systems,,,False,0,True,,llama3.1-8b,"SELECT T1.TEXT_FIELD_2, T1.TEXT_FIELD_3, T3.CURRENCY_AMOUNT_11 FROM T1 JOIN T3 ON T1.IDENTIFIER_PRIMARY_1 = T3.IDENTIFIER_REFERENCE_9 WHERE T3.CURRENCY_AMOUNT_11 > ( SELECT AVG(CURRENCY_AMOUNT_11) FROM T3 )","SELECT Students.bio_data, Students.student_details, Student_Loans.amount_of_loan FROM Students JOIN Student_Loans ON Students.student_id = Student_Loans.student_id WHERE Student_Loans.amount_of_loan > ( SELECT AVG(amount_of_loan) FROM Student_Loans )"
316,499,cre_Students_Information_Systems,cre_Students_Information_Systems,,,False,0,True,,llama3.1-8b,"SELECT T1.TEXT_FIELD_2, T1.TEXT_FIELD_3 FROM T1 JOIN T2 ON T1.IDENTIFIER_PRIMARY_1 = T2.IDENTIFIER_REFERENCE_5 JOIN T4 ON T1.IDENTIFIER_PRIMARY_1 = T4.IDENTIFIER_REFERENCE_11 WHERE T4.CHRONOLOGICAL_MARKER_12 = (SELECT MIN(CHRONOLOGICAL_MARKER_12) FROM T4)","SELECT Students.bio_data, Students.student_details FROM Students JOIN Transcripts ON Students.student_id = Transcripts.student_id JOIN Student_Loans ON Students.student_id = Student_Loans.student_id WHERE Student_Loans.date_of_loan = (SELECT MIN(date_of_loan) FROM Student_Loans)"
317,500,cre_Students_Information_Systems,cre_Students_Information_Systems,,,False,1,True,,llama3.1-8b,"SELECT T1.TEXT_FIELD_2, T1.TEXT_FIELD_3 FROM T1 JOIN T2 ON T1.IDENTIFIER_PRIMARY_1 = T2.IDENTIFIER_REFERENCE_5 JOIN T6 ON T6.IDENTIFIER_REFERENCE_21 = T1.IDENTIFIER_PRIMARY_1 WHERE T6.IDENTIFIER_REFERENCE_22 = (SELECT T6.IDENTIFIER_REFERENCE_22 FROM T6 ORDER BY T6.DESCRIPTIVE_ATTRIBUTE_23 LIMIT 1)","SELECT Students.bio_data, Students.student_details FROM Students JOIN Transcripts ON Students.student_id = Transcripts.student_id JOIN Classes ON Classes.student_id = Students.student_id WHERE Classes.teacher_id = (SELECT Classes.teacher_id FROM Classes ORDER BY Classes.class_details LIMIT 1)"
318,507,cre_Students_Information_Systems,cre_Students_Information_Systems,,,False,0,True,,llama3.1-8b,"SELECT T5.DESCRIPTIVE_ATTRIBUTE_13, T3.DESCRIPTIVE_ATTRIBUTE_9 FROM T3 JOIN T8 ON T8.IDENTIFIER_REFERENCE_22 = T3.IDENTIFIER_PRIMARY_8 JOIN T5 ON T5.IDENTIFIER_PRIMARY_12 = T8.IDENTIFIER_REFERENCE_23 GROUP BY T5.DESCRIPTIVE_ATTRIBUTE_13, T3.DESCRIPTIVE_ATTRIBUTE_9 ORDER BY COUNT(T5.DESCRIPTIVE_ATTRIBUTE_13) DESC LIMIT 1","SELECT Ref_Address_Types.address_type_description, Addresses.address_details FROM Addresses JOIN Students_Addresses ON Students_Addresses.address_id = Addresses.address_id JOIN Ref_Address_Types ON Ref_Address_Types.address_type_code = Students_Addresses.address_type_code GROUP BY Ref_Address_Types.address_type_description, Addresses.address_details ORDER BY COUNT(Ref_Address_Types.address_type_description) DESC LIMIT 1"
319,508,cre_Students_Information_Systems,cre_Students_Information_Systems,,,False,0,True,,llama3.1-8b,"SELECT T4.DESCRIPTIVE_ATTRIBUTE_9, T3.DESCRIPTIVE_ATTRIBUTE_7 FROM T7 INNER JOIN T4 ON T7.IDENTIFIER_REFERENCE_19 = T4.IDENTIFIER_PRIMARY_8 INNER JOIN T3 ON T4.DESCRIPTIVE_ATTRIBUTE_9 = T3.DESCRIPTIVE_ATTRIBUTE_7 GROUP BY T4.DESCRIPTIVE_ATTRIBUTE_9 ORDER BY COUNT(T4.DESCRIPTIVE_ATTRIBUTE_9) DESC LIMIT 1","SELECT Ref_Address_Types.address_type_description, Ref_Achievement_Type.achievement_type_description FROM Students_Addresses INNER JOIN Ref_Address_Types ON Students_Addresses.address_type_code = Ref_Address_Types.address_type_code INNER JOIN Ref_Achievement_Type ON Ref_Address_Types.address_type_description = Ref_Achievement_Type.achievement_type_description GROUP BY Ref_Address_Types.address_type_description ORDER BY COUNT(Ref_Address_Types.address_type_description) DESC LIMIT 1"
