pos,test_idx,db_id_gold,db_id_used,broker_pick,broker_correct,re_picked,retries,exec_success,difficulty,model_used,retrieval_used,masked_sql,real_sql
0,0,soccer_3,soccer_3,,,False,1,True,,llama3.1-8b,lexical,SELECT COUNT(Club_ID) FROM club,SELECT COUNT(Club_ID) FROM club
1,1,soccer_3,soccer_3,,,False,1,True,,llama3.1-8b,lexical,SELECT COUNT(Club_ID) FROM club,SELECT COUNT(Club_ID) FROM club
2,2,soccer_3,soccer_3,,,False,1,True,,llama3.1-8b,lexical,SELECT Name FROM club ORDER BY Name ASC,SELECT Name FROM club ORDER BY Name ASC
3,3,soccer_3,soccer_3,,,False,1,True,,llama3.1-8b,lexical,SELECT Name FROM club ORDER BY Name ASC,SELECT Name FROM club ORDER BY Name ASC
4,6,soccer_3,soccer_3,,,False,1,True,,llama3.1-8b,lexical,SELECT Name FROM club WHERE Manufacturer != 'Nike',SELECT Name FROM club WHERE Manufacturer != 'Nike'
5,7,soccer_3,soccer_3,,,False,1,True,,llama3.1-8b,lexical,SELECT Name FROM club WHERE Manufacturer != 'Nike',SELECT Name FROM club WHERE Manufacturer != 'Nike'
6,8,soccer_3,soccer_3,,,False,1,True,,llama3.1-8b,lexical,SELECT Name FROM player ORDER BY Wins_count ASC,SELECT Name FROM player ORDER BY Wins_count ASC
7,9,soccer_3,soccer_3,,,False,1,True,,llama3.1-8b,lexical,SELECT Name FROM player ORDER BY Wins_count ASC,SELECT Name FROM player ORDER BY Wins_count ASC
8,12,soccer_3,soccer_3,,,False,1,True,,llama3.1-8b,lexical,SELECT DISTINCT Country FROM player WHERE Earnings > 1200000,SELECT DISTINCT Country FROM player WHERE Earnings > 1200000
9,13,soccer_3,soccer_3,,,False,1,True,,llama3.1-8b,lexical,SELECT Country FROM player WHERE Earnings > 1200000,SELECT Country FROM player WHERE Earnings > 1200000
10,28,soccer_3,soccer_3,,,False,1,True,,llama3.1-8b,lexical,SELECT Manufacturer FROM club GROUP BY Manufacturer HAVING COUNT(Club_ID) > 1,SELECT Manufacturer FROM club GROUP BY Manufacturer HAVING COUNT(Club_ID) > 1
11,29,soccer_3,soccer_3,,,False,1,True,,llama3.1-8b,lexical,SELECT Manufacturer FROM club GROUP BY Manufacturer HAVING COUNT(Club_ID) > 1,SELECT Manufacturer FROM club GROUP BY Manufacturer HAVING COUNT(Club_ID) > 1
12,30,soccer_3,soccer_3,,,False,1,True,,llama3.1-8b,lexical,SELECT Country FROM player GROUP BY Country HAVING COUNT(Player_ID) > 1,SELECT Country FROM player GROUP BY Country HAVING COUNT(Player_ID) > 1
13,31,soccer_3,soccer_3,,,False,3,False,,llama3.1-8b,lexical,SELECT T2.Country FROM player AS T1 JOIN club AS T2 ON T1.Club_ID = T2.Club_ID GROUP BY T2.Country HAVING COUNT(T1.Player_ID) > 1,SELECT T2.Country FROM player AS T1 JOIN club AS T2 ON T1.Club_ID = T2.Club_ID GROUP BY T2.Country HAVING COUNT(T1.Player_ID) > 1
14,36,soccer_3,soccer_3,,,False,1,True,,llama3.1-8b,lexical,SELECT COUNT(DISTINCT Country) FROM player,SELECT COUNT(DISTINCT Country) FROM player
15,37,soccer_3,soccer_3,,,False,1,True,,llama3.1-8b,lexical,SELECT COUNT(DISTINCT Country) FROM player,SELECT COUNT(DISTINCT Country) FROM player
16,78,e_commerce,e_commerce,,,False,2,True,,llama3.1-8b,lexical,SELECT COUNT(Customers.customer_id) FROM Customers JOIN Orders ON Customers.customer_id = Orders.customer_id,SELECT COUNT(Customers.customer_id) FROM Customers JOIN Orders ON Customers.customer_id = Orders.customer_id
17,79,e_commerce,e_commerce,,,False,2,True,,llama3.1-8b,lexical,SELECT COUNT(DISTINCT Customers.customer_id) FROM Customers JOIN Orders ON Customers.customer_id = Orders.customer_id,SELECT COUNT(DISTINCT Customers.customer_id) FROM Customers JOIN Orders ON Customers.customer_id = Orders.customer_id
18,80,e_commerce,e_commerce,,,False,2,True,,llama3.1-8b,lexical,SELECT COUNT(DISTINCT Order_Items.order_item_id) FROM Order_Items JOIN Shipment_Items ON Order_Items.order_item_id = Shipment_Items.order_item_id,SELECT COUNT(DISTINCT Order_Items.order_item_id) FROM Order_Items JOIN Shipment_Items ON Order_Items.order_item_id = Shipment_Items.order_item_id
19,81,e_commerce,e_commerce,,,False,1,True,,llama3.1-8b,lexical,SELECT COUNT(DISTINCT order_item_status_code) FROM Order_Items,SELECT COUNT(DISTINCT order_item_status_code) FROM Order_Items
20,82,e_commerce,e_commerce,,,False,1,True,,llama3.1-8b,lexical,SELECT COUNT(DISTINCT payment_method_code) FROM Customer_Payment_Methods,SELECT COUNT(DISTINCT payment_method_code) FROM Customer_Payment_Methods
21,83,e_commerce,e_commerce,,,False,1,True,,llama3.1-8b,lexical,SELECT COUNT(DISTINCT payment_method_code) FROM Customer_Payment_Methods,SELECT COUNT(DISTINCT payment_method_code) FROM Customer_Payment_Methods
22,100,e_commerce,e_commerce,,,False,1,True,,llama3.1-8b,lexical,SELECT COUNT(DISTINCT shipment_id) FROM Shipment_Items,SELECT COUNT(DISTINCT shipment_id) FROM Shipment_Items
23,101,e_commerce,e_commerce,,,False,1,True,,llama3.1-8b,lexical,SELECT COUNT(*) FROM Shipments,SELECT COUNT(*) FROM Shipments
24,102,e_commerce,e_commerce,,,False,1,True,,llama3.1-8b,lexical,SELECT AVG(product_price) FROM Products,SELECT AVG(product_price) FROM Products
25,103,e_commerce,e_commerce,,,False,1,True,,llama3.1-8b,lexical,SELECT AVG(product_price) FROM Products,SELECT AVG(product_price) FROM Products
26,104,e_commerce,e_commerce,,,False,1,True,,llama3.1-8b,lexical,SELECT AVG(p2.product_price) FROM Products p1 JOIN Products p2 ON p1.product_id = p2.parent_product_id WHERE p1.parent_product_id IS NOT NULL,SELECT AVG(p2.product_price) FROM Products p1 JOIN Products p2 ON p1.product_id = p2.parent_product_id WHERE p1.parent_product_id IS NOT NULL
27,105,e_commerce,e_commerce,,,False,1,True,,llama3.1-8b,lexical,SELECT AVG(product_price) FROM Products,SELECT AVG(product_price) FROM Products
28,123,bbc_channels,bbc_channels,,,False,1,True,,llama3.1-8b,lexical,SELECT COUNT(DISTINCT Digital_terrestrial_channel) FROM channel WHERE Digital_terrestrial_channel IS NOT NULL,SELECT COUNT(DISTINCT Digital_terrestrial_channel) FROM channel WHERE Digital_terrestrial_channel IS NOT NULL
29,124,bbc_channels,bbc_channels,,,False,1,True,,llama3.1-8b,lexical,SELECT Title FROM program ORDER BY Start_Year DESC,SELECT Title FROM program ORDER BY Start_Year DESC
30,133,bbc_channels,bbc_channels,,,False,1,True,,llama3.1-8b,lexical,SELECT Name FROM director WHERE Age BETWEEN 30 AND 60,SELECT Name FROM director WHERE Age BETWEEN 30 AND 60
31,136,tv_shows,tv_shows,,,False,1,True,,llama3.1-8b,lexical,SELECT COUNT(Radio_ID) FROM radio,SELECT COUNT(Radio_ID) FROM radio
32,137,tv_shows,tv_shows,,,False,1,True,,llama3.1-8b,lexical,SELECT Transmitter FROM radio ORDER BY ERP_kW ASC,SELECT Transmitter FROM radio ORDER BY ERP_kW ASC
33,139,tv_shows,tv_shows,,,False,1,True,,llama3.1-8b,lexical,SELECT Station_name FROM city_channel WHERE Affiliation != 'ABC',SELECT Station_name FROM city_channel WHERE Affiliation != 'ABC'
34,142,tv_shows,tv_shows,,,False,1,True,,llama3.1-8b,lexical,SELECT AVG(ERP_kW) FROM radio,SELECT AVG(ERP_kW) FROM radio
35,145,tv_shows,tv_shows,,,False,1,True,,llama3.1-8b,lexical,SELECT Affiliation FROM city_channel GROUP BY Affiliation HAVING COUNT(ID) > 3,SELECT Affiliation FROM city_channel GROUP BY Affiliation HAVING COUNT(ID) > 3
36,153,vehicle_driver,vehicle_driver,,,False,1,True,,llama3.1-8b,lexical,SELECT Name FROM driver WHERE Citizenship = 'United States',SELECT Name FROM driver WHERE Citizenship = 'United States'
37,154,vehicle_driver,vehicle_driver,,,False,1,True,,llama3.1-8b,lexical,SELECT Name FROM driver WHERE Citizenship = 'United States',SELECT Name FROM driver WHERE Citizenship = 'United States'
38,167,vehicle_driver,vehicle_driver,,,False,1,True,,llama3.1-8b,lexical,SELECT COUNT(Driver_ID) FROM driver WHERE Racing_Series = 'NASCAR',SELECT COUNT(Driver_ID) FROM driver WHERE Racing_Series = 'NASCAR'
39,168,vehicle_driver,vehicle_driver,,,False,1,True,,llama3.1-8b,lexical,SELECT COUNT(Driver_ID) FROM driver WHERE Racing_Series = 'NASCAR',SELECT COUNT(Driver_ID) FROM driver WHERE Racing_Series = 'NASCAR'
40,169,vehicle_driver,vehicle_driver,,,False,1,True,,llama3.1-8b,lexical,SELECT AVG(Top_Speed) FROM vehicle,SELECT AVG(Top_Speed) FROM vehicle
41,170,vehicle_driver,vehicle_driver,,,False,1,True,,llama3.1-8b,lexical,SELECT AVG(Top_Speed) FROM vehicle,SELECT AVG(Top_Speed) FROM vehicle
42,185,vehicle_driver,vehicle_driver,,,False,1,True,,llama3.1-8b,lexical,SELECT Name FROM driver ORDER BY Name ASC,SELECT Name FROM driver ORDER BY Name ASC
43,186,vehicle_driver,vehicle_driver,,,False,1,True,,llama3.1-8b,lexical,SELECT Name FROM driver ORDER BY Name ASC,SELECT Name FROM driver ORDER BY Name ASC
44,193,online_exams,online_exams,,,False,1,True,,llama3.1-8b,lexical,SELECT COUNT(Exam_ID) FROM Exams,SELECT COUNT(Exam_ID) FROM Exams
45,194,online_exams,online_exams,,,False,1,True,,llama3.1-8b,lexical,SELECT COUNT(*) FROM Exams,SELECT COUNT(*) FROM Exams
46,195,online_exams,online_exams,,,False,1,True,,llama3.1-8b,lexical,SELECT DISTINCT Subject_Code FROM Exams ORDER BY Subject_Code ASC,SELECT DISTINCT Subject_Code FROM Exams ORDER BY Subject_Code ASC
47,196,online_exams,online_exams,,,False,1,True,,llama3.1-8b,lexical,SELECT DISTINCT Subject_Code FROM Exams ORDER BY Subject_Code ASC,SELECT DISTINCT Subject_Code FROM Exams ORDER BY Subject_Code ASC
48,203,online_exams,online_exams,,,False,1,True,,llama3.1-8b,lexical,SELECT DISTINCT Student_Answer_Text FROM Student_Answers WHERE Comments = 'Normal',SELECT DISTINCT Student_Answer_Text FROM Student_Answers WHERE Comments = 'Normal'
49,204,online_exams,online_exams,,,False,1,True,,llama3.1-8b,lexical,SELECT DISTINCT Student_Answer_Text FROM Student_Answers WHERE Comments = 'Normal',SELECT DISTINCT Student_Answer_Text FROM Student_Answers WHERE Comments = 'Normal'
50,205,online_exams,online_exams,,,False,1,True,,llama3.1-8b,lexical,SELECT COUNT(DISTINCT Comments) FROM Student_Answers,SELECT COUNT(DISTINCT Comments) FROM Student_Answers
51,206,online_exams,online_exams,,,False,1,True,,llama3.1-8b,lexical,SELECT COUNT(DISTINCT Comments) FROM Student_Answers,SELECT COUNT(DISTINCT Comments) FROM Student_Answers
52,219,online_exams,online_exams,,,False,1,True,,llama3.1-8b,lexical,SELECT Last_Name FROM Students WHERE Gender_MFU != 'M',SELECT Last_Name FROM Students WHERE Gender_MFU != 'M'
53,220,online_exams,online_exams,,,False,1,True,,llama3.1-8b,lexical,SELECT Last_Name FROM Students WHERE Gender_MFU != 'M',SELECT Last_Name FROM Students WHERE Gender_MFU != 'M'
54,229,online_exams,online_exams,,,False,1,True,,llama3.1-8b,lexical,"SELECT q.Type_of_Question_Code, COUNT(qi.Question_ID) as Question_Count FROM Questions q JOIN Questions_in_Exams qi ON q.Question_ID = qi.Question_ID GROUP BY q.Type_of_Question_Code HAVING COUNT(qi.Question_ID) >= 3","SELECT q.Type_of_Question_Code, COUNT(qi.Question_ID) as Question_Count FROM Questions q JOIN Questions_in_Exams qi ON q.Question_ID = qi.Question_ID GROUP BY q.Type_of_Question_Code HAVING COUNT(qi.Question_ID) >= 3"
55,230,online_exams,online_exams,,,False,1,True,,llama3.1-8b,lexical,SELECT Type_of_Question_Code FROM Questions JOIN Questions_in_Exams ON Questions.Question_ID = Questions_in_Exams.Question_ID GROUP BY Type_of_Question_Code HAVING COUNT(Questions_in_Exams.Question_ID) >= 3,SELECT Type_of_Question_Code FROM Questions JOIN Questions_in_Exams ON Questions.Question_ID = Questions_in_Exams.Question_ID GROUP BY Type_of_Question_Code HAVING COUNT(Questions_in_Exams.Question_ID) >= 3
56,231,online_exams,online_exams,,,False,1,True,,llama3.1-8b,lexical,"SELECT Student_ID, First_Name, Middle_Name, Last_Name, Gender_MFU, Student_Address FROM Students","SELECT Student_ID, First_Name, Middle_Name, Last_Name, Gender_MFU, Student_Address FROM Students"
57,232,online_exams,online_exams,,,False,1,True,,llama3.1-8b,lexical,"SELECT Students.Student_ID, Students.First_Name, Students.Middle_Name, Students.Last_Name, Students.Gender_MFU, Students.Student_Address, Student_Answers.Student_Answer_ID, Student_Answers.Exam_ID, Student_Answers.Question_ID, Student_Answers.Date_of_Answer, Student_Answers.Student_Answer_Text FROM Students LEFT JOIN Student_Answers ON Students.Student_ID = Student_Answers.Student_ID","SELECT Students.Student_ID, Students.First_Name, Students.Middle_Name, Students.Last_Name, Students.Gender_MFU, Students.Student_Address, Student_Answers.Student_Answer_ID, Student_Answers.Exam_ID, Student_Answers.Question_ID, Student_Answers.Date_of_Answer, Student_Answers.Student_Answer_Text FROM Students LEFT JOIN Student_Answers ON Students.Student_ID = Student_Answers.Student_ID"
58,233,customers_and_orders,customers_and_orders,,,False,1,True,,llama3.1-8b,lexical,SELECT COUNT(address_id) FROM Addresses,SELECT COUNT(address_id) FROM Addresses
59,234,customers_and_orders,customers_and_orders,,,False,1,True,,llama3.1-8b,lexical,SELECT COUNT(*) FROM Addresses,SELECT COUNT(*) FROM Addresses
60,237,customers_and_orders,customers_and_orders,,,False,1,True,,llama3.1-8b,lexical,SELECT COUNT(*) FROM Products,SELECT COUNT(*) FROM Products
61,238,customers_and_orders,customers_and_orders,,,False,1,True,,llama3.1-8b,lexical,SELECT COUNT(product_id) FROM Products,SELECT COUNT(product_id) FROM Products
62,241,customers_and_orders,customers_and_orders,,,False,1,True,,llama3.1-8b,lexical,SELECT product_price FROM Products WHERE product_name = 'Monitor',SELECT product_price FROM Products WHERE product_name = 'Monitor'
63,242,customers_and_orders,customers_and_orders,,,False,1,True,,llama3.1-8b,lexical,SELECT product_price FROM Products WHERE product_name = 'Monitor',SELECT product_price FROM Products WHERE product_name = 'Monitor'
64,245,customers_and_orders,customers_and_orders,,,False,1,True,,llama3.1-8b,lexical,SELECT AVG(product_price) FROM Products WHERE product_type_code = 'Clothes',SELECT AVG(product_price) FROM Products WHERE product_type_code = 'Clothes'
65,246,customers_and_orders,customers_and_orders,,,False,1,True,,llama3.1-8b,lexical,SELECT AVG(product_price) FROM Products WHERE product_type_code = 'Clothes',SELECT AVG(product_price) FROM Products WHERE product_type_code = 'Clothes'
66,247,customers_and_orders,customers_and_orders,,,False,1,True,,llama3.1-8b,lexical,SELECT COUNT(*) FROM Products WHERE product_type_code = 'hardware',SELECT COUNT(*) FROM Products WHERE product_type_code = 'hardware'
67,248,customers_and_orders,customers_and_orders,,,False,1,True,,llama3.1-8b,lexical,SELECT COUNT(*) FROM Products WHERE product_type_code = 'Hardware',SELECT COUNT(*) FROM Products WHERE product_type_code = 'Hardware'
68,257,customers_and_orders,customers_and_orders,,,False,1,True,,llama3.1-8b,lexical,SELECT product_name FROM Products ORDER BY product_price DESC,SELECT product_name FROM Products ORDER BY product_price DESC
69,258,customers_and_orders,customers_and_orders,,,False,1,True,,llama3.1-8b,lexical,SELECT product_name FROM Products ORDER BY product_price DESC,SELECT product_name FROM Products ORDER BY product_price DESC
70,265,customers_and_orders,customers_and_orders,,,False,1,True,,llama3.1-8b,lexical,SELECT product_type_code FROM Products GROUP BY product_type_code HAVING COUNT(product_id) >= 2,SELECT product_type_code FROM Products GROUP BY product_type_code HAVING COUNT(product_id) >= 2
71,266,customers_and_orders,customers_and_orders,,,False,1,True,,llama3.1-8b,lexical,"SELECT product_type_code FROM ( SELECT product_type_code, COUNT(product_id) as product_count FROM Products GROUP BY product_type_code HAVING COUNT(product_id) >= 2 )","SELECT product_type_code FROM ( SELECT product_type_code, COUNT(product_id) as product_count FROM Products GROUP BY product_type_code HAVING COUNT(product_id) >= 2 )"
72,269,customers_and_orders,customers_and_orders,,,False,1,True,,llama3.1-8b,lexical,SELECT COUNT(*) FROM Customers,SELECT COUNT(*) FROM Customers
73,270,customers_and_orders,customers_and_orders,,,False,1,True,,llama3.1-8b,lexical,SELECT COUNT(customer_id) FROM Customers,SELECT COUNT(customer_id) FROM Customers
74,283,customers_and_orders,customers_and_orders,,,False,1,True,,llama3.1-8b,lexical,SELECT DISTINCT payment_method_code FROM Customers,SELECT DISTINCT payment_method_code FROM Customers
75,284,customers_and_orders,customers_and_orders,,,False,1,True,,llama3.1-8b,lexical,SELECT DISTINCT payment_method_code FROM Customers,SELECT DISTINCT payment_method_code FROM Customers
76,289,customers_and_orders,customers_and_orders,,,False,1,True,,llama3.1-8b,lexical,SELECT COUNT(order_id) FROM Customer_Orders,SELECT COUNT(order_id) FROM Customer_Orders
77,290,customers_and_orders,customers_and_orders,,,False,1,True,,llama3.1-8b,lexical,SELECT COUNT(order_id) FROM Customer_Orders,SELECT COUNT(order_id) FROM Customer_Orders
78,309,customers_and_orders,customers_and_orders,,,False,2,True,,llama3.1-8b,lexical,SELECT COUNT(DISTINCT Customers.customer_id) FROM Customer_Orders JOIN Customers ON Customer_Orders.customer_id = Customers.customer_id,SELECT COUNT(DISTINCT Customers.customer_id) FROM Customer_Orders JOIN Customers ON Customer_Orders.customer_id = Customers.customer_id
79,310,customers_and_orders,customers_and_orders,,,False,1,True,,llama3.1-8b,lexical,SELECT COUNT(DISTINCT customer_id) FROM Customer_Orders,SELECT COUNT(DISTINCT customer_id) FROM Customer_Orders
80,4,soccer_3,soccer_3,,,False,1,True,,llama3.1-8b,lexical,"SELECT Manager, Captain FROM club","SELECT Manager, Captain FROM club"
81,5,soccer_3,soccer_3,,,False,1,True,,llama3.1-8b,lexical,"SELECT Manager, Captain FROM club","SELECT Manager, Captain FROM club"
82,10,soccer_3,soccer_3,,,False,1,True,,llama3.1-8b,lexical,SELECT Name FROM player ORDER BY Earnings DESC LIMIT 1,SELECT Name FROM player ORDER BY Earnings DESC LIMIT 1
83,11,soccer_3,soccer_3,,,False,1,True,,llama3.1-8b,lexical,SELECT Name FROM (SELECT Name FROM player WHERE Earnings IS NOT NULL ORDER BY Earnings DESC LIMIT 1) AS subquery,SELECT Name FROM (SELECT Name FROM player WHERE Earnings IS NOT NULL ORDER BY Earnings DESC LIMIT 1) AS subquery
84,16,soccer_3,soccer_3,,,False,1,True,,llama3.1-8b,lexical,"SELECT p.Name, c.Name FROM player p INNER JOIN club c ON p.Club_ID = c.Club_ID","SELECT p.Name, c.Name FROM player p INNER JOIN club c ON p.Club_ID = c.Club_ID"
85,17,soccer_3,soccer_3,,,False,1,True,,llama3.1-8b,lexical,"SELECT p.Name, c.Name AS Club_Name FROM player p INNER JOIN club c ON p.Club_ID = c.Club_ID","SELECT p.Name, c.Name AS Club_Name FROM player p INNER JOIN club c ON p.Club_ID = c.Club_ID"
86,18,soccer_3,soccer_3,,,False,1,True,,llama3.1-8b,lexical,SELECT c.Name FROM club c JOIN player p ON c.Club_ID = p.Club_ID GROUP BY c.Name HAVING COUNT(p.Wins_count) > 2,SELECT c.Name FROM club c JOIN player p ON c.Club_ID = p.Club_ID GROUP BY c.Name HAVING COUNT(p.Wins_count) > 2
87,19,soccer_3,soccer_3,,,False,1,True,,llama3.1-8b,lexical,SELECT Name FROM club WHERE Club_ID IN ( SELECT Club_ID FROM player GROUP BY Club_ID HAVING SUM(Wins_count) > 2 ),SELECT Name FROM club WHERE Club_ID IN ( SELECT Club_ID FROM player GROUP BY Club_ID HAVING SUM(Wins_count) > 2 )
88,20,soccer_3,soccer_3,,,False,1,True,,llama3.1-8b,lexical,SELECT p.Name FROM player p JOIN club c ON p.Club_ID = c.Club_ID WHERE c.Manager = 'Sam Allardyce',SELECT p.Name FROM player p JOIN club c ON p.Club_ID = c.Club_ID WHERE c.Manager = 'Sam Allardyce'
89,21,soccer_3,soccer_3,,,False,1,True,,llama3.1-8b,lexical,SELECT p.Name FROM player p JOIN club c ON p.Club_ID = c.Club_ID WHERE c.Manager = 'Sam Allardyce',SELECT p.Name FROM player p JOIN club c ON p.Club_ID = c.Club_ID WHERE c.Manager = 'Sam Allardyce'
90,24,soccer_3,soccer_3,,,False,1,True,,llama3.1-8b,lexical,"SELECT Manufacturer, COUNT(Club_ID) as Club_Count FROM club GROUP BY Manufacturer ORDER BY Club_Count DESC","SELECT Manufacturer, COUNT(Club_ID) as Club_Count FROM club GROUP BY Manufacturer ORDER BY Club_Count DESC"
91,25,soccer_3,soccer_3,,,False,1,True,,llama3.1-8b,lexical,"SELECT Manufacturer, COUNT(Club_ID) as count FROM club GROUP BY Manufacturer","SELECT Manufacturer, COUNT(Club_ID) as count FROM club GROUP BY Manufacturer"
92,38,soccer_3,soccer_3,,,False,1,True,,llama3.1-8b,lexical,"SELECT Earnings FROM player WHERE Country IN ('Australia', 'Zimbabwe')","SELECT Earnings FROM player WHERE Country IN ('Australia', 'Zimbabwe')"
93,39,soccer_3,soccer_3,,,False,1,True,,llama3.1-8b,lexical,"SELECT SUM(Earnings) FROM player WHERE Country IN ('Australia', 'Zimbabwe')","SELECT SUM(Earnings) FROM player WHERE Country IN ('Australia', 'Zimbabwe')"
94,42,e_commerce,e_commerce,,,False,1,True,,llama3.1-8b,lexical,"SELECT o.order_id, o.order_status_code, COUNT(oi.product_id) AS num_products FROM Orders o JOIN Order_Items oi ON o.order_id = oi.order_id GROUP BY o.order_id, o.order_status_code ORDER BY num_products","SELECT o.order_id, o.order_status_code, COUNT(oi.product_id) AS num_products FROM Orders o JOIN Order_Items oi ON o.order_id = oi.order_id GROUP BY o.order_id, o.order_status_code ORDER BY num_products"
95,43,e_commerce,e_commerce,,,False,1,True,,llama3.1-8b,lexical,"SELECT o.order_id, o.order_status_code, COUNT(oi.product_id) AS product_count FROM Orders o JOIN Order_Items oi ON o.order_id = oi.order_id GROUP BY o.order_id, o.order_status_code","SELECT o.order_id, o.order_status_code, COUNT(oi.product_id) AS product_count FROM Orders o JOIN Order_Items oi ON o.order_id = oi.order_id GROUP BY o.order_id, o.order_status_code"
96,50,e_commerce,e_commerce,,,False,1,True,,llama3.1-8b,lexical,"SELECT O.order_id, O.date_order_placed FROM Orders O JOIN ( SELECT order_id, COUNT(*) as product_count FROM Order_Items GROUP BY order_id ) OI ON O.order_id = OI.order_id WHERE OI.product_count >= 2","SELECT O.order_id, O.date_order_placed FROM Orders O JOIN ( SELECT order_id, COUNT(*) as product_count FROM Order_Items GROUP BY order_id ) OI ON O.order_id = OI.order_id WHERE OI.product_count >= 2"
97,51,e_commerce,e_commerce,,,False,1,True,,llama3.1-8b,lexical,"SELECT o.order_id, o.date_order_placed FROM Orders o JOIN Order_Items oi ON o.order_id = oi.order_id GROUP BY o.order_id HAVING COUNT(oi.product_id) >= 2","SELECT o.order_id, o.date_order_placed FROM Orders o JOIN Order_Items oi ON o.order_id = oi.order_id GROUP BY o.order_id HAVING COUNT(oi.product_id) >= 2"
98,60,e_commerce,e_commerce,,,False,1,True,,llama3.1-8b,lexical,"SELECT C.gender_code, COUNT(O.order_id) AS order_count FROM Customers C JOIN Orders O ON C.customer_id = O.customer_id GROUP BY C.gender_code","SELECT C.gender_code, COUNT(O.order_id) AS order_count FROM Customers C JOIN Orders O ON C.customer_id = O.customer_id GROUP BY C.gender_code"
99,61,e_commerce,e_commerce,,,False,3,False,,llama3.1-8b,lexical,"SELECT Genders.gender, COUNT(Orders.order_id) as order_count FROM Orders JOIN Customers ON Orders.customer_id = Customers.customer_id JOIN Customers AS Customer ON Customers.customer_id = Customer.customer_id JOIN Genders ON Customer.gender_id = Genders.gender_id GROUP BY Genders.gender ORDER BY order_count DESC","SELECT Genders.gender, COUNT(Orders.order_id) as order_count FROM Orders JOIN Customers ON Orders.customer_id = Customers.customer_id JOIN Customers AS Customer ON Customers.customer_id = Customer.customer_id JOIN Genders ON Customer.gender_id = Genders.gender_id GROUP BY Genders.gender ORDER BY order_count DESC"
100,62,e_commerce,e_commerce,,,False,1,True,,llama3.1-8b,lexical,"SELECT C.customer_first_name, C.customer_middle_initial, C.customer_last_name, PPM.payment_method_code FROM Customers C INNER JOIN Customer_Payment_Methods PPM ON C.customer_id = PPM.customer_id","SELECT C.customer_first_name, C.customer_middle_initial, C.customer_last_name, PPM.payment_method_code FROM Customers C INNER JOIN Customer_Payment_Methods PPM ON C.customer_id = PPM.customer_id"
101,63,e_commerce,e_commerce,,,False,1,True,,llama3.1-8b,lexical,"SELECT C.customer_first_name, C.customer_middle_initial, C.customer_last_name, CMP.payment_method_code FROM Customers C INNER JOIN Customer_Payment_Methods CMP ON C.customer_id = CMP.customer_id","SELECT C.customer_first_name, C.customer_middle_initial, C.customer_last_name, CMP.payment_method_code FROM Customers C INNER JOIN Customer_Payment_Methods CMP ON C.customer_id = CMP.customer_id"
102,64,e_commerce,e_commerce,,,False,1,True,,llama3.1-8b,lexical,"SELECT i.invoice_status_code, i.invoice_date, s.shipment_date FROM Invoices i JOIN Shipments s ON i.invoice_number = s.invoice_number","SELECT i.invoice_status_code, i.invoice_date, s.shipment_date FROM Invoices i JOIN Shipments s ON i.invoice_number = s.invoice_number"
103,65,e_commerce,e_commerce,,,False,1,True,,llama3.1-8b,lexical,"SELECT i.invoice_status_code, i.invoice_date, s.shipment_date FROM Invoices i LEFT JOIN Shipments s ON i.invoice_number = s.invoice_number","SELECT i.invoice_status_code, i.invoice_date, s.shipment_date FROM Invoices i LEFT JOIN Shipments s ON i.invoice_number = s.invoice_number"
104,68,e_commerce,e_commerce,,,False,1,True,,llama3.1-8b,lexical,"SELECT oi.order_item_status_code, s.shipment_tracking_number FROM Order_Items oi JOIN Shipment_Items si ON oi.order_item_id = si.order_item_id JOIN Shipments s ON si.shipment_id = s.shipment_id","SELECT oi.order_item_status_code, s.shipment_tracking_number FROM Order_Items oi JOIN Shipment_Items si ON oi.order_item_id = si.order_item_id JOIN Shipments s ON si.shipment_id = s.shipment_id"
105,69,e_commerce,e_commerce,,,False,1,True,,llama3.1-8b,lexical,"SELECT oi.order_item_status_code, s.shipment_tracking_number FROM Order_Items oi JOIN Shipment_Items si ON oi.order_item_id = si.order_item_id JOIN Shipments s ON si.shipment_id = s.shipment_id WHERE oi.order_item_status_code = 'shipped' AND s.shipment_date IS NOT NULL ORDER BY oi.order_item_id","SELECT oi.order_item_status_code, s.shipment_tracking_number FROM Order_Items oi JOIN Shipment_Items si ON oi.order_item_id = si.order_item_id JOIN Shipments s ON si.shipment_id = s.shipment_id WHERE oi.order_item_status_code = 'shipped' AND s.shipment_date IS NOT NULL ORDER BY oi.order_item_id"
106,84,e_commerce,e_commerce,,,False,1,True,,llama3.1-8b,lexical,"SELECT login_name, login_password FROM Customers WHERE phone_number LIKE '+12%'","SELECT login_name, login_password FROM Customers WHERE phone_number LIKE '+12%'"
107,85,e_commerce,e_commerce,,,False,1,True,,llama3.1-8b,lexical,"SELECT customer_first_name, login_password FROM Customers WHERE phone_number LIKE '+12%'","SELECT customer_first_name, login_password FROM Customers WHERE phone_number LIKE '+12%'"
108,86,e_commerce,e_commerce,,,False,1,True,,llama3.1-8b,lexical,SELECT product_size FROM Products WHERE product_name LIKE '%Dell%',SELECT product_size FROM Products WHERE product_name LIKE '%Dell%'
109,87,e_commerce,e_commerce,,,False,1,True,,llama3.1-8b,lexical,SELECT product_size FROM Products WHERE product_name LIKE '%Dell%',SELECT product_size FROM Products WHERE product_name LIKE '%Dell%'
110,94,e_commerce,e_commerce,,,False,1,True,,llama3.1-8b,lexical,"SELECT order_status_code, date_order_placed FROM Orders","SELECT order_status_code, date_order_placed FROM Orders"
111,95,e_commerce,e_commerce,,,False,1,True,,llama3.1-8b,lexical,"SELECT order_status_code, date_order_placed FROM Orders","SELECT order_status_code, date_order_placed FROM Orders"
112,96,e_commerce,e_commerce,,,False,1,True,,llama3.1-8b,lexical,"SELECT address_line_1, town_city, county FROM Customers WHERE county = 'USA'","SELECT address_line_1, town_city, county FROM Customers WHERE county = 'USA'"
113,97,e_commerce,e_commerce,,,False,1,True,,llama3.1-8b,lexical,"SELECT address_line_1, town_city, county FROM Customers WHERE county LIKE '%United States%' OR county LIKE '%USA%'","SELECT address_line_1, town_city, county FROM Customers WHERE county LIKE '%United States%' OR county LIKE '%USA%'"
114,112,e_commerce,e_commerce,,,False,1,True,,llama3.1-8b,lexical,"SELECT p.product_id, p.product_description FROM Products p JOIN Order_Items oi ON p.product_id = oi.product_id GROUP BY p.product_id HAVING COUNT(oi.product_id) > 3","SELECT p.product_id, p.product_description FROM Products p JOIN Order_Items oi ON p.product_id = oi.product_id GROUP BY p.product_id HAVING COUNT(oi.product_id) > 3"
115,113,e_commerce,e_commerce,,,False,1,True,,llama3.1-8b,lexical,"SELECT T1.product_id, T1.product_description FROM Products T1 JOIN ( SELECT parent_product_id FROM Products GROUP BY parent_product_id HAVING COUNT(product_id) > 3 ) T2 ON T1.parent_product_id = T2.parent_product_id","SELECT T1.product_id, T1.product_description FROM Products T1 JOIN ( SELECT parent_product_id FROM Products GROUP BY parent_product_id HAVING COUNT(product_id) > 3 ) T2 ON T1.parent_product_id = T2.parent_product_id"
116,114,e_commerce,e_commerce,,,False,1,True,,llama3.1-8b,lexical,"SELECT i.invoice_date, i.invoice_number FROM Invoices i JOIN Shipments s ON i.invoice_number = s.invoice_number GROUP BY i.invoice_number HAVING COUNT(s.shipment_id) >= 2","SELECT i.invoice_date, i.invoice_number FROM Invoices i JOIN Shipments s ON i.invoice_number = s.invoice_number GROUP BY i.invoice_number HAVING COUNT(s.shipment_id) >= 2"
117,115,e_commerce,e_commerce,,,False,1,True,,llama3.1-8b,lexical,"SELECT I.invoice_number, I.invoice_date FROM Invoices I JOIN Shipments S ON I.invoice_number = S.invoice_number GROUP BY I.invoice_number HAVING COUNT(S.shipment_id) >= 2","SELECT I.invoice_number, I.invoice_date FROM Invoices I JOIN Shipments S ON I.invoice_number = S.invoice_number GROUP BY I.invoice_number HAVING COUNT(S.shipment_id) >= 2"
118,116,e_commerce,e_commerce,,,False,1,True,,llama3.1-8b,lexical,"SELECT shipment_tracking_number, shipment_date FROM Shipments","SELECT shipment_tracking_number, shipment_date FROM Shipments"
119,117,e_commerce,e_commerce,,,False,1,True,,llama3.1-8b,lexical,"SELECT shipment_tracking_number, shipment_date FROM Shipments WHERE shipment_date IS NOT NULL ORDER BY shipment_date","SELECT shipment_tracking_number, shipment_date FROM Shipments WHERE shipment_date IS NOT NULL ORDER BY shipment_date"
120,121,bbc_channels,bbc_channels,,,False,1,True,,llama3.1-8b,lexical,SELECT Name FROM director ORDER BY Age DESC LIMIT 1,SELECT Name FROM director ORDER BY Age DESC LIMIT 1
121,122,bbc_channels,bbc_channels,,,False,1,True,,llama3.1-8b,lexical,SELECT COUNT(*) FROM channel WHERE Internet LIKE '%bbc%',SELECT COUNT(*) FROM channel WHERE Internet LIKE '%bbc%'
122,127,bbc_channels,bbc_channels,,,False,1,True,,llama3.1-8b,lexical,SELECT T1.Title FROM program AS T1 WHERE T1.Start_Year = (SELECT MAX(Start_Year) FROM program),SELECT T1.Title FROM program AS T1 WHERE T1.Start_Year = (SELECT MAX(Start_Year) FROM program)
123,128,bbc_channels,bbc_channels,,,False,1,True,,llama3.1-8b,lexical,"SELECT c.Name, c.Internet FROM channel c JOIN program p ON c.Channel_ID = p.Channel_ID GROUP BY c.Channel_ID, c.Name, c.Internet HAVING COUNT(p.Program_ID) > 1","SELECT c.Name, c.Internet FROM channel c JOIN program p ON c.Channel_ID = p.Channel_ID GROUP BY c.Channel_ID, c.Name, c.Internet HAVING COUNT(p.Program_ID) > 1"
124,129,bbc_channels,bbc_channels,,,False,1,True,,llama3.1-8b,lexical,"SELECT c.Name, COUNT(p.Program_ID) as Program_Count FROM channel c JOIN program p ON c.Channel_ID = p.Channel_ID GROUP BY c.Name","SELECT c.Name, COUNT(p.Program_ID) as Program_Count FROM channel c JOIN program p ON c.Channel_ID = p.Channel_ID GROUP BY c.Name"
125,131,bbc_channels,bbc_channels,,,False,1,True,,llama3.1-8b,lexical,SELECT T2.Name FROM program AS T1 INNER JOIN director AS T2 ON T1.Director_ID = T2.Director_ID WHERE T1.Title = 'Dracula',SELECT T2.Name FROM program AS T1 INNER JOIN director AS T2 ON T1.Director_ID = T2.Director_ID WHERE T1.Title = 'Dracula'
126,138,tv_shows,tv_shows,,,False,1,True,,llama3.1-8b,lexical,"SELECT tv_show_name, Original_Airdate FROM tv_show","SELECT tv_show_name, Original_Airdate FROM tv_show"
127,140,tv_shows,tv_shows,,,False,1,True,,llama3.1-8b,lexical,SELECT r.Transmitter FROM radio r WHERE r.ERP_kW > 150 OR r.ERP_kW < 30,SELECT r.Transmitter FROM radio r WHERE r.ERP_kW > 150 OR r.ERP_kW < 30
128,141,tv_shows,tv_shows,,,False,1,True,,llama3.1-8b,lexical,SELECT Transmitter FROM radio ORDER BY ERP_kW DESC LIMIT 1,SELECT Transmitter FROM radio ORDER BY ERP_kW DESC LIMIT 1
129,143,tv_shows,tv_shows,,,False,1,True,,llama3.1-8b,lexical,"SELECT Affiliation, COUNT(*) as count FROM city_channel GROUP BY Affiliation ORDER BY count DESC","SELECT Affiliation, COUNT(*) as count FROM city_channel GROUP BY Affiliation ORDER BY count DESC"
130,146,tv_shows,tv_shows,,,False,1,True,,llama3.1-8b,lexical,"SELECT City, Station_name FROM city_channel ORDER BY Station_name ASC","SELECT City, Station_name FROM city_channel ORDER BY Station_name ASC"
131,147,tv_shows,tv_shows,,,False,1,True,,llama3.1-8b,lexical,"SELECT r.Transmitter, cc.City FROM radio r JOIN city_channel_radio ccr ON r.Radio_ID = ccr.Radio_ID JOIN city_channel cc ON ccr.City_channel_ID = cc.ID","SELECT r.Transmitter, cc.City FROM radio r JOIN city_channel_radio ccr ON r.Radio_ID = ccr.Radio_ID JOIN city_channel cc ON ccr.City_channel_ID = cc.ID"
132,149,tv_shows,tv_shows,,,False,1,True,,llama3.1-8b,lexical,"SELECT r.Transmitter, COUNT(*) as num_city_channels FROM radio r JOIN city_channel_radio ccr ON r.Radio_ID = ccr.Radio_ID JOIN city_channel cc ON ccr.City_channel_ID = cc.ID GROUP BY r.Transmitter","SELECT r.Transmitter, COUNT(*) as num_city_channels FROM radio r JOIN city_channel_radio ccr ON r.Radio_ID = ccr.Radio_ID JOIN city_channel cc ON ccr.City_channel_ID = cc.ID GROUP BY r.Transmitter"
133,157,vehicle_driver,vehicle_driver,,,False,1,True,,llama3.1-8b,lexical,"SELECT MAX(Power), AVG(Power) FROM vehicle WHERE Builder = 'Zhuzhou'","SELECT MAX(Power), AVG(Power) FROM vehicle WHERE Builder = 'Zhuzhou'"
134,158,vehicle_driver,vehicle_driver,,,False,1,True,,llama3.1-8b,lexical,"SELECT MAX(Power) AS max_power, AVG(Power) AS avg_power FROM vehicle WHERE Builder = 'Zhuzhou'","SELECT MAX(Power) AS max_power, AVG(Power) AS avg_power FROM vehicle WHERE Builder = 'Zhuzhou'"
135,161,vehicle_driver,vehicle_driver,,,False,1,True,,llama3.1-8b,lexical,"SELECT Top_Speed, Power FROM vehicle WHERE Build_Year = '1996'","SELECT Top_Speed, Power FROM vehicle WHERE Build_Year = '1996'"
136,162,vehicle_driver,vehicle_driver,,,False,1,True,,llama3.1-8b,lexical,"SELECT Top_Speed, Power FROM vehicle WHERE Build_Year = '1996'","SELECT Top_Speed, Power FROM vehicle WHERE Build_Year = '1996'"
137,163,vehicle_driver,vehicle_driver,,,False,1,True,,llama3.1-8b,lexical,"SELECT Build_Year, Model, Builder FROM vehicle","SELECT Build_Year, Model, Builder FROM vehicle"
138,164,vehicle_driver,vehicle_driver,,,False,1,True,,llama3.1-8b,lexical,"SELECT Build_Year, Model, Builder FROM vehicle","SELECT Build_Year, Model, Builder FROM vehicle"
139,165,vehicle_driver,vehicle_driver,,,False,1,True,,llama3.1-8b,lexical,SELECT COUNT(DISTINCT Driver_ID) FROM (SELECT Driver_ID FROM vehicle_driver JOIN vehicle ON vehicle_driver.Vehicle_ID = vehicle.Vehicle_ID WHERE vehicle.Build_Year = '2012'),SELECT COUNT(DISTINCT Driver_ID) FROM (SELECT Driver_ID FROM vehicle_driver JOIN vehicle ON vehicle_driver.Vehicle_ID = vehicle.Vehicle_ID WHERE vehicle.Build_Year = '2012')
140,166,vehicle_driver,vehicle_driver,,,False,1,True,,llama3.1-8b,lexical,SELECT COUNT(DISTINCT Driver_ID) FROM (SELECT Driver_ID FROM vehicle_driver JOIN vehicle ON vehicle_driver.Vehicle_ID = vehicle.Vehicle_ID WHERE vehicle.Build_Year = '2012'),SELECT COUNT(DISTINCT Driver_ID) FROM (SELECT Driver_ID FROM vehicle_driver JOIN vehicle ON vehicle_driver.Vehicle_ID = vehicle.Vehicle_ID WHERE vehicle.Build_Year = '2012')
141,173,vehicle_driver,vehicle_driver,,,False,1,True,,llama3.1-8b,lexical,SELECT Model FROM vehicle WHERE Total_Production > '100' OR Top_Speed > 150,SELECT Model FROM vehicle WHERE Total_Production > '100' OR Top_Speed > 150
142,174,vehicle_driver,vehicle_driver,,,False,1,True,,llama3.1-8b,lexical,SELECT Model FROM vehicle WHERE Total_Production > 100 OR Top_Speed > 150,SELECT Model FROM vehicle WHERE Total_Production > 100 OR Top_Speed > 150
143,175,vehicle_driver,vehicle_driver,,,False,1,True,,llama3.1-8b,lexical,"SELECT v.Model, v.Build_Year FROM vehicle v WHERE v.Model LIKE '%DJ%'","SELECT v.Model, v.Build_Year FROM vehicle v WHERE v.Model LIKE '%DJ%'"
144,176,vehicle_driver,vehicle_driver,,,False,1,True,,llama3.1-8b,lexical,"SELECT Model, Build_Year FROM vehicle WHERE Model LIKE '%DJ%'","SELECT Model, Build_Year FROM vehicle WHERE Model LIKE '%DJ%'"
145,187,vehicle_driver,vehicle_driver,,,False,1,True,,llama3.1-8b,lexical,"SELECT d.Racing_Series, COUNT(*) as Driver_Count FROM driver d GROUP BY d.Racing_Series","SELECT d.Racing_Series, COUNT(*) as Driver_Count FROM driver d GROUP BY d.Racing_Series"
146,188,vehicle_driver,vehicle_driver,,,False,1,True,,llama3.1-8b,lexical,"SELECT Racing_Series, COUNT(*) as Driver_Count FROM driver GROUP BY Racing_Series","SELECT Racing_Series, COUNT(*) as Driver_Count FROM driver GROUP BY Racing_Series"
147,197,online_exams,online_exams,,,False,1,True,,llama3.1-8b,lexical,"SELECT Exam_Name, Exam_Date FROM Exams WHERE Subject_Code != 'Database'","SELECT Exam_Name, Exam_Date FROM Exams WHERE Subject_Code != 'Database'"
148,198,online_exams,online_exams,,,False,1,True,,llama3.1-8b,lexical,"SELECT Exam_Date, Exam_Name FROM Exams WHERE Subject_Code != 'Database'","SELECT Exam_Date, Exam_Name FROM Exams WHERE Subject_Code != 'Database'"
149,201,online_exams,online_exams,,,False,1,True,,llama3.1-8b,lexical,"SELECT q.Type_of_Question_Code, COUNT(qi.Question_ID) as count FROM Questions q JOIN Questions_in_Exams qi ON q.Question_ID = qi.Question_ID GROUP BY q.Type_of_Question_Code ORDER BY count DESC","SELECT q.Type_of_Question_Code, COUNT(qi.Question_ID) as count FROM Questions q JOIN Questions_in_Exams qi ON q.Question_ID = qi.Question_ID GROUP BY q.Type_of_Question_Code ORDER BY count DESC"
150,202,online_exams,online_exams,,,False,1,True,,llama3.1-8b,lexical,"SELECT Type_of_Question_Code, COUNT(Question_ID) AS Count FROM Questions GROUP BY Type_of_Question_Code","SELECT Type_of_Question_Code, COUNT(Question_ID) AS Count FROM Questions GROUP BY Type_of_Question_Code"
151,207,online_exams,online_exams,,,False,1,True,,llama3.1-8b,lexical,"SELECT Student_Answer_Text, COUNT(*) as count FROM Student_Answers GROUP BY Student_Answer_Text ORDER BY COUNT(*) DESC","SELECT Student_Answer_Text, COUNT(*) as count FROM Student_Answers GROUP BY Student_Answer_Text ORDER BY COUNT(*) DESC"
152,208,online_exams,online_exams,,,False,1,True,,llama3.1-8b,lexical,"SELECT Student_Answer_Text, COUNT(*) as Frequency FROM Student_Answers GROUP BY Student_Answer_Text ORDER BY COUNT(*) DESC","SELECT Student_Answer_Text, COUNT(*) as Frequency FROM Student_Answers GROUP BY Student_Answer_Text ORDER BY COUNT(*) DESC"
153,209,online_exams,online_exams,,,False,1,True,,llama3.1-8b,lexical,"SELECT S.First_Name, SA.Date_of_Answer FROM Students S JOIN Student_Answers SA ON S.Student_ID = SA.Student_ID ORDER BY SA.Date_of_Answer ASC","SELECT S.First_Name, SA.Date_of_Answer FROM Students S JOIN Student_Answers SA ON S.Student_ID = SA.Student_ID ORDER BY SA.Date_of_Answer ASC"
154,210,online_exams,online_exams,,,False,1,True,,llama3.1-8b,lexical,"SELECT s.First_Name, sa.Date_of_Answer FROM Students s JOIN Student_Answers sa ON s.Student_ID = sa.Student_ID","SELECT s.First_Name, sa.Date_of_Answer FROM Students s JOIN Student_Answers sa ON s.Student_ID = sa.Student_ID"
155,211,online_exams,online_exams,,,False,1,True,,llama3.1-8b,lexical,"SELECT S.Email_Adress, SA.Date_of_Answer FROM Students S JOIN Student_Answers SA ON S.Student_ID = SA.Student_ID ORDER BY SA.Date_of_Answer DESC","SELECT S.Email_Adress, SA.Date_of_Answer FROM Students S JOIN Student_Answers SA ON S.Student_ID = SA.Student_ID ORDER BY SA.Date_of_Answer DESC"
156,212,online_exams,online_exams,,,False,1,True,,llama3.1-8b,lexical,"SELECT S.Email_Adress, SA.Date_of_Answer FROM Students S JOIN Student_Answers SA ON S.Student_ID = SA.Student_ID ORDER BY SA.Date_of_Answer DESC","SELECT S.Email_Adress, SA.Date_of_Answer FROM Students S JOIN Student_Answers SA ON S.Student_ID = SA.Student_ID ORDER BY SA.Date_of_Answer DESC"
157,215,online_exams,online_exams,,,False,1,True,,llama3.1-8b,lexical,SELECT S.First_Name FROM Students S JOIN Student_Answers SA ON S.Student_ID = SA.Student_ID GROUP BY S.Student_ID HAVING COUNT(SA.Student_ID) >= 2 ORDER BY COUNT(SA.Student_ID) DESC,SELECT S.First_Name FROM Students S JOIN Student_Answers SA ON S.Student_ID = SA.Student_ID GROUP BY S.Student_ID HAVING COUNT(SA.Student_ID) >= 2 ORDER BY COUNT(SA.Student_ID) DESC
158,216,online_exams,online_exams,,,False,1,True,,llama3.1-8b,lexical,SELECT T1.First_Name FROM Students AS T1 JOIN ( SELECT Student_ID FROM Student_Answers GROUP BY Student_ID HAVING COUNT(Student_ID) >= 2 ) AS T2 ON T1.Student_ID = T2.Student_ID,SELECT T1.First_Name FROM Students AS T1 JOIN ( SELECT Student_ID FROM Student_Answers GROUP BY Student_ID HAVING COUNT(Student_ID) >= 2 ) AS T2 ON T1.Student_ID = T2.Student_ID
159,221,online_exams,online_exams,,,False,1,True,,llama3.1-8b,lexical,"SELECT Gender_MFU, COUNT(Student_ID) AS Student_Count FROM Students GROUP BY Gender_MFU ORDER BY Student_Count ASC","SELECT Gender_MFU, COUNT(Student_ID) AS Student_Count FROM Students GROUP BY Gender_MFU ORDER BY Student_Count ASC"
160,14,soccer_3,soccer_3,,,False,1,True,,llama3.1-8b,lexical,SELECT Country FROM player WHERE Wins_count > 2 ORDER BY Earnings DESC LIMIT 1,SELECT Country FROM player WHERE Wins_count > 2 ORDER BY Earnings DESC LIMIT 1
161,15,soccer_3,soccer_3,,,False,3,False,,llama3.1-8b,lexical,SELECT T2.Country FROM player AS T1 JOIN club AS T2 ON T1.Club_ID = T2.Club_ID WHERE T1.Wins_count > 2 GROUP BY T2.Country ORDER BY SUM(T1.Earnings) DESC LIMIT 1,SELECT T2.Country FROM player AS T1 JOIN club AS T2 ON T1.Club_ID = T2.Club_ID WHERE T1.Wins_count > 2 GROUP BY T2.Country ORDER BY SUM(T1.Earnings) DESC LIMIT 1
162,22,soccer_3,soccer_3,,,False,1,True,,llama3.1-8b,lexical,"SELECT c.Name, AVG(p.Earnings) AS avg_earnings FROM club c JOIN player p ON c.Club_ID = p.Club_ID GROUP BY c.Name ORDER BY AVG(p.Earnings) DESC","SELECT c.Name, AVG(p.Earnings) AS avg_earnings FROM club c JOIN player p ON c.Club_ID = p.Club_ID GROUP BY c.Name ORDER BY AVG(p.Earnings) DESC"
163,23,soccer_3,soccer_3,,,False,1,True,,llama3.1-8b,lexical,"SELECT c.Name, AVG(p.Earnings) AS avg_earnings FROM club c JOIN player p ON c.Club_ID = p.Club_ID GROUP BY c.Club_ID, c.Name ORDER BY AVG(p.Earnings) DESC","SELECT c.Name, AVG(p.Earnings) AS avg_earnings FROM club c JOIN player p ON c.Club_ID = p.Club_ID GROUP BY c.Club_ID, c.Name ORDER BY AVG(p.Earnings) DESC"
164,26,soccer_3,soccer_3,,,False,1,True,,llama3.1-8b,lexical,"SELECT Manufacturer, COUNT(*) as count FROM club GROUP BY Manufacturer ORDER BY count DESC LIMIT 1","SELECT Manufacturer, COUNT(*) as count FROM club GROUP BY Manufacturer ORDER BY count DESC LIMIT 1"
165,27,soccer_3,soccer_3,,,False,1,True,,llama3.1-8b,lexical,SELECT Manufacturer FROM club GROUP BY Manufacturer ORDER BY COUNT(Manufacturer) DESC LIMIT 1,SELECT Manufacturer FROM club GROUP BY Manufacturer ORDER BY COUNT(Manufacturer) DESC LIMIT 1
166,32,soccer_3,soccer_3,,,False,1,True,,llama3.1-8b,lexical,SELECT c.Name FROM club c LEFT JOIN player p ON c.Club_ID = p.Club_ID WHERE p.Player_ID IS NULL,SELECT c.Name FROM club c LEFT JOIN player p ON c.Club_ID = p.Club_ID WHERE p.Player_ID IS NULL
167,33,soccer_3,soccer_3,,,False,1,True,,llama3.1-8b,lexical,SELECT c.Name FROM club c WHERE c.Club_ID NOT IN (SELECT Club_ID FROM player),SELECT c.Name FROM club c WHERE c.Club_ID NOT IN (SELECT Club_ID FROM player)
168,34,soccer_3,soccer_3,,,False,1,True,,llama3.1-8b,lexical,SELECT Country FROM player WHERE Earnings > 1400000 UNION SELECT Country FROM player WHERE Earnings < 1100000 ORDER BY Country ASC,SELECT Country FROM player WHERE Earnings > 1400000 UNION SELECT Country FROM player WHERE Earnings < 1100000 ORDER BY Country ASC
169,35,soccer_3,soccer_3,,,False,1,True,,llama3.1-8b,lexical,SELECT T1.Country FROM player AS T1 WHERE T1.Earnings > 1400000 INTERSECT SELECT T1.Country FROM player AS T1 WHERE T1.Earnings < 1100000,SELECT T1.Country FROM player AS T1 WHERE T1.Earnings > 1400000 INTERSECT SELECT T1.Country FROM player AS T1 WHERE T1.Earnings < 1100000
170,44,e_commerce,e_commerce,,,False,1,True,,llama3.1-8b,lexical,SELECT date_order_placed FROM Orders WHERE date_order_placed = (SELECT MIN(date_order_placed) FROM Orders) OR EXISTS (SELECT 1 FROM Order_Items WHERE Order_Items.order_id = Orders.order_id GROUP BY Order_Items.order_id HAVING COUNT(*) > 1),SELECT date_order_placed FROM Orders WHERE date_order_placed = (SELECT MIN(date_order_placed) FROM Orders) OR EXISTS (SELECT 1 FROM Order_Items WHERE Order_Items.order_id = Orders.order_id GROUP BY Order_Items.order_id HAVING COUNT(*) > 1)
171,45,e_commerce,e_commerce,,,False,1,True,,llama3.1-8b,lexical,"SELECT MIN(date_order_placed) AS earliest_order_date, date_order_placed FROM Orders WHERE order_id IN ( SELECT order_id FROM Order_Items GROUP BY order_id HAVING COUNT(order_item_id) > 1 )","SELECT MIN(date_order_placed) AS earliest_order_date, date_order_placed FROM Orders WHERE order_id IN ( SELECT order_id FROM Order_Items GROUP BY order_id HAVING COUNT(order_item_id) > 1 )"
172,49,e_commerce,e_commerce,,,False,1,True,,llama3.1-8b,lexical,"SELECT product_id, product_name, product_price, product_color FROM Products WHERE product_id IN ( SELECT product_id FROM Products GROUP BY product_id HAVING COUNT(product_id) < 2 )","SELECT product_id, product_name, product_price, product_color FROM Products WHERE product_id IN ( SELECT product_id FROM Products GROUP BY product_id HAVING COUNT(product_id) < 2 )"
173,56,e_commerce,e_commerce,,,False,1,True,,llama3.1-8b,lexical,"SELECT payment_method_code, COUNT(customer_id) as count FROM Customer_Payment_Methods GROUP BY payment_method_code ORDER BY COUNT(customer_id) DESC LIMIT 1","SELECT payment_method_code, COUNT(customer_id) as count FROM Customer_Payment_Methods GROUP BY payment_method_code ORDER BY COUNT(customer_id) DESC LIMIT 1"
174,57,e_commerce,e_commerce,,,False,1,True,,llama3.1-8b,lexical,"SELECT payment_method_code, COUNT(customer_id) as count FROM Customer_Payment_Methods GROUP BY payment_method_code ORDER BY COUNT(customer_id) DESC","SELECT payment_method_code, COUNT(customer_id) as count FROM Customer_Payment_Methods GROUP BY payment_method_code ORDER BY COUNT(customer_id) DESC"
175,58,e_commerce,e_commerce,,,False,1,True,,llama3.1-8b,lexical,"SELECT C.gender_code, COUNT(DISTINCT P.product_id) AS num_products FROM Customers C LEFT JOIN Products P ON C.customer_id = P.product_id GROUP BY C.gender_code","SELECT C.gender_code, COUNT(DISTINCT P.product_id) AS num_products FROM Customers C LEFT JOIN Products P ON C.customer_id = P.product_id GROUP BY C.gender_code"
176,59,e_commerce,e_commerce,,,False,1,True,,llama3.1-8b,lexical,"SELECT product_color, COUNT(*) as product_count FROM Products GROUP BY product_color ORDER BY product_count DESC","SELECT product_color, COUNT(*) as product_count FROM Products GROUP BY product_color ORDER BY product_count DESC"
177,66,e_commerce,e_commerce,,,False,1,True,,llama3.1-8b,lexical,"SELECT T1.product_name, T2.shipment_date FROM Products T1 JOIN Shipments T2 ON T1.product_id = T2.order_id","SELECT T1.product_name, T2.shipment_date FROM Products T1 JOIN Shipments T2 ON T1.product_id = T2.order_id"
178,67,e_commerce,e_commerce,,,False,1,True,,llama3.1-8b,lexical,"SELECT p.product_name, s.shipment_date FROM Products p JOIN Shipments s ON p.product_id = s.order_id WHERE p.parent_product_id IS NOT NULL ORDER BY p.product_name","SELECT p.product_name, s.shipment_date FROM Products p JOIN Shipments s ON p.product_id = s.order_id WHERE p.parent_product_id IS NOT NULL ORDER BY p.product_name"
179,70,e_commerce,e_commerce,,,False,1,True,,llama3.1-8b,lexical,"SELECT p.product_name, p.product_color FROM Products p JOIN Order_Items oi ON p.product_id = oi.product_id JOIN Shipment_Items si ON oi.order_item_id = si.order_item_id JOIN Shipments s ON si.shipment_id = s.shipment_id WHERE s.shipment_id IS NOT NULL","SELECT p.product_name, p.product_color FROM Products p JOIN Order_Items oi ON p.product_id = oi.product_id JOIN Shipment_Items si ON oi.order_item_id = si.order_item_id JOIN Shipments s ON si.shipment_id = s.shipment_id WHERE s.shipment_id IS NOT NULL"
180,71,e_commerce,e_commerce,,,False,1,True,,llama3.1-8b,lexical,"SELECT T1.product_name, T1.product_color FROM Products T1 JOIN Shipments T2 ON T1.product_id = T2.order_id","SELECT T1.product_name, T1.product_color FROM Products T1 JOIN Shipments T2 ON T1.product_id = T2.order_id"
181,74,e_commerce,e_commerce,,,False,1,True,,llama3.1-8b,lexical,SELECT i.invoice_status_code FROM Invoices i WHERE i.invoice_number NOT IN (SELECT s.invoice_number FROM Shipments s),SELECT i.invoice_status_code FROM Invoices i WHERE i.invoice_number NOT IN (SELECT s.invoice_number FROM Shipments s)
182,75,e_commerce,e_commerce,,,False,1,True,,llama3.1-8b,lexical,SELECT i.invoice_status_code FROM Invoices i WHERE i.invoice_number NOT IN (SELECT s.invoice_number FROM Shipments s),SELECT i.invoice_status_code FROM Invoices i WHERE i.invoice_number NOT IN (SELECT s.invoice_number FROM Shipments s)
183,76,e_commerce,e_commerce,,,False,3,False,,llama3.1-8b,lexical,"SELECT o.order_id, o.date_order_placed, SUM(p.product_id * oi.quantity) AS total_cost FROM Orders o JOIN Order_Items oi ON o.order_id = oi.order_id JOIN Products p ON oi.product_id = p.product_id GROUP BY o.order_id, o.date_order_placed","SELECT o.order_id, o.date_order_placed, SUM(p.product_id * oi.quantity) AS total_cost FROM Orders o JOIN Order_Items oi ON o.order_id = oi.order_id JOIN Products p ON oi.product_id = p.product_id GROUP BY o.order_id, o.date_order_placed"
184,77,e_commerce,e_commerce,,,False,1,True,,llama3.1-8b,lexical,"SELECT o.order_id, o.date_order_placed, SUM(s.invoice_number) AS total_amount_paid FROM Orders o JOIN Shipments s ON o.order_id = s.order_id GROUP BY o.order_id, o.date_order_placed","SELECT o.order_id, o.date_order_placed, SUM(s.invoice_number) AS total_amount_paid FROM Orders o JOIN Shipments s ON o.order_id = s.order_id GROUP BY o.order_id, o.date_order_placed"
185,98,e_commerce,e_commerce,,,False,2,True,,llama3.1-8b,lexical,"SELECT T1.product_name, T2.product_color FROM Products T1 JOIN Products T2 ON T1.product_id = T2.product_id","SELECT T1.product_name, T2.product_color FROM Products T1 JOIN Products T2 ON T1.product_id = T2.product_id"
186,99,e_commerce,e_commerce,,,False,3,False,,llama3.1-8b,lexical,"SELECT buyer_first_name, product_name FROM Orders, Products WHERE Orders.product_id = Products.product_id","SELECT buyer_first_name, product_name FROM Orders, Products WHERE Orders.product_id = Products.product_id"
187,108,e_commerce,e_commerce,,,False,1,True,,llama3.1-8b,lexical,SELECT DISTINCT T3.date_order_placed FROM Customers AS T1 JOIN Customer_Payment_Methods AS T2 ON T1.customer_id = T2.customer_id JOIN Orders AS T3 ON T1.customer_id = T3.customer_id GROUP BY T3.date_order_placed HAVING COUNT(T2.customer_id) >= 2,SELECT DISTINCT T3.date_order_placed FROM Customers AS T1 JOIN Customer_Payment_Methods AS T2 ON T1.customer_id = T2.customer_id JOIN Orders AS T3 ON T1.customer_id = T3.customer_id GROUP BY T3.date_order_placed HAVING COUNT(T2.customer_id) >= 2
188,109,e_commerce,e_commerce,,,False,1,True,,llama3.1-8b,lexical,SELECT T3.date_order_placed FROM Customers AS T1 JOIN Customer_Payment_Methods AS T2 ON T1.customer_id = T2.customer_id JOIN Orders AS T3 ON T1.customer_id = T3.customer_id WHERE T2.customer_id IN ( SELECT customer_id FROM Customer_Payment_Methods GROUP BY customer_id HAVING COUNT(payment_method_code) >= 2 ) GROUP BY T3.date_order_placed ORDER BY T3.date_order_placed ASC,SELECT T3.date_order_placed FROM Customers AS T1 JOIN Customer_Payment_Methods AS T2 ON T1.customer_id = T2.customer_id JOIN Orders AS T3 ON T1.customer_id = T3.customer_id WHERE T2.customer_id IN ( SELECT customer_id FROM Customer_Payment_Methods GROUP BY customer_id HAVING COUNT(payment_method_code) >= 2 ) GROUP BY T3.date_order_placed ORDER BY T3.date_order_placed ASC
189,110,e_commerce,e_commerce,,,False,1,True,,llama3.1-8b,lexical,SELECT order_status_code FROM Orders GROUP BY order_status_code ORDER BY COUNT(order_status_code) ASC LIMIT 1,SELECT order_status_code FROM Orders GROUP BY order_status_code ORDER BY COUNT(order_status_code) ASC LIMIT 1
190,111,e_commerce,e_commerce,,,False,1,True,,llama3.1-8b,lexical,SELECT order_status_code FROM Orders GROUP BY order_status_code ORDER BY COUNT(order_status_code) ASC LIMIT 1,SELECT order_status_code FROM Orders GROUP BY order_status_code ORDER BY COUNT(order_status_code) ASC LIMIT 1
191,120,bbc_channels,bbc_channels,,,False,1,True,,llama3.1-8b,lexical,SELECT Name FROM director WHERE Age > (SELECT AVG(Age) FROM director),SELECT Name FROM director WHERE Age > (SELECT AVG(Age) FROM director)
192,135,bbc_channels,bbc_channels,,,False,1,True,,llama3.1-8b,lexical,"SELECT c.Channel_ID, c.Name FROM channel c LEFT JOIN director_admin da ON c.Channel_ID = da.Channel_ID LEFT JOIN director d ON da.Director_ID = d.Director_ID WHERE d.Name != 'Hank Baskett'","SELECT c.Channel_ID, c.Name FROM channel c LEFT JOIN director_admin da ON c.Channel_ID = da.Channel_ID LEFT JOIN director d ON da.Director_ID = d.Director_ID WHERE d.Name != 'Hank Baskett'"
193,144,tv_shows,tv_shows,,,False,1,True,,llama3.1-8b,lexical,"SELECT Affiliation, COUNT(*) as count FROM city_channel GROUP BY Affiliation ORDER BY count DESC LIMIT 1","SELECT Affiliation, COUNT(*) as count FROM city_channel GROUP BY Affiliation ORDER BY count DESC LIMIT 1"
194,148,tv_shows,tv_shows,,,False,1,True,,llama3.1-8b,lexical,"SELECT r.Transmitter, cc.Station_name FROM radio r JOIN city_channel_radio ccr ON r.Radio_ID = ccr.Radio_ID JOIN city_channel cc ON ccr.City_channel_ID = cc.ID ORDER BY r.ERP_kW DESC","SELECT r.Transmitter, cc.Station_name FROM radio r JOIN city_channel_radio ccr ON r.Radio_ID = ccr.Radio_ID JOIN city_channel cc ON ccr.City_channel_ID = cc.ID ORDER BY r.ERP_kW DESC"
195,150,tv_shows,tv_shows,,,False,1,True,,llama3.1-8b,lexical,SELECT DISTINCT Transmitter FROM radio WHERE Radio_ID NOT IN (SELECT Radio_ID FROM city_channel_radio),SELECT DISTINCT Transmitter FROM radio WHERE Radio_ID NOT IN (SELECT Radio_ID FROM city_channel_radio)
196,151,vehicle_driver,vehicle_driver,,,False,1,True,,llama3.1-8b,lexical,SELECT Model FROM vehicle WHERE Power > 6000 ORDER BY Top_Speed DESC LIMIT 1,SELECT Model FROM vehicle WHERE Power > 6000 ORDER BY Top_Speed DESC LIMIT 1
197,152,vehicle_driver,vehicle_driver,,,False,1,True,,llama3.1-8b,lexical,SELECT Model FROM (SELECT Model FROM vehicle WHERE Power > 6000 ORDER BY Top_Speed DESC LIMIT 1) AS subquery,SELECT Model FROM (SELECT Model FROM vehicle WHERE Power > 6000 ORDER BY Top_Speed DESC LIMIT 1) AS subquery
198,155,vehicle_driver,vehicle_driver,,,False,3,False,,llama3.1-8b,lexical,"SELECT driver.Driver_ID, MAX(COUNT(vehicle_driver.Driver_ID)) as max_driven FROM vehicle_driver JOIN driver ON vehicle_driver.Driver_ID = driver.Driver_ID GROUP BY driver.Driver_ID ORDER BY COUNT(vehicle_driver.Driver_ID) DESC LIMIT 1","SELECT driver.Driver_ID, MAX(COUNT(vehicle_driver.Driver_ID)) as max_driven FROM vehicle_driver JOIN driver ON vehicle_driver.Driver_ID = driver.Driver_ID GROUP BY driver.Driver_ID ORDER BY COUNT(vehicle_driver.Driver_ID) DESC LIMIT 1"
199,156,vehicle_driver,vehicle_driver,,,False,1,True,,llama3.1-8b,lexical,"SELECT d.Driver_ID, COUNT(vd.Vehicle_ID) as vehicle_count FROM driver d JOIN vehicle_driver vd ON d.Driver_ID = vd.Driver_ID GROUP BY d.Driver_ID ORDER BY vehicle_count DESC LIMIT 1","SELECT d.Driver_ID, COUNT(vd.Vehicle_ID) as vehicle_count FROM driver d JOIN vehicle_driver vd ON d.Driver_ID = vd.Driver_ID GROUP BY d.Driver_ID ORDER BY vehicle_count DESC LIMIT 1"
200,159,vehicle_driver,vehicle_driver,,,False,1,True,,llama3.1-8b,lexical,SELECT Vehicle_ID FROM vehicle_driver GROUP BY Vehicle_ID ORDER BY COUNT(*) ASC LIMIT 1,SELECT Vehicle_ID FROM vehicle_driver GROUP BY Vehicle_ID ORDER BY COUNT(*) ASC LIMIT 1
201,160,vehicle_driver,vehicle_driver,,,False,1,True,,llama3.1-8b,lexical,SELECT v.Vehicle_ID FROM vehicle v JOIN vehicle_driver vd ON v.Vehicle_ID = vd.Vehicle_ID GROUP BY v.Vehicle_ID ORDER BY COUNT(vd.Driver_ID) ASC LIMIT 1,SELECT v.Vehicle_ID FROM vehicle v JOIN vehicle_driver vd ON v.Vehicle_ID = vd.Vehicle_ID GROUP BY v.Vehicle_ID ORDER BY COUNT(vd.Driver_ID) ASC LIMIT 1
202,171,vehicle_driver,vehicle_driver,,,False,1,True,,llama3.1-8b,lexical,SELECT DISTINCT T1.Name FROM driver AS T1 JOIN vehicle_driver AS T2 ON T1.Driver_ID = T2.Driver_ID JOIN vehicle AS T3 ON T2.Vehicle_ID = T3.Vehicle_ID WHERE T3.Power > 5000,SELECT DISTINCT T1.Name FROM driver AS T1 JOIN vehicle_driver AS T2 ON T1.Driver_ID = T2.Driver_ID JOIN vehicle AS T3 ON T2.Vehicle_ID = T3.Vehicle_ID WHERE T3.Power > 5000
203,172,vehicle_driver,vehicle_driver,,,False,1,True,,llama3.1-8b,lexical,SELECT D.Name FROM driver D JOIN vehicle_driver VD ON D.Driver_ID = VD.Driver_ID JOIN vehicle V ON VD.Vehicle_ID = V.Vehicle_ID WHERE V.Power > 5000,SELECT D.Name FROM driver D JOIN vehicle_driver VD ON D.Driver_ID = VD.Driver_ID JOIN vehicle V ON VD.Vehicle_ID = V.Vehicle_ID WHERE V.Power > 5000
204,177,vehicle_driver,vehicle_driver,,,False,1,True,,llama3.1-8b,lexical,SELECT Model FROM vehicle LEFT JOIN vehicle_driver ON vehicle.Vehicle_ID = vehicle_driver.Vehicle_ID WHERE vehicle_driver.Vehicle_ID IS NULL,SELECT Model FROM vehicle LEFT JOIN vehicle_driver ON vehicle.Vehicle_ID = vehicle_driver.Vehicle_ID WHERE vehicle_driver.Vehicle_ID IS NULL
205,178,vehicle_driver,vehicle_driver,,,False,1,True,,llama3.1-8b,lexical,SELECT v.Model FROM vehicle v LEFT JOIN vehicle_driver vd ON v.Vehicle_ID = vd.Vehicle_ID WHERE vd.Driver_ID IS NULL,SELECT v.Model FROM vehicle v LEFT JOIN vehicle_driver vd ON v.Vehicle_ID = vd.Vehicle_ID WHERE vd.Driver_ID IS NULL
206,179,vehicle_driver,vehicle_driver,,,False,1,True,,llama3.1-8b,lexical,"SELECT v.Vehicle_ID, v.Model FROM vehicle v JOIN ( SELECT Driver_ID, Vehicle_ID, COUNT(*) as Driver_Count FROM vehicle_driver GROUP BY Driver_ID, Vehicle_ID HAVING COUNT(*) > 1 ) vd ON v.Vehicle_ID = vd.Vehicle_ID WHERE v.Builder = 'Ziyang' UNION SELECT v.Vehicle_ID, v.Model FROM vehicle v WHERE v.Builder = 'Ziyang'","SELECT v.Vehicle_ID, v.Model FROM vehicle v JOIN ( SELECT Driver_ID, Vehicle_ID, COUNT(*) as Driver_Count FROM vehicle_driver GROUP BY Driver_ID, Vehicle_ID HAVING COUNT(*) > 1 ) vd ON v.Vehicle_ID = vd.Vehicle_ID WHERE v.Builder = 'Ziyang' UNION SELECT v.Vehicle_ID, v.Model FROM vehicle v WHERE v.Builder = 'Ziyang'"
207,180,vehicle_driver,vehicle_driver,,,False,1,True,,llama3.1-8b,lexical,"SELECT v.Vehicle_ID, v.Model FROM vehicle v JOIN ( SELECT Vehicle_ID FROM vehicle WHERE Builder = 'Ziyang' UNION SELECT vd.Vehicle_ID FROM vehicle_driver vd GROUP BY vd.Vehicle_ID HAVING COUNT(DISTINCT vd.Driver_ID) = 2 ) AS t ON v.Vehicle_ID = t.Vehicle_ID","SELECT v.Vehicle_ID, v.Model FROM vehicle v JOIN ( SELECT Vehicle_ID FROM vehicle WHERE Builder = 'Ziyang' UNION SELECT vd.Vehicle_ID FROM vehicle_driver vd GROUP BY vd.Vehicle_ID HAVING COUNT(DISTINCT vd.Driver_ID) = 2 ) AS t ON v.Vehicle_ID = t.Vehicle_ID"
208,183,vehicle_driver,vehicle_driver,,,False,1,True,,llama3.1-8b,lexical,SELECT COUNT(*) FROM vehicle WHERE Top_Speed = (SELECT MAX(Top_Speed) FROM vehicle),SELECT COUNT(*) FROM vehicle WHERE Top_Speed = (SELECT MAX(Top_Speed) FROM vehicle)
209,184,vehicle_driver,vehicle_driver,,,False,1,True,,llama3.1-8b,lexical,SELECT COUNT(*) FROM vehicle WHERE Top_Speed = (SELECT MAX(Top_Speed) FROM vehicle),SELECT COUNT(*) FROM vehicle WHERE Top_Speed = (SELECT MAX(Top_Speed) FROM vehicle)
210,189,vehicle_driver,vehicle_driver,,,False,1,True,,llama3.1-8b,lexical,"SELECT D.Name, D.Citizenship FROM driver D JOIN vehicle_driver VD ON D.Driver_ID = VD.Driver_ID JOIN vehicle V ON VD.Vehicle_ID = V.Vehicle_ID WHERE V.Model = 'DJ1'","SELECT D.Name, D.Citizenship FROM driver D JOIN vehicle_driver VD ON D.Driver_ID = VD.Driver_ID JOIN vehicle V ON VD.Vehicle_ID = V.Vehicle_ID WHERE V.Model = 'DJ1'"
211,190,vehicle_driver,vehicle_driver,,,False,1,True,,llama3.1-8b,lexical,"SELECT D.Name, D.Citizenship FROM driver D JOIN vehicle_driver VD ON D.Driver_ID = VD.Driver_ID JOIN vehicle V ON VD.Vehicle_ID = V.Vehicle_ID WHERE V.Model = 'DJ1'","SELECT D.Name, D.Citizenship FROM driver D JOIN vehicle_driver VD ON D.Driver_ID = VD.Driver_ID JOIN vehicle V ON VD.Vehicle_ID = V.Vehicle_ID WHERE V.Model = 'DJ1'"
212,199,online_exams,online_exams,,,False,1,True,,llama3.1-8b,lexical,SELECT Exam_Date FROM Exams WHERE Subject_Code LIKE '%data%' ORDER BY Exam_Date DESC,SELECT Exam_Date FROM Exams WHERE Subject_Code LIKE '%data%' ORDER BY Exam_Date DESC
213,200,online_exams,online_exams,,,False,1,True,,llama3.1-8b,lexical,SELECT Exam_Date FROM Exams WHERE Subject_Code LIKE '%data%' ORDER BY Exam_Date DESC,SELECT Exam_Date FROM Exams WHERE Subject_Code LIKE '%data%' ORDER BY Exam_Date DESC
214,213,online_exams,online_exams,,,False,1,True,,llama3.1-8b,lexical,SELECT Assessment FROM Student_Answers JOIN Student_Assessments ON Student_Answers.Student_Answer_ID = Student_Assessments.Student_Answer_ID GROUP BY Assessment ORDER BY COUNT(Assessment) ASC LIMIT 1,SELECT Assessment FROM Student_Answers JOIN Student_Assessments ON Student_Answers.Student_Answer_ID = Student_Assessments.Student_Answer_ID GROUP BY Assessment ORDER BY COUNT(Assessment) ASC LIMIT 1
215,214,online_exams,online_exams,,,False,1,True,,llama3.1-8b,lexical,SELECT Assessment FROM Student_Assessments GROUP BY Assessment ORDER BY COUNT(Student_Answer_ID) ASC LIMIT 1,SELECT Assessment FROM Student_Assessments GROUP BY Assessment ORDER BY COUNT(Student_Answer_ID) ASC LIMIT 1
216,217,online_exams,online_exams,,,False,1,True,,llama3.1-8b,lexical,"SELECT VA.Valid_Answer_Text, COUNT(VA.Valid_Answer_ID) as count FROM Valid_Answers VA GROUP BY VA.Valid_Answer_Text ORDER BY count DESC LIMIT 1","SELECT VA.Valid_Answer_Text, COUNT(VA.Valid_Answer_ID) as count FROM Valid_Answers VA GROUP BY VA.Valid_Answer_Text ORDER BY count DESC LIMIT 1"
217,218,online_exams,online_exams,,,False,1,True,,llama3.1-8b,lexical,"SELECT va.Valid_Answer_Text, COUNT(sa.Student_Answer_ID) as count FROM Valid_Answers va JOIN Student_Answers sa ON va.Valid_Answer_ID = sa.Question_ID GROUP BY va.Valid_Answer_Text ORDER BY count DESC LIMIT 1","SELECT va.Valid_Answer_Text, COUNT(sa.Student_Answer_ID) as count FROM Valid_Answers va JOIN Student_Answers sa ON va.Valid_Answer_ID = sa.Question_ID GROUP BY va.Valid_Answer_Text ORDER BY count DESC LIMIT 1"
218,225,online_exams,online_exams,,,False,1,True,,llama3.1-8b,lexical,SELECT S.First_Name FROM Students S LEFT JOIN Student_Answers A ON S.Student_ID = A.Student_ID WHERE A.Student_Answer_ID IS NULL,SELECT S.First_Name FROM Students S LEFT JOIN Student_Answers A ON S.Student_ID = A.Student_ID WHERE A.Student_Answer_ID IS NULL
219,226,online_exams,online_exams,,,False,1,True,,llama3.1-8b,lexical,SELECT T1.First_Name FROM Students T1 LEFT JOIN Student_Answers T2 ON T1.Student_ID = T2.Student_ID WHERE T2.Student_ID IS NULL,SELECT T1.First_Name FROM Students T1 LEFT JOIN Student_Answers T2 ON T1.Student_ID = T2.Student_ID WHERE T2.Student_ID IS NULL
220,227,online_exams,online_exams,,,False,1,True,,llama3.1-8b,lexical,SELECT sa1.Student_Answer_Text FROM Student_Answers sa1 JOIN Student_Answers sa2 ON sa1.Student_Answer_ID = sa2.Student_Answer_ID WHERE sa1.Comments = 'Normal' AND sa2.Comments = 'Absent',SELECT sa1.Student_Answer_Text FROM Student_Answers sa1 JOIN Student_Answers sa2 ON sa1.Student_Answer_ID = sa2.Student_Answer_ID WHERE sa1.Comments = 'Normal' AND sa2.Comments = 'Absent'
221,228,online_exams,online_exams,,,False,1,True,,llama3.1-8b,lexical,SELECT DISTINCT Student_Answer_Text FROM Student_Answers WHERE Comments LIKE '%Normal%' INTERSECT SELECT DISTINCT Student_Answer_Text FROM Student_Answers WHERE Comments LIKE '%Absent%',SELECT DISTINCT Student_Answer_Text FROM Student_Answers WHERE Comments LIKE '%Normal%' INTERSECT SELECT DISTINCT Student_Answer_Text FROM Student_Answers WHERE Comments LIKE '%Absent%'
222,249,customers_and_orders,customers_and_orders,,,False,1,True,,llama3.1-8b,lexical,SELECT product_name FROM Products WHERE product_price > (SELECT AVG(product_price) FROM Products),SELECT product_name FROM Products WHERE product_price > (SELECT AVG(product_price) FROM Products)
223,250,customers_and_orders,customers_and_orders,,,False,1,True,,llama3.1-8b,lexical,SELECT product_name FROM Products WHERE product_price > (SELECT AVG(product_price) FROM Products),SELECT product_name FROM Products WHERE product_price > (SELECT AVG(product_price) FROM Products)
224,253,customers_and_orders,customers_and_orders,,,False,1,True,,llama3.1-8b,lexical,SELECT product_name FROM Products WHERE product_type_code = 'Clothes' ORDER BY product_price DESC LIMIT 1,SELECT product_name FROM Products WHERE product_type_code = 'Clothes' ORDER BY product_price DESC LIMIT 1
225,254,customers_and_orders,customers_and_orders,,,False,1,True,,llama3.1-8b,lexical,SELECT product_name FROM Products WHERE product_type_code = 'Clothes' ORDER BY product_price DESC LIMIT 1,SELECT product_name FROM Products WHERE product_type_code = 'Clothes' ORDER BY product_price DESC LIMIT 1
226,255,customers_and_orders,customers_and_orders,,,False,1,True,,llama3.1-8b,lexical,"SELECT product_id, product_name FROM (SELECT product_id, product_name FROM Products WHERE product_type_code = 'Hardware' ORDER BY product_price ASC LIMIT 1)","SELECT product_id, product_name FROM (SELECT product_id, product_name FROM Products WHERE product_type_code = 'Hardware' ORDER BY product_price ASC LIMIT 1)"
227,256,customers_and_orders,customers_and_orders,,,False,1,True,,llama3.1-8b,lexical,"SELECT product_id, product_name FROM (SELECT product_id, product_name FROM Products WHERE product_type_code = 'Hardware' ORDER BY product_price ASC LIMIT 1)","SELECT product_id, product_name FROM (SELECT product_id, product_name FROM Products WHERE product_type_code = 'Hardware' ORDER BY product_price ASC LIMIT 1)"
228,267,customers_and_orders,customers_and_orders,,,False,1,True,,llama3.1-8b,lexical,"SELECT product_type_code FROM ( SELECT product_type_code, COUNT(*) as count FROM Products GROUP BY product_type_code ORDER BY count DESC ) LIMIT 1","SELECT product_type_code FROM ( SELECT product_type_code, COUNT(*) as count FROM Products GROUP BY product_type_code ORDER BY count DESC ) LIMIT 1"
229,268,customers_and_orders,customers_and_orders,,,False,1,True,,llama3.1-8b,lexical,"SELECT product_type_code FROM ( SELECT product_type_code, COUNT(*) as count FROM Products GROUP BY product_type_code ORDER BY count DESC ) LIMIT 1","SELECT product_type_code FROM ( SELECT product_type_code, COUNT(*) as count FROM Products GROUP BY product_type_code ORDER BY count DESC ) LIMIT 1"
230,277,customers_and_orders,customers_and_orders,,,False,1,True,,llama3.1-8b,lexical,SELECT payment_method_code FROM Customers GROUP BY payment_method_code ORDER BY COUNT(customer_id) DESC LIMIT 1,SELECT payment_method_code FROM Customers GROUP BY payment_method_code ORDER BY COUNT(customer_id) DESC LIMIT 1
231,278,customers_and_orders,customers_and_orders,,,False,1,True,,llama3.1-8b,lexical,SELECT payment_method_code FROM (SELECT payment_method_code FROM Customers GROUP BY payment_method_code ORDER BY COUNT(*) DESC LIMIT 1) AS subquery,SELECT payment_method_code FROM (SELECT payment_method_code FROM Customers GROUP BY payment_method_code ORDER BY COUNT(*) DESC LIMIT 1) AS subquery
232,279,customers_and_orders,customers_and_orders,,,False,1,True,,llama3.1-8b,lexical,"SELECT customer_name FROM ( SELECT payment_method_code, customer_name, COUNT(*) as count FROM Customers GROUP BY payment_method_code ORDER BY count ASC LIMIT 1 ) AS subquery","SELECT customer_name FROM ( SELECT payment_method_code, customer_name, COUNT(*) as count FROM Customers GROUP BY payment_method_code ORDER BY count ASC LIMIT 1 ) AS subquery"
233,280,customers_and_orders,customers_and_orders,,,False,3,False,,llama3.1-8b,lexical,SELECT customer_name FROM Customers ORDER BY COUNT(DISTINCT payment_method_code) ASC LIMIT 1,SELECT customer_name FROM Customers ORDER BY COUNT(DISTINCT payment_method_code) ASC LIMIT 1
234,287,customers_and_orders,customers_and_orders,,,False,1,True,,llama3.1-8b,lexical,"SELECT product_type_code FROM ( SELECT product_type_code, COUNT(*) as product_count FROM Products GROUP BY product_type_code ) ORDER BY product_count ASC LIMIT 1","SELECT product_type_code FROM ( SELECT product_type_code, COUNT(*) as product_count FROM Products GROUP BY product_type_code ) ORDER BY product_count ASC LIMIT 1"
235,288,customers_and_orders,customers_and_orders,,,False,1,True,,llama3.1-8b,lexical,"SELECT product_type_code FROM ( SELECT product_type_code, COUNT(*) as count FROM Products GROUP BY product_type_code ) as subquery ORDER BY count ASC LIMIT 1","SELECT product_type_code FROM ( SELECT product_type_code, COUNT(*) as count FROM Products GROUP BY product_type_code ) as subquery ORDER BY count ASC LIMIT 1"
236,299,customers_and_orders,customers_and_orders,,,False,1,True,,llama3.1-8b,lexical,"SELECT order_status_code, COUNT(*) as count FROM Customer_Orders GROUP BY order_status_code ORDER BY count DESC","SELECT order_status_code, COUNT(*) as count FROM Customer_Orders GROUP BY order_status_code ORDER BY count DESC"
237,300,customers_and_orders,customers_and_orders,,,False,1,True,,llama3.1-8b,lexical,SELECT order_status_code FROM (SELECT order_status_code FROM Customer_Orders GROUP BY order_status_code ORDER BY COUNT(order_status_code) DESC LIMIT 1) AS subquery,SELECT order_status_code FROM (SELECT order_status_code FROM Customer_Orders GROUP BY order_status_code ORDER BY COUNT(order_status_code) DESC LIMIT 1) AS subquery
238,303,customers_and_orders,customers_and_orders,,,False,1,True,,llama3.1-8b,lexical,SELECT P.product_name FROM Products P WHERE P.product_id NOT IN (SELECT OI.product_id FROM Order_Items OI),SELECT P.product_name FROM Products P WHERE P.product_id NOT IN (SELECT OI.product_id FROM Order_Items OI)
239,304,customers_and_orders,customers_and_orders,,,False,1,True,,llama3.1-8b,lexical,SELECT P.product_name FROM Products P LEFT JOIN Order_Items OI ON P.product_id = OI.product_id WHERE OI.order_item_id IS NULL ORDER BY P.product_name,SELECT P.product_name FROM Products P LEFT JOIN Order_Items OI ON P.product_id = OI.product_id WHERE OI.order_item_id IS NULL ORDER BY P.product_name
240,40,e_commerce,e_commerce,,,False,1,True,,llama3.1-8b,lexical,"SELECT C.customer_id, C.customer_first_name, C.customer_last_name FROM Customers C JOIN ( SELECT O.customer_id, COUNT(O.order_id) as num_orders, COUNT(OI.order_item_id) as num_items FROM Orders O JOIN Order_Items OI ON O.order_id = OI.order_id GROUP BY O.customer_id HAVING COUNT(O.order_id) > 2 AND COUNT(OI.order_item_id) >= 3 ) AS subquery ON C.customer_id = subquery.customer_id","SELECT C.customer_id, C.customer_first_name, C.customer_last_name FROM Customers C JOIN ( SELECT O.customer_id, COUNT(O.order_id) as num_orders, COUNT(OI.order_item_id) as num_items FROM Orders O JOIN Order_Items OI ON O.order_id = OI.order_id GROUP BY O.customer_id HAVING COUNT(O.order_id) > 2 AND COUNT(OI.order_item_id) >= 3 ) AS subquery ON C.customer_id = subquery.customer_id"
241,41,e_commerce,e_commerce,,,False,1,True,,llama3.1-8b,lexical,"SELECT C.customer_id, C.customer_first_name, C.customer_last_name FROM Customers C JOIN ( SELECT O.customer_id, COUNT(O.order_id) as order_count, COUNT(DISTINCT OI.order_item_id) as item_count FROM Orders O JOIN Order_Items OI ON O.order_id = OI.order_id GROUP BY O.customer_id HAVING COUNT(O.order_id) > 2 AND COUNT(DISTINCT OI.order_item_id) > 3 ) AS T ON C.customer_id = T.customer_id","SELECT C.customer_id, C.customer_first_name, C.customer_last_name FROM Customers C JOIN ( SELECT O.customer_id, COUNT(O.order_id) as order_count, COUNT(DISTINCT OI.order_item_id) as item_count FROM Orders O JOIN Order_Items OI ON O.order_id = OI.order_id GROUP BY O.customer_id HAVING COUNT(O.order_id) > 2 AND COUNT(DISTINCT OI.order_item_id) > 3 ) AS T ON C.customer_id = T.customer_id"
242,46,e_commerce,e_commerce,,,False,1,True,,llama3.1-8b,lexical,"SELECT customer_first_name, customer_middle_initial, customer_last_name FROM Customers WHERE customer_id NOT IN (SELECT customer_id FROM Orders)","SELECT customer_first_name, customer_middle_initial, customer_last_name FROM Customers WHERE customer_id NOT IN (SELECT customer_id FROM Orders)"
243,47,e_commerce,e_commerce,,,False,1,True,,llama3.1-8b,lexical,"SELECT customer_first_name, customer_last_name, customer_middle_initial FROM Customers WHERE customer_id NOT IN (SELECT customer_id FROM Orders)","SELECT customer_first_name, customer_last_name, customer_middle_initial FROM Customers WHERE customer_id NOT IN (SELECT customer_id FROM Orders)"
244,48,e_commerce,e_commerce,,,False,1,True,,llama3.1-8b,lexical,"SELECT p.product_id, p.product_name, p.product_price, p.product_color FROM Products p WHERE p.product_id NOT IN ( SELECT oi.product_id FROM Order_Items oi GROUP BY oi.product_id HAVING COUNT(DISTINCT oi.order_id) >= 2 )","SELECT p.product_id, p.product_name, p.product_price, p.product_color FROM Products p WHERE p.product_id NOT IN ( SELECT oi.product_id FROM Order_Items oi GROUP BY oi.product_id HAVING COUNT(DISTINCT oi.order_id) >= 2 )"
245,52,e_commerce,e_commerce,,,False,1,True,,llama3.1-8b,lexical,"SELECT p.product_id, p.product_name, p.product_price FROM Products p JOIN ( SELECT product_id, COUNT(*) as count FROM Order_Items GROUP BY product_id ORDER BY count DESC LIMIT 1 ) AS subquery ON p.product_id = subquery.product_id","SELECT p.product_id, p.product_name, p.product_price FROM Products p JOIN ( SELECT product_id, COUNT(*) as count FROM Order_Items GROUP BY product_id ORDER BY count DESC LIMIT 1 ) AS subquery ON p.product_id = subquery.product_id"
246,53,e_commerce,e_commerce,,,False,1,True,,llama3.1-8b,lexical,"SELECT product_id, product_name, product_price FROM ( SELECT product_id, product_name, product_price, DENSE_RANK() OVER (ORDER BY COUNT(product_id) DESC) AS rank FROM Products GROUP BY product_id, product_name, product_price ) AS subquery WHERE rank = 1","SELECT product_id, product_name, product_price FROM ( SELECT product_id, product_name, product_price, DENSE_RANK() OVER (ORDER BY COUNT(product_id) DESC) AS rank FROM Products GROUP BY product_id, product_name, product_price ) AS subquery WHERE rank = 1"
247,54,e_commerce,e_commerce,,,False,1,True,,llama3.1-8b,lexical,"SELECT o.order_id, SUM(p.product_price) AS sum_of_product_prices FROM Orders o JOIN Order_Items oi ON o.order_id = oi.order_id JOIN Products p ON oi.product_id = p.product_id GROUP BY o.order_id ORDER BY SUM(p.product_price) ASC LIMIT 1","SELECT o.order_id, SUM(p.product_price) AS sum_of_product_prices FROM Orders o JOIN Order_Items oi ON o.order_id = oi.order_id JOIN Products p ON oi.product_id = p.product_id GROUP BY o.order_id ORDER BY SUM(p.product_price) ASC LIMIT 1"
248,55,e_commerce,e_commerce,,,False,1,True,,llama3.1-8b,lexical,"SELECT o.order_id, SUM(CASE WHEN oi.order_item_status_code = 'active' AND oi.product_id = 1 THEN 10 ELSE 0 END) AS total_cost FROM Orders o JOIN Order_Items oi ON o.order_id = oi.order_id GROUP BY o.order_id ORDER BY total_cost ASC LIMIT 1","SELECT o.order_id, SUM(CASE WHEN oi.order_item_status_code = 'active' AND oi.product_id = 1 THEN 10 ELSE 0 END) AS total_cost FROM Orders o JOIN Order_Items oi ON o.order_id = oi.order_id GROUP BY o.order_id ORDER BY total_cost ASC LIMIT 1"
249,72,e_commerce,e_commerce,,,False,3,True,,llama3.1-8b,lexical,"SELECT DISTINCT p.product_name, p.product_price, p.product_description FROM Products p JOIN Order_items oi ON p.product_id = oi.product_id JOIN ( SELECT o.order_id FROM Orders o JOIN Customers c ON o.customer_id = c.customer_id WHERE c.gender_code = 'F' ) AS female_customer_orders ON oi.order_id = female_customer_orders.order_id","SELECT DISTINCT p.product_name, p.product_price, p.product_description FROM Products p JOIN Order_items oi ON p.product_id = oi.product_id JOIN ( SELECT o.order_id FROM Orders o JOIN Customers c ON o.customer_id = c.customer_id WHERE c.gender_code = 'F' ) AS female_customer_orders ON oi.order_id = female_customer_orders.order_id"
250,73,e_commerce,e_commerce,,,False,1,True,,llama3.1-8b,lexical,"SELECT DISTINCT T1.product_name, T1.product_price, T1.product_description FROM Products AS T1 JOIN Customers AS T2 ON T1.product_id = T2.customer_id WHERE T2.gender_code = 'F'","SELECT DISTINCT T1.product_name, T1.product_price, T1.product_description FROM Products AS T1 JOIN Customers AS T2 ON T1.product_id = T2.customer_id WHERE T2.gender_code = 'F'"
251,88,e_commerce,e_commerce,,,False,1,True,,llama3.1-8b,lexical,"SELECT product_price, product_size FROM Products WHERE product_price > (SELECT AVG(product_price) FROM Products)","SELECT product_price, product_size FROM Products WHERE product_price > (SELECT AVG(product_price) FROM Products)"
252,89,e_commerce,e_commerce,,,False,1,True,,llama3.1-8b,lexical,"SELECT product_price, product_size FROM Products WHERE product_price > (SELECT AVG(product_price) FROM Products)","SELECT product_price, product_size FROM Products WHERE product_price > (SELECT AVG(product_price) FROM Products)"
253,90,e_commerce,e_commerce,,,False,1,True,,llama3.1-8b,lexical,SELECT COUNT(*) FROM Products WHERE parent_product_id IS NULL OR parent_product_id = '',SELECT COUNT(*) FROM Products WHERE parent_product_id IS NULL OR parent_product_id = ''
254,91,e_commerce,e_commerce,,,False,1,True,,llama3.1-8b,lexical,SELECT COUNT(DISTINCT p.product_id) FROM Products p LEFT JOIN Order_Items oi ON p.product_id = oi.product_id WHERE oi.order_item_id IS NULL,SELECT COUNT(DISTINCT p.product_id) FROM Products p LEFT JOIN Order_Items oi ON p.product_id = oi.product_id WHERE oi.order_item_id IS NULL
255,92,e_commerce,e_commerce,,,False,1,True,,llama3.1-8b,lexical,SELECT COUNT(customer_id) FROM Customers WHERE customer_id NOT IN (SELECT customer_id FROM Customer_Payment_Methods),SELECT COUNT(customer_id) FROM Customers WHERE customer_id NOT IN (SELECT customer_id FROM Customer_Payment_Methods)
256,93,e_commerce,e_commerce,,,False,1,True,,llama3.1-8b,lexical,SELECT COUNT(customer_id) FROM Customers WHERE customer_id NOT IN (SELECT customer_id FROM Customer_Payment_Methods),SELECT COUNT(customer_id) FROM Customers WHERE customer_id NOT IN (SELECT customer_id FROM Customer_Payment_Methods)
257,106,e_commerce,e_commerce,,,False,1,True,,llama3.1-8b,lexical,"SELECT email_address, town_city, county FROM Customers WHERE gender_code = ( SELECT gender_code FROM Customers GROUP BY gender_code ORDER BY COUNT(customer_id) ASC LIMIT 1 )","SELECT email_address, town_city, county FROM Customers WHERE gender_code = ( SELECT gender_code FROM Customers GROUP BY gender_code ORDER BY COUNT(customer_id) ASC LIMIT 1 )"
258,107,e_commerce,e_commerce,,,False,3,False,,llama3.1-8b,lexical,"SELECT C.email_address, C.town_city, C.county FROM Customers C JOIN ( SELECT gender_code FROM ( SELECT gender_code, COUNT(order_id) as order_count FROM Orders GROUP BY gender_code ) subquery WHERE order_count = ( SELECT MIN(order_count) FROM ( SELECT gender_code, COUNT(order_id) as order_count FROM Orders GROUP BY gender_code ) subquery2 ) ) subquery ON C.gender_code = subquery.gender_code","SELECT C.email_address, C.town_city, C.county FROM Customers C JOIN ( SELECT gender_code FROM ( SELECT gender_code, COUNT(order_id) as order_count FROM Orders GROUP BY gender_code ) subquery WHERE order_count = ( SELECT MIN(order_count) FROM ( SELECT gender_code, COUNT(order_id) as order_count FROM Orders GROUP BY gender_code ) subquery2 ) ) subquery ON C.gender_code = subquery.gender_code"
259,118,e_commerce,e_commerce,,,False,1,True,,llama3.1-8b,lexical,"SELECT product_color, product_description, product_size FROM Products WHERE product_price < ( SELECT MAX(product_price) FROM Products )","SELECT product_color, product_description, product_size FROM Products WHERE product_price < ( SELECT MAX(product_price) FROM Products )"
260,119,e_commerce,e_commerce,,,False,1,True,,llama3.1-8b,lexical,"SELECT product_color, product_description, product_size FROM Products WHERE product_price != (SELECT MAX(product_price) FROM Products)","SELECT product_color, product_description, product_size FROM Products WHERE product_price != (SELECT MAX(product_price) FROM Products)"
261,125,bbc_channels,bbc_channels,,,False,1,True,,llama3.1-8b,lexical,"SELECT d.Name, COUNT(p.Program_ID) as Program_Count FROM director d JOIN director_admin da ON d.Director_ID = da.Director_ID JOIN program p ON da.Director_ID = p.Director_ID GROUP BY d.Director_ID, d.Name ORDER BY Program_Count DESC LIMIT 1","SELECT d.Name, COUNT(p.Program_ID) as Program_Count FROM director d JOIN director_admin da ON d.Director_ID = da.Director_ID JOIN program p ON da.Director_ID = p.Director_ID GROUP BY d.Director_ID, d.Name ORDER BY Program_Count DESC LIMIT 1"
262,126,bbc_channels,bbc_channels,,,False,1,True,,llama3.1-8b,lexical,"SELECT d.Name, d.Age FROM director d JOIN ( SELECT da.Director_ID, COUNT(p.Program_ID) as Program_Count FROM director_admin da JOIN program p ON da.Channel_ID = p.Channel_ID GROUP BY da.Director_ID ) as subquery ON d.Director_ID = subquery.Director_ID WHERE subquery.Program_Count = ( SELECT MAX(Program_Count) FROM ( SELECT da.Director_ID, COUNT(p.Program_ID) as Program_Count FROM director_admin da JOIN program p ON da.Channel_ID = p.Channel_ID GROUP BY da.Director_ID ) )","SELECT d.Name, d.Age FROM director d JOIN ( SELECT da.Director_ID, COUNT(p.Program_ID) as Program_Count FROM director_admin da JOIN program p ON da.Channel_ID = p.Channel_ID GROUP BY da.Director_ID ) as subquery ON d.Director_ID = subquery.Director_ID WHERE subquery.Program_Count = ( SELECT MAX(Program_Count) FROM ( SELECT da.Director_ID, COUNT(p.Program_ID) as Program_Count FROM director_admin da JOIN program p ON da.Channel_ID = p.Channel_ID GROUP BY da.Director_ID ) )"
263,130,bbc_channels,bbc_channels,,,False,1,True,,llama3.1-8b,lexical,SELECT COUNT(channel.Channel_ID) FROM channel LEFT JOIN program ON channel.Channel_ID = program.Channel_ID WHERE program.Program_ID IS NULL,SELECT COUNT(channel.Channel_ID) FROM channel LEFT JOIN program ON channel.Channel_ID = program.Channel_ID WHERE program.Program_ID IS NULL
264,132,bbc_channels,bbc_channels,,,False,1,True,,llama3.1-8b,lexical,"SELECT c.Name, c.Internet FROM channel c JOIN director_admin da ON c.Channel_ID = da.Channel_ID GROUP BY c.Channel_ID ORDER BY COUNT(da.Director_ID) DESC LIMIT 1","SELECT c.Name, c.Internet FROM channel c JOIN director_admin da ON c.Channel_ID = da.Channel_ID GROUP BY c.Channel_ID ORDER BY COUNT(da.Director_ID) DESC LIMIT 1"
265,134,bbc_channels,bbc_channels,,,False,1,True,,llama3.1-8b,lexical,SELECT DISTINCT C.Name FROM channel C JOIN director_admin DA ON C.Channel_ID = DA.Channel_ID JOIN director D ON DA.Director_ID = D.Director_ID WHERE EXISTS (SELECT 1 FROM director D2 WHERE D2.Director_ID = DA.Director_ID AND D2.Age < 40) AND EXISTS (SELECT 1 FROM director D3 WHERE D3.Director_ID = DA.Director_ID AND D3.Age > 60),SELECT DISTINCT C.Name FROM channel C JOIN director_admin DA ON C.Channel_ID = DA.Channel_ID JOIN director D ON DA.Director_ID = D.Director_ID WHERE EXISTS (SELECT 1 FROM director D2 WHERE D2.Director_ID = DA.Director_ID AND D2.Age < 40) AND EXISTS (SELECT 1 FROM director D3 WHERE D3.Director_ID = DA.Director_ID AND D3.Age > 60)
266,181,vehicle_driver,vehicle_driver,,,False,1,True,,llama3.1-8b,lexical,"SELECT v.Vehicle_ID, v.Model FROM vehicle v JOIN vehicle_driver vd ON v.Vehicle_ID = vd.Vehicle_ID WHERE vd.Driver_ID IN ( SELECT Driver_ID FROM driver WHERE Name = 'Jeff Gordon' ) UNION SELECT v.Vehicle_ID, v.Model FROM vehicle v JOIN vehicle_driver vd ON v.Vehicle_ID = vd.Vehicle_ID GROUP BY v.Vehicle_ID, vd.Driver_ID HAVING COUNT(DISTINCT vd.Driver_ID) > 2","SELECT v.Vehicle_ID, v.Model FROM vehicle v JOIN vehicle_driver vd ON v.Vehicle_ID = vd.Vehicle_ID WHERE vd.Driver_ID IN ( SELECT Driver_ID FROM driver WHERE Name = 'Jeff Gordon' ) UNION SELECT v.Vehicle_ID, v.Model FROM vehicle v JOIN vehicle_driver vd ON v.Vehicle_ID = vd.Vehicle_ID GROUP BY v.Vehicle_ID, vd.Driver_ID HAVING COUNT(DISTINCT vd.Driver_ID) > 2"
267,182,vehicle_driver,vehicle_driver,,,False,1,True,,llama3.1-8b,lexical,"SELECT v.Vehicle_ID, v.Model FROM vehicle v WHERE v.Vehicle_ID IN ( SELECT vd.Vehicle_ID FROM vehicle_driver vd JOIN driver d ON vd.Driver_ID = d.Driver_ID WHERE d.Name = 'Jeff Gordon' UNION SELECT vd.Vehicle_ID FROM vehicle_driver vd GROUP BY vd.Vehicle_ID HAVING COUNT(DISTINCT vd.Driver_ID) > 2 )","SELECT v.Vehicle_ID, v.Model FROM vehicle v WHERE v.Vehicle_ID IN ( SELECT vd.Vehicle_ID FROM vehicle_driver vd JOIN driver d ON vd.Driver_ID = d.Driver_ID WHERE d.Name = 'Jeff Gordon' UNION SELECT vd.Vehicle_ID FROM vehicle_driver vd GROUP BY vd.Vehicle_ID HAVING COUNT(DISTINCT vd.Driver_ID) > 2 )"
268,191,vehicle_driver,vehicle_driver,,,False,1,True,,llama3.1-8b,lexical,SELECT COUNT(Driver_ID) FROM driver WHERE Driver_ID NOT IN (SELECT Driver_ID FROM vehicle_driver),SELECT COUNT(Driver_ID) FROM driver WHERE Driver_ID NOT IN (SELECT Driver_ID FROM vehicle_driver)
269,192,vehicle_driver,vehicle_driver,,,False,1,True,,llama3.1-8b,lexical,SELECT COUNT(DISTINCT driver.Driver_ID) FROM driver LEFT JOIN vehicle_driver ON driver.Driver_ID = vehicle_driver.Driver_ID WHERE vehicle_driver.Driver_ID IS NULL,SELECT COUNT(DISTINCT driver.Driver_ID) FROM driver LEFT JOIN vehicle_driver ON driver.Driver_ID = vehicle_driver.Driver_ID WHERE vehicle_driver.Driver_ID IS NULL
270,251,customers_and_orders,customers_and_orders,,,False,1,True,,llama3.1-8b,lexical,SELECT product_name FROM Products WHERE product_price > ( SELECT AVG(product_price) FROM Products WHERE product_type_code = 'hardware' ),SELECT product_name FROM Products WHERE product_price > ( SELECT AVG(product_price) FROM Products WHERE product_type_code = 'hardware' )
271,252,customers_and_orders,customers_and_orders,,,False,1,True,,llama3.1-8b,lexical,SELECT product_name FROM Products WHERE product_type_code = 'Hardware' AND product_price > (SELECT AVG(product_price) FROM Products WHERE product_type_code = 'Hardware'),SELECT product_name FROM Products WHERE product_type_code = 'Hardware' AND product_price > (SELECT AVG(product_price) FROM Products WHERE product_type_code = 'Hardware')
272,295,customers_and_orders,customers_and_orders,,,False,1,True,,llama3.1-8b,lexical,"SELECT c.customer_id, c.customer_name, c.customer_phone, c.customer_email FROM Customers c JOIN ( SELECT customer_id, COUNT(order_id) as order_count FROM Customer_Orders GROUP BY customer_id ORDER BY order_count DESC LIMIT 1 ) o ON c.customer_id = o.customer_id","SELECT c.customer_id, c.customer_name, c.customer_phone, c.customer_email FROM Customers c JOIN ( SELECT customer_id, COUNT(order_id) as order_count FROM Customer_Orders GROUP BY customer_id ORDER BY order_count DESC LIMIT 1 ) o ON c.customer_id = o.customer_id"
273,296,customers_and_orders,customers_and_orders,,,False,1,True,,llama3.1-8b,lexical,"SELECT C.customer_id, C.customer_name, C.customer_phone, C.customer_email FROM Customers C JOIN ( SELECT customer_id, COUNT(order_id) as order_count FROM Customer_Orders GROUP BY customer_id ORDER BY order_count DESC LIMIT 1 ) O ON C.customer_id = O.customer_id","SELECT C.customer_id, C.customer_name, C.customer_phone, C.customer_email FROM Customers C JOIN ( SELECT customer_id, COUNT(order_id) as order_count FROM Customer_Orders GROUP BY customer_id ORDER BY order_count DESC LIMIT 1 ) O ON C.customer_id = O.customer_id"
274,301,customers_and_orders,customers_and_orders,,,False,1,True,,llama3.1-8b,lexical,SELECT COUNT(Customers.customer_id) FROM Customers LEFT JOIN Customer_Orders ON Customers.customer_id = Customer_Orders.customer_id WHERE Customer_Orders.order_id IS NULL,SELECT COUNT(Customers.customer_id) FROM Customers LEFT JOIN Customer_Orders ON Customers.customer_id = Customer_Orders.customer_id WHERE Customer_Orders.order_id IS NULL
275,302,customers_and_orders,customers_and_orders,,,False,1,True,,llama3.1-8b,lexical,SELECT COUNT(c.customer_id) FROM Customers c LEFT JOIN Customer_Orders co ON c.customer_id = co.customer_id WHERE co.customer_id IS NULL,SELECT COUNT(c.customer_id) FROM Customers c LEFT JOIN Customer_Orders co ON c.customer_id = co.customer_id WHERE co.customer_id IS NULL
276,313,customers_and_orders,customers_and_orders,,,False,1,True,,llama3.1-8b,lexical,"SELECT CO.order_date, CO.order_id FROM Customer_Orders CO JOIN Order_Items OI ON CO.order_id = OI.order_id GROUP BY CO.order_id HAVING COUNT(DISTINCT OI.product_id) > 3 OR MAX(OI.order_quantity) > 6 ORDER BY CO.order_date","SELECT CO.order_date, CO.order_id FROM Customer_Orders CO JOIN Order_Items OI ON CO.order_id = OI.order_id GROUP BY CO.order_id HAVING COUNT(DISTINCT OI.product_id) > 3 OR MAX(OI.order_quantity) > 6 ORDER BY CO.order_date"
277,314,customers_and_orders,customers_and_orders,,,False,1,True,,llama3.1-8b,lexical,"SELECT CO.order_id, CO.order_date FROM Customer_Orders CO WHERE CO.order_id IN ( SELECT OI.order_id FROM Order_Items OI WHERE OI.order_quantity > 6 UNION SELECT OI.order_id FROM Order_Items OI GROUP BY OI.order_id HAVING COUNT(*) > 3 ) ORDER BY CO.order_id","SELECT CO.order_id, CO.order_date FROM Customer_Orders CO WHERE CO.order_id IN ( SELECT OI.order_id FROM Order_Items OI WHERE OI.order_quantity > 6 UNION SELECT OI.order_id FROM Order_Items OI GROUP BY OI.order_id HAVING COUNT(*) > 3 ) ORDER BY CO.order_id"
278,337,region_building,region_building,,,False,1,True,,llama3.1-8b,lexical,"SELECT T2.Capital FROM region AS T2 JOIN ( SELECT Region_ID, COUNT(Building_ID) AS Count FROM building GROUP BY Region_ID ORDER BY Count DESC LIMIT 1 ) AS T1 ON T1.Region_ID = T2.Region_ID","SELECT T2.Capital FROM region AS T2 JOIN ( SELECT Region_ID, COUNT(Building_ID) AS Count FROM building GROUP BY Region_ID ORDER BY Count DESC LIMIT 1 ) AS T1 ON T1.Region_ID = T2.Region_ID"
279,338,region_building,region_building,,,False,1,True,,llama3.1-8b,lexical,"SELECT r.Name, r.Capital FROM region r JOIN building b ON r.Region_ID = b.Region_ID GROUP BY r.Region_ID ORDER BY COUNT(b.Building_ID) DESC LIMIT 1","SELECT r.Name, r.Capital FROM region r JOIN building b ON r.Region_ID = b.Region_ID GROUP BY r.Region_ID ORDER BY COUNT(b.Building_ID) DESC LIMIT 1"
280,365,government_shift,government_shift,,,False,1,True,,llama3.1-8b,lexical,"SELECT C.Customer_ID, C.Customer_Details, COUNT(CAS.Customers_and_Services_ID) as service_count FROM Customers C JOIN Customers_and_Services CAS ON C.Customer_ID = CAS.Customer_ID GROUP BY C.Customer_ID, C.Customer_Details ORDER BY service_count DESC LIMIT 1","SELECT C.Customer_ID, C.Customer_Details, COUNT(CAS.Customers_and_Services_ID) as service_count FROM Customers C JOIN Customers_and_Services CAS ON C.Customer_ID = CAS.Customer_ID GROUP BY C.Customer_ID, C.Customer_Details ORDER BY service_count DESC LIMIT 1"
281,366,government_shift,government_shift,,,False,1,True,,llama3.1-8b,lexical,"SELECT C.Customer_Details, COUNT(CAS.Service_ID) as Service_Count FROM Customers C JOIN Customers_and_Services CAS ON C.Customer_ID = CAS.Customer_ID GROUP BY C.Customer_ID, C.Customer_Details ORDER BY Service_Count DESC LIMIT 1","SELECT C.Customer_Details, COUNT(CAS.Service_ID) as Service_Count FROM Customers C JOIN Customers_and_Services CAS ON C.Customer_ID = CAS.Customer_ID GROUP BY C.Customer_ID, C.Customer_Details ORDER BY Service_Count DESC LIMIT 1"
282,367,government_shift,government_shift,,,False,1,True,,llama3.1-8b,lexical,"SELECT C.Customer_Details FROM Customers C JOIN ( SELECT Customer_ID, COUNT(*) as service_count FROM Customers_and_Services GROUP BY Customer_ID ORDER BY service_count DESC LIMIT 1 ) AS subquery ON C.Customer_ID = subquery.Customer_ID","SELECT C.Customer_Details FROM Customers C JOIN ( SELECT Customer_ID, COUNT(*) as service_count FROM Customers_and_Services GROUP BY Customer_ID ORDER BY service_count DESC LIMIT 1 ) AS subquery ON C.Customer_ID = subquery.Customer_ID"
283,368,government_shift,government_shift,,,False,1,True,,llama3.1-8b,lexical,"SELECT C.Customer_Details, COUNT(DISTINCT CS.Service_ID) as service_count FROM Customers C JOIN Customers_and_Services CS ON C.Customer_ID = CS.Customer_ID GROUP BY C.Customer_ID, C.Customer_Details ORDER BY service_count DESC LIMIT 1","SELECT C.Customer_Details, COUNT(DISTINCT CS.Service_ID) as service_count FROM Customers C JOIN Customers_and_Services CS ON C.Customer_ID = CS.Customer_ID GROUP BY C.Customer_ID, C.Customer_Details ORDER BY service_count DESC LIMIT 1"
284,371,government_shift,government_shift,,,False,1,True,,llama3.1-8b,lexical,SELECT C.Customer_Details FROM Customers C JOIN Customer_Interactions CI ON C.Customer_ID = CI.Customer_ID WHERE CI.Service_ID = ( SELECT Service_ID FROM Customer_Interactions GROUP BY Service_ID ORDER BY COUNT(Service_ID) ASC LIMIT 1 ),SELECT C.Customer_Details FROM Customers C JOIN Customer_Interactions CI ON C.Customer_ID = CI.Customer_ID WHERE CI.Service_ID = ( SELECT Service_ID FROM Customer_Interactions GROUP BY Service_ID ORDER BY COUNT(Service_ID) ASC LIMIT 1 )
285,372,government_shift,government_shift,,,False,1,True,,llama3.1-8b,lexical,"SELECT DISTINCT C.Customer_Details FROM Customers C JOIN Customers_and_Services CS ON C.Customer_ID = CS.Customer_ID JOIN Services S ON CS.Service_ID = S.Service_ID JOIN ( SELECT Service_ID, COUNT(*) as count FROM Customer_Interactions GROUP BY Service_ID ORDER BY count ASC LIMIT 1 ) AS least_common_service ON S.Service_ID = least_common_service.Service_ID JOIN Customers_and_Services CS2 ON S.Service_ID = CS2.Service_ID JOIN Customers C2 ON CS2.Customer_ID = C2.Customer_ID","SELECT DISTINCT C.Customer_Details FROM Customers C JOIN Customers_and_Services CS ON C.Customer_ID = CS.Customer_ID JOIN Services S ON CS.Service_ID = S.Service_ID JOIN ( SELECT Service_ID, COUNT(*) as count FROM Customer_Interactions GROUP BY Service_ID ORDER BY count ASC LIMIT 1 ) AS least_common_service ON S.Service_ID = least_common_service.Service_ID JOIN Customers_and_Services CS2 ON S.Service_ID = CS2.Service_ID JOIN Customers C2 ON CS2.Customer_ID = C2.Customer_ID"
286,377,government_shift,government_shift,,,False,1,True,,llama3.1-8b,lexical,"SELECT DISTINCT T1.Service_ID, T1.Service_Details FROM Services AS T1 INNER JOIN Customer_Interactions AS T2 ON T1.Service_ID = T2.Service_ID WHERE T2.Status_Code = 'good' INTERSECT SELECT DISTINCT T1.Service_ID, T1.Service_Details FROM Services AS T1 INNER JOIN Customers_and_Services AS T2 ON T1.Service_ID = T2.Service_ID INNER JOIN Customers AS T3 ON T2.Customer_ID = T3.Customer_ID WHERE T3.Customer_Details = 'Hardy Kutch'","SELECT DISTINCT T1.Service_ID, T1.Service_Details FROM Services AS T1 INNER JOIN Customer_Interactions AS T2 ON T1.Service_ID = T2.Service_ID WHERE T2.Status_Code = 'good' INTERSECT SELECT DISTINCT T1.Service_ID, T1.Service_Details FROM Services AS T1 INNER JOIN Customers_and_Services AS T2 ON T1.Service_ID = T2.Service_ID INNER JOIN Customers AS T3 ON T2.Customer_ID = T3.Customer_ID WHERE T3.Customer_Details = 'Hardy Kutch'"
287,378,government_shift,government_shift,,,False,1,True,,llama3.1-8b,lexical,"SELECT S.Service_ID, S.Service_Details FROM Services S JOIN Customers_and_Services CS ON S.Service_ID = CS.Service_ID JOIN Customers C ON CS.Customer_ID = C.Customer_ID WHERE C.Customer_Details = 'Hardy Kutch' UNION SELECT S.Service_ID, S.Service_Details FROM Services S JOIN Customer_Interactions CI ON S.Service_ID = CI.Service_ID WHERE CI.Status_Code = 'good'","SELECT S.Service_ID, S.Service_Details FROM Services S JOIN Customers_and_Services CS ON S.Service_ID = CS.Service_ID JOIN Customers C ON CS.Customer_ID = C.Customer_ID WHERE C.Customer_Details = 'Hardy Kutch' UNION SELECT S.Service_ID, S.Service_Details FROM Services S JOIN Customer_Interactions CI ON S.Service_ID = CI.Service_ID WHERE CI.Status_Code = 'good'"
288,379,government_shift,government_shift,,,False,1,True,,llama3.1-8b,lexical,SELECT T3.Service_Details FROM Customers_and_Services AS T1 JOIN Customers AS T2 ON T1.Customer_ID = T2.Customer_ID JOIN Services AS T3 ON T1.Service_ID = T3.Service_ID JOIN Customer_Interactions AS T4 ON T3.Service_ID = T4.Service_ID AND T2.Customer_ID = T4.Customer_ID WHERE T2.Customer_Details = 'Hardy Kutch' AND T4.Status_Code = 'bad',SELECT T3.Service_Details FROM Customers_and_Services AS T1 JOIN Customers AS T2 ON T1.Customer_ID = T2.Customer_ID JOIN Services AS T3 ON T1.Service_ID = T3.Service_ID JOIN Customer_Interactions AS T4 ON T3.Service_ID = T4.Service_ID AND T2.Customer_ID = T4.Customer_ID WHERE T2.Customer_Details = 'Hardy Kutch' AND T4.Status_Code = 'bad'
289,380,government_shift,government_shift,,,False,1,True,,llama3.1-8b,lexical,SELECT T3.Service_Details FROM Customers_and_Services AS T1 JOIN Customers AS T2 ON T1.Customer_ID = T2.Customer_ID JOIN Customer_Interactions AS T4 ON T1.Customer_ID = T4.Customer_ID JOIN Services AS T3 ON T4.Service_ID = T3.Service_ID WHERE T2.Customer_Details = 'Hardy Kutch' AND T4.Status_Code = 'bad',SELECT T3.Service_Details FROM Customers_and_Services AS T1 JOIN Customers AS T2 ON T1.Customer_ID = T2.Customer_ID JOIN Customer_Interactions AS T4 ON T1.Customer_ID = T4.Customer_ID JOIN Services AS T3 ON T4.Service_ID = T3.Service_ID WHERE T2.Customer_Details = 'Hardy Kutch' AND T4.Status_Code = 'bad'
290,401,vehicle_rent,vehicle_rent,,,False,1,True,,llama3.1-8b,lexical,"SELECT name, Type_of_powertrain, Annual_fuel_cost FROM Vehicles WHERE Model_year IN (2013, 2014)","SELECT name, Type_of_powertrain, Annual_fuel_cost FROM Vehicles WHERE Model_year IN (2013, 2014)"
291,402,vehicle_rent,vehicle_rent,,,False,1,True,,llama3.1-8b,lexical,"SELECT name, Type_of_powertrain, Annual_fuel_cost FROM Vehicles WHERE Model_year = 2013 OR Model_year = 2014","SELECT name, Type_of_powertrain, Annual_fuel_cost FROM Vehicles WHERE Model_year = 2013 OR Model_year = 2014"
292,429,vehicle_rent,vehicle_rent,,,False,1,True,,llama3.1-8b,lexical,"SELECT V.name, V.Model_year FROM Vehicles V JOIN Renting_history RH ON V.id = RH.vehicles_id GROUP BY V.name, V.Model_year ORDER BY COUNT(RH.id) DESC LIMIT 1","SELECT V.name, V.Model_year FROM Vehicles V JOIN Renting_history RH ON V.id = RH.vehicles_id GROUP BY V.name, V.Model_year ORDER BY COUNT(RH.id) DESC LIMIT 1"
293,430,vehicle_rent,vehicle_rent,,,False,1,True,,llama3.1-8b,lexical,"SELECT V.name, V.Model_year FROM Vehicles V JOIN Renting_history RH ON V.id = RH.vehicles_id GROUP BY V.id ORDER BY COUNT(RH.id) DESC LIMIT 1","SELECT V.name, V.Model_year FROM Vehicles V JOIN Renting_history RH ON V.id = RH.vehicles_id GROUP BY V.id ORDER BY COUNT(RH.id) DESC LIMIT 1"
294,433,vehicle_rent,vehicle_rent,,,False,1,True,,llama3.1-8b,lexical,SELECT D.name FROM Discount D JOIN Renting_history RH ON D.id = RH.discount_id GROUP BY D.name ORDER BY COUNT(RH.id) DESC LIMIT 1,SELECT D.name FROM Discount D JOIN Renting_history RH ON D.id = RH.discount_id GROUP BY D.name ORDER BY COUNT(RH.id) DESC LIMIT 1
295,434,vehicle_rent,vehicle_rent,,,False,1,True,,llama3.1-8b,lexical,SELECT D.name FROM Discount D JOIN Renting_history RH ON D.id = RH.discount_id GROUP BY D.name ORDER BY COUNT(RH.id) DESC LIMIT 1,SELECT D.name FROM Discount D JOIN Renting_history RH ON D.id = RH.discount_id GROUP BY D.name ORDER BY COUNT(RH.id) DESC LIMIT 1
296,441,cre_Students_Information_Systems,cre_Students_Information_Systems,,,False,1,True,,llama3.1-8b,lexical,"SELECT S.bio_data, S.student_id FROM Students S JOIN ( SELECT student_id FROM Classes GROUP BY student_id HAVING COUNT(*) >= 2 ) C ON S.student_id = C.student_id JOIN ( SELECT student_id FROM Detention GROUP BY student_id HAVING COUNT(detention_id) < 2 ) D ON S.student_id = D.student_id","SELECT S.bio_data, S.student_id FROM Students S JOIN ( SELECT student_id FROM Classes GROUP BY student_id HAVING COUNT(*) >= 2 ) C ON S.student_id = C.student_id JOIN ( SELECT student_id FROM Detention GROUP BY student_id HAVING COUNT(detention_id) < 2 ) D ON S.student_id = D.student_id"
297,442,cre_Students_Information_Systems,cre_Students_Information_Systems,,,False,1,True,,llama3.1-8b,lexical,"SELECT S.student_id, S.bio_data FROM Students S JOIN Classes C ON S.student_id = C.student_id JOIN Detention D ON S.student_id = D.student_id GROUP BY S.student_id HAVING COUNT(C.class_id) >= 2 OR COUNT(D.detention_id) < 2","SELECT S.student_id, S.bio_data FROM Students S JOIN Classes C ON S.student_id = C.student_id JOIN Detention D ON S.student_id = D.student_id GROUP BY S.student_id HAVING COUNT(C.class_id) >= 2 OR COUNT(D.detention_id) < 2"
298,443,cre_Students_Information_Systems,cre_Students_Information_Systems,,,False,1,True,,llama3.1-8b,lexical,SELECT T1.teacher_details FROM Teachers AS T1 JOIN Classes AS T2 ON T1.teacher_id = T2.teacher_id WHERE T2.class_details LIKE '%data%' AND T2.class_details NOT LIKE 'net%' EXCEPT SELECT T1.teacher_details FROM Teachers AS T1 JOIN Classes AS T2 ON T1.teacher_id = T2.teacher_id WHERE T2.class_details LIKE '%data%' AND T2.class_details LIKE 'net%',SELECT T1.teacher_details FROM Teachers AS T1 JOIN Classes AS T2 ON T1.teacher_id = T2.teacher_id WHERE T2.class_details LIKE '%data%' AND T2.class_details NOT LIKE 'net%' EXCEPT SELECT T1.teacher_details FROM Teachers AS T1 JOIN Classes AS T2 ON T1.teacher_id = T2.teacher_id WHERE T2.class_details LIKE '%data%' AND T2.class_details LIKE 'net%'
299,444,cre_Students_Information_Systems,cre_Students_Information_Systems,,,False,1,True,,llama3.1-8b,lexical,SELECT T1.teacher_details FROM Teachers AS T1 JOIN Classes AS T2 ON T1.teacher_id = T2.teacher_id WHERE T2.class_details LIKE '%data%' AND NOT EXISTS ( SELECT 1 FROM Classes AS T3 WHERE T3.teacher_id = T2.teacher_id AND T3.class_details LIKE 'net%' ),SELECT T1.teacher_details FROM Teachers AS T1 JOIN Classes AS T2 ON T1.teacher_id = T2.teacher_id WHERE T2.class_details LIKE '%data%' AND NOT EXISTS ( SELECT 1 FROM Classes AS T3 WHERE T3.teacher_id = T2.teacher_id AND T3.class_details LIKE 'net%' )
300,447,cre_Students_Information_Systems,cre_Students_Information_Systems,,,False,1,True,,llama3.1-8b,lexical,"SELECT T1.amount_of_loan, T1.date_of_loan FROM Student_Loans AS T1 JOIN Students AS T2 ON T1.student_id = T2.student_id JOIN ( SELECT student_id FROM Achievements GROUP BY student_id HAVING COUNT(achievement_id) >= 2 ) AS T3 ON T2.student_id = T3.student_id","SELECT T1.amount_of_loan, T1.date_of_loan FROM Student_Loans AS T1 JOIN Students AS T2 ON T1.student_id = T2.student_id JOIN ( SELECT student_id FROM Achievements GROUP BY student_id HAVING COUNT(achievement_id) >= 2 ) AS T3 ON T2.student_id = T3.student_id"
301,448,cre_Students_Information_Systems,cre_Students_Information_Systems,,,False,1,True,,llama3.1-8b,lexical,"SELECT T1.amount_of_loan, T1.date_of_loan FROM Student_Loans AS T1 JOIN Students AS T2 ON T1.student_id = T2.student_id JOIN ( SELECT student_id FROM Achievements GROUP BY student_id HAVING COUNT(achievement_id) >= 2 ) AS T3 ON T2.student_id = T3.student_id","SELECT T1.amount_of_loan, T1.date_of_loan FROM Student_Loans AS T1 JOIN Students AS T2 ON T1.student_id = T2.student_id JOIN ( SELECT student_id FROM Achievements GROUP BY student_id HAVING COUNT(achievement_id) >= 2 ) AS T3 ON T2.student_id = T3.student_id"
302,449,cre_Students_Information_Systems,cre_Students_Information_Systems,,,False,1,True,,llama3.1-8b,lexical,"SELECT T1.teacher_id, T1.teacher_details, COUNT(DISTINCT T2.class_id) AS num_classes FROM Teachers AS T1 JOIN Classes AS T2 ON T1.teacher_id = T2.teacher_id GROUP BY T1.teacher_id, T1.teacher_details ORDER BY num_classes DESC LIMIT 1","SELECT T1.teacher_id, T1.teacher_details, COUNT(DISTINCT T2.class_id) AS num_classes FROM Teachers AS T1 JOIN Classes AS T2 ON T1.teacher_id = T2.teacher_id GROUP BY T1.teacher_id, T1.teacher_details ORDER BY num_classes DESC LIMIT 1"
303,450,cre_Students_Information_Systems,cre_Students_Information_Systems,,,False,1,True,,llama3.1-8b,lexical,"SELECT T1.teacher_details, T1.teacher_id FROM Teachers T1 JOIN Classes T2 ON T1.teacher_id = T2.teacher_id GROUP BY T1.teacher_id ORDER BY COUNT(T2.class_id) DESC LIMIT 1","SELECT T1.teacher_details, T1.teacher_id FROM Teachers T1 JOIN Classes T2 ON T1.teacher_id = T2.teacher_id GROUP BY T1.teacher_id ORDER BY COUNT(T2.class_id) DESC LIMIT 1"
304,461,cre_Students_Information_Systems,cre_Students_Information_Systems,,,False,3,False,,llama3.1-8b,lexical,"SELECT S.bio_data, S.student_details FROM Students S JOIN Behaviour_Monitoring BM ON S.student_id = BM.student_id WHERE BM.behaviour_monitoring_details IN ( SELECT behaviour_monitoring_details FROM Behaviour_Monitoring GROUP BY behaviour_monitoring_details HAVING COUNT(*) = ( SELECT MAX(count) FROM ( SELECT behaviour_monitoring_details, COUNT(*) as count FROM Behaviour_Monitoring GROUP BY behaviour_monitoring_details ) ) INTERSECT SELECT behaviour_monitoring_details FROM Behaviour_Monitoring GROUP BY behaviour_monitoring_details HAVING COUNT(*) = 3","SELECT S.bio_data, S.student_details FROM Students S JOIN Behaviour_Monitoring BM ON S.student_id = BM.student_id WHERE BM.behaviour_monitoring_details IN ( SELECT behaviour_monitoring_details FROM Behaviour_Monitoring GROUP BY behaviour_monitoring_details HAVING COUNT(*) = ( SELECT MAX(count) FROM ( SELECT behaviour_monitoring_details, COUNT(*) as count FROM Behaviour_Monitoring GROUP BY behaviour_monitoring_details ) ) INTERSECT SELECT behaviour_monitoring_details FROM Behaviour_Monitoring GROUP BY behaviour_monitoring_details HAVING COUNT(*) = 3"
305,462,cre_Students_Information_Systems,cre_Students_Information_Systems,,,False,1,True,,llama3.1-8b,lexical,"SELECT S.bio_data, S.student_details FROM Students S JOIN ( SELECT BM.behaviour_monitoring_details FROM Behaviour_Monitoring BM GROUP BY BM.behaviour_monitoring_details HAVING COUNT(BM.student_id) = ( SELECT COUNT(BM2.student_id) FROM Behaviour_Monitoring BM2 GROUP BY BM2.behaviour_monitoring_details ORDER BY COUNT(BM2.student_id) DESC LIMIT 1 ) ) T ON S.student_id IN ( SELECT BM.student_id FROM Behaviour_Monitoring BM GROUP BY BM.behaviour_monitoring_details HAVING COUNT(BM.student_id) = ( SELECT COUNT(BM2.student_id) FROM Behaviour_Monitoring BM2 GROUP BY BM2.behaviour_monitoring_details ORDER BY COUNT(BM2.student_id) DESC LIMIT 1 ) AND COUNT(BM.student_id) = 3 )","SELECT S.bio_data, S.student_details FROM Students S JOIN ( SELECT BM.behaviour_monitoring_details FROM Behaviour_Monitoring BM GROUP BY BM.behaviour_monitoring_details HAVING COUNT(BM.student_id) = ( SELECT COUNT(BM2.student_id) FROM Behaviour_Monitoring BM2 GROUP BY BM2.behaviour_monitoring_details ORDER BY COUNT(BM2.student_id) DESC LIMIT 1 ) ) T ON S.student_id IN ( SELECT BM.student_id FROM Behaviour_Monitoring BM GROUP BY BM.behaviour_monitoring_details HAVING COUNT(BM.student_id) = ( SELECT COUNT(BM2.student_id) FROM Behaviour_Monitoring BM2 GROUP BY BM2.behaviour_monitoring_details ORDER BY COUNT(BM2.student_id) DESC LIMIT 1 ) AND COUNT(BM.student_id) = 3 )"
306,463,cre_Students_Information_Systems,cre_Students_Information_Systems,,,False,1,True,,llama3.1-8b,lexical,"SELECT S.student_id, S.bio_data, S.student_details FROM Students S JOIN ( SELECT B.student_id, B.behaviour_monitoring_details FROM Behaviour_Monitoring B GROUP BY B.student_id, B.behaviour_monitoring_details HAVING COUNT(B.behaviour_monitoring_details) = ( SELECT COUNT(BM.behaviour_monitoring_details) FROM Behaviour_Monitoring BM GROUP BY BM.student_id ORDER BY COUNT(BM.behaviour_monitoring_details) DESC LIMIT 1 ) ) C ON S.student_id = C.student_id","SELECT S.student_id, S.bio_data, S.student_details FROM Students S JOIN ( SELECT B.student_id, B.behaviour_monitoring_details FROM Behaviour_Monitoring B GROUP BY B.student_id, B.behaviour_monitoring_details HAVING COUNT(B.behaviour_monitoring_details) = ( SELECT COUNT(BM.behaviour_monitoring_details) FROM Behaviour_Monitoring BM GROUP BY BM.student_id ORDER BY COUNT(BM.behaviour_monitoring_details) DESC LIMIT 1 ) ) C ON S.student_id = C.student_id"
307,464,cre_Students_Information_Systems,cre_Students_Information_Systems,,,False,1,True,,llama3.1-8b,lexical,SELECT S.bio_data FROM Students S JOIN Behaviour_Monitoring BM ON S.student_id = BM.student_id GROUP BY BM.behaviour_monitoring_details ORDER BY COUNT(BM.behaviour_monitoring_details) DESC LIMIT 1,SELECT S.bio_data FROM Students S JOIN Behaviour_Monitoring BM ON S.student_id = BM.student_id GROUP BY BM.behaviour_monitoring_details ORDER BY COUNT(BM.behaviour_monitoring_details) DESC LIMIT 1
308,467,cre_Students_Information_Systems,cre_Students_Information_Systems,,,False,2,True,,llama3.1-8b,lexical,"SELECT COUNT(*) as num_students, se.event_type_code, rt.event_type_description FROM Student_Events se JOIN Ref_Event_Types rt ON se.event_type_code = rt.event_type_code GROUP BY se.event_type_code ORDER BY COUNT(*) DESC LIMIT 1","SELECT COUNT(*) as num_students, se.event_type_code, rt.event_type_description FROM Student_Events se JOIN Ref_Event_Types rt ON se.event_type_code = rt.event_type_code GROUP BY se.event_type_code ORDER BY COUNT(*) DESC LIMIT 1"
309,468,cre_Students_Information_Systems,cre_Students_Information_Systems,,,False,1,True,,llama3.1-8b,lexical,"SELECT e.event_type_code, e.event_type_description, COUNT(se.event_id) as num_students FROM Ref_Event_Types e JOIN Student_Events se ON e.event_type_code = se.event_type_code GROUP BY e.event_type_code ORDER BY num_students DESC LIMIT 1","SELECT e.event_type_code, e.event_type_description, COUNT(se.event_id) as num_students FROM Ref_Event_Types e JOIN Student_Events se ON e.event_type_code = se.event_type_code GROUP BY e.event_type_code ORDER BY num_students DESC LIMIT 1"
310,471,cre_Students_Information_Systems,cre_Students_Information_Systems,,,False,2,True,,llama3.1-8b,lexical,SELECT COUNT(DISTINCT T1.student_id) FROM Students T1 JOIN Students_Addresses T2 ON T1.student_id = T2.student_id WHERE T1.student_id NOT IN ( SELECT student_id FROM Achievements ),SELECT COUNT(DISTINCT T1.student_id) FROM Students T1 JOIN Students_Addresses T2 ON T1.student_id = T2.student_id WHERE T1.student_id NOT IN ( SELECT student_id FROM Achievements )
311,472,cre_Students_Information_Systems,cre_Students_Information_Systems,,,False,1,True,,llama3.1-8b,lexical,SELECT COUNT(DISTINCT S1.student_id) FROM Students S1 LEFT JOIN Achievements A ON S1.student_id = A.student_id WHERE A.achievement_id IS NULL,SELECT COUNT(DISTINCT S1.student_id) FROM Students S1 LEFT JOIN Achievements A ON S1.student_id = A.student_id WHERE A.achievement_id IS NULL
312,489,cre_Students_Information_Systems,cre_Students_Information_Systems,,,False,1,True,,llama3.1-8b,lexical,"SELECT rt.detention_type_code, rt.detention_type_description FROM Ref_Detention_Type rt GROUP BY rt.detention_type_code ORDER BY COUNT(rt.detention_type_code) ASC LIMIT 1","SELECT rt.detention_type_code, rt.detention_type_description FROM Ref_Detention_Type rt GROUP BY rt.detention_type_code ORDER BY COUNT(rt.detention_type_code) ASC LIMIT 1"
313,490,cre_Students_Information_Systems,cre_Students_Information_Systems,,,False,1,True,,llama3.1-8b,lexical,"SELECT rt.detention_type_code, rt.detention_type_description FROM Ref_Detention_Type rt JOIN ( SELECT detention_type_code, COUNT(*) as count FROM Detention GROUP BY detention_type_code ) d ON rt.detention_type_code = d.detention_type_code ORDER BY d.count ASC LIMIT 1","SELECT rt.detention_type_code, rt.detention_type_description FROM Ref_Detention_Type rt JOIN ( SELECT detention_type_code, COUNT(*) as count FROM Detention GROUP BY detention_type_code ) d ON rt.detention_type_code = d.detention_type_code ORDER BY d.count ASC LIMIT 1"
314,491,cre_Students_Information_Systems,cre_Students_Information_Systems,,,False,1,True,,llama3.1-8b,lexical,"SELECT S.bio_data, S.student_details FROM Students S JOIN Student_Loans SL ON S.student_id = SL.student_id WHERE SL.amount_of_loan > (SELECT AVG(amount_of_loan) FROM Student_Loans)","SELECT S.bio_data, S.student_details FROM Students S JOIN Student_Loans SL ON S.student_id = SL.student_id WHERE SL.amount_of_loan > (SELECT AVG(amount_of_loan) FROM Student_Loans)"
315,492,cre_Students_Information_Systems,cre_Students_Information_Systems,,,False,1,True,,llama3.1-8b,lexical,"SELECT s.bio_data, s.student_details FROM Students s JOIN Student_Loans sl ON s.student_id = sl.student_id WHERE sl.amount_of_loan > (SELECT AVG(amount_of_loan) FROM Student_Loans)","SELECT s.bio_data, s.student_details FROM Students s JOIN Student_Loans sl ON s.student_id = sl.student_id WHERE sl.amount_of_loan > (SELECT AVG(amount_of_loan) FROM Student_Loans)"
316,499,cre_Students_Information_Systems,cre_Students_Information_Systems,,,False,1,True,,llama3.1-8b,lexical,SELECT T3.teacher_details FROM Transcripts T1 JOIN Classes T2 ON T1.student_id = T2.student_id JOIN Teachers T3 ON T2.teacher_id = T3.teacher_id WHERE T1.date_of_transcript = ( SELECT MIN(date_of_transcript) FROM Transcripts ) LIMIT 1,SELECT T3.teacher_details FROM Transcripts T1 JOIN Classes T2 ON T1.student_id = T2.student_id JOIN Teachers T3 ON T2.teacher_id = T3.teacher_id WHERE T1.date_of_transcript = ( SELECT MIN(date_of_transcript) FROM Transcripts ) LIMIT 1
317,500,cre_Students_Information_Systems,cre_Students_Information_Systems,,,False,1,True,,llama3.1-8b,lexical,"SELECT T1.bio_data, T3.event_type_code FROM Students T1 JOIN Transcripts T2 ON T1.student_id = T2.student_id JOIN Student_Events T3 ON T1.student_id = T3.student_id WHERE T2.date_of_transcript = ( SELECT MIN(date_of_transcript) FROM Transcripts ) ORDER BY T2.date_of_transcript LIMIT 1","SELECT T1.bio_data, T3.event_type_code FROM Students T1 JOIN Transcripts T2 ON T1.student_id = T2.student_id JOIN Student_Events T3 ON T1.student_id = T3.student_id WHERE T2.date_of_transcript = ( SELECT MIN(date_of_transcript) FROM Transcripts ) ORDER BY T2.date_of_transcript LIMIT 1"
318,507,cre_Students_Information_Systems,cre_Students_Information_Systems,,,False,1,True,,llama3.1-8b,lexical,"SELECT a.address_type_code, a.address_type_description, COUNT(sa.student_address_id) as count FROM Students_Addresses sa JOIN Ref_Address_Types a ON sa.address_type_code = a.address_type_code GROUP BY a.address_type_code, a.address_type_description ORDER BY count DESC LIMIT 1","SELECT a.address_type_code, a.address_type_description, COUNT(sa.student_address_id) as count FROM Students_Addresses sa JOIN Ref_Address_Types a ON sa.address_type_code = a.address_type_code GROUP BY a.address_type_code, a.address_type_description ORDER BY count DESC LIMIT 1"
319,508,cre_Students_Information_Systems,cre_Students_Information_Systems,,,False,1,True,,llama3.1-8b,lexical,"SELECT a.address_type_code, a.address_type_description, COUNT(sa.student_address_id) as count FROM Ref_Address_Types a JOIN Students_Addresses sa ON a.address_type_code = sa.address_type_code GROUP BY a.address_type_code, a.address_type_description ORDER BY count DESC LIMIT 1","SELECT a.address_type_code, a.address_type_description, COUNT(sa.student_address_id) as count FROM Ref_Address_Types a JOIN Students_Addresses sa ON a.address_type_code = sa.address_type_code GROUP BY a.address_type_code, a.address_type_description ORDER BY count DESC LIMIT 1"
