pos,test_idx,db_id_gold,db_id_used,broker_pick,broker_correct,re_picked,retries,exec_success,difficulty,model_used,retrieval_used,masked_sql,real_sql
0,0,soccer_3,soccer_3,,,False,0,True,,llama3.1-8b,lexical,SELECT COUNT(*) FROM club,SELECT COUNT(*) FROM club
1,1,soccer_3,soccer_3,,,False,0,True,,llama3.1-8b,lexical,SELECT count(*) FROM club,SELECT count(*) FROM club
2,2,soccer_3,soccer_3,,,False,0,True,,llama3.1-8b,lexical,SELECT Name FROM club ORDER BY Name ASC,SELECT Name FROM club ORDER BY Name ASC
3,3,soccer_3,soccer_3,,,False,0,True,,llama3.1-8b,lexical,SELECT Name FROM club ORDER BY Name,SELECT Name FROM club ORDER BY Name
4,6,soccer_3,soccer_3,,,False,0,True,,llama3.1-8b,lexical,SELECT T1.Name FROM club AS T1 WHERE T1.Manufacturer != 'Nike',SELECT T1.Name FROM club AS T1 WHERE T1.Manufacturer != 'Nike'
5,7,soccer_3,soccer_3,,,False,0,True,,llama3.1-8b,lexical,SELECT Name FROM club WHERE Manufacturer != 'Nike',SELECT Name FROM club WHERE Manufacturer != 'Nike'
6,8,soccer_3,soccer_3,,,False,0,True,,llama3.1-8b,lexical,SELECT T1.Name FROM player AS T1 JOIN club AS T2 ON T1.Club_ID = T2.Club_ID ORDER BY T1.Wins_count ASC,SELECT T1.Name FROM player AS T1 JOIN club AS T2 ON T1.Club_ID = T2.Club_ID ORDER BY T1.Wins_count ASC
7,9,soccer_3,soccer_3,,,False,0,True,,llama3.1-8b,lexical,SELECT Name FROM player ORDER BY Wins_count ASC,SELECT Name FROM player ORDER BY Wins_count ASC
8,12,soccer_3,soccer_3,,,False,0,True,,llama3.1-8b,lexical,SELECT DISTINCT Country FROM player WHERE Earnings > 1200000,SELECT DISTINCT Country FROM player WHERE Earnings > 1200000
9,13,soccer_3,soccer_3,,,False,1,True,,llama3.1-8b,lexical,SELECT T1.Country FROM player AS T1 WHERE T1.Earnings > 1200000,SELECT T1.Country FROM player AS T1 WHERE T1.Earnings > 1200000
10,28,soccer_3,soccer_3,,,False,0,True,,llama3.1-8b,lexical,SELECT Manufacturer FROM club GROUP BY Manufacturer HAVING COUNT(Club_ID) > 1,SELECT Manufacturer FROM club GROUP BY Manufacturer HAVING COUNT(Club_ID) > 1
11,29,soccer_3,soccer_3,,,False,0,True,,llama3.1-8b,lexical,SELECT Manufacturer FROM club GROUP BY Manufacturer HAVING COUNT(Club_ID) > 1,SELECT Manufacturer FROM club GROUP BY Manufacturer HAVING COUNT(Club_ID) > 1
12,30,soccer_3,soccer_3,,,False,0,True,,llama3.1-8b,lexical,SELECT T1.Country FROM player AS T1 JOIN club AS T2 ON T1.Club_ID = T2.Club_ID GROUP BY T1.Country HAVING COUNT(T1.Country) > 1,SELECT T1.Country FROM player AS T1 JOIN club AS T2 ON T1.Club_ID = T2.Club_ID GROUP BY T1.Country HAVING COUNT(T1.Country) > 1
13,31,soccer_3,soccer_3,,,False,3,False,,llama3.1-8b,lexical,SELECT T2.Country FROM player AS T1 JOIN club AS T2 ON T1.Club_ID = T2.Club_ID GROUP BY T2.Country HAVING COUNT(T1.Player_ID) > 1,SELECT T2.Country FROM player AS T1 JOIN club AS T2 ON T1.Club_ID = T2.Club_ID GROUP BY T2.Country HAVING COUNT(T1.Player_ID) > 1
14,36,soccer_3,soccer_3,,,False,0,True,,llama3.1-8b,lexical,SELECT COUNT(DISTINCT Country) FROM player,SELECT COUNT(DISTINCT Country) FROM player
15,37,soccer_3,soccer_3,,,False,0,True,,llama3.1-8b,lexical,SELECT COUNT(DISTINCT Country) FROM player,SELECT COUNT(DISTINCT Country) FROM player
16,78,e_commerce,e_commerce,,,False,0,True,,llama3.1-8b,lexical,SELECT COUNT(T1.customer_id) FROM Customers AS T1 JOIN Orders AS T2 ON T1.customer_id = T2.customer_id,SELECT COUNT(T1.customer_id) FROM Customers AS T1 JOIN Orders AS T2 ON T1.customer_id = T2.customer_id
17,79,e_commerce,e_commerce,,,False,0,True,,llama3.1-8b,lexical,SELECT COUNT(DISTINCT T1.customer_id) FROM Customers AS T1 JOIN Orders AS T2 ON T1.customer_id = T2.customer_id,SELECT COUNT(DISTINCT T1.customer_id) FROM Customers AS T1 JOIN Orders AS T2 ON T1.customer_id = T2.customer_id
18,80,e_commerce,e_commerce,,,False,0,True,,llama3.1-8b,lexical,SELECT count(DISTINCT order_item_status_code) FROM Order_Items,SELECT count(DISTINCT order_item_status_code) FROM Order_Items
19,81,e_commerce,e_commerce,,,False,0,True,,llama3.1-8b,lexical,SELECT COUNT(DISTINCT order_item_status_code) FROM Order_Items,SELECT COUNT(DISTINCT order_item_status_code) FROM Order_Items
20,82,e_commerce,e_commerce,,,False,0,True,,llama3.1-8b,lexical,SELECT COUNT(DISTINCT payment_method_code) FROM Customer_Payment_Methods,SELECT COUNT(DISTINCT payment_method_code) FROM Customer_Payment_Methods
21,83,e_commerce,e_commerce,,,False,0,True,,llama3.1-8b,lexical,SELECT COUNT(DISTINCT payment_method_code) FROM Customer_Payment_Methods,SELECT COUNT(DISTINCT payment_method_code) FROM Customer_Payment_Methods
22,100,e_commerce,e_commerce,,,False,0,True,,llama3.1-8b,lexical,SELECT COUNT(*) FROM Shipments,SELECT COUNT(*) FROM Shipments
23,101,e_commerce,e_commerce,,,False,0,True,,llama3.1-8b,lexical,SELECT COUNT(*) FROM Shipments,SELECT COUNT(*) FROM Shipments
24,102,e_commerce,e_commerce,,,False,0,True,,llama3.1-8b,lexical,SELECT AVG(product_price) FROM Products,SELECT AVG(product_price) FROM Products
25,103,e_commerce,e_commerce,,,False,0,True,,llama3.1-8b,lexical,SELECT AVG(product_price) FROM Products,SELECT AVG(product_price) FROM Products
26,104,e_commerce,e_commerce,,,False,0,True,,llama3.1-8b,lexical,SELECT AVG(product_price) FROM Products,SELECT AVG(product_price) FROM Products
27,105,e_commerce,e_commerce,,,False,0,True,,llama3.1-8b,lexical,SELECT AVG(T1.product_price) FROM Products AS T1,SELECT AVG(T1.product_price) FROM Products AS T1
28,123,bbc_channels,bbc_channels,,,False,0,True,,llama3.1-8b,lexical,SELECT COUNT(DISTINCT Digital_terrestrial_channel) FROM channel,SELECT COUNT(DISTINCT Digital_terrestrial_channel) FROM channel
29,124,bbc_channels,bbc_channels,,,False,0,True,,llama3.1-8b,lexical,SELECT T1.Title FROM program AS T1 JOIN director AS T2 ON T1.Director_ID = T2.Director_ID ORDER BY T1.Start_Year DESC,SELECT T1.Title FROM program AS T1 JOIN director AS T2 ON T1.Director_ID = T2.Director_ID ORDER BY T1.Start_Year DESC
30,133,bbc_channels,bbc_channels,,,False,0,True,,llama3.1-8b,lexical,SELECT Name FROM director WHERE Age BETWEEN 30 AND 60,SELECT Name FROM director WHERE Age BETWEEN 30 AND 60
31,136,tv_shows,tv_shows,,,False,0,True,,llama3.1-8b,lexical,SELECT count(*) FROM radio,SELECT count(*) FROM radio
32,137,tv_shows,tv_shows,,,False,0,True,,llama3.1-8b,lexical,SELECT T1.Transmitter FROM radio AS T1 JOIN city_channel_radio AS T2 ON T1.Radio_ID = T2.Radio_ID ORDER BY T1.ERP_kW ASC,SELECT T1.Transmitter FROM radio AS T1 JOIN city_channel_radio AS T2 ON T1.Radio_ID = T2.Radio_ID ORDER BY T1.ERP_kW ASC
33,139,tv_shows,tv_shows,,,False,0,True,,llama3.1-8b,lexical,SELECT Station_name FROM city_channel WHERE Affiliation != 'ABC',SELECT Station_name FROM city_channel WHERE Affiliation != 'ABC'
34,142,tv_shows,tv_shows,,,False,0,True,,llama3.1-8b,lexical,SELECT AVG(ERP_kW) FROM radio,SELECT AVG(ERP_kW) FROM radio
35,145,tv_shows,tv_shows,,,False,0,True,,llama3.1-8b,lexical,SELECT T1.Affiliation FROM city_channel AS T1 GROUP BY T1.Affiliation HAVING COUNT(T1.ID) > 3,SELECT T1.Affiliation FROM city_channel AS T1 GROUP BY T1.Affiliation HAVING COUNT(T1.ID) > 3
36,153,vehicle_driver,vehicle_driver,,,False,0,True,,llama3.1-8b,lexical,SELECT T1.Name FROM driver AS T1 JOIN vehicle_driver AS T2 ON T1.Driver_ID = T2.Driver_ID JOIN vehicle AS T3 ON T2.Vehicle_ID = T3.Vehicle_ID WHERE T1.Citizenship = 'United States',SELECT T1.Name FROM driver AS T1 JOIN vehicle_driver AS T2 ON T1.Driver_ID = T2.Driver_ID JOIN vehicle AS T3 ON T2.Vehicle_ID = T3.Vehicle_ID WHERE T1.Citizenship = 'United States'
37,154,vehicle_driver,vehicle_driver,,,False,0,True,,llama3.1-8b,lexical,SELECT T1.Name FROM driver AS T1 JOIN vehicle_driver AS T2 ON T1.Driver_ID = T2.Driver_ID,SELECT T1.Name FROM driver AS T1 JOIN vehicle_driver AS T2 ON T1.Driver_ID = T2.Driver_ID
38,167,vehicle_driver,vehicle_driver,,,False,0,True,,llama3.1-8b,lexical,"SELECT COUNT(DISTINCT T1.Driver_ID) FROM driver AS T1 JOIN vehicle_driver AS T2 ON T1.Driver_ID = T2.Driver_ID WHERE T1.Racing_Series = ""NASCAR""","SELECT COUNT(DISTINCT T1.Driver_ID) FROM driver AS T1 JOIN vehicle_driver AS T2 ON T1.Driver_ID = T2.Driver_ID WHERE T1.Racing_Series = ""NASCAR"""
39,168,vehicle_driver,vehicle_driver,,,False,1,True,,llama3.1-8b,lexical,SELECT COUNT(DISTINCT driver.Driver_ID) FROM driver INNER JOIN vehicle_driver ON driver.Driver_ID = vehicle_driver.Driver_ID INNER JOIN vehicle ON vehicle_driver.Vehicle_ID = vehicle.Vehicle_ID WHERE vehicle.Model IN (SELECT Model FROM vehicle WHERE Racing_Series = 'NASCAR'),SELECT COUNT(DISTINCT driver.Driver_ID) FROM driver INNER JOIN vehicle_driver ON driver.Driver_ID = vehicle_driver.Driver_ID INNER JOIN vehicle ON vehicle_driver.Vehicle_ID = vehicle.Vehicle_ID WHERE vehicle.Model IN (SELECT Model FROM vehicle WHERE Racing_Series = 'NASCAR')
40,169,vehicle_driver,vehicle_driver,,,False,0,True,,llama3.1-8b,lexical,SELECT AVG(T1.Top_Speed) FROM vehicle AS T1,SELECT AVG(T1.Top_Speed) FROM vehicle AS T1
41,170,vehicle_driver,vehicle_driver,,,False,0,True,,llama3.1-8b,lexical,SELECT AVG(T1.Top_Speed) FROM vehicle AS T1,SELECT AVG(T1.Top_Speed) FROM vehicle AS T1
42,185,vehicle_driver,vehicle_driver,,,False,0,True,,llama3.1-8b,lexical,SELECT Name FROM driver ORDER BY Name ASC,SELECT Name FROM driver ORDER BY Name ASC
43,186,vehicle_driver,vehicle_driver,,,False,0,True,,llama3.1-8b,lexical,SELECT T1.Name FROM driver AS T1 JOIN vehicle_driver AS T2 ON T1.Driver_ID = T2.Driver_ID,SELECT T1.Name FROM driver AS T1 JOIN vehicle_driver AS T2 ON T1.Driver_ID = T2.Driver_ID
44,193,online_exams,online_exams,,,False,0,True,,llama3.1-8b,lexical,SELECT count(*) FROM Exams,SELECT count(*) FROM Exams
45,194,online_exams,online_exams,,,False,0,True,,llama3.1-8b,lexical,SELECT count(*) FROM Exams,SELECT count(*) FROM Exams
46,195,online_exams,online_exams,,,False,0,True,,llama3.1-8b,lexical,SELECT DISTINCT Subject_Code FROM Exams ORDER BY Subject_Code ASC,SELECT DISTINCT Subject_Code FROM Exams ORDER BY Subject_Code ASC
47,196,online_exams,online_exams,,,False,0,True,,llama3.1-8b,lexical,SELECT DISTINCT Subject_Code FROM Exams,SELECT DISTINCT Subject_Code FROM Exams
48,203,online_exams,online_exams,,,False,1,True,,llama3.1-8b,lexical,SELECT DISTINCT Student_Answers.Student_Answer_Text FROM Student_Answers JOIN Student_Assessments ON Student_Answers.Student_Answer_ID = Student_Assessments.Student_Answer_ID WHERE Student_Answers.Comments = 'Normal',SELECT DISTINCT Student_Answers.Student_Answer_Text FROM Student_Answers JOIN Student_Assessments ON Student_Answers.Student_Answer_ID = Student_Assessments.Student_Answer_ID WHERE Student_Answers.Comments = 'Normal'
49,204,online_exams,online_exams,,,False,1,True,,llama3.1-8b,lexical,"SELECT DISTINCT T1.Student_Answer_Text FROM Student_Answers AS T1 JOIN Student_Assessments AS T2 ON T1.Student_Answer_ID = T2.Student_Answer_ID JOIN Valid_Answers AS T3 ON T2.Valid_Answer_ID = T3.Valid_Answer_ID WHERE T3.Valid_Answer_Text = ""Normal""","SELECT DISTINCT T1.Student_Answer_Text FROM Student_Answers AS T1 JOIN Student_Assessments AS T2 ON T1.Student_Answer_ID = T2.Student_Answer_ID JOIN Valid_Answers AS T3 ON T2.Valid_Answer_ID = T3.Valid_Answer_ID WHERE T3.Valid_Answer_Text = ""Normal"""
50,205,online_exams,online_exams,,,False,0,True,,llama3.1-8b,lexical,SELECT DISTINCT Comments FROM Student_Answers,SELECT DISTINCT Comments FROM Student_Answers
51,206,online_exams,online_exams,,,False,0,True,,llama3.1-8b,lexical,SELECT COUNT(DISTINCT Comments) FROM Student_Answers,SELECT COUNT(DISTINCT Comments) FROM Student_Answers
52,219,online_exams,online_exams,,,False,0,True,,llama3.1-8b,lexical,"SELECT T1.Last_Name FROM Students AS T1 WHERE T1.Gender_MFU != ""M""","SELECT T1.Last_Name FROM Students AS T1 WHERE T1.Gender_MFU != ""M"""
53,220,online_exams,online_exams,,,False,0,True,,llama3.1-8b,lexical,"SELECT T1.Last_Name FROM Students AS T1 WHERE T1.Gender_MFU != ""M""","SELECT T1.Last_Name FROM Students AS T1 WHERE T1.Gender_MFU != ""M"""
54,229,online_exams,online_exams,,,False,0,True,,llama3.1-8b,lexical,SELECT T1.Type_of_Question_Code FROM Questions AS T1 JOIN Questions_in_Exams AS T2 ON T1.Question_ID = T2.Question_ID GROUP BY T1.Type_of_Question_Code HAVING COUNT(T2.Exam_ID) >= 3,SELECT T1.Type_of_Question_Code FROM Questions AS T1 JOIN Questions_in_Exams AS T2 ON T1.Question_ID = T2.Question_ID GROUP BY T1.Type_of_Question_Code HAVING COUNT(T2.Exam_ID) >= 3
55,230,online_exams,online_exams,,,False,0,True,,llama3.1-8b,lexical,SELECT T1.Type_of_Question_Code FROM Questions AS T1 JOIN Questions_in_Exams AS T2 ON T1.Question_ID = T2.Question_ID GROUP BY T1.Type_of_Question_Code HAVING COUNT(T1.Question_ID) >= 3,SELECT T1.Type_of_Question_Code FROM Questions AS T1 JOIN Questions_in_Exams AS T2 ON T1.Question_ID = T2.Question_ID GROUP BY T1.Type_of_Question_Code HAVING COUNT(T1.Question_ID) >= 3
56,231,online_exams,online_exams,,,False,0,True,,llama3.1-8b,lexical,"SELECT Student_ID, First_Name, Middle_Name, Last_Name, Gender_MFU, Student_Address FROM Students","SELECT Student_ID, First_Name, Middle_Name, Last_Name, Gender_MFU, Student_Address FROM Students"
57,232,online_exams,online_exams,,,False,0,True,,llama3.1-8b,lexical,"SELECT T1.Student_ID, T1.First_Name, T1.Middle_Name, T1.Last_Name, T1.Gender_MFU, T1.Student_Address FROM Students AS T1","SELECT T1.Student_ID, T1.First_Name, T1.Middle_Name, T1.Last_Name, T1.Gender_MFU, T1.Student_Address FROM Students AS T1"
58,233,customers_and_orders,customers_and_orders,,,False,0,True,,llama3.1-8b,lexical,SELECT COUNT(*) FROM Addresses,SELECT COUNT(*) FROM Addresses
59,234,customers_and_orders,customers_and_orders,,,False,0,True,,llama3.1-8b,lexical,SELECT COUNT(address_id) FROM Addresses,SELECT COUNT(address_id) FROM Addresses
60,237,customers_and_orders,customers_and_orders,,,False,0,True,,llama3.1-8b,lexical,SELECT COUNT(product_id) FROM Products,SELECT COUNT(product_id) FROM Products
61,238,customers_and_orders,customers_and_orders,,,False,0,True,,llama3.1-8b,lexical,SELECT COUNT(product_id) FROM Products,SELECT COUNT(product_id) FROM Products
62,241,customers_and_orders,customers_and_orders,,,False,0,True,,llama3.1-8b,lexical,SELECT product_price FROM Products WHERE product_name = 'Monitor',SELECT product_price FROM Products WHERE product_name = 'Monitor'
63,242,customers_and_orders,customers_and_orders,,,False,0,True,,llama3.1-8b,lexical,SELECT product_price FROM Products WHERE product_name = 'Monitor',SELECT product_price FROM Products WHERE product_name = 'Monitor'
64,245,customers_and_orders,customers_and_orders,,,False,0,True,,llama3.1-8b,lexical,"SELECT AVG(product_price) FROM Products WHERE product_type_code = ""Clothes""","SELECT AVG(product_price) FROM Products WHERE product_type_code = ""Clothes"""
65,246,customers_and_orders,customers_and_orders,,,False,0,True,,llama3.1-8b,lexical,SELECT AVG(product_price) FROM Products WHERE product_type_code = 'Clothes',SELECT AVG(product_price) FROM Products WHERE product_type_code = 'Clothes'
66,247,customers_and_orders,customers_and_orders,,,False,0,True,,llama3.1-8b,lexical,SELECT COUNT(*) FROM Products WHERE product_type_code = 'hardware',SELECT COUNT(*) FROM Products WHERE product_type_code = 'hardware'
67,248,customers_and_orders,customers_and_orders,,,False,0,True,,llama3.1-8b,lexical,"SELECT COUNT(*) FROM Products WHERE product_type_code = ""Hardware""","SELECT COUNT(*) FROM Products WHERE product_type_code = ""Hardware"""
68,257,customers_and_orders,customers_and_orders,,,False,0,True,,llama3.1-8b,lexical,SELECT T1.product_name FROM Products AS T1 ORDER BY T1.product_price DESC,SELECT T1.product_name FROM Products AS T1 ORDER BY T1.product_price DESC
69,258,customers_and_orders,customers_and_orders,,,False,0,True,,llama3.1-8b,lexical,SELECT product_name FROM Products ORDER BY product_price DESC,SELECT product_name FROM Products ORDER BY product_price DESC
70,265,customers_and_orders,customers_and_orders,,,False,0,True,,llama3.1-8b,lexical,SELECT product_type_code FROM Products GROUP BY product_type_code HAVING COUNT(product_type_code) >= 2,SELECT product_type_code FROM Products GROUP BY product_type_code HAVING COUNT(product_type_code) >= 2
71,266,customers_and_orders,customers_and_orders,,,False,0,True,,llama3.1-8b,lexical,SELECT product_type_code FROM Products GROUP BY product_type_code HAVING COUNT(product_type_code) >= 2,SELECT product_type_code FROM Products GROUP BY product_type_code HAVING COUNT(product_type_code) >= 2
72,269,customers_and_orders,customers_and_orders,,,False,0,True,,llama3.1-8b,lexical,SELECT COUNT(customer_id) FROM Customers,SELECT COUNT(customer_id) FROM Customers
73,270,customers_and_orders,customers_and_orders,,,False,0,True,,llama3.1-8b,lexical,SELECT COUNT(customer_id) FROM Customers,SELECT COUNT(customer_id) FROM Customers
74,283,customers_and_orders,customers_and_orders,,,False,0,True,,llama3.1-8b,lexical,SELECT DISTINCT payment_method_code FROM Customers,SELECT DISTINCT payment_method_code FROM Customers
75,284,customers_and_orders,customers_and_orders,,,False,0,True,,llama3.1-8b,lexical,SELECT DISTINCT payment_method_code FROM Customers,SELECT DISTINCT payment_method_code FROM Customers
76,289,customers_and_orders,customers_and_orders,,,False,0,True,,llama3.1-8b,lexical,SELECT COUNT(*) FROM Customer_Orders,SELECT COUNT(*) FROM Customer_Orders
77,290,customers_and_orders,customers_and_orders,,,False,0,True,,llama3.1-8b,lexical,SELECT COUNT(*) FROM Customer_Orders,SELECT COUNT(*) FROM Customer_Orders
78,309,customers_and_orders,customers_and_orders,,,False,0,True,,llama3.1-8b,lexical,SELECT COUNT(DISTINCT T1.customer_id) FROM Customers AS T1 JOIN Customer_Orders AS T2 ON T1.customer_id = T2.customer_id,SELECT COUNT(DISTINCT T1.customer_id) FROM Customers AS T1 JOIN Customer_Orders AS T2 ON T1.customer_id = T2.customer_id
79,310,customers_and_orders,customers_and_orders,,,False,0,True,,llama3.1-8b,lexical,SELECT COUNT(DISTINCT T1.customer_id) FROM Customers AS T1 JOIN Customer_Orders AS T2 ON T1.customer_id = T2.customer_id,SELECT COUNT(DISTINCT T1.customer_id) FROM Customers AS T1 JOIN Customer_Orders AS T2 ON T1.customer_id = T2.customer_id
80,4,soccer_3,soccer_3,,,False,0,True,,llama3.1-8b,lexical,"SELECT T1.Manager, T1.Captain FROM club AS T1","SELECT T1.Manager, T1.Captain FROM club AS T1"
81,5,soccer_3,soccer_3,,,False,0,True,,llama3.1-8b,lexical,"SELECT T1.Manager, T1.Captain FROM club AS T1","SELECT T1.Manager, T1.Captain FROM club AS T1"
82,10,soccer_3,soccer_3,,,False,0,True,,llama3.1-8b,lexical,SELECT T1.Name FROM player AS T1 JOIN club AS T2 ON T1.Club_ID = T2.Club_ID ORDER BY T1.Earnings DESC LIMIT 1,SELECT T1.Name FROM player AS T1 JOIN club AS T2 ON T1.Club_ID = T2.Club_ID ORDER BY T1.Earnings DESC LIMIT 1
83,11,soccer_3,soccer_3,,,False,0,True,,llama3.1-8b,lexical,SELECT T2.Name FROM club AS T1 INNER JOIN player AS T2 ON T1.Club_ID = T2.Club_ID ORDER BY T2.Earnings DESC LIMIT 1,SELECT T2.Name FROM club AS T1 INNER JOIN player AS T2 ON T1.Club_ID = T2.Club_ID ORDER BY T2.Earnings DESC LIMIT 1
84,16,soccer_3,soccer_3,,,False,0,True,,llama3.1-8b,lexical,"SELECT T1.Name , T2.Name FROM player AS T1 JOIN club AS T2 ON T1.Club_ID = T2.Club_ID","SELECT T1.Name , T2.Name FROM player AS T1 JOIN club AS T2 ON T1.Club_ID = T2.Club_ID"
85,17,soccer_3,soccer_3,,,False,0,True,,llama3.1-8b,lexical,"SELECT T1.Name, T2.Name FROM player AS T1 INNER JOIN club AS T2 ON T1.Club_ID = T2.Club_ID","SELECT T1.Name, T2.Name FROM player AS T1 INNER JOIN club AS T2 ON T1.Club_ID = T2.Club_ID"
86,18,soccer_3,soccer_3,,,False,0,True,,llama3.1-8b,lexical,SELECT T1.Name FROM club AS T1 JOIN player AS T2 ON T1.Club_ID = T2.Club_ID GROUP BY T2.Club_ID HAVING COUNT(T2.Wins_count) > 2,SELECT T1.Name FROM club AS T1 JOIN player AS T2 ON T1.Club_ID = T2.Club_ID GROUP BY T2.Club_ID HAVING COUNT(T2.Wins_count) > 2
87,19,soccer_3,soccer_3,,,False,0,True,,llama3.1-8b,lexical,SELECT T1.Name FROM club AS T1 JOIN player AS T2 ON T1.Club_ID = T2.Club_ID GROUP BY T2.Club_ID HAVING COUNT(T2.Wins_count) > 2,SELECT T1.Name FROM club AS T1 JOIN player AS T2 ON T1.Club_ID = T2.Club_ID GROUP BY T2.Club_ID HAVING COUNT(T2.Wins_count) > 2
88,20,soccer_3,soccer_3,,,False,0,True,,llama3.1-8b,lexical,"SELECT T1.Name FROM player AS T1 JOIN club AS T2 ON T1.Club_ID = T2.Club_ID WHERE T2.Manager = ""Sam Allardyce""","SELECT T1.Name FROM player AS T1 JOIN club AS T2 ON T1.Club_ID = T2.Club_ID WHERE T2.Manager = ""Sam Allardyce"""
89,21,soccer_3,soccer_3,,,False,0,True,,llama3.1-8b,lexical,"SELECT T2.Name FROM club AS T1 JOIN player AS T2 ON T1.Club_ID = T2.Club_ID WHERE T1.Manager = ""Sam Allardyce""","SELECT T2.Name FROM club AS T1 JOIN player AS T2 ON T1.Club_ID = T2.Club_ID WHERE T1.Manager = ""Sam Allardyce"""
90,24,soccer_3,soccer_3,,,False,0,True,,llama3.1-8b,lexical,"SELECT T1.Manufacturer, count(*) FROM club AS T1 GROUP BY T1.Manufacturer","SELECT T1.Manufacturer, count(*) FROM club AS T1 GROUP BY T1.Manufacturer"
91,25,soccer_3,soccer_3,,,False,0,True,,llama3.1-8b,lexical,"SELECT Manufacturer, COUNT(*) FROM club GROUP BY Manufacturer","SELECT Manufacturer, COUNT(*) FROM club GROUP BY Manufacturer"
92,38,soccer_3,soccer_3,,,False,0,True,,llama3.1-8b,lexical,"SELECT Earnings FROM player WHERE Country = ""Australia"" OR Country = ""Zimbabwe""","SELECT Earnings FROM player WHERE Country = ""Australia"" OR Country = ""Zimbabwe"""
93,39,soccer_3,soccer_3,,,False,0,True,,llama3.1-8b,lexical,"SELECT T1.Earnings FROM player AS T1 WHERE T1.Country = ""Australia"" OR T1.Country = ""Zimbabwe""","SELECT T1.Earnings FROM player AS T1 WHERE T1.Country = ""Australia"" OR T1.Country = ""Zimbabwe"""
94,42,e_commerce,e_commerce,,,False,0,True,,llama3.1-8b,lexical,"SELECT T1.order_id, T1.order_status_code, count(*) FROM Orders AS T1 JOIN Order_Items AS T2 ON T1.order_id = T2.order_id GROUP BY T1.order_id","SELECT T1.order_id, T1.order_status_code, count(*) FROM Orders AS T1 JOIN Order_Items AS T2 ON T1.order_id = T2.order_id GROUP BY T1.order_id"
95,43,e_commerce,e_commerce,,,False,0,True,,llama3.1-8b,lexical,"SELECT COUNT(T2.product_id), T1.order_status_code, T1.order_id FROM Orders AS T1 JOIN Order_Items AS T2 ON T1.order_id = T2.order_id","SELECT COUNT(T2.product_id), T1.order_status_code, T1.order_id FROM Orders AS T1 JOIN Order_Items AS T2 ON T1.order_id = T2.order_id"
96,50,e_commerce,e_commerce,,,False,0,True,,llama3.1-8b,lexical,"SELECT T1.order_id, T1.date_order_placed FROM Orders AS T1 JOIN Order_Items AS T2 ON T1.order_id = T2.order_id GROUP BY T1.order_id HAVING COUNT(T2.order_item_id) >= 2","SELECT T1.order_id, T1.date_order_placed FROM Orders AS T1 JOIN Order_Items AS T2 ON T1.order_id = T2.order_id GROUP BY T1.order_id HAVING COUNT(T2.order_item_id) >= 2"
97,51,e_commerce,e_commerce,,,False,0,True,,llama3.1-8b,lexical,"SELECT T1.order_id, T1.date_order_placed FROM Orders AS T1 JOIN Order_Items AS T2 ON T1.order_id = T2.order_id GROUP BY T1.order_id HAVING count(*) >= 2","SELECT T1.order_id, T1.date_order_placed FROM Orders AS T1 JOIN Order_Items AS T2 ON T1.order_id = T2.order_id GROUP BY T1.order_id HAVING count(*) >= 2"
98,60,e_commerce,e_commerce,,,False,0,True,,llama3.1-8b,lexical,"SELECT T1.gender_code , count(*) FROM Customers AS T1 JOIN Orders AS T2 ON T1.customer_id = T2.customer_id GROUP BY T1.gender_code","SELECT T1.gender_code , count(*) FROM Customers AS T1 JOIN Orders AS T2 ON T1.customer_id = T2.customer_id GROUP BY T1.gender_code"
99,61,e_commerce,e_commerce,,,False,3,False,,llama3.1-8b,lexical,"SELECT T1.customer_id, T2.gender, COUNT(T1.order_id) FROM Orders AS T1 JOIN Customers AS T2 ON T1.customer_id = T2.customer_id GROUP BY T2.gender","SELECT T1.customer_id, T2.gender, COUNT(T1.order_id) FROM Orders AS T1 JOIN Customers AS T2 ON T1.customer_id = T2.customer_id GROUP BY T2.gender"
100,62,e_commerce,e_commerce,,,False,0,True,,llama3.1-8b,lexical,"SELECT T1.customer_first_name, T1.customer_middle_initial, T1.customer_last_name, T2.payment_method_code FROM Customers AS T1 JOIN Customer_Payment_Methods AS T2 ON T1.customer_id = T2.customer_id","SELECT T1.customer_first_name, T1.customer_middle_initial, T1.customer_last_name, T2.payment_method_code FROM Customers AS T1 JOIN Customer_Payment_Methods AS T2 ON T1.customer_id = T2.customer_id"
101,63,e_commerce,e_commerce,,,False,0,True,,llama3.1-8b,lexical,"SELECT customer_first_name, customer_middle_initial, customer_last_name, payment_method_code FROM Customers JOIN Customer_Payment_Methods ON Customers.customer_id = Customer_Payment_Methods.customer_id","SELECT customer_first_name, customer_middle_initial, customer_last_name, payment_method_code FROM Customers JOIN Customer_Payment_Methods ON Customers.customer_id = Customer_Payment_Methods.customer_id"
102,64,e_commerce,e_commerce,,,False,0,True,,llama3.1-8b,lexical,"SELECT T1.invoice_status_code, T1.invoice_date, T2.shipment_date FROM Invoices AS T1 JOIN Shipments AS T2 ON T1.invoice_number = T2.invoice_number","SELECT T1.invoice_status_code, T1.invoice_date, T2.shipment_date FROM Invoices AS T1 JOIN Shipments AS T2 ON T1.invoice_number = T2.invoice_number"
103,65,e_commerce,e_commerce,,,False,0,True,,llama3.1-8b,lexical,"SELECT T1.invoice_status_code, T1.invoice_date, T2.shipment_date FROM Invoices AS T1 INNER JOIN Shipments AS T2 ON T1.invoice_number = T2.invoice_number","SELECT T1.invoice_status_code, T1.invoice_date, T2.shipment_date FROM Invoices AS T1 INNER JOIN Shipments AS T2 ON T1.invoice_number = T2.invoice_number"
104,68,e_commerce,e_commerce,,,False,0,True,,llama3.1-8b,lexical,"SELECT T1.order_item_status_code, T3.shipment_tracking_number FROM Order_Items AS T1 JOIN Shipment_Items AS T2 ON T1.order_item_id = T2.order_item_id JOIN Shipments AS T3 ON T2.shipment_id = T3.shipment_id","SELECT T1.order_item_status_code, T3.shipment_tracking_number FROM Order_Items AS T1 JOIN Shipment_Items AS T2 ON T1.order_item_id = T2.order_item_id JOIN Shipments AS T3 ON T2.shipment_id = T3.shipment_id"
105,69,e_commerce,e_commerce,,,False,1,True,,llama3.1-8b,lexical,"SELECT T1.order_item_status_code, T2.shipment_tracking_number FROM Order_Items AS T1 JOIN Shipments AS T2 ON T1.order_id = T2.order_id JOIN Shipment_Items AS T3 ON T2.shipment_id = T3.shipment_id","SELECT T1.order_item_status_code, T2.shipment_tracking_number FROM Order_Items AS T1 JOIN Shipments AS T2 ON T1.order_id = T2.order_id JOIN Shipment_Items AS T3 ON T2.shipment_id = T3.shipment_id"
106,84,e_commerce,e_commerce,,,False,0,True,,llama3.1-8b,lexical,"SELECT login_name , login_password FROM Customers WHERE phone_number LIKE '+12%'","SELECT login_name , login_password FROM Customers WHERE phone_number LIKE '+12%'"
107,85,e_commerce,e_commerce,,,False,0,True,,llama3.1-8b,lexical,"SELECT T1.customer_first_name , T1.customer_last_name , T1.login_password FROM Customers AS T1 WHERE T1.phone_number LIKE '+12%'","SELECT T1.customer_first_name , T1.customer_last_name , T1.login_password FROM Customers AS T1 WHERE T1.phone_number LIKE '+12%'"
108,86,e_commerce,e_commerce,,,False,0,True,,llama3.1-8b,lexical,SELECT product_size FROM Products WHERE product_name LIKE '%Dell%',SELECT product_size FROM Products WHERE product_name LIKE '%Dell%'
109,87,e_commerce,e_commerce,,,False,0,True,,llama3.1-8b,lexical,SELECT T1.product_size FROM Products AS T1 WHERE T1.product_name LIKE '%Dell%',SELECT T1.product_size FROM Products AS T1 WHERE T1.product_name LIKE '%Dell%'
110,94,e_commerce,e_commerce,,,False,0,True,,llama3.1-8b,lexical,"SELECT order_status_code, date_order_placed FROM Orders","SELECT order_status_code, date_order_placed FROM Orders"
111,95,e_commerce,e_commerce,,,False,0,True,,llama3.1-8b,lexical,"SELECT order_status_code , date_order_placed FROM Orders","SELECT order_status_code , date_order_placed FROM Orders"
112,96,e_commerce,e_commerce,,,False,0,True,,llama3.1-8b,lexical,"SELECT address_line_1 , town_city , county FROM Customers","SELECT address_line_1 , town_city , county FROM Customers"
113,97,e_commerce,e_commerce,,,False,0,True,,llama3.1-8b,lexical,"SELECT address_line_1, town_city, county FROM Customers","SELECT address_line_1, town_city, county FROM Customers"
114,112,e_commerce,e_commerce,,,False,0,True,,llama3.1-8b,lexical,"SELECT T1.product_id, T1.product_description FROM Products AS T1 JOIN Order_Items AS T2 ON T1.product_id = T2.product_id GROUP BY T1.product_id HAVING COUNT(T2.order_item_id) > 3","SELECT T1.product_id, T1.product_description FROM Products AS T1 JOIN Order_Items AS T2 ON T1.product_id = T2.product_id GROUP BY T1.product_id HAVING COUNT(T2.order_item_id) > 3"
115,113,e_commerce,e_commerce,,,False,0,True,,llama3.1-8b,lexical,"SELECT T1.product_id, T1.product_description FROM Products AS T1 JOIN Products AS T2 ON T1.product_id = T2.parent_product_id GROUP BY T1.product_id HAVING count(*) > 3","SELECT T1.product_id, T1.product_description FROM Products AS T1 JOIN Products AS T2 ON T1.product_id = T2.parent_product_id GROUP BY T1.product_id HAVING count(*) > 3"
116,114,e_commerce,e_commerce,,,False,0,True,,llama3.1-8b,lexical,"SELECT T1.invoice_date , T1.invoice_number FROM Invoices AS T1 JOIN Shipments AS T2 ON T1.invoice_number = T2.invoice_number GROUP BY T1.invoice_number HAVING COUNT(T2.shipment_id) >= 2","SELECT T1.invoice_date , T1.invoice_number FROM Invoices AS T1 JOIN Shipments AS T2 ON T1.invoice_number = T2.invoice_number GROUP BY T1.invoice_number HAVING COUNT(T2.shipment_id) >= 2"
117,115,e_commerce,e_commerce,,,False,0,True,,llama3.1-8b,lexical,"SELECT T1.invoice_number, T1.invoice_date FROM Invoices AS T1 JOIN Shipments AS T2 ON T1.invoice_number = T2.invoice_number GROUP BY T1.invoice_number HAVING COUNT(T2.shipment_id) >= 2","SELECT T1.invoice_number, T1.invoice_date FROM Invoices AS T1 JOIN Shipments AS T2 ON T1.invoice_number = T2.invoice_number GROUP BY T1.invoice_number HAVING COUNT(T2.shipment_id) >= 2"
118,116,e_commerce,e_commerce,,,False,0,True,,llama3.1-8b,lexical,"SELECT shipment_tracking_number, shipment_date FROM Shipments","SELECT shipment_tracking_number, shipment_date FROM Shipments"
119,117,e_commerce,e_commerce,,,False,0,True,,llama3.1-8b,lexical,"SELECT shipment_tracking_number, shipment_date FROM Shipments","SELECT shipment_tracking_number, shipment_date FROM Shipments"
120,121,bbc_channels,bbc_channels,,,False,0,True,,llama3.1-8b,lexical,SELECT T1.Name FROM director AS T1 JOIN director_admin AS T2 ON T1.Director_ID = T2.Director_ID WHERE T1.Age = ( SELECT MAX(T1.Age) FROM director AS T1 ),SELECT T1.Name FROM director AS T1 JOIN director_admin AS T2 ON T1.Director_ID = T2.Director_ID WHERE T1.Age = ( SELECT MAX(T1.Age) FROM director AS T1 )
121,122,bbc_channels,bbc_channels,,,False,0,True,,llama3.1-8b,lexical,SELECT COUNT(*) FROM channel WHERE Internet LIKE '%bbc%',SELECT COUNT(*) FROM channel WHERE Internet LIKE '%bbc%'
122,127,bbc_channels,bbc_channels,,,False,0,True,,llama3.1-8b,lexical,SELECT T1.Title FROM program AS T1 JOIN director AS T2 ON T1.Director_ID = T2.Director_ID WHERE T1.Start_Year = ( SELECT MAX(Start_Year) FROM program ),SELECT T1.Title FROM program AS T1 JOIN director AS T2 ON T1.Director_ID = T2.Director_ID WHERE T1.Start_Year = ( SELECT MAX(Start_Year) FROM program )
123,128,bbc_channels,bbc_channels,,,False,0,True,,llama3.1-8b,lexical,"SELECT T1.Name, T1.Internet FROM channel AS T1 JOIN program AS T2 ON T1.Channel_ID = T2.Channel_ID GROUP BY T1.Channel_ID HAVING COUNT(T2.Program_ID) > 1","SELECT T1.Name, T1.Internet FROM channel AS T1 JOIN program AS T2 ON T1.Channel_ID = T2.Channel_ID GROUP BY T1.Channel_ID HAVING COUNT(T2.Program_ID) > 1"
124,129,bbc_channels,bbc_channels,,,False,0,True,,llama3.1-8b,lexical,"SELECT T1.Name, COUNT(T2.Program_ID) FROM channel AS T1 INNER JOIN program AS T2 ON T1.Channel_ID = T2.Channel_ID GROUP BY T1.Name","SELECT T1.Name, COUNT(T2.Program_ID) FROM channel AS T1 INNER JOIN program AS T2 ON T1.Channel_ID = T2.Channel_ID GROUP BY T1.Name"
125,131,bbc_channels,bbc_channels,,,False,0,True,,llama3.1-8b,lexical,SELECT T1.Name FROM director AS T1 JOIN program AS T2 ON T1.Director_ID = T2.Director_ID WHERE T2.Title = 'Dracula',SELECT T1.Name FROM director AS T1 JOIN program AS T2 ON T1.Director_ID = T2.Director_ID WHERE T2.Title = 'Dracula'
126,138,tv_shows,tv_shows,,,False,0,True,,llama3.1-8b,lexical,"SELECT tv_show_name, Original_Airdate FROM tv_show","SELECT tv_show_name, Original_Airdate FROM tv_show"
127,140,tv_shows,tv_shows,,,False,0,True,,llama3.1-8b,lexical,SELECT T1.Transmitter FROM radio AS T1 WHERE T1.ERP_kW > '150' OR T1.ERP_kW < '30',SELECT T1.Transmitter FROM radio AS T1 WHERE T1.ERP_kW > '150' OR T1.ERP_kW < '30'
128,141,tv_shows,tv_shows,,,False,0,True,,llama3.1-8b,lexical,SELECT T1.Transmitter FROM radio AS T1 JOIN city_channel_radio AS T2 ON T1.Radio_ID = T2.Radio_ID ORDER BY T1.ERP_kW DESC LIMIT 1,SELECT T1.Transmitter FROM radio AS T1 JOIN city_channel_radio AS T2 ON T1.Radio_ID = T2.Radio_ID ORDER BY T1.ERP_kW DESC LIMIT 1
129,143,tv_shows,tv_shows,,,False,0,True,,llama3.1-8b,lexical,"SELECT DISTINCT Affiliation , COUNT(*) FROM city_channel GROUP BY Affiliation","SELECT DISTINCT Affiliation , COUNT(*) FROM city_channel GROUP BY Affiliation"
130,146,tv_shows,tv_shows,,,False,0,True,,llama3.1-8b,lexical,"SELECT T1.City, T1.Station_name FROM city_channel AS T1 ORDER BY T1.Station_name ASC","SELECT T1.City, T1.Station_name FROM city_channel AS T1 ORDER BY T1.Station_name ASC"
131,147,tv_shows,tv_shows,,,False,0,True,,llama3.1-8b,lexical,"SELECT T1.Transmitter, T3.City FROM radio AS T1 JOIN city_channel_radio AS T2 ON T1.Radio_ID = T2.Radio_ID JOIN city_channel AS T3 ON T2.City_channel_ID = T3.ID","SELECT T1.Transmitter, T3.City FROM radio AS T1 JOIN city_channel_radio AS T2 ON T1.Radio_ID = T2.Radio_ID JOIN city_channel AS T3 ON T2.City_channel_ID = T3.ID"
132,149,tv_shows,tv_shows,,,False,1,True,,llama3.1-8b,lexical,"SELECT T1.Transmitter , COUNT(T3.ID) FROM radio AS T1 JOIN city_channel_radio AS T2 ON T1.Radio_ID = T2.Radio_ID JOIN city_channel AS T3 ON T2.City_channel_ID = T3.ID GROUP BY T1.Transmitter","SELECT T1.Transmitter , COUNT(T3.ID) FROM radio AS T1 JOIN city_channel_radio AS T2 ON T1.Radio_ID = T2.Radio_ID JOIN city_channel AS T3 ON T2.City_channel_ID = T3.ID GROUP BY T1.Transmitter"
133,157,vehicle_driver,vehicle_driver,,,False,0,True,,llama3.1-8b,lexical,"SELECT MAX(Power), AVG(Power) FROM vehicle WHERE Builder = 'Zhuzhou'","SELECT MAX(Power), AVG(Power) FROM vehicle WHERE Builder = 'Zhuzhou'"
134,158,vehicle_driver,vehicle_driver,,,False,1,True,,llama3.1-8b,lexical,"SELECT MAX(T1.Power), AVG(T1.Power) FROM vehicle AS T1 JOIN vehicle_driver AS T2 ON T1.Vehicle_ID = T2.Vehicle_ID JOIN driver AS T3 ON T2.Driver_ID = T3.Driver_ID WHERE T1.Builder = 'Zhuzhou'","SELECT MAX(T1.Power), AVG(T1.Power) FROM vehicle AS T1 JOIN vehicle_driver AS T2 ON T1.Vehicle_ID = T2.Vehicle_ID JOIN driver AS T3 ON T2.Driver_ID = T3.Driver_ID WHERE T1.Builder = 'Zhuzhou'"
135,161,vehicle_driver,vehicle_driver,,,False,0,True,,llama3.1-8b,lexical,"SELECT T1.Top_Speed , T1.Power FROM vehicle AS T1 WHERE T1.Build_Year = ""1996""","SELECT T1.Top_Speed , T1.Power FROM vehicle AS T1 WHERE T1.Build_Year = ""1996"""
136,162,vehicle_driver,vehicle_driver,,,False,0,True,,llama3.1-8b,lexical,"SELECT T1.Top_Speed , T1.Power FROM vehicle AS T1 WHERE T1.Build_Year = ""1996""","SELECT T1.Top_Speed , T1.Power FROM vehicle AS T1 WHERE T1.Build_Year = ""1996"""
137,163,vehicle_driver,vehicle_driver,,,False,0,True,,llama3.1-8b,lexical,"SELECT T1.Build_Year , T1.Model , T1.Builder FROM vehicle AS T1","SELECT T1.Build_Year , T1.Model , T1.Builder FROM vehicle AS T1"
138,164,vehicle_driver,vehicle_driver,,,False,0,True,,llama3.1-8b,lexical,"SELECT T1.Build_Year , T1.Model , T1.Builder FROM vehicle AS T1","SELECT T1.Build_Year , T1.Model , T1.Builder FROM vehicle AS T1"
139,165,vehicle_driver,vehicle_driver,,,False,0,True,,llama3.1-8b,lexical,"SELECT COUNT(DISTINCT T1.Driver_ID) FROM driver AS T1 JOIN vehicle_driver AS T2 ON T1.Driver_ID = T2.Driver_ID JOIN vehicle AS T3 ON T2.Vehicle_ID = T3.Vehicle_ID WHERE T3.Build_Year = ""2012""","SELECT COUNT(DISTINCT T1.Driver_ID) FROM driver AS T1 JOIN vehicle_driver AS T2 ON T1.Driver_ID = T2.Driver_ID JOIN vehicle AS T3 ON T2.Vehicle_ID = T3.Vehicle_ID WHERE T3.Build_Year = ""2012"""
140,166,vehicle_driver,vehicle_driver,,,False,0,True,,llama3.1-8b,lexical,SELECT COUNT(DISTINCT T1.Driver_ID) FROM driver AS T1 JOIN vehicle_driver AS T2 ON T1.Driver_ID = T2.Driver_ID JOIN vehicle AS T3 ON T2.Vehicle_ID = T3.Vehicle_ID WHERE T3.Build_Year = '2012',SELECT COUNT(DISTINCT T1.Driver_ID) FROM driver AS T1 JOIN vehicle_driver AS T2 ON T1.Driver_ID = T2.Driver_ID JOIN vehicle AS T3 ON T2.Vehicle_ID = T3.Vehicle_ID WHERE T3.Build_Year = '2012'
141,173,vehicle_driver,vehicle_driver,,,False,0,True,,llama3.1-8b,lexical,SELECT T1.Model FROM vehicle AS T1 WHERE T1.Total_Production > '100' OR T1.Top_Speed > '150',SELECT T1.Model FROM vehicle AS T1 WHERE T1.Total_Production > '100' OR T1.Top_Speed > '150'
142,174,vehicle_driver,vehicle_driver,,,False,0,True,,llama3.1-8b,lexical,SELECT T1.Model FROM vehicle AS T1 JOIN vehicle_driver AS T2 ON T1.Vehicle_ID = T2.Vehicle_ID WHERE T1.Total_Production > 100 OR T1.Top_Speed > 150,SELECT T1.Model FROM vehicle AS T1 JOIN vehicle_driver AS T2 ON T1.Vehicle_ID = T2.Vehicle_ID WHERE T1.Total_Production > 100 OR T1.Top_Speed > 150
143,175,vehicle_driver,vehicle_driver,,,False,0,True,,llama3.1-8b,lexical,"SELECT T1.Model, T1.Build_Year FROM vehicle AS T1 WHERE T1.Model LIKE '%DJ%'","SELECT T1.Model, T1.Build_Year FROM vehicle AS T1 WHERE T1.Model LIKE '%DJ%'"
144,176,vehicle_driver,vehicle_driver,,,False,0,True,,llama3.1-8b,lexical,"SELECT T1.Model , T1.Build_Year FROM vehicle AS T1 WHERE T1.Model LIKE ""%DJ%""","SELECT T1.Model , T1.Build_Year FROM vehicle AS T1 WHERE T1.Model LIKE ""%DJ%"""
145,187,vehicle_driver,vehicle_driver,,,False,0,True,,llama3.1-8b,lexical,"SELECT Racing_Series, COUNT(*) FROM driver GROUP BY Racing_Series","SELECT Racing_Series, COUNT(*) FROM driver GROUP BY Racing_Series"
146,188,vehicle_driver,vehicle_driver,,,False,0,True,,llama3.1-8b,lexical,SELECT COUNT(*) FROM driver AS T1 JOIN vehicle_driver AS T2 ON T1.Driver_ID = T2.Driver_ID GROUP BY T1.Racing_Series,SELECT COUNT(*) FROM driver AS T1 JOIN vehicle_driver AS T2 ON T1.Driver_ID = T2.Driver_ID GROUP BY T1.Racing_Series
147,197,online_exams,online_exams,,,False,0,True,,llama3.1-8b,lexical,"SELECT T2.Exam_Name , T2.Exam_Date FROM Exams AS T1 JOIN Exams AS T2 ON T1.Exam_ID = T2.Exam_ID WHERE T1.Subject_Code != ""Database""","SELECT T2.Exam_Name , T2.Exam_Date FROM Exams AS T1 JOIN Exams AS T2 ON T1.Exam_ID = T2.Exam_ID WHERE T1.Subject_Code != ""Database"""
148,198,online_exams,online_exams,,,False,0,True,,llama3.1-8b,lexical,"SELECT T1.Exam_Date, T1.Exam_Name FROM Exams AS T1 WHERE T1.Subject_Code != ""Database""","SELECT T1.Exam_Date, T1.Exam_Name FROM Exams AS T1 WHERE T1.Subject_Code != ""Database"""
149,201,online_exams,online_exams,,,False,0,True,,llama3.1-8b,lexical,"SELECT T1.Type_of_Question_Code , COUNT(*) FROM Questions AS T1 JOIN Questions_in_Exams AS T2 ON T1.Question_ID = T2.Question_ID GROUP BY T1.Type_of_Question_Code","SELECT T1.Type_of_Question_Code , COUNT(*) FROM Questions AS T1 JOIN Questions_in_Exams AS T2 ON T1.Question_ID = T2.Question_ID GROUP BY T1.Type_of_Question_Code"
150,202,online_exams,online_exams,,,False,0,True,,llama3.1-8b,lexical,"SELECT Type_of_Question_Code , COUNT(*) FROM Questions GROUP BY Type_of_Question_Code","SELECT Type_of_Question_Code , COUNT(*) FROM Questions GROUP BY Type_of_Question_Code"
151,207,online_exams,online_exams,,,False,0,True,,llama3.1-8b,lexical,SELECT Student_Answer_Text FROM Student_Answers GROUP BY Student_Answer_Text ORDER BY COUNT(*) DESC,SELECT Student_Answer_Text FROM Student_Answers GROUP BY Student_Answer_Text ORDER BY COUNT(*) DESC
152,208,online_exams,online_exams,,,False,0,True,,llama3.1-8b,lexical,SELECT Student_Answer_Text FROM Student_Answers GROUP BY Student_Answer_Text ORDER BY COUNT(Student_Answer_Text) DESC,SELECT Student_Answer_Text FROM Student_Answers GROUP BY Student_Answer_Text ORDER BY COUNT(Student_Answer_Text) DESC
153,209,online_exams,online_exams,,,False,0,True,,llama3.1-8b,lexical,"SELECT T1.First_Name, T2.Date_of_Answer FROM Students AS T1 JOIN Student_Answers AS T2 ON T1.Student_ID = T2.Student_ID","SELECT T1.First_Name, T2.Date_of_Answer FROM Students AS T1 JOIN Student_Answers AS T2 ON T1.Student_ID = T2.Student_ID"
154,210,online_exams,online_exams,,,False,0,True,,llama3.1-8b,lexical,"SELECT T1.First_Name, T2.Date_of_Answer FROM Students AS T1 JOIN Student_Answers AS T2 ON T1.Student_ID = T2.Student_ID","SELECT T1.First_Name, T2.Date_of_Answer FROM Students AS T1 JOIN Student_Answers AS T2 ON T1.Student_ID = T2.Student_ID"
155,211,online_exams,online_exams,,,False,0,True,,llama3.1-8b,lexical,"SELECT T1.Email_Adress , T2.Date_of_Answer FROM Students AS T1 JOIN Student_Answers AS T2 ON T1.Student_ID = T2.Student_ID ORDER BY T2.Date_of_Answer DESC","SELECT T1.Email_Adress , T2.Date_of_Answer FROM Students AS T1 JOIN Student_Answers AS T2 ON T1.Student_ID = T2.Student_ID ORDER BY T2.Date_of_Answer DESC"
156,212,online_exams,online_exams,,,False,0,True,,llama3.1-8b,lexical,"SELECT T1.Email_Adress, T2.Date_of_Answer FROM Students AS T1 JOIN Student_Answers AS T2 ON T1.Student_ID = T2.Student_ID ORDER BY T2.Date_of_Answer DESC","SELECT T1.Email_Adress, T2.Date_of_Answer FROM Students AS T1 JOIN Student_Answers AS T2 ON T1.Student_ID = T2.Student_ID ORDER BY T2.Date_of_Answer DESC"
157,215,online_exams,online_exams,,,False,0,True,,llama3.1-8b,lexical,SELECT T1.First_Name FROM Students AS T1 JOIN Student_Answers AS T2 ON T1.Student_ID = T2.Student_ID GROUP BY T1.First_Name HAVING COUNT(*) >= 2,SELECT T1.First_Name FROM Students AS T1 JOIN Student_Answers AS T2 ON T1.Student_ID = T2.Student_ID GROUP BY T1.First_Name HAVING COUNT(*) >= 2
158,216,online_exams,online_exams,,,False,0,True,,llama3.1-8b,lexical,SELECT T1.First_Name FROM Students AS T1 JOIN Student_Answers AS T2 ON T1.Student_ID = T2.Student_ID GROUP BY T2.Student_ID HAVING COUNT(*) >= 2,SELECT T1.First_Name FROM Students AS T1 JOIN Student_Answers AS T2 ON T1.Student_ID = T2.Student_ID GROUP BY T2.Student_ID HAVING COUNT(*) >= 2
159,221,online_exams,online_exams,,,False,0,True,,llama3.1-8b,lexical,"SELECT Gender_MFU , COUNT(*) FROM Students GROUP BY Gender_MFU","SELECT Gender_MFU , COUNT(*) FROM Students GROUP BY Gender_MFU"
160,14,soccer_3,soccer_3,,,False,1,True,,llama3.1-8b,lexical,SELECT T1.Country FROM player AS T1 WHERE T1.Wins_count > 2 ORDER BY T1.Earnings DESC LIMIT 1,SELECT T1.Country FROM player AS T1 WHERE T1.Wins_count > 2 ORDER BY T1.Earnings DESC LIMIT 1
161,15,soccer_3,soccer_3,,,False,0,True,,llama3.1-8b,lexical,SELECT T2.Country FROM player AS T1 JOIN player AS T2 ON T1.Wins_count < T2.Wins_count WHERE T1.Wins_count > 2 AND T1.Country = T2.Country,SELECT T2.Country FROM player AS T1 JOIN player AS T2 ON T1.Wins_count < T2.Wins_count WHERE T1.Wins_count > 2 AND T1.Country = T2.Country
162,22,soccer_3,soccer_3,,,False,0,True,,llama3.1-8b,lexical,SELECT T1.Name FROM club AS T1 JOIN player AS T2 ON T1.Club_ID = T2.Club_ID GROUP BY T1.Name ORDER BY AVG(T2.Earnings) DESC,SELECT T1.Name FROM club AS T1 JOIN player AS T2 ON T1.Club_ID = T2.Club_ID GROUP BY T1.Name ORDER BY AVG(T2.Earnings) DESC
163,23,soccer_3,soccer_3,,,False,0,True,,llama3.1-8b,lexical,SELECT T1.Name FROM club AS T1 INNER JOIN player AS T2 ON T1.Club_ID = T2.Club_ID GROUP BY T1.Club_ID ORDER BY AVG(T2.Earnings) DESC,SELECT T1.Name FROM club AS T1 INNER JOIN player AS T2 ON T1.Club_ID = T2.Club_ID GROUP BY T1.Club_ID ORDER BY AVG(T2.Earnings) DESC
164,26,soccer_3,soccer_3,,,False,0,True,,llama3.1-8b,lexical,SELECT Manufacturer FROM club GROUP BY Manufacturer ORDER BY COUNT(*) DESC LIMIT 1,SELECT Manufacturer FROM club GROUP BY Manufacturer ORDER BY COUNT(*) DESC LIMIT 1
165,27,soccer_3,soccer_3,,,False,0,True,,llama3.1-8b,lexical,SELECT Manufacturer FROM club GROUP BY Manufacturer ORDER BY COUNT(*) DESC LIMIT 1,SELECT Manufacturer FROM club GROUP BY Manufacturer ORDER BY COUNT(*) DESC LIMIT 1
166,32,soccer_3,soccer_3,,,False,0,True,,llama3.1-8b,lexical,SELECT Name FROM club WHERE Club_ID NOT IN (SELECT Club_ID FROM player),SELECT Name FROM club WHERE Club_ID NOT IN (SELECT Club_ID FROM player)
167,33,soccer_3,soccer_3,,,False,0,True,,llama3.1-8b,lexical,SELECT Name FROM club WHERE Club_ID NOT IN (SELECT Club_ID FROM player),SELECT Name FROM club WHERE Club_ID NOT IN (SELECT Club_ID FROM player)
168,34,soccer_3,soccer_3,,,False,0,True,,llama3.1-8b,lexical,SELECT T1.Country FROM player AS T1 WHERE T1.Earnings > 1400000 UNION SELECT T1.Country FROM player AS T1 WHERE T1.Earnings < 1100000,SELECT T1.Country FROM player AS T1 WHERE T1.Earnings > 1400000 UNION SELECT T1.Country FROM player AS T1 WHERE T1.Earnings < 1100000
169,35,soccer_3,soccer_3,,,False,0,True,,llama3.1-8b,lexical,SELECT T2.Country FROM player AS T1 JOIN player AS T2 ON T1.Club_ID = T2.Club_ID WHERE T1.Earnings > 1400000 AND T2.Earnings < 1100000,SELECT T2.Country FROM player AS T1 JOIN player AS T2 ON T1.Club_ID = T2.Club_ID WHERE T1.Earnings > 1400000 AND T2.Earnings < 1100000
170,44,e_commerce,e_commerce,,,False,0,True,,llama3.1-8b,lexical,SELECT DISTINCT T1.date_order_placed FROM Orders AS T1 JOIN Order_Items AS T2 ON T1.order_id = T2.order_id WHERE T1.date_order_placed = (SELECT MIN(date_order_placed) FROM Orders) OR T2.order_id IN (SELECT order_id FROM Order_Items GROUP BY order_id HAVING count(*) > 1),SELECT DISTINCT T1.date_order_placed FROM Orders AS T1 JOIN Order_Items AS T2 ON T1.order_id = T2.order_id WHERE T1.date_order_placed = (SELECT MIN(date_order_placed) FROM Orders) OR T2.order_id IN (SELECT order_id FROM Order_Items GROUP BY order_id HAVING count(*) > 1)
171,45,e_commerce,e_commerce,,,False,3,False,,llama3.1-8b,lexical,SELECT MIN(date_order_placed) FROM Orders; SELECT date_order_placed FROM Orders WHERE order_id IN (SELECT order_id FROM Order_Items GROUP BY order_id HAVING COUNT(order_item_id) > 1),SELECT MIN(date_order_placed) FROM Orders; SELECT date_order_placed FROM Orders WHERE order_id IN (SELECT order_id FROM Order_Items GROUP BY order_id HAVING COUNT(order_item_id) > 1)
172,49,e_commerce,e_commerce,,,False,0,True,,llama3.1-8b,lexical,"SELECT T1.product_id , T1.product_name , T1.product_price , T1.product_color FROM Products AS T1","SELECT T1.product_id , T1.product_name , T1.product_price , T1.product_color FROM Products AS T1"
173,56,e_commerce,e_commerce,,,False,0,True,,llama3.1-8b,lexical,SELECT payment_method_code FROM Customer_Payment_Methods GROUP BY payment_method_code ORDER BY COUNT(customer_id) DESC LIMIT 1,SELECT payment_method_code FROM Customer_Payment_Methods GROUP BY payment_method_code ORDER BY COUNT(customer_id) DESC LIMIT 1
174,57,e_commerce,e_commerce,,,False,0,True,,llama3.1-8b,lexical,SELECT payment_method_code FROM Customer_Payment_Methods GROUP BY payment_method_code ORDER BY COUNT(customer_id) DESC LIMIT 1,SELECT payment_method_code FROM Customer_Payment_Methods GROUP BY payment_method_code ORDER BY COUNT(customer_id) DESC LIMIT 1
175,58,e_commerce,e_commerce,,,False,1,True,,llama3.1-8b,lexical,"SELECT t1.gender_code , COUNT(t2.product_id) FROM Customers AS t1 LEFT JOIN Products AS t2 ON t1.customer_id = t2.parent_product_id GROUP BY t1.gender_code","SELECT t1.gender_code , COUNT(t2.product_id) FROM Customers AS t1 LEFT JOIN Products AS t2 ON t1.customer_id = t2.parent_product_id GROUP BY t1.gender_code"
176,59,e_commerce,e_commerce,,,False,0,True,,llama3.1-8b,lexical,SELECT COUNT(*) FROM Products WHERE product_color = 'Male',SELECT COUNT(*) FROM Products WHERE product_color = 'Male'
177,66,e_commerce,e_commerce,,,False,0,True,,llama3.1-8b,lexical,"SELECT T1.product_name, T2.shipment_date FROM Products AS T1 JOIN Shipments AS T2 ON T1.product_id = T2.order_id","SELECT T1.product_name, T2.shipment_date FROM Products AS T1 JOIN Shipments AS T2 ON T1.product_id = T2.order_id"
178,67,e_commerce,e_commerce,,,False,0,True,,llama3.1-8b,lexical,"SELECT T1.product_name, T2.shipment_date FROM Products AS T1 JOIN Shipments AS T2 ON T1.product_id = T2.order_id","SELECT T1.product_name, T2.shipment_date FROM Products AS T1 JOIN Shipments AS T2 ON T1.product_id = T2.order_id"
179,70,e_commerce,e_commerce,,,False,0,True,,llama3.1-8b,lexical,"SELECT T1.product_name , T1.product_color FROM Products AS T1 JOIN Order_Items AS T2 ON T1.product_id = T2.product_id JOIN Shipments AS T3 ON T2.order_id = T3.order_id","SELECT T1.product_name , T1.product_color FROM Products AS T1 JOIN Order_Items AS T2 ON T1.product_id = T2.product_id JOIN Shipments AS T3 ON T2.order_id = T3.order_id"
180,71,e_commerce,e_commerce,,,False,0,True,,llama3.1-8b,lexical,"SELECT T1.product_name , T1.product_color FROM Products AS T1 JOIN Shipments AS T2 ON T1.product_id = T2.order_id","SELECT T1.product_name , T1.product_color FROM Products AS T1 JOIN Shipments AS T2 ON T1.product_id = T2.order_id"
181,74,e_commerce,e_commerce,,,False,0,True,,llama3.1-8b,lexical,SELECT T1.invoice_status_code FROM Invoices AS T1 JOIN Shipments AS T2 ON T1.invoice_number = T2.invoice_number WHERE T2.shipment_tracking_number IS NULL,SELECT T1.invoice_status_code FROM Invoices AS T1 JOIN Shipments AS T2 ON T1.invoice_number = T2.invoice_number WHERE T2.shipment_tracking_number IS NULL
182,75,e_commerce,e_commerce,,,False,0,True,,llama3.1-8b,lexical,SELECT T1.invoice_status_code FROM Invoices AS T1 JOIN Shipments AS T2 ON T1.invoice_number = T2.invoice_number WHERE T2.shipment_tracking_number IS NULL,SELECT T1.invoice_status_code FROM Invoices AS T1 JOIN Shipments AS T2 ON T1.invoice_number = T2.invoice_number WHERE T2.shipment_tracking_number IS NULL
183,76,e_commerce,e_commerce,,,False,0,True,,llama3.1-8b,lexical,"SELECT T1.order_id, T1.date_order_placed, SUM(T2.product_id) FROM Orders AS T1 JOIN Order_Items AS T2 ON T1.order_id = T2.order_id","SELECT T1.order_id, T1.date_order_placed, SUM(T2.product_id) FROM Orders AS T1 JOIN Order_Items AS T2 ON T1.order_id = T2.order_id"
184,77,e_commerce,e_commerce,,,False,0,True,,llama3.1-8b,lexical,"SELECT O.order_id, O.date_order_placed, SUM(OI.order_item_status_code = 'paid') FROM Orders AS O JOIN Order_Items AS OI ON O.order_id = OI.order_id GROUP BY O.order_id","SELECT O.order_id, O.date_order_placed, SUM(OI.order_item_status_code = 'paid') FROM Orders AS O JOIN Order_Items AS OI ON O.order_id = OI.order_id GROUP BY O.order_id"
185,98,e_commerce,e_commerce,,,False,0,True,,llama3.1-8b,lexical,"SELECT T1.product_name , T2.product_name FROM Products AS T1 JOIN Products AS T2 ON T1.product_id = T2.parent_product_id","SELECT T1.product_name , T2.product_name FROM Products AS T1 JOIN Products AS T2 ON T1.product_id = T2.parent_product_id"
186,99,e_commerce,e_commerce,,,False,1,True,,llama3.1-8b,lexical,"SELECT T1.product_name , T2.product_name FROM Products AS T1 JOIN Products AS T2 ON T1.product_id = T2.parent_product_id","SELECT T1.product_name , T2.product_name FROM Products AS T1 JOIN Products AS T2 ON T1.product_id = T2.parent_product_id"
187,108,e_commerce,e_commerce,,,False,0,True,,llama3.1-8b,lexical,SELECT T1.date_order_placed FROM Orders AS T1 JOIN Customers AS T2 ON T1.customer_id = T2.customer_id JOIN Customer_Payment_Methods AS T3 ON T2.customer_id = T3.customer_id GROUP BY T1.date_order_placed HAVING count(*) >= 2,SELECT T1.date_order_placed FROM Orders AS T1 JOIN Customers AS T2 ON T1.customer_id = T2.customer_id JOIN Customer_Payment_Methods AS T3 ON T2.customer_id = T3.customer_id GROUP BY T1.date_order_placed HAVING count(*) >= 2
188,109,e_commerce,e_commerce,,,False,0,True,,llama3.1-8b,lexical,SELECT T2.date_order_placed FROM Customers AS T1 JOIN Orders AS T2 ON T1.customer_id = T2.customer_id JOIN Customer_Payment_Methods AS T3 ON T1.customer_id = T3.customer_id GROUP BY T2.date_order_placed HAVING COUNT(T3.payment_method_code) >= 2,SELECT T2.date_order_placed FROM Customers AS T1 JOIN Orders AS T2 ON T1.customer_id = T2.customer_id JOIN Customer_Payment_Methods AS T3 ON T1.customer_id = T3.customer_id GROUP BY T2.date_order_placed HAVING COUNT(T3.payment_method_code) >= 2
189,110,e_commerce,e_commerce,,,False,0,True,,llama3.1-8b,lexical,SELECT order_status_code FROM Orders GROUP BY order_status_code ORDER BY COUNT(order_status_code) ASC LIMIT 1,SELECT order_status_code FROM Orders GROUP BY order_status_code ORDER BY COUNT(order_status_code) ASC LIMIT 1
190,111,e_commerce,e_commerce,,,False,0,True,,llama3.1-8b,lexical,SELECT order_status_code FROM Orders GROUP BY order_status_code ORDER BY COUNT(order_status_code) ASC LIMIT 1,SELECT order_status_code FROM Orders GROUP BY order_status_code ORDER BY COUNT(order_status_code) ASC LIMIT 1
191,120,bbc_channels,bbc_channels,,,False,0,True,,llama3.1-8b,lexical,SELECT Name FROM director WHERE Age > ( SELECT AVG(Age) FROM director ),SELECT Name FROM director WHERE Age > ( SELECT AVG(Age) FROM director )
192,135,bbc_channels,bbc_channels,,,False,0,True,,llama3.1-8b,lexical,"SELECT T1.Channel_ID , T1.Name FROM channel AS T1 LEFT JOIN director_admin AS T2 ON T1.Channel_ID = T2.Channel_ID LEFT JOIN director AS T3 ON T2.Director_ID = T3.Director_ID WHERE T3.Name != 'Hank Baskett'","SELECT T1.Channel_ID , T1.Name FROM channel AS T1 LEFT JOIN director_admin AS T2 ON T1.Channel_ID = T2.Channel_ID LEFT JOIN director AS T3 ON T2.Director_ID = T3.Director_ID WHERE T3.Name != 'Hank Baskett'"
193,144,tv_shows,tv_shows,,,False,0,True,,llama3.1-8b,lexical,SELECT Affiliation FROM city_channel GROUP BY Affiliation ORDER BY COUNT(*) DESC LIMIT 1,SELECT Affiliation FROM city_channel GROUP BY Affiliation ORDER BY COUNT(*) DESC LIMIT 1
194,148,tv_shows,tv_shows,,,False,0,True,,llama3.1-8b,lexical,"SELECT T1.Transmitter, T3.Station_name FROM radio AS T1 JOIN city_channel_radio AS T2 ON T1.Radio_ID = T2.Radio_ID JOIN city_channel AS T3 ON T2.City_channel_ID = T3.ID ORDER BY T1.ERP_kW DESC","SELECT T1.Transmitter, T3.Station_name FROM radio AS T1 JOIN city_channel_radio AS T2 ON T1.Radio_ID = T2.Radio_ID JOIN city_channel AS T3 ON T2.City_channel_ID = T3.ID ORDER BY T1.ERP_kW DESC"
195,150,tv_shows,tv_shows,,,False,0,True,,llama3.1-8b,lexical,SELECT DISTINCT Transmitter FROM radio WHERE Radio_ID NOT IN (SELECT Radio_ID FROM city_channel_radio),SELECT DISTINCT Transmitter FROM radio WHERE Radio_ID NOT IN (SELECT Radio_ID FROM city_channel_radio)
196,151,vehicle_driver,vehicle_driver,,,False,0,True,,llama3.1-8b,lexical,SELECT T1.Model FROM vehicle AS T1 JOIN vehicle_driver AS T2 ON T1.Vehicle_ID = T2.Vehicle_ID WHERE T1.Top_Speed = ( SELECT MAX(Top_Speed) FROM vehicle WHERE Power > 6000 ),SELECT T1.Model FROM vehicle AS T1 JOIN vehicle_driver AS T2 ON T1.Vehicle_ID = T2.Vehicle_ID WHERE T1.Top_Speed = ( SELECT MAX(Top_Speed) FROM vehicle WHERE Power > 6000 )
197,152,vehicle_driver,vehicle_driver,,,False,0,True,,llama3.1-8b,lexical,SELECT T1.Model FROM vehicle AS T1 JOIN vehicle_driver AS T2 ON T1.Vehicle_ID = T2.Vehicle_ID WHERE T1.Power > 6000 ORDER BY T1.Top_Speed DESC LIMIT 1,SELECT T1.Model FROM vehicle AS T1 JOIN vehicle_driver AS T2 ON T1.Vehicle_ID = T2.Vehicle_ID WHERE T1.Power > 6000 ORDER BY T1.Top_Speed DESC LIMIT 1
198,155,vehicle_driver,vehicle_driver,,,False,0,True,,llama3.1-8b,lexical,"SELECT COUNT(*) , Driver_ID FROM driver GROUP BY Driver_ID ORDER BY COUNT(*) DESC LIMIT 1","SELECT COUNT(*) , Driver_ID FROM driver GROUP BY Driver_ID ORDER BY COUNT(*) DESC LIMIT 1"
199,156,vehicle_driver,vehicle_driver,,,False,0,True,,llama3.1-8b,lexical,"SELECT T1.Driver_ID , count(*) FROM driver AS T1 JOIN vehicle_driver AS T2 ON T1.Driver_ID = T2.Driver_ID GROUP BY T1.Driver_ID ORDER BY count(*) DESC LIMIT 1","SELECT T1.Driver_ID , count(*) FROM driver AS T1 JOIN vehicle_driver AS T2 ON T1.Driver_ID = T2.Driver_ID GROUP BY T1.Driver_ID ORDER BY count(*) DESC LIMIT 1"
200,159,vehicle_driver,vehicle_driver,,,False,0,True,,llama3.1-8b,lexical,SELECT T1.Vehicle_ID FROM vehicle_driver AS T1 GROUP BY T1.Vehicle_ID ORDER BY COUNT(T1.Vehicle_ID) ASC LIMIT 1,SELECT T1.Vehicle_ID FROM vehicle_driver AS T1 GROUP BY T1.Vehicle_ID ORDER BY COUNT(T1.Vehicle_ID) ASC LIMIT 1
201,160,vehicle_driver,vehicle_driver,,,False,0,True,,llama3.1-8b,lexical,SELECT T1.Vehicle_ID FROM vehicle AS T1 JOIN vehicle_driver AS T2 ON T1.Vehicle_ID = T2.Vehicle_ID GROUP BY T1.Vehicle_ID ORDER BY COUNT(T2.Vehicle_ID) ASC LIMIT 1,SELECT T1.Vehicle_ID FROM vehicle AS T1 JOIN vehicle_driver AS T2 ON T1.Vehicle_ID = T2.Vehicle_ID GROUP BY T1.Vehicle_ID ORDER BY COUNT(T2.Vehicle_ID) ASC LIMIT 1
202,171,vehicle_driver,vehicle_driver,,,False,0,True,,llama3.1-8b,lexical,SELECT DISTINCT T1.Name FROM driver AS T1 JOIN vehicle_driver AS T2 ON T1.Driver_ID = T2.Driver_ID JOIN vehicle AS T3 ON T2.Vehicle_ID = T3.Vehicle_ID WHERE T3.Power > 5000,SELECT DISTINCT T1.Name FROM driver AS T1 JOIN vehicle_driver AS T2 ON T1.Driver_ID = T2.Driver_ID JOIN vehicle AS T3 ON T2.Vehicle_ID = T3.Vehicle_ID WHERE T3.Power > 5000
203,172,vehicle_driver,vehicle_driver,,,False,0,True,,llama3.1-8b,lexical,SELECT T1.Name FROM driver AS T1 JOIN vehicle_driver AS T2 ON T1.Driver_ID = T2.Driver_ID JOIN vehicle AS T3 ON T2.Vehicle_ID = T3.Vehicle_ID WHERE T3.Power > 5000,SELECT T1.Name FROM driver AS T1 JOIN vehicle_driver AS T2 ON T1.Driver_ID = T2.Driver_ID JOIN vehicle AS T3 ON T2.Vehicle_ID = T3.Vehicle_ID WHERE T3.Power > 5000
204,177,vehicle_driver,vehicle_driver,,,False,0,True,,llama3.1-8b,lexical,SELECT Model FROM vehicle WHERE Vehicle_ID NOT IN (SELECT Vehicle_ID FROM vehicle_driver),SELECT Model FROM vehicle WHERE Vehicle_ID NOT IN (SELECT Vehicle_ID FROM vehicle_driver)
205,178,vehicle_driver,vehicle_driver,,,False,0,True,,llama3.1-8b,lexical,SELECT Model FROM vehicle WHERE Vehicle_ID NOT IN (SELECT Vehicle_ID FROM vehicle_driver),SELECT Model FROM vehicle WHERE Vehicle_ID NOT IN (SELECT Vehicle_ID FROM vehicle_driver)
206,179,vehicle_driver,vehicle_driver,,,False,0,True,,llama3.1-8b,lexical,"SELECT T1.Vehicle_ID, T1.Model FROM vehicle AS T1 JOIN vehicle_driver AS T2 ON T1.Vehicle_ID = T2.Vehicle_ID JOIN driver AS T3 ON T2.Driver_ID = T3.Driver_ID GROUP BY T1.Vehicle_ID HAVING COUNT(T3.Driver_ID) >= 2 UNION SELECT T1.Vehicle_ID, T1.Model FROM vehicle AS T1 WHERE T1.Builder = 'Ziyang'","SELECT T1.Vehicle_ID, T1.Model FROM vehicle AS T1 JOIN vehicle_driver AS T2 ON T1.Vehicle_ID = T2.Vehicle_ID JOIN driver AS T3 ON T2.Driver_ID = T3.Driver_ID GROUP BY T1.Vehicle_ID HAVING COUNT(T3.Driver_ID) >= 2 UNION SELECT T1.Vehicle_ID, T1.Model FROM vehicle AS T1 WHERE T1.Builder = 'Ziyang'"
207,180,vehicle_driver,vehicle_driver,,,False,0,True,,llama3.1-8b,lexical,"SELECT T1.Vehicle_ID, T1.Model FROM vehicle AS T1 WHERE T1.Builder = 'Ziyang' UNION SELECT T1.Vehicle_ID, T1.Model FROM vehicle AS T1 JOIN vehicle_driver AS T2 ON T1.Vehicle_ID = T2.Vehicle_ID GROUP BY T1.Vehicle_ID HAVING COUNT(DISTINCT T2.Driver_ID) = 2","SELECT T1.Vehicle_ID, T1.Model FROM vehicle AS T1 WHERE T1.Builder = 'Ziyang' UNION SELECT T1.Vehicle_ID, T1.Model FROM vehicle AS T1 JOIN vehicle_driver AS T2 ON T1.Vehicle_ID = T2.Vehicle_ID GROUP BY T1.Vehicle_ID HAVING COUNT(DISTINCT T2.Driver_ID) = 2"
208,183,vehicle_driver,vehicle_driver,,,False,0,True,,llama3.1-8b,lexical,SELECT COUNT(*) FROM vehicle WHERE Top_Speed = ( SELECT MAX(Top_Speed) FROM vehicle ),SELECT COUNT(*) FROM vehicle WHERE Top_Speed = ( SELECT MAX(Top_Speed) FROM vehicle )
209,184,vehicle_driver,vehicle_driver,,,False,0,True,,llama3.1-8b,lexical,SELECT COUNT(*) FROM vehicle WHERE Top_Speed = (SELECT MAX(Top_Speed) FROM vehicle),SELECT COUNT(*) FROM vehicle WHERE Top_Speed = (SELECT MAX(Top_Speed) FROM vehicle)
210,189,vehicle_driver,vehicle_driver,,,False,0,True,,llama3.1-8b,lexical,"SELECT T1.Name , T1.Citizenship FROM driver AS T1 JOIN vehicle_driver AS T2 ON T1.Driver_ID = T2.Driver_ID JOIN vehicle AS T3 ON T2.Vehicle_ID = T3.Vehicle_ID WHERE T3.Model = 'DJ1'","SELECT T1.Name , T1.Citizenship FROM driver AS T1 JOIN vehicle_driver AS T2 ON T1.Driver_ID = T2.Driver_ID JOIN vehicle AS T3 ON T2.Vehicle_ID = T3.Vehicle_ID WHERE T3.Model = 'DJ1'"
211,190,vehicle_driver,vehicle_driver,,,False,0,True,,llama3.1-8b,lexical,"SELECT T1.Name, T1.Citizenship FROM driver AS T1 JOIN vehicle_driver AS T2 ON T1.Driver_ID = T2.Driver_ID JOIN vehicle AS T3 ON T2.Vehicle_ID = T3.Vehicle_ID WHERE T3.Model = 'DJ1'","SELECT T1.Name, T1.Citizenship FROM driver AS T1 JOIN vehicle_driver AS T2 ON T1.Driver_ID = T2.Driver_ID JOIN vehicle AS T3 ON T2.Vehicle_ID = T3.Vehicle_ID WHERE T3.Model = 'DJ1'"
212,199,online_exams,online_exams,,,False,0,True,,llama3.1-8b,lexical,"SELECT Exam_Date FROM Exams WHERE Subject_Code LIKE ""%data%"" ORDER BY Exam_Date DESC","SELECT Exam_Date FROM Exams WHERE Subject_Code LIKE ""%data%"" ORDER BY Exam_Date DESC"
213,200,online_exams,online_exams,,,False,0,True,,llama3.1-8b,lexical,SELECT Exam_Date FROM Exams WHERE Subject_Code LIKE '%data%' ORDER BY Exam_Date DESC,SELECT Exam_Date FROM Exams WHERE Subject_Code LIKE '%data%' ORDER BY Exam_Date DESC
214,213,online_exams,online_exams,,,False,0,True,,llama3.1-8b,lexical,SELECT Assessment FROM Student_Answers AS t1 JOIN Student_Assessments AS t2 ON t1.Student_Answer_ID = t2.Student_Answer_ID GROUP BY Assessment ORDER BY COUNT(Assessment) ASC LIMIT 1,SELECT Assessment FROM Student_Answers AS t1 JOIN Student_Assessments AS t2 ON t1.Student_Answer_ID = t2.Student_Answer_ID GROUP BY Assessment ORDER BY COUNT(Assessment) ASC LIMIT 1
215,214,online_exams,online_exams,,,False,0,True,,llama3.1-8b,lexical,SELECT Assessment FROM Student_Assessments GROUP BY Assessment ORDER BY COUNT(*) ASC LIMIT 1,SELECT Assessment FROM Student_Assessments GROUP BY Assessment ORDER BY COUNT(*) ASC LIMIT 1
216,217,online_exams,online_exams,,,False,0,True,,llama3.1-8b,lexical,SELECT T1.Valid_Answer_Text FROM Valid_Answers AS T1 JOIN Student_Assessments AS T2 ON T1.Valid_Answer_ID = T2.Valid_Answer_ID GROUP BY T1.Valid_Answer_ID ORDER BY count(*) DESC LIMIT 1,SELECT T1.Valid_Answer_Text FROM Valid_Answers AS T1 JOIN Student_Assessments AS T2 ON T1.Valid_Answer_ID = T2.Valid_Answer_ID GROUP BY T1.Valid_Answer_ID ORDER BY count(*) DESC LIMIT 1
217,218,online_exams,online_exams,,,False,0,True,,llama3.1-8b,lexical,SELECT Valid_Answer_Text FROM Valid_Answers GROUP BY Valid_Answer_Text ORDER BY COUNT(*) DESC LIMIT 1,SELECT Valid_Answer_Text FROM Valid_Answers GROUP BY Valid_Answer_Text ORDER BY COUNT(*) DESC LIMIT 1
218,225,online_exams,online_exams,,,False,0,True,,llama3.1-8b,lexical,SELECT T1.First_Name FROM Students AS T1 WHERE T1.Student_ID NOT IN (SELECT Student_ID FROM Student_Answers),SELECT T1.First_Name FROM Students AS T1 WHERE T1.Student_ID NOT IN (SELECT Student_ID FROM Student_Answers)
219,226,online_exams,online_exams,,,False,0,True,,llama3.1-8b,lexical,SELECT First_Name FROM Students WHERE Student_ID NOT IN (SELECT Student_ID FROM Student_Answers),SELECT First_Name FROM Students WHERE Student_ID NOT IN (SELECT Student_ID FROM Student_Answers)
220,227,online_exams,online_exams,,,False,0,True,,llama3.1-8b,lexical,"SELECT Student_Answer_Text FROM Student_Answers WHERE Comments IN ('Normal', 'Absent')","SELECT Student_Answer_Text FROM Student_Answers WHERE Comments IN ('Normal', 'Absent')"
221,228,online_exams,online_exams,,,False,0,True,,llama3.1-8b,lexical,"SELECT Student_Answer_Text FROM Student_Answers WHERE Comments IN ('Normal', 'Absent')","SELECT Student_Answer_Text FROM Student_Answers WHERE Comments IN ('Normal', 'Absent')"
222,249,customers_and_orders,customers_and_orders,,,False,0,True,,llama3.1-8b,lexical,SELECT product_name FROM Products WHERE product_price > ( SELECT AVG(product_price) FROM Products ),SELECT product_name FROM Products WHERE product_price > ( SELECT AVG(product_price) FROM Products )
223,250,customers_and_orders,customers_and_orders,,,False,0,True,,llama3.1-8b,lexical,SELECT product_name FROM Products WHERE product_price > (SELECT avg(product_price) FROM Products),SELECT product_name FROM Products WHERE product_price > (SELECT avg(product_price) FROM Products)
224,253,customers_and_orders,customers_and_orders,,,False,0,True,,llama3.1-8b,lexical,SELECT product_name FROM Products WHERE product_price = ( SELECT MAX(product_price) FROM Products WHERE product_type_code = 'Clothes' ),SELECT product_name FROM Products WHERE product_price = ( SELECT MAX(product_price) FROM Products WHERE product_type_code = 'Clothes' )
225,254,customers_and_orders,customers_and_orders,,,False,0,True,,llama3.1-8b,lexical,"SELECT T2.product_name FROM Products AS T1 JOIN Products AS T2 ON T1.product_id = T2.product_id WHERE T1.product_type_code = ""Clothes"" AND T1.product_price = (SELECT max(product_price) FROM Products WHERE product_type_code = ""Clothes"")","SELECT T2.product_name FROM Products AS T1 JOIN Products AS T2 ON T1.product_id = T2.product_id WHERE T1.product_type_code = ""Clothes"" AND T1.product_price = (SELECT max(product_price) FROM Products WHERE product_type_code = ""Clothes"")"
226,255,customers_and_orders,customers_and_orders,,,False,0,True,,llama3.1-8b,lexical,"SELECT T1.product_id , T1.product_name FROM Products AS T1 WHERE T1.product_type_code = ""Hardware"" ORDER BY T1.product_price ASC LIMIT 1","SELECT T1.product_id , T1.product_name FROM Products AS T1 WHERE T1.product_type_code = ""Hardware"" ORDER BY T1.product_price ASC LIMIT 1"
227,256,customers_and_orders,customers_and_orders,,,False,0,True,,llama3.1-8b,lexical,"SELECT T1.product_id, T1.product_name FROM Products AS T1 JOIN Order_Items AS T2 ON T1.product_id = T2.product_id WHERE T1.product_type_code = 'Hardware' ORDER BY T1.product_price ASC LIMIT 1","SELECT T1.product_id, T1.product_name FROM Products AS T1 JOIN Order_Items AS T2 ON T1.product_id = T2.product_id WHERE T1.product_type_code = 'Hardware' ORDER BY T1.product_price ASC LIMIT 1"
228,267,customers_and_orders,customers_and_orders,,,False,0,True,,llama3.1-8b,lexical,SELECT product_type_code FROM Products GROUP BY product_type_code ORDER BY COUNT(*) DESC LIMIT 1,SELECT product_type_code FROM Products GROUP BY product_type_code ORDER BY COUNT(*) DESC LIMIT 1
229,268,customers_and_orders,customers_and_orders,,,False,0,True,,llama3.1-8b,lexical,SELECT product_type_code FROM Products GROUP BY product_type_code ORDER BY COUNT(product_type_code) DESC LIMIT 1,SELECT product_type_code FROM Products GROUP BY product_type_code ORDER BY COUNT(product_type_code) DESC LIMIT 1
230,277,customers_and_orders,customers_and_orders,,,False,0,True,,llama3.1-8b,lexical,SELECT payment_method_code FROM Customers GROUP BY payment_method_code ORDER BY COUNT(*) DESC LIMIT 1,SELECT payment_method_code FROM Customers GROUP BY payment_method_code ORDER BY COUNT(*) DESC LIMIT 1
231,278,customers_and_orders,customers_and_orders,,,False,0,True,,llama3.1-8b,lexical,SELECT payment_method_code FROM Customers GROUP BY payment_method_code ORDER BY COUNT(*) DESC LIMIT 1,SELECT payment_method_code FROM Customers GROUP BY payment_method_code ORDER BY COUNT(*) DESC LIMIT 1
232,279,customers_and_orders,customers_and_orders,,,False,0,True,,llama3.1-8b,lexical,SELECT T2.customer_name FROM Customers AS T1 INNER JOIN Customers AS T2 ON T1.payment_method_code = T2.payment_method_code GROUP BY T2.payment_method_code ORDER BY COUNT(T2.customer_name) ASC LIMIT 1,SELECT T2.customer_name FROM Customers AS T1 INNER JOIN Customers AS T2 ON T1.payment_method_code = T2.payment_method_code GROUP BY T2.payment_method_code ORDER BY COUNT(T2.customer_name) ASC LIMIT 1
233,280,customers_and_orders,customers_and_orders,,,False,0,True,,llama3.1-8b,lexical,SELECT customer_name FROM Customers GROUP BY payment_method_code ORDER BY COUNT(payment_method_code) LIMIT 1,SELECT customer_name FROM Customers GROUP BY payment_method_code ORDER BY COUNT(payment_method_code) LIMIT 1
234,287,customers_and_orders,customers_and_orders,,,False,0,True,,llama3.1-8b,lexical,SELECT product_type_code FROM Products GROUP BY product_type_code ORDER BY COUNT(product_type_code) LIMIT 1,SELECT product_type_code FROM Products GROUP BY product_type_code ORDER BY COUNT(product_type_code) LIMIT 1
235,288,customers_and_orders,customers_and_orders,,,False,0,True,,llama3.1-8b,lexical,SELECT product_type_code FROM Products GROUP BY product_type_code ORDER BY COUNT(product_type_code) ASC LIMIT 1,SELECT product_type_code FROM Products GROUP BY product_type_code ORDER BY COUNT(product_type_code) ASC LIMIT 1
236,299,customers_and_orders,customers_and_orders,,,False,0,True,,llama3.1-8b,lexical,SELECT T1.order_status_code FROM Customer_Orders AS T1 GROUP BY T1.order_status_code ORDER BY COUNT(*) DESC LIMIT 1,SELECT T1.order_status_code FROM Customer_Orders AS T1 GROUP BY T1.order_status_code ORDER BY COUNT(*) DESC LIMIT 1
237,300,customers_and_orders,customers_and_orders,,,False,1,True,,llama3.1-8b,lexical,SELECT T1.order_status_code FROM Customer_Orders AS T1 GROUP BY T1.order_status_code ORDER BY COUNT(*) DESC LIMIT 1,SELECT T1.order_status_code FROM Customer_Orders AS T1 GROUP BY T1.order_status_code ORDER BY COUNT(*) DESC LIMIT 1
238,303,customers_and_orders,customers_and_orders,,,False,0,True,,llama3.1-8b,lexical,SELECT T1.product_name FROM Products AS T1 LEFT JOIN Order_Items AS T2 ON T1.product_id = T2.product_id WHERE T2.product_id IS NULL,SELECT T1.product_name FROM Products AS T1 LEFT JOIN Order_Items AS T2 ON T1.product_id = T2.product_id WHERE T2.product_id IS NULL
239,304,customers_and_orders,customers_and_orders,,,False,0,True,,llama3.1-8b,lexical,SELECT product_name FROM Products WHERE product_id NOT IN (SELECT product_id FROM Order_Items),SELECT product_name FROM Products WHERE product_id NOT IN (SELECT product_id FROM Order_Items)
240,40,e_commerce,e_commerce,,,False,1,True,,llama3.1-8b,lexical,"SELECT T1.customer_id, T1.customer_first_name, T1.customer_last_name FROM Customers AS T1 JOIN Orders AS T2 ON T1.customer_id = T2.customer_id JOIN Order_Items AS T3 ON T2.order_id = T3.order_id GROUP BY T1.customer_id HAVING COUNT(T2.order_id) > 2 AND COUNT(T3.order_item_id) >= 3","SELECT T1.customer_id, T1.customer_first_name, T1.customer_last_name FROM Customers AS T1 JOIN Orders AS T2 ON T1.customer_id = T2.customer_id JOIN Order_Items AS T3 ON T2.order_id = T3.order_id GROUP BY T1.customer_id HAVING COUNT(T2.order_id) > 2 AND COUNT(T3.order_item_id) >= 3"
241,41,e_commerce,e_commerce,,,False,0,True,,llama3.1-8b,lexical,"SELECT T1.customer_id, T1.customer_first_name, T1.customer_last_name FROM Customers AS T1 JOIN Orders AS T2 ON T1.customer_id = T2.customer_id JOIN Order_Items AS T3 ON T2.order_id = T3.order_id GROUP BY T1.customer_id HAVING COUNT(T3.order_item_id) > 2 AND COUNT(DISTINCT T3.order_item_id) >= 3","SELECT T1.customer_id, T1.customer_first_name, T1.customer_last_name FROM Customers AS T1 JOIN Orders AS T2 ON T1.customer_id = T2.customer_id JOIN Order_Items AS T3 ON T2.order_id = T3.order_id GROUP BY T1.customer_id HAVING COUNT(T3.order_item_id) > 2 AND COUNT(DISTINCT T3.order_item_id) >= 3"
242,46,e_commerce,e_commerce,,,False,0,True,,llama3.1-8b,lexical,"SELECT customer_first_name , customer_middle_initial , customer_last_name FROM Customers WHERE customer_id NOT IN (SELECT customer_id FROM Orders)","SELECT customer_first_name , customer_middle_initial , customer_last_name FROM Customers WHERE customer_id NOT IN (SELECT customer_id FROM Orders)"
243,47,e_commerce,e_commerce,,,False,0,True,,llama3.1-8b,lexical,"SELECT customer_first_name, customer_middle_initial, customer_last_name FROM Customers WHERE customer_id NOT IN (SELECT customer_id FROM Orders)","SELECT customer_first_name, customer_middle_initial, customer_last_name FROM Customers WHERE customer_id NOT IN (SELECT customer_id FROM Orders)"
244,48,e_commerce,e_commerce,,,False,0,True,,llama3.1-8b,lexical,"SELECT T1.product_id , T1.product_name , T1.product_price , T1.product_color FROM Products AS T1 LEFT JOIN Order_Items AS T2 ON T1.product_id = T2.product_id GROUP BY T1.product_id HAVING COUNT(T2.order_id) < 2","SELECT T1.product_id , T1.product_name , T1.product_price , T1.product_color FROM Products AS T1 LEFT JOIN Order_Items AS T2 ON T1.product_id = T2.product_id GROUP BY T1.product_id HAVING COUNT(T2.order_id) < 2"
245,52,e_commerce,e_commerce,,,False,0,True,,llama3.1-8b,lexical,"SELECT T1.product_id , T1.product_name , T1.product_price FROM Products AS T1 JOIN Order_Items AS T2 ON T1.product_id = T2.product_id GROUP BY T1.product_id ORDER BY COUNT(T2.order_id) DESC LIMIT 1","SELECT T1.product_id , T1.product_name , T1.product_price FROM Products AS T1 JOIN Order_Items AS T2 ON T1.product_id = T2.product_id GROUP BY T1.product_id ORDER BY COUNT(T2.order_id) DESC LIMIT 1"
246,53,e_commerce,e_commerce,,,False,0,True,,llama3.1-8b,lexical,"SELECT T1.product_id , T1.product_name , T1.product_price FROM Products AS T1 JOIN ( SELECT parent_product_id , COUNT(*) as count FROM Products GROUP BY parent_product_id ORDER BY count DESC LIMIT 1 ) AS T2 ON T1.parent_product_id = T2.parent_product_id","SELECT T1.product_id , T1.product_name , T1.product_price FROM Products AS T1 JOIN ( SELECT parent_product_id , COUNT(*) as count FROM Products GROUP BY parent_product_id ORDER BY count DESC LIMIT 1 ) AS T2 ON T1.parent_product_id = T2.parent_product_id"
247,54,e_commerce,e_commerce,,,False,2,True,,llama3.1-8b,lexical,"SELECT T1.order_id , SUM(T3.product_price) FROM Orders AS T1 JOIN Order_Items AS T2 ON T1.order_id = T2.order_id JOIN Products AS T3 ON T2.product_id = T3.product_id GROUP BY T1.order_id ORDER BY SUM(T3.product_price) ASC LIMIT 1","SELECT T1.order_id , SUM(T3.product_price) FROM Orders AS T1 JOIN Order_Items AS T2 ON T1.order_id = T2.order_id JOIN Products AS T3 ON T2.product_id = T3.product_id GROUP BY T1.order_id ORDER BY SUM(T3.product_price) ASC LIMIT 1"
248,55,e_commerce,e_commerce,,,False,0,True,,llama3.1-8b,lexical,"SELECT T1.order_id, SUM(T2.product_id) FROM Orders AS T1 JOIN Order_Items AS T2 ON T1.order_id = T2.order_id GROUP BY T1.order_id ORDER BY SUM(T2.product_id) ASC LIMIT 1","SELECT T1.order_id, SUM(T2.product_id) FROM Orders AS T1 JOIN Order_Items AS T2 ON T1.order_id = T2.order_id GROUP BY T1.order_id ORDER BY SUM(T2.product_id) ASC LIMIT 1"
249,72,e_commerce,e_commerce,,,False,0,True,,llama3.1-8b,lexical,"SELECT DISTINCT T1.product_name, T1.product_price, T1.product_description FROM Products AS T1 JOIN Customers AS T2 ON T1.product_id = T2.customer_id WHERE T2.gender_code = 'F'","SELECT DISTINCT T1.product_name, T1.product_price, T1.product_description FROM Products AS T1 JOIN Customers AS T2 ON T1.product_id = T2.customer_id WHERE T2.gender_code = 'F'"
250,73,e_commerce,e_commerce,,,False,0,True,,llama3.1-8b,lexical,"SELECT T1.product_name, T1.product_price, T1.product_description FROM Products AS T1 JOIN Customers AS T2 ON T1.product_id = T2.customer_id WHERE T2.gender_code = 'F'","SELECT T1.product_name, T1.product_price, T1.product_description FROM Products AS T1 JOIN Customers AS T2 ON T1.product_id = T2.customer_id WHERE T2.gender_code = 'F'"
251,88,e_commerce,e_commerce,,,False,0,True,,llama3.1-8b,lexical,"SELECT product_price , product_size FROM Products WHERE product_price > ( SELECT AVG(product_price) FROM Products )","SELECT product_price , product_size FROM Products WHERE product_price > ( SELECT AVG(product_price) FROM Products )"
252,89,e_commerce,e_commerce,,,False,0,True,,llama3.1-8b,lexical,"SELECT product_price, product_size FROM Products WHERE product_price > ( SELECT AVG(product_price) FROM Products )","SELECT product_price, product_size FROM Products WHERE product_price > ( SELECT AVG(product_price) FROM Products )"
253,90,e_commerce,e_commerce,,,False,0,True,,llama3.1-8b,lexical,SELECT COUNT(*) FROM Products WHERE product_id NOT IN (SELECT parent_product_id FROM Products),SELECT COUNT(*) FROM Products WHERE product_id NOT IN (SELECT parent_product_id FROM Products)
254,91,e_commerce,e_commerce,,,False,0,True,,llama3.1-8b,lexical,SELECT COUNT(*) FROM Products WHERE product_id NOT IN (SELECT product_id FROM Order_Items),SELECT COUNT(*) FROM Products WHERE product_id NOT IN (SELECT product_id FROM Order_Items)
255,92,e_commerce,e_commerce,,,False,0,True,,llama3.1-8b,lexical,SELECT COUNT(T1.customer_id) FROM Customers AS T1 LEFT JOIN Customer_Payment_Methods AS T2 ON T1.customer_id = T2.customer_id WHERE T2.customer_id IS NULL,SELECT COUNT(T1.customer_id) FROM Customers AS T1 LEFT JOIN Customer_Payment_Methods AS T2 ON T1.customer_id = T2.customer_id WHERE T2.customer_id IS NULL
256,93,e_commerce,e_commerce,,,False,0,True,,llama3.1-8b,lexical,SELECT COUNT(T1.customer_id) FROM Customers AS T1 LEFT JOIN Customer_Payment_Methods AS T2 ON T1.customer_id = T2.customer_id WHERE T2.customer_id IS NULL,SELECT COUNT(T1.customer_id) FROM Customers AS T1 LEFT JOIN Customer_Payment_Methods AS T2 ON T1.customer_id = T2.customer_id WHERE T2.customer_id IS NULL
257,106,e_commerce,e_commerce,,,False,0,True,,llama3.1-8b,lexical,"SELECT email_address, town_city, county FROM Customers GROUP BY gender_code ORDER BY COUNT(gender_code) LIMIT 1","SELECT email_address, town_city, county FROM Customers GROUP BY gender_code ORDER BY COUNT(gender_code) LIMIT 1"
258,107,e_commerce,e_commerce,,,False,3,False,,llama3.1-8b,lexical,"SELECT T1.email_address, T1.town_city, T1.county FROM Customers AS T1 JOIN (SELECT gender_code, COUNT(order_id) AS order_count FROM Orders GROUP BY gender_code) AS T2 ON T1.gender_code = T2.gender_code WHERE T2.order_count = (SELECT MIN(order_count) FROM (SELECT gender_code, COUNT(order_id) AS order_count FROM Orders GROUP BY gender_code))","SELECT T1.email_address, T1.town_city, T1.county FROM Customers AS T1 JOIN (SELECT gender_code, COUNT(order_id) AS order_count FROM Orders GROUP BY gender_code) AS T2 ON T1.gender_code = T2.gender_code WHERE T2.order_count = (SELECT MIN(order_count) FROM (SELECT gender_code, COUNT(order_id) AS order_count FROM Orders GROUP BY gender_code))"
259,118,e_commerce,e_commerce,,,False,0,True,,llama3.1-8b,lexical,"SELECT product_color , product_description , product_size FROM Products WHERE product_price < ( SELECT MAX(product_price) FROM Products )","SELECT product_color , product_description , product_size FROM Products WHERE product_price < ( SELECT MAX(product_price) FROM Products )"
260,119,e_commerce,e_commerce,,,False,0,True,,llama3.1-8b,lexical,"SELECT product_color , product_description , product_size FROM Products WHERE product_price < ( SELECT MAX(product_price) FROM Products )","SELECT product_color , product_description , product_size FROM Products WHERE product_price < ( SELECT MAX(product_price) FROM Products )"
261,125,bbc_channels,bbc_channels,,,False,0,True,,llama3.1-8b,lexical,"SELECT T1.Name , count(*) FROM director AS T1 JOIN program AS T2 ON T1.Director_ID = T2.Director_ID GROUP BY T1.Name ORDER BY count(*) DESC LIMIT 1","SELECT T1.Name , count(*) FROM director AS T1 JOIN program AS T2 ON T1.Director_ID = T2.Director_ID GROUP BY T1.Name ORDER BY count(*) DESC LIMIT 1"
262,126,bbc_channels,bbc_channels,,,False,0,True,,llama3.1-8b,lexical,"SELECT T1.Name, T1.Age FROM director AS T1 JOIN program AS T2 ON T1.Director_ID = T2.Director_ID JOIN director_admin AS T3 ON T1.Director_ID = T3.Director_ID JOIN channel AS T4 ON T3.Channel_ID = T4.Channel_ID GROUP BY T1.Director_ID ORDER BY COUNT(T2.Program_ID) DESC LIMIT 1","SELECT T1.Name, T1.Age FROM director AS T1 JOIN program AS T2 ON T1.Director_ID = T2.Director_ID JOIN director_admin AS T3 ON T1.Director_ID = T3.Director_ID JOIN channel AS T4 ON T3.Channel_ID = T4.Channel_ID GROUP BY T1.Director_ID ORDER BY COUNT(T2.Program_ID) DESC LIMIT 1"
263,130,bbc_channels,bbc_channels,,,False,0,True,,llama3.1-8b,lexical,SELECT COUNT(*) FROM channel WHERE Channel_ID NOT IN (SELECT Channel_ID FROM program),SELECT COUNT(*) FROM channel WHERE Channel_ID NOT IN (SELECT Channel_ID FROM program)
264,132,bbc_channels,bbc_channels,,,False,0,True,,llama3.1-8b,lexical,"SELECT T1.Name, T1.Internet FROM channel AS T1 JOIN director_admin AS T2 ON T1.Channel_ID = T2.Channel_ID GROUP BY T1.Channel_ID ORDER BY COUNT(T2.Director_ID) DESC LIMIT 1","SELECT T1.Name, T1.Internet FROM channel AS T1 JOIN director_admin AS T2 ON T1.Channel_ID = T2.Channel_ID GROUP BY T1.Channel_ID ORDER BY COUNT(T2.Director_ID) DESC LIMIT 1"
265,134,bbc_channels,bbc_channels,,,False,0,True,,llama3.1-8b,lexical,SELECT T1.Name FROM channel AS T1 JOIN director_admin AS T2 ON T1.Channel_ID = T2.Channel_ID JOIN director AS T3 ON T2.Director_ID = T3.Director_ID WHERE T3.Age < 40 AND T3.Age > 60,SELECT T1.Name FROM channel AS T1 JOIN director_admin AS T2 ON T1.Channel_ID = T2.Channel_ID JOIN director AS T3 ON T2.Director_ID = T3.Director_ID WHERE T3.Age < 40 AND T3.Age > 60
266,181,vehicle_driver,vehicle_driver,,,False,0,True,,llama3.1-8b,lexical,"SELECT T1.Vehicle_ID, T1.Model FROM vehicle AS T1 JOIN vehicle_driver AS T2 ON T1.Vehicle_ID = T2.Vehicle_ID WHERE T2.Driver_ID IN (SELECT Driver_ID FROM driver WHERE Name = 'Jeff Gordon') OR T2.Driver_ID IN (SELECT Driver_ID FROM driver GROUP BY Driver_ID HAVING COUNT(DISTINCT Driver_ID) > 2)","SELECT T1.Vehicle_ID, T1.Model FROM vehicle AS T1 JOIN vehicle_driver AS T2 ON T1.Vehicle_ID = T2.Vehicle_ID WHERE T2.Driver_ID IN (SELECT Driver_ID FROM driver WHERE Name = 'Jeff Gordon') OR T2.Driver_ID IN (SELECT Driver_ID FROM driver GROUP BY Driver_ID HAVING COUNT(DISTINCT Driver_ID) > 2)"
267,182,vehicle_driver,vehicle_driver,,,False,0,True,,llama3.1-8b,lexical,"SELECT T1.Vehicle_ID, T1.Model FROM vehicle AS T1 JOIN vehicle_driver AS T2 ON T1.Vehicle_ID = T2.Vehicle_ID WHERE T2.Driver_ID IN (SELECT Driver_ID FROM driver WHERE Name = 'Jeff Gordon') OR T2.Driver_ID IN (SELECT Driver_ID FROM driver GROUP BY Driver_ID HAVING COUNT(*) > 2)","SELECT T1.Vehicle_ID, T1.Model FROM vehicle AS T1 JOIN vehicle_driver AS T2 ON T1.Vehicle_ID = T2.Vehicle_ID WHERE T2.Driver_ID IN (SELECT Driver_ID FROM driver WHERE Name = 'Jeff Gordon') OR T2.Driver_ID IN (SELECT Driver_ID FROM driver GROUP BY Driver_ID HAVING COUNT(*) > 2)"
268,191,vehicle_driver,vehicle_driver,,,False,0,True,,llama3.1-8b,lexical,SELECT COUNT(DISTINCT Driver_ID) FROM driver WHERE Driver_ID NOT IN (SELECT Driver_ID FROM vehicle_driver),SELECT COUNT(DISTINCT Driver_ID) FROM driver WHERE Driver_ID NOT IN (SELECT Driver_ID FROM vehicle_driver)
269,192,vehicle_driver,vehicle_driver,,,False,0,True,,llama3.1-8b,lexical,SELECT COUNT(DISTINCT T1.Driver_ID) FROM driver AS T1 LEFT JOIN vehicle_driver AS T2 ON T1.Driver_ID = T2.Driver_ID WHERE T2.Driver_ID IS NULL,SELECT COUNT(DISTINCT T1.Driver_ID) FROM driver AS T1 LEFT JOIN vehicle_driver AS T2 ON T1.Driver_ID = T2.Driver_ID WHERE T2.Driver_ID IS NULL
270,251,customers_and_orders,customers_and_orders,,,False,0,True,,llama3.1-8b,lexical,SELECT product_name FROM Products WHERE product_price > (SELECT AVG(product_price) FROM Products WHERE product_type_code = 'hardware'),SELECT product_name FROM Products WHERE product_price > (SELECT AVG(product_price) FROM Products WHERE product_type_code = 'hardware')
271,252,customers_and_orders,customers_and_orders,,,False,1,True,,llama3.1-8b,lexical,SELECT T2.product_name FROM Products AS T1 JOIN Products AS T2 ON T1.product_type_code = T2.product_type_code WHERE T2.product_price > ( SELECT AVG(product_price) FROM Products WHERE product_type_code = 'Hardware' ),SELECT T2.product_name FROM Products AS T1 JOIN Products AS T2 ON T1.product_type_code = T2.product_type_code WHERE T2.product_price > ( SELECT AVG(product_price) FROM Products WHERE product_type_code = 'Hardware' )
272,295,customers_and_orders,customers_and_orders,,,False,0,True,,llama3.1-8b,lexical,"SELECT T1.customer_id , T1.customer_name , T1.customer_phone , T1.customer_email FROM Customers AS T1 JOIN Customer_Orders AS T2 ON T1.customer_id = T2.customer_id GROUP BY T1.customer_id ORDER BY COUNT(T2.order_id) DESC LIMIT 1","SELECT T1.customer_id , T1.customer_name , T1.customer_phone , T1.customer_email FROM Customers AS T1 JOIN Customer_Orders AS T2 ON T1.customer_id = T2.customer_id GROUP BY T1.customer_id ORDER BY COUNT(T2.order_id) DESC LIMIT 1"
273,296,customers_and_orders,customers_and_orders,,,False,0,True,,llama3.1-8b,lexical,"SELECT T1.customer_id, T1.customer_name, T1.customer_phone, T1.customer_email FROM Customers AS T1 JOIN Customer_Orders AS T2 ON T1.customer_id = T2.customer_id GROUP BY T1.customer_id ORDER BY count(*) DESC LIMIT 1","SELECT T1.customer_id, T1.customer_name, T1.customer_phone, T1.customer_email FROM Customers AS T1 JOIN Customer_Orders AS T2 ON T1.customer_id = T2.customer_id GROUP BY T1.customer_id ORDER BY count(*) DESC LIMIT 1"
274,301,customers_and_orders,customers_and_orders,,,False,0,True,,llama3.1-8b,lexical,SELECT COUNT(T1.customer_id) FROM Customers AS T1 LEFT JOIN Customer_Orders AS T2 ON T1.customer_id = T2.customer_id WHERE T2.customer_id IS NULL,SELECT COUNT(T1.customer_id) FROM Customers AS T1 LEFT JOIN Customer_Orders AS T2 ON T1.customer_id = T2.customer_id WHERE T2.customer_id IS NULL
275,302,customers_and_orders,customers_and_orders,,,False,0,True,,llama3.1-8b,lexical,SELECT count(*) FROM Customers WHERE customer_id NOT IN (SELECT customer_id FROM Customer_Orders),SELECT count(*) FROM Customers WHERE customer_id NOT IN (SELECT customer_id FROM Customer_Orders)
276,313,customers_and_orders,customers_and_orders,,,False,0,True,,llama3.1-8b,lexical,"SELECT T1.order_date, T1.order_id FROM Customer_Orders AS T1 JOIN Order_Items AS T2 ON T1.order_id = T2.order_id WHERE T2.order_quantity > 6 OR T2.order_quantity > 3","SELECT T1.order_date, T1.order_id FROM Customer_Orders AS T1 JOIN Order_Items AS T2 ON T1.order_id = T2.order_id WHERE T2.order_quantity > 6 OR T2.order_quantity > 3"
277,314,customers_and_orders,customers_and_orders,,,False,0,True,,llama3.1-8b,lexical,"SELECT T1.order_id , T1.order_date FROM Customer_Orders AS T1 JOIN Order_Items AS T2 ON T1.order_id = T2.order_id WHERE T2.order_quantity > '6' OR T2.order_id IN (SELECT order_id FROM Order_Items GROUP BY order_id HAVING COUNT(*) > 3)","SELECT T1.order_id , T1.order_date FROM Customer_Orders AS T1 JOIN Order_Items AS T2 ON T1.order_id = T2.order_id WHERE T2.order_quantity > '6' OR T2.order_id IN (SELECT order_id FROM Order_Items GROUP BY order_id HAVING COUNT(*) > 3)"
278,337,region_building,region_building,,,False,1,True,,llama3.1-8b,lexical,SELECT T1.Capital FROM region AS T1 JOIN building AS T2 ON T1.Region_ID = T2.Region_ID GROUP BY T1.Region_ID ORDER BY COUNT(T2.Building_ID) DESC LIMIT 1,SELECT T1.Capital FROM region AS T1 JOIN building AS T2 ON T1.Region_ID = T2.Region_ID GROUP BY T1.Region_ID ORDER BY COUNT(T2.Building_ID) DESC LIMIT 1
279,338,region_building,region_building,,,False,3,False,,llama3.1-8b,lexical,"SELECT T1.Name, T2.Capital FROM region AS T1 JOIN building AS T2 ON T1.Region_ID = T2.Region_ID GROUP BY T1.Region_ID ORDER BY COUNT(T2.Building_ID) DESC LIMIT 1","SELECT T1.Name, T2.Capital FROM region AS T1 JOIN building AS T2 ON T1.Region_ID = T2.Region_ID GROUP BY T1.Region_ID ORDER BY COUNT(T2.Building_ID) DESC LIMIT 1"
280,365,government_shift,government_shift,,,False,0,True,,llama3.1-8b,lexical,"SELECT T1.Customer_ID, T1.Customer_Details FROM Customers AS T1 JOIN Customers_and_Services AS T2 ON T1.Customer_ID = T2.Customer_ID JOIN Services AS T3 ON T2.Service_ID = T3.Service_ID GROUP BY T1.Customer_ID ORDER BY COUNT(T2.Customers_and_Services_ID) DESC LIMIT 1","SELECT T1.Customer_ID, T1.Customer_Details FROM Customers AS T1 JOIN Customers_and_Services AS T2 ON T1.Customer_ID = T2.Customer_ID JOIN Services AS T3 ON T2.Service_ID = T3.Service_ID GROUP BY T1.Customer_ID ORDER BY COUNT(T2.Customers_and_Services_ID) DESC LIMIT 1"
281,366,government_shift,government_shift,,,False,0,True,,llama3.1-8b,lexical,SELECT T1.Customer_Details FROM Customers AS T1 JOIN Customers_and_Services AS T2 ON T1.Customer_ID = T2.Customer_ID GROUP BY T1.Customer_ID ORDER BY COUNT(T2.Customers_and_Services_ID) DESC LIMIT 1,SELECT T1.Customer_Details FROM Customers AS T1 JOIN Customers_and_Services AS T2 ON T1.Customer_ID = T2.Customer_ID GROUP BY T1.Customer_ID ORDER BY COUNT(T2.Customers_and_Services_ID) DESC LIMIT 1
282,367,government_shift,government_shift,,,False,0,True,,llama3.1-8b,lexical,SELECT T1.Customer_Details FROM Customers AS T1 JOIN Customers_and_Services AS T2 ON T1.Customer_ID = T2.Customer_ID GROUP BY T1.Customer_ID ORDER BY COUNT(DISTINCT T2.Service_ID) DESC LIMIT 1,SELECT T1.Customer_Details FROM Customers AS T1 JOIN Customers_and_Services AS T2 ON T1.Customer_ID = T2.Customer_ID GROUP BY T1.Customer_ID ORDER BY COUNT(DISTINCT T2.Service_ID) DESC LIMIT 1
283,368,government_shift,government_shift,,,False,0,True,,llama3.1-8b,lexical,SELECT T1.Customer_Details FROM Customers AS T1 JOIN Customers_and_Services AS T2 ON T1.Customer_ID = T2.Customer_ID GROUP BY T1.Customer_ID ORDER BY COUNT(DISTINCT T2.Service_ID) DESC LIMIT 1,SELECT T1.Customer_Details FROM Customers AS T1 JOIN Customers_and_Services AS T2 ON T1.Customer_ID = T2.Customer_ID GROUP BY T1.Customer_ID ORDER BY COUNT(DISTINCT T2.Service_ID) DESC LIMIT 1
284,371,government_shift,government_shift,,,False,1,True,,llama3.1-8b,lexical,SELECT T1.Customer_Details FROM Customers AS T1 JOIN Customers_and_Services AS T2 ON T1.Customer_ID = T2.Customer_ID JOIN Services AS T3 ON T2.Service_ID = T3.Service_ID WHERE T3.Service_ID = ( SELECT Service_ID FROM Services GROUP BY Service_ID ORDER BY COUNT(*) ASC LIMIT 1 ),SELECT T1.Customer_Details FROM Customers AS T1 JOIN Customers_and_Services AS T2 ON T1.Customer_ID = T2.Customer_ID JOIN Services AS T3 ON T2.Service_ID = T3.Service_ID WHERE T3.Service_ID = ( SELECT Service_ID FROM Services GROUP BY Service_ID ORDER BY COUNT(*) ASC LIMIT 1 )
285,372,government_shift,government_shift,,,False,1,True,,llama3.1-8b,lexical,"SELECT DISTINCT T2.Customer_ID, T1.Customer_Details FROM Customers AS T1 JOIN Customers_and_Services AS T2 ON T1.Customer_ID = T2.Customer_ID WHERE T2.Service_ID = (SELECT Service_ID FROM Services GROUP BY Service_ID ORDER BY COUNT(*) LIMIT 1)","SELECT DISTINCT T2.Customer_ID, T1.Customer_Details FROM Customers AS T1 JOIN Customers_and_Services AS T2 ON T1.Customer_ID = T2.Customer_ID WHERE T2.Service_ID = (SELECT Service_ID FROM Services GROUP BY Service_ID ORDER BY COUNT(*) LIMIT 1)"
286,377,government_shift,government_shift,,,False,1,True,,llama3.1-8b,lexical,"SELECT T1.Service_ID, T1.Service_Details FROM Services AS T1 WHERE T1.Service_ID IN (SELECT T3.Service_ID FROM Customer_Interactions AS T2 JOIN Services AS T3 ON T2.Service_ID = T3.Service_ID WHERE T2.Status_Code = 'good') OR T1.Service_ID IN (SELECT T2.Service_ID FROM Customers_and_Services AS T2 JOIN Customers AS T3 ON T2.Customer_ID = T3.Customer_ID WHERE T3.Customer_Details = 'Hardy Kutch')","SELECT T1.Service_ID, T1.Service_Details FROM Services AS T1 WHERE T1.Service_ID IN (SELECT T3.Service_ID FROM Customer_Interactions AS T2 JOIN Services AS T3 ON T2.Service_ID = T3.Service_ID WHERE T2.Status_Code = 'good') OR T1.Service_ID IN (SELECT T2.Service_ID FROM Customers_and_Services AS T2 JOIN Customers AS T3 ON T2.Customer_ID = T3.Customer_ID WHERE T3.Customer_Details = 'Hardy Kutch')"
287,378,government_shift,government_shift,,,False,0,True,,llama3.1-8b,lexical,SELECT T1.Service_Details FROM Services AS T1 JOIN Customers_and_Services AS T2 ON T1.Service_ID = T2.Service_ID WHERE T2.Customer_ID IN (SELECT Customer_ID FROM Customers WHERE Customer_Details = 'Hardy Kutch') INTERSECT SELECT T1.Service_Details FROM Services AS T1 JOIN Customer_Interactions AS T2 ON T1.Service_ID = T2.Service_ID WHERE T2.Status_Code = 'good',SELECT T1.Service_Details FROM Services AS T1 JOIN Customers_and_Services AS T2 ON T1.Service_ID = T2.Service_ID WHERE T2.Customer_ID IN (SELECT Customer_ID FROM Customers WHERE Customer_Details = 'Hardy Kutch') INTERSECT SELECT T1.Service_Details FROM Services AS T1 JOIN Customer_Interactions AS T2 ON T1.Service_ID = T2.Service_ID WHERE T2.Status_Code = 'good'
288,379,government_shift,government_shift,,,False,0,True,,llama3.1-8b,lexical,"SELECT T1.Service_ID, T1.Service_Details FROM Services AS T1 JOIN Customers_and_Services AS T2 ON T1.Service_ID = T2.Service_ID JOIN Customer_Interactions AS T3 ON T2.Customer_ID = T3.Customer_ID WHERE T3.Status_Code = 'bad' AND T2.Customer_ID IN (SELECT Customer_ID FROM Customers WHERE Customer_Details = 'Hardy Kutch')","SELECT T1.Service_ID, T1.Service_Details FROM Services AS T1 JOIN Customers_and_Services AS T2 ON T1.Service_ID = T2.Service_ID JOIN Customer_Interactions AS T3 ON T2.Customer_ID = T3.Customer_ID WHERE T3.Status_Code = 'bad' AND T2.Customer_ID IN (SELECT Customer_ID FROM Customers WHERE Customer_Details = 'Hardy Kutch')"
289,380,government_shift,government_shift,,,False,0,True,,llama3.1-8b,lexical,SELECT T1.Service_Details FROM Services AS T1 JOIN Customers_and_Services AS T2 ON T1.Service_ID = T2.Service_ID JOIN Customer_Interactions AS T3 ON T2.Customer_ID = T3.Customer_ID WHERE T3.Status_Code = 'bad' AND T2.Customer_ID IN (SELECT Customer_ID FROM Customers WHERE Customer_Details = 'Hardy Kutch'),SELECT T1.Service_Details FROM Services AS T1 JOIN Customers_and_Services AS T2 ON T1.Service_ID = T2.Service_ID JOIN Customer_Interactions AS T3 ON T2.Customer_ID = T3.Customer_ID WHERE T3.Status_Code = 'bad' AND T2.Customer_ID IN (SELECT Customer_ID FROM Customers WHERE Customer_Details = 'Hardy Kutch')
290,401,vehicle_rent,vehicle_rent,,,False,0,True,,llama3.1-8b,lexical,"SELECT name , Type_of_powertrain , Annual_fuel_cost FROM Vehicles WHERE Model_year = 2013 OR Model_year = 2014","SELECT name , Type_of_powertrain , Annual_fuel_cost FROM Vehicles WHERE Model_year = 2013 OR Model_year = 2014"
291,402,vehicle_rent,vehicle_rent,,,False,0,True,,llama3.1-8b,lexical,"SELECT T1.name , T1.Type_of_powertrain , T1.Annual_fuel_cost FROM Vehicles AS T1 WHERE T1.Model_year = 2013 OR T1.Model_year = 2014","SELECT T1.name , T1.Type_of_powertrain , T1.Annual_fuel_cost FROM Vehicles AS T1 WHERE T1.Model_year = 2013 OR T1.Model_year = 2014"
292,429,vehicle_rent,vehicle_rent,,,False,0,True,,llama3.1-8b,lexical,"SELECT T1.name, T1.Model_year FROM Vehicles AS T1 JOIN Renting_history AS T2 ON T1.id = T2.vehicles_id GROUP BY T1.id ORDER BY COUNT(T2.id) DESC LIMIT 1","SELECT T1.name, T1.Model_year FROM Vehicles AS T1 JOIN Renting_history AS T2 ON T1.id = T2.vehicles_id GROUP BY T1.id ORDER BY COUNT(T2.id) DESC LIMIT 1"
293,430,vehicle_rent,vehicle_rent,,,False,0,True,,llama3.1-8b,lexical,"SELECT T1.name, T1.Model_year FROM Vehicles AS T1 JOIN Renting_history AS T2 ON T1.id = T2.vehicles_id GROUP BY T1.id ORDER BY COUNT(T2.id) DESC LIMIT 1","SELECT T1.name, T1.Model_year FROM Vehicles AS T1 JOIN Renting_history AS T2 ON T1.id = T2.vehicles_id GROUP BY T1.id ORDER BY COUNT(T2.id) DESC LIMIT 1"
294,433,vehicle_rent,vehicle_rent,,,False,0,True,,llama3.1-8b,lexical,SELECT T1.name FROM Discount AS T1 JOIN Renting_history AS T2 ON T1.id = T2.discount_id GROUP BY T1.id ORDER BY COUNT(T2.id) DESC LIMIT 1,SELECT T1.name FROM Discount AS T1 JOIN Renting_history AS T2 ON T1.id = T2.discount_id GROUP BY T1.id ORDER BY COUNT(T2.id) DESC LIMIT 1
295,434,vehicle_rent,vehicle_rent,,,False,0,True,,llama3.1-8b,lexical,SELECT T1.name FROM Discount AS T1 JOIN Renting_history AS T2 ON T1.id = T2.discount_id GROUP BY T1.id ORDER BY COUNT(T2.id) DESC LIMIT 1,SELECT T1.name FROM Discount AS T1 JOIN Renting_history AS T2 ON T1.id = T2.discount_id GROUP BY T1.id ORDER BY COUNT(T2.id) DESC LIMIT 1
296,441,cre_Students_Information_Systems,cre_Students_Information_Systems,,,False,0,True,,llama3.1-8b,lexical,"SELECT T1.bio_data , T1.student_id FROM Students AS T1 JOIN Classes AS T2 ON T1.student_id = T2.student_id GROUP BY T1.student_id HAVING COUNT(T2.class_id) >= 2 INTERSECT SELECT T1.bio_data , T1.student_id FROM Students AS T1 JOIN Detention AS T2 ON T1.student_id = T2.student_id GROUP BY T1.student_id HAVING COUNT(T2.detention_id) < 2","SELECT T1.bio_data , T1.student_id FROM Students AS T1 JOIN Classes AS T2 ON T1.student_id = T2.student_id GROUP BY T1.student_id HAVING COUNT(T2.class_id) >= 2 INTERSECT SELECT T1.bio_data , T1.student_id FROM Students AS T1 JOIN Detention AS T2 ON T1.student_id = T2.student_id GROUP BY T1.student_id HAVING COUNT(T2.detention_id) < 2"
297,442,cre_Students_Information_Systems,cre_Students_Information_Systems,,,False,0,True,,llama3.1-8b,lexical,"SELECT T1.bio_data , T1.student_id FROM Students AS T1 JOIN Classes AS T2 ON T1.student_id = T2.student_id GROUP BY T1.student_id HAVING COUNT(T2.class_id) >= 2 INTERSECT SELECT T1.bio_data , T1.student_id FROM Students AS T1 LEFT JOIN Detention AS T3 ON T1.student_id = T3.student_id GROUP BY T1.student_id HAVING COUNT(T3.detention_id) < 2","SELECT T1.bio_data , T1.student_id FROM Students AS T1 JOIN Classes AS T2 ON T1.student_id = T2.student_id GROUP BY T1.student_id HAVING COUNT(T2.class_id) >= 2 INTERSECT SELECT T1.bio_data , T1.student_id FROM Students AS T1 LEFT JOIN Detention AS T3 ON T1.student_id = T3.student_id GROUP BY T1.student_id HAVING COUNT(T3.detention_id) < 2"
298,443,cre_Students_Information_Systems,cre_Students_Information_Systems,,,False,0,True,,llama3.1-8b,lexical,SELECT T2.teacher_details FROM Classes AS T1 JOIN Teachers AS T2 ON T1.teacher_id = T2.teacher_id JOIN Classes AS T3 ON T2.teacher_id = T3.teacher_id WHERE T1.class_details LIKE '%data%' AND T3.class_details NOT LIKE 'net%',SELECT T2.teacher_details FROM Classes AS T1 JOIN Teachers AS T2 ON T1.teacher_id = T2.teacher_id JOIN Classes AS T3 ON T2.teacher_id = T3.teacher_id WHERE T1.class_details LIKE '%data%' AND T3.class_details NOT LIKE 'net%'
299,444,cre_Students_Information_Systems,cre_Students_Information_Systems,,,False,1,True,,llama3.1-8b,lexical,SELECT teacher_details FROM Teachers WHERE teacher_id NOT IN (SELECT teacher_id FROM Classes WHERE class_details LIKE '%net%' INTERSECT SELECT teacher_id FROM Classes WHERE class_details LIKE '%data%'),SELECT teacher_details FROM Teachers WHERE teacher_id NOT IN (SELECT teacher_id FROM Classes WHERE class_details LIKE '%net%' INTERSECT SELECT teacher_id FROM Classes WHERE class_details LIKE '%data%')
300,447,cre_Students_Information_Systems,cre_Students_Information_Systems,,,False,0,True,,llama3.1-8b,lexical,"SELECT T1.amount_of_loan , T1.date_of_loan FROM Student_Loans AS T1 JOIN Students AS T2 ON T1.student_id = T2.student_id JOIN Achievements AS T3 ON T2.student_id = T3.student_id GROUP BY T2.student_id HAVING Count(*) >= 2","SELECT T1.amount_of_loan , T1.date_of_loan FROM Student_Loans AS T1 JOIN Students AS T2 ON T1.student_id = T2.student_id JOIN Achievements AS T3 ON T2.student_id = T3.student_id GROUP BY T2.student_id HAVING Count(*) >= 2"
301,448,cre_Students_Information_Systems,cre_Students_Information_Systems,,,False,0,True,,llama3.1-8b,lexical,"SELECT T1.amount_of_loan, T1.date_of_loan FROM Student_Loans AS T1 JOIN Students AS T2 ON T1.student_id = T2.student_id JOIN Achievements AS T3 ON T2.student_id = T3.student_id GROUP BY T1.student_id HAVING COUNT(T3.achievement_id) >= 2","SELECT T1.amount_of_loan, T1.date_of_loan FROM Student_Loans AS T1 JOIN Students AS T2 ON T1.student_id = T2.student_id JOIN Achievements AS T3 ON T2.student_id = T3.student_id GROUP BY T1.student_id HAVING COUNT(T3.achievement_id) >= 2"
302,449,cre_Students_Information_Systems,cre_Students_Information_Systems,,,False,0,True,,llama3.1-8b,lexical,"SELECT T1.teacher_details, T1.teacher_id FROM Teachers AS T1 JOIN Classes AS T2 ON T1.teacher_id = T2.teacher_id GROUP BY T1.teacher_id ORDER BY COUNT(T2.class_id) DESC LIMIT 1","SELECT T1.teacher_details, T1.teacher_id FROM Teachers AS T1 JOIN Classes AS T2 ON T1.teacher_id = T2.teacher_id GROUP BY T1.teacher_id ORDER BY COUNT(T2.class_id) DESC LIMIT 1"
303,450,cre_Students_Information_Systems,cre_Students_Information_Systems,,,False,0,True,,llama3.1-8b,lexical,"SELECT T1.teacher_id , T1.teacher_details FROM Teachers AS T1 JOIN Classes AS T2 ON T1.teacher_id = T2.teacher_id GROUP BY T1.teacher_id ORDER BY COUNT(T2.class_id) DESC LIMIT 1","SELECT T1.teacher_id , T1.teacher_details FROM Teachers AS T1 JOIN Classes AS T2 ON T1.teacher_id = T2.teacher_id GROUP BY T1.teacher_id ORDER BY COUNT(T2.class_id) DESC LIMIT 1"
304,461,cre_Students_Information_Systems,cre_Students_Information_Systems,,,False,0,True,,llama3.1-8b,lexical,"SELECT T1.bio_data, T1.student_details FROM Students AS T1 JOIN Behaviour_Monitoring AS T2 ON T1.student_id = T2.student_id WHERE T2.behaviour_monitoring_details = (SELECT behaviour_monitoring_details FROM Behaviour_Monitoring GROUP BY behaviour_monitoring_details ORDER BY COUNT(*) DESC LIMIT 1) AND T2.behaviour_monitoring_details IN (SELECT behaviour_monitoring_details FROM Behaviour_Monitoring GROUP BY behaviour_monitoring_details HAVING COUNT(*) = 3)","SELECT T1.bio_data, T1.student_details FROM Students AS T1 JOIN Behaviour_Monitoring AS T2 ON T1.student_id = T2.student_id WHERE T2.behaviour_monitoring_details = (SELECT behaviour_monitoring_details FROM Behaviour_Monitoring GROUP BY behaviour_monitoring_details ORDER BY COUNT(*) DESC LIMIT 1) AND T2.behaviour_monitoring_details IN (SELECT behaviour_monitoring_details FROM Behaviour_Monitoring GROUP BY behaviour_monitoring_details HAVING COUNT(*) = 3)"
305,462,cre_Students_Information_Systems,cre_Students_Information_Systems,,,False,0,True,,llama3.1-8b,lexical,"SELECT T1.bio_data , T1.student_details FROM Students AS T1 JOIN Behaviour_Monitoring AS T2 ON T1.student_id = T2.student_id WHERE T2.behaviour_monitoring_details = (SELECT behaviour_monitoring_details FROM Behaviour_Monitoring GROUP BY behaviour_monitoring_details ORDER BY COUNT(*) DESC LIMIT 1) INTERSECT SELECT T1.bio_data , T1.student_details FROM Students AS T1 JOIN Behaviour_Monitoring AS T2 ON T1.student_id = T2.student_id WHERE T2.behaviour_monitoring_details = (SELECT behaviour_monitoring_details FROM Behaviour_Monitoring GROUP BY behaviour_monitoring_details HAVING COUNT(*) = 3)","SELECT T1.bio_data , T1.student_details FROM Students AS T1 JOIN Behaviour_Monitoring AS T2 ON T1.student_id = T2.student_id WHERE T2.behaviour_monitoring_details = (SELECT behaviour_monitoring_details FROM Behaviour_Monitoring GROUP BY behaviour_monitoring_details ORDER BY COUNT(*) DESC LIMIT 1) INTERSECT SELECT T1.bio_data , T1.student_details FROM Students AS T1 JOIN Behaviour_Monitoring AS T2 ON T1.student_id = T2.student_id WHERE T2.behaviour_monitoring_details = (SELECT behaviour_monitoring_details FROM Behaviour_Monitoring GROUP BY behaviour_monitoring_details HAVING COUNT(*) = 3)"
306,463,cre_Students_Information_Systems,cre_Students_Information_Systems,,,False,0,True,,llama3.1-8b,lexical,SELECT T1.bio_data FROM Students AS T1 JOIN Behaviour_Monitoring AS T2 ON T1.student_id = T2.student_id WHERE T2.behaviour_monitoring_details = (SELECT behaviour_monitoring_details FROM Behaviour_Monitoring GROUP BY behaviour_monitoring_details ORDER BY COUNT(*) DESC LIMIT 1),SELECT T1.bio_data FROM Students AS T1 JOIN Behaviour_Monitoring AS T2 ON T1.student_id = T2.student_id WHERE T2.behaviour_monitoring_details = (SELECT behaviour_monitoring_details FROM Behaviour_Monitoring GROUP BY behaviour_monitoring_details ORDER BY COUNT(*) DESC LIMIT 1)
307,464,cre_Students_Information_Systems,cre_Students_Information_Systems,,,False,0,True,,llama3.1-8b,lexical,SELECT T1.bio_data FROM Students AS T1 JOIN Behaviour_Monitoring AS T2 ON T1.student_id = T2.student_id GROUP BY T2.behaviour_monitoring_details ORDER BY COUNT(*) DESC LIMIT 1,SELECT T1.bio_data FROM Students AS T1 JOIN Behaviour_Monitoring AS T2 ON T1.student_id = T2.student_id GROUP BY T2.behaviour_monitoring_details ORDER BY COUNT(*) DESC LIMIT 1
308,467,cre_Students_Information_Systems,cre_Students_Information_Systems,,,False,0,True,,llama3.1-8b,lexical,"SELECT COUNT(T1.student_id) , T2.event_type_description , T2.event_type_code FROM Student_Events AS T1 JOIN Ref_Event_Types AS T2 ON T1.event_type_code = T2.event_type_code GROUP BY T2.event_type_code ORDER BY COUNT(T1.student_id) DESC LIMIT 1","SELECT COUNT(T1.student_id) , T2.event_type_description , T2.event_type_code FROM Student_Events AS T1 JOIN Ref_Event_Types AS T2 ON T1.event_type_code = T2.event_type_code GROUP BY T2.event_type_code ORDER BY COUNT(T1.student_id) DESC LIMIT 1"
309,468,cre_Students_Information_Systems,cre_Students_Information_Systems,,,False,0,True,,llama3.1-8b,lexical,"SELECT T1.event_type_code, T1.event_type_description, COUNT(T2.student_id) FROM Ref_Event_Types AS T1 JOIN Student_Events AS T2 ON T1.event_type_code = T2.event_type_code GROUP BY T1.event_type_code ORDER BY COUNT(T2.student_id) DESC LIMIT 1","SELECT T1.event_type_code, T1.event_type_description, COUNT(T2.student_id) FROM Ref_Event_Types AS T1 JOIN Student_Events AS T2 ON T1.event_type_code = T2.event_type_code GROUP BY T1.event_type_code ORDER BY COUNT(T2.student_id) DESC LIMIT 1"
310,471,cre_Students_Information_Systems,cre_Students_Information_Systems,,,False,3,False,,llama3.1-8b,lexical,SELECT COUNT(DISTINCT T1.teacher_id) FROM Teachers AS T1 JOIN Students AS T2 ON T1.student_id = T2.student_id WHERE T2.student_id NOT IN (SELECT student_id FROM Achievements),SELECT COUNT(DISTINCT T1.teacher_id) FROM Teachers AS T1 JOIN Students AS T2 ON T1.student_id = T2.student_id WHERE T2.student_id NOT IN (SELECT student_id FROM Achievements)
311,472,cre_Students_Information_Systems,cre_Students_Information_Systems,,,False,0,True,,llama3.1-8b,lexical,SELECT COUNT(DISTINCT T1.student_id) FROM Students AS T1 LEFT JOIN Achievements AS T2 ON T1.student_id = T2.student_id WHERE T2.achievement_id IS NULL,SELECT COUNT(DISTINCT T1.student_id) FROM Students AS T1 LEFT JOIN Achievements AS T2 ON T1.student_id = T2.student_id WHERE T2.achievement_id IS NULL
312,489,cre_Students_Information_Systems,cre_Students_Information_Systems,,,False,0,True,,llama3.1-8b,lexical,"SELECT T1.detention_type_code, T1.detention_type_description FROM Ref_Detention_Type AS T1 JOIN (SELECT detention_type_code FROM Detention GROUP BY detention_type_code ORDER BY COUNT(*) ASC LIMIT 1) AS T2 ON T1.detention_type_code = T2.detention_type_code","SELECT T1.detention_type_code, T1.detention_type_description FROM Ref_Detention_Type AS T1 JOIN (SELECT detention_type_code FROM Detention GROUP BY detention_type_code ORDER BY COUNT(*) ASC LIMIT 1) AS T2 ON T1.detention_type_code = T2.detention_type_code"
313,490,cre_Students_Information_Systems,cre_Students_Information_Systems,,,False,0,True,,llama3.1-8b,lexical,"SELECT T1.detention_type_code, T1.detention_type_description FROM Ref_Detention_Type AS T1 JOIN (SELECT detention_type_code, COUNT(*) as count FROM Detention GROUP BY detention_type_code) AS T2 ON T1.detention_type_code = T2.detention_type_code ORDER BY T2.count LIMIT 1","SELECT T1.detention_type_code, T1.detention_type_description FROM Ref_Detention_Type AS T1 JOIN (SELECT detention_type_code, COUNT(*) as count FROM Detention GROUP BY detention_type_code) AS T2 ON T1.detention_type_code = T2.detention_type_code ORDER BY T2.count LIMIT 1"
314,491,cre_Students_Information_Systems,cre_Students_Information_Systems,,,False,0,True,,llama3.1-8b,lexical,"SELECT S.bio_data, S.student_details FROM Students S JOIN Student_Loans SL ON S.student_id = SL.student_id WHERE SL.amount_of_loan > (SELECT avg(amount_of_loan) FROM Student_Loans)","SELECT S.bio_data, S.student_details FROM Students S JOIN Student_Loans SL ON S.student_id = SL.student_id WHERE SL.amount_of_loan > (SELECT avg(amount_of_loan) FROM Student_Loans)"
315,492,cre_Students_Information_Systems,cre_Students_Information_Systems,,,False,0,True,,llama3.1-8b,lexical,"SELECT T1.bio_data, T1.student_details FROM Students AS T1 JOIN Student_Loans AS T2 ON T1.student_id = T2.student_id WHERE T2.amount_of_loan > ( SELECT AVG(amount_of_loan) FROM Student_Loans )","SELECT T1.bio_data, T1.student_details FROM Students AS T1 JOIN Student_Loans AS T2 ON T1.student_id = T2.student_id WHERE T2.amount_of_loan > ( SELECT AVG(amount_of_loan) FROM Student_Loans )"
316,499,cre_Students_Information_Systems,cre_Students_Information_Systems,,,False,0,True,,llama3.1-8b,lexical,SELECT T2.teacher_details FROM Transcripts JOIN Students ON Transcripts.student_id = Students.student_id JOIN Classes ON Students.student_id = Classes.student_id JOIN Teachers AS T2 ON Classes.teacher_id = T2.teacher_id ORDER BY Transcripts.date_of_transcript LIMIT 1,SELECT T2.teacher_details FROM Transcripts JOIN Students ON Transcripts.student_id = Students.student_id JOIN Classes ON Students.student_id = Classes.student_id JOIN Teachers AS T2 ON Classes.teacher_id = T2.teacher_id ORDER BY Transcripts.date_of_transcript LIMIT 1
317,500,cre_Students_Information_Systems,cre_Students_Information_Systems,,,False,0,True,,llama3.1-8b,lexical,SELECT T1.student_details FROM Students AS T1 JOIN Transcripts AS T2 ON T1.student_id = T2.student_id WHERE T2.date_of_transcript = (SELECT MIN(date_of_transcript) FROM Transcripts),SELECT T1.student_details FROM Students AS T1 JOIN Transcripts AS T2 ON T1.student_id = T2.student_id WHERE T2.date_of_transcript = (SELECT MIN(date_of_transcript) FROM Transcripts)
318,507,cre_Students_Information_Systems,cre_Students_Information_Systems,,,False,0,True,,llama3.1-8b,lexical,"SELECT T1.address_type_code , T1.address_type_description FROM Ref_Address_Types AS T1 JOIN Students_Addresses AS T2 ON T1.address_type_code = T2.address_type_code GROUP BY T1.address_type_code ORDER BY COUNT(T2.student_address_id) DESC LIMIT 1","SELECT T1.address_type_code , T1.address_type_description FROM Ref_Address_Types AS T1 JOIN Students_Addresses AS T2 ON T1.address_type_code = T2.address_type_code GROUP BY T1.address_type_code ORDER BY COUNT(T2.student_address_id) DESC LIMIT 1"
319,508,cre_Students_Information_Systems,cre_Students_Information_Systems,,,False,0,True,,llama3.1-8b,lexical,"SELECT T1.address_type_code, T1.address_type_description FROM Ref_Address_Types AS T1 JOIN Students_Addresses AS T2 ON T1.address_type_code = T2.address_type_code GROUP BY T1.address_type_code ORDER BY COUNT(T2.student_address_id) DESC LIMIT 1","SELECT T1.address_type_code, T1.address_type_description FROM Ref_Address_Types AS T1 JOIN Students_Addresses AS T2 ON T1.address_type_code = T2.address_type_code GROUP BY T1.address_type_code ORDER BY COUNT(T2.student_address_id) DESC LIMIT 1"
