pos,test_idx,db_id_gold,db_id_used,broker_pick,broker_correct,re_picked,retries,exec_success,difficulty,model_used,masked_sql,real_sql
0,0,soccer_3,soccer_3,,,False,0,True,,llama3.1-8b,SELECT COUNT(T1.IDENTIFIER_PRIMARY_1) FROM T1,SELECT COUNT(club.Club_ID) FROM club
1,1,soccer_3,soccer_3,,,False,0,True,,llama3.1-8b,SELECT count(*) FROM T1,SELECT count(*) FROM club
2,2,soccer_3,soccer_3,,,False,0,True,,llama3.1-8b,SELECT DESCRIPTIVE_ATTRIBUTE_2 FROM T1 ORDER BY DESCRIPTIVE_ATTRIBUTE_2 ASC,SELECT Name FROM club ORDER BY Name ASC
3,3,soccer_3,soccer_3,,,False,0,True,,llama3.1-8b,SELECT T1.DESCRIPTIVE_ATTRIBUTE_2 FROM T1 ORDER BY T1.DESCRIPTIVE_ATTRIBUTE_2 ASC,SELECT club.Name FROM club ORDER BY club.Name ASC
4,6,soccer_3,soccer_3,,,False,0,True,,llama3.1-8b,SELECT T1.DESCRIPTIVE_ATTRIBUTE_2 FROM T1 WHERE T1.TEXT_FIELD_5 != 'Nike',SELECT club.Name FROM club WHERE club.Manufacturer != 'Nike'
5,7,soccer_3,soccer_3,,,False,0,True,,llama3.1-8b,SELECT T1.DESCRIPTIVE_ATTRIBUTE_2 FROM T1 WHERE T1.TEXT_FIELD_5 != 'Nike',SELECT club.Name FROM club WHERE club.Manufacturer != 'Nike'
6,8,soccer_3,soccer_3,,,False,3,False,,llama3.1-8b,SELECT T1.DESCRIPITIVE_ATTRIBUTE_2 FROM T1 JOIN T2 ON T1.IDENTIFIER_PRIMARY_1 = T2.IDENTIFIER_REFERENCE_13 ORDER BY T2.MEASUREMENT_VALUE_12 ASC,SELECT club.DESCRIPITIVE_ATTRIBUTE_2 FROM club JOIN player ON club.Club_ID = player.Club_ID ORDER BY player.Wins_count ASC
7,9,soccer_3,soccer_3,,,False,0,True,,llama3.1-8b,SELECT T1.DESCRIPTIVE_ATTRIBUTE_2 FROM T1 INNER JOIN T2 ON T1.IDENTIFIER_PRIMARY_1 = T2.IDENTIFIER_REFERENCE_13 ORDER BY T2.MEASUREMENT_VALUE_12 ASC,SELECT club.Name FROM club INNER JOIN player ON club.Club_ID = player.Club_ID ORDER BY player.Wins_count ASC
8,12,soccer_3,soccer_3,,,False,0,True,,llama3.1-8b,SELECT DISTINCT T2.DESCRIPTIVE_ATTRIBUTE_9 FROM T2 JOIN T1 ON T2.IDENTIFIER_REFERENCE_13 = T1.IDENTIFIER_PRIMARY_1 WHERE T2.NUMERIC_FIELD_10 > 1200000,SELECT DISTINCT player.Country FROM player JOIN club ON player.Club_ID = club.Club_ID WHERE player.Earnings > 1200000
9,13,soccer_3,soccer_3,,,False,3,False,,llama3.1-8b,SELECT T2.DESCRIPITIVE_ATTRIBUTE_8 FROM T2 JOIN T1 ON T2.IDENTIFIER_REFERENCE_13 = T1.IDENTIFIER_PRIMARY_1 WHERE T1.TEXT_FIELD_5 > 1200000,SELECT player.DESCRIPITIVE_ATTRIBUTE_8 FROM player JOIN club ON player.Club_ID = club.Club_ID WHERE club.Manufacturer > 1200000
10,28,soccer_3,soccer_3,,,False,0,True,,llama3.1-8b,SELECT T1.TEXT_FIELD_5 FROM T1 WHERE T1.TEXT_FIELD_4 IN (SELECT T1.TEXT_FIELD_4 FROM T1 GROUP BY T1.TEXT_FIELD_4 HAVING COUNT(*) > 1),SELECT club.Manufacturer FROM club WHERE club.Captain IN (SELECT club.Captain FROM club GROUP BY club.Captain HAVING COUNT(*) > 1)
11,29,soccer_3,soccer_3,,,False,0,True,,llama3.1-8b,SELECT T1.TEXT_FIELD_5 FROM T1 INNER JOIN T2 ON T1.IDENTIFIER_PRIMARY_1 = T2.IDENTIFIER_REFERENCE_13 GROUP BY T1.TEXT_FIELD_5 HAVING COUNT(T1.TEXT_FIELD_4) > 1,SELECT club.Manufacturer FROM club INNER JOIN player ON club.Club_ID = player.Club_ID GROUP BY club.Manufacturer HAVING COUNT(club.Captain) > 1
12,30,soccer_3,soccer_3,,,False,3,False,,llama3.1-8b,SELECT T1.DESCRIPITIVE_ATTRIBUTE_2 FROM T2 AS T2 JOIN T1 AS T1 ON T2.IDENTIFIER_REFERENCE_13 = T1.IDENTIFIER_PRIMARY_1 GROUP BY T1.DESCRIPITIVE_ATTRIBUTE_2 HAVING COUNT(T1.IDENTIFIER_PRIMARY_1) > 1,SELECT club.DESCRIPITIVE_ATTRIBUTE_2 FROM player AS player JOIN club AS club ON player.Club_ID = club.Club_ID GROUP BY club.DESCRIPITIVE_ATTRIBUTE_2 HAVING COUNT(club.Club_ID) > 1
13,31,soccer_3,soccer_3,,,False,3,False,,llama3.1-8b,SELECT T2.DESCRIPITIVE_ATTRIBUTE_8 FROM T2 WHERE T2.IDENTIFIER_REFERENCE_13 IN (SELECT T1.IDENTIFIER_PRIMARY_1 FROM T1 GROUP BY T1.IDENTIFIER_PRIMARY_1 HAVING COUNT(*) > 1) GROUP BY T2.DESCRIPITIVE_ATTRIBUTE_8 HAVING COUNT(T2.IDENTIFIER_REFERENCE_13) > 1,SELECT player.DESCRIPITIVE_ATTRIBUTE_8 FROM player WHERE player.Club_ID IN (SELECT club.Club_ID FROM club GROUP BY club.Club_ID HAVING COUNT(*) > 1) GROUP BY player.DESCRIPITIVE_ATTRIBUTE_8 HAVING COUNT(player.Club_ID) > 1
14,36,soccer_3,soccer_3,,,False,0,True,,llama3.1-8b,SELECT COUNT(T2.DESCRIPTIVE_ATTRIBUTE_9) FROM T2,SELECT COUNT(player.Country) FROM player
15,37,soccer_3,soccer_3,,,False,3,False,,llama3.1-8b,SELECT COUNT(DISTINCT T2.DESCRIPITIVE_ATTRIBUTE_8) FROM T2,SELECT COUNT(DISTINCT player.DESCRIPITIVE_ATTRIBUTE_8) FROM player
16,78,e_commerce,e_commerce,,,False,0,True,,llama3.1-8b,SELECT COUNT(T1.IDENTIFIER_PRIMARY_1) FROM T1 AS T1 JOIN T2 AS T2 ON T2.IDENTIFIER_REFERENCE_8 = T1.IDENTIFIER_PRIMARY_1,SELECT COUNT(Customers.customer_id) FROM Customers AS Customers JOIN Orders AS Orders ON Orders.customer_id = Customers.customer_id
17,79,e_commerce,e_commerce,,,False,0,True,,llama3.1-8b,SELECT COUNT(T1.IDENTIFIER_PRIMARY_1) FROM T1 INNER JOIN T3 ON T3.IDENTIFIER_REFERENCE_10 = T1.IDENTIFIER_PRIMARY_1 GROUP BY T1.IDENTIFIER_PRIMARY_1,SELECT COUNT(Customers.customer_id) FROM Customers INNER JOIN Orders ON Orders.customer_id = Customers.customer_id GROUP BY Customers.customer_id
18,80,e_commerce,e_commerce,,,False,3,False,,llama3.1-8b,SELECT COUNT(T2.DESCRIPTIVE_ATTRIBUTE_8) FROM T2 WHERE T2.IDENTIFIER_REFERENCE_7 = T1.IDENTIFIER_PRIMARY_1,SELECT COUNT(Order_Items.order_item_status_code) FROM Order_Items WHERE Order_Items.order_id = Orders.order_id
19,81,e_commerce,e_commerce,,,False,1,True,,llama3.1-8b,SELECT DISTINCT DESCRIPTIVE_ATTRIBUTE_8 FROM T2,SELECT DISTINCT order_item_status_code FROM Order_Items
20,82,e_commerce,e_commerce,,,False,0,True,,llama3.1-8b,SELECT COUNT(DISTINCT TEXT_FIELD_2) FROM T1,SELECT COUNT(DISTINCT payment_method_code) FROM Customer_Payment_Methods
21,83,e_commerce,e_commerce,,,False,0,True,,llama3.1-8b,SELECT COUNT(DISTINCT T2.TEXT_FIELD_8) FROM T2,SELECT COUNT(DISTINCT Customer_Payment_Methods.payment_method_code) FROM Customer_Payment_Methods
22,100,e_commerce,e_commerce,,,False,0,True,,llama3.1-8b,SELECT COUNT(T3.IDENTIFIER_PRIMARY_9) FROM T3,SELECT COUNT(Shipments.shipment_id) FROM Shipments
23,101,e_commerce,e_commerce,,,False,1,True,,llama3.1-8b,SELECT COUNT(T1.DESCRIPTIVE_ATTRIBUTE_3) FROM T1 WHERE T1.IDENTIFIER_PRIMARY_1 IS NOT NULL,SELECT COUNT(Products.product_name) FROM Products WHERE Products.product_id IS NOT NULL
24,102,e_commerce,e_commerce,,,False,0,True,,llama3.1-8b,SELECT AVG(CURRENCY_AMOUNT_4) FROM T1,SELECT AVG(product_price) FROM Products
25,103,e_commerce,e_commerce,,,False,0,True,,llama3.1-8b,SELECT AVG(CURRENCY_AMOUNT_4) FROM T1,SELECT AVG(product_price) FROM Products
26,104,e_commerce,e_commerce,,,False,0,True,,llama3.1-8b,SELECT avg(CURRENCY_AMOUNT_4) FROM T1,SELECT avg(product_price) FROM Products
27,105,e_commerce,e_commerce,,,False,0,True,,llama3.1-8b,SELECT T1.CURRENCY_AMOUNT_4 FROM T1,SELECT Products.product_price FROM Products
28,123,bbc_channels,bbc_channels,,,False,0,True,,llama3.1-8b,SELECT COUNT(DISTINCT TEXT_FIELD_5) FROM T1,SELECT COUNT(DISTINCT Internet) FROM channel
29,124,bbc_channels,bbc_channels,,,False,3,False,,llama3.1-8b,SELECT T3.DESCRIPITIVE_ATTRIBUTE_11 FROM T3 INNER JOIN T1 ON T3.IDENTIFIER_REFERENCE_13 = T1.IDENTIFIER_PRIMARY_1 ORDER BY T3.CHRONOLOGICAL_MARKER_10 DESC,SELECT program.DESCRIPITIVE_ATTRIBUTE_11 FROM program INNER JOIN channel ON program.Channel_ID = channel.Channel_ID ORDER BY program.Start_Year DESC
30,133,bbc_channels,bbc_channels,,,False,0,True,,llama3.1-8b,SELECT T1.DESCRIPTIVE_ATTRIBUTE_2 FROM T1 INNER JOIN T4 ON T1.IDENTIFIER_PRIMARY_1 = T4.IDENTIFIER_REFERENCE_15 INNER JOIN T2 ON T4.IDENTIFIER_PRIMARY_14 = T2.IDENTIFIER_PRIMARY_6 WHERE T2.MEASUREMENT_VALUE_8 BETWEEN 30 AND 60,SELECT channel.Name FROM channel INNER JOIN director_admin ON channel.Channel_ID = director_admin.Channel_ID INNER JOIN director ON director_admin.Director_ID = director.Director_ID WHERE director.Age BETWEEN 30 AND 60
31,136,tv_shows,tv_shows,,,False,0,True,,llama3.1-8b,SELECT count(*) FROM T1 WHERE TEXT_FIELD_3 = 'radios',SELECT count(*) FROM radio WHERE Radio_MHz = 'radios'
32,137,tv_shows,tv_shows,,,False,0,True,,llama3.1-8b,SELECT T1.TEXT_FIELD_2 FROM T1 AS T2 JOIN T1 AS T1 ON T2.IDENTIFIER_PRIMARY_1 = T1.IDENTIFIER_REFERENCE_8 WHERE T1.TEXT_FIELD_3 = 'radios' ORDER BY T1.TEXT_FIELD_6 ASC,SELECT radio.Transmitter FROM radio AS city_channel_radio JOIN radio AS radio ON city_channel_radio.Radio_ID = radio.Radio_ID WHERE radio.Radio_MHz = 'radios' ORDER BY radio.ERP_kW ASC
33,139,tv_shows,tv_shows,,,False,0,True,,llama3.1-8b,SELECT T2.TEXT_FIELD_7 FROM T2 INNER JOIN T3 ON T2.IDENTIFIER_PRIMARY_6 = T3.IDENTIFIER_REFERENCE_13 INNER JOIN T1 ON T3.IDENTIFIER_PRIMARY_12 = T1.IDENTIFIER_PRIMARY_1 WHERE T1.DESCRIPTIVE_ATTRIBUTE_5 != 'ABC',SELECT radio.Transmitter FROM radio INNER JOIN city_channel_radio ON radio.Radio_ID = city_channel_radio.Radio_ID INNER JOIN city_channel ON city_channel_radio.City_channel_ID = city_channel.ID WHERE city_channel.Affiliation != 'ABC'
34,142,tv_shows,tv_shows,,,False,0,True,,llama3.1-8b,SELECT avg(TEXT_FIELD_6) FROM T1 WHERE TEXT_FIELD_3 = 'radios',SELECT avg(ERP_kW) FROM radio WHERE Radio_MHz = 'radios'
35,145,tv_shows,tv_shows,,,False,3,False,,llama3.1-8b,SELECT T1.DESCRIPITIVE_ATTRIBUTE_5 FROM T1 JOIN T2 ON T2.IDENTIFIER_PRIMARY_6 = T1.IDENTIFIER_PRIMARY_1 JOIN T3 ON T3.IDENTIFIER_PRIMARY_9 = T1.IDENTIFIER_PRIMARY_1 GROUP BY T1.DESCRIPITIVE_ATTRIBUTE_5 HAVING COUNT(T2.IDENTIFIER_PRIMARY_6) > 3,SELECT city_channel.DESCRIPITIVE_ATTRIBUTE_5 FROM city_channel JOIN city_channel_radio ON city_channel_radio.City_channel_ID = city_channel.ID JOIN city_channel_tv_show ON city_channel_tv_show.City_channel_ID = city_channel.ID GROUP BY city_channel.DESCRIPITIVE_ATTRIBUTE_5 HAVING COUNT(city_channel_radio.City_channel_ID) > 3
36,153,vehicle_driver,vehicle_driver,,,False,0,True,,llama3.1-8b,SELECT T2.DESCRIPTIVE_ATTRIBUTE_9 FROM T2 JOIN T3 ON T2.IDENTIFIER_PRIMARY_8 = T3.IDENTIFIER_PRIMARY_12 WHERE T2.TEXT_FIELD_10 = 'United States',SELECT driver.Name FROM driver JOIN vehicle_driver ON driver.Driver_ID = vehicle_driver.Driver_ID WHERE driver.Citizenship = 'United States'
37,154,vehicle_driver,vehicle_driver,,,False,1,True,,llama3.1-8b,SELECT T2.DESCRIPTIVE_ATTRIBUTE_9 FROM T2 JOIN T3 ON T2.IDENTIFIER_PRIMARY_8 = T3.IDENTIFIER_PRIMARY_12 JOIN T1 ON T3.IDENTIFIER_REFERENCE_13 = T1.IDENTIFIER_PRIMARY_1 WHERE T1.TEXT_FIELD_2 = 'United States',SELECT driver.Name FROM driver JOIN vehicle_driver ON driver.Driver_ID = vehicle_driver.Driver_ID JOIN vehicle ON vehicle_driver.Vehicle_ID = vehicle.Vehicle_ID WHERE vehicle.Model = 'United States'
38,167,vehicle_driver,vehicle_driver,,,False,0,True,,llama3.1-8b,SELECT COUNT(T3.IDENTIFIER_PRIMARY_12) FROM T3 JOIN T2 ON T3.IDENTIFIER_PRIMARY_8 = T2.IDENTIFIER_PRIMARY_8 WHERE T2.DESCRIPTIVE_ATTRIBUTE_9 = 'NASCAR',SELECT COUNT(vehicle_driver.Driver_ID) FROM vehicle_driver JOIN driver ON vehicle_driver.Driver_ID = driver.Driver_ID WHERE driver.Name = 'NASCAR'
39,168,vehicle_driver,vehicle_driver,,,False,0,True,,llama3.1-8b,SELECT COUNT(T2.DESCRIPTIVE_ATTRIBUTE_9) FROM T2 INNER JOIN T3 ON T2.IDENTIFIER_PRIMARY_8 = T3.IDENTIFIER_PRIMARY_12 WHERE T2.TEXT_FIELD_11 = 'NASCAR',SELECT COUNT(driver.Name) FROM driver INNER JOIN vehicle_driver ON driver.Driver_ID = vehicle_driver.Driver_ID WHERE driver.Racing_Series = 'NASCAR'
40,169,vehicle_driver,vehicle_driver,,,False,0,True,,llama3.1-8b,SELECT AVG(T1.NUMERIC_FIELD_4) FROM T1,SELECT AVG(vehicle.Top_Speed) FROM vehicle
41,170,vehicle_driver,vehicle_driver,,,False,0,True,,llama3.1-8b,SELECT AVG(T1.NUMERIC_FIELD_4) FROM T1,SELECT AVG(vehicle.Top_Speed) FROM vehicle
42,185,vehicle_driver,vehicle_driver,,,False,0,True,,llama3.1-8b,SELECT T2.DESCRIPTIVE_ATTRIBUTE_9 FROM T3 AS T1 JOIN T2 ON T1.IDENTIFIER_REFERENCE_13 = T1.IDENTIFIER_PRIMARY_1 ORDER BY T2.DESCRIPTIVE_ATTRIBUTE_9,SELECT driver.Name FROM vehicle_driver AS vehicle JOIN driver ON vehicle.Vehicle_ID = vehicle.Vehicle_ID ORDER BY driver.Name
43,186,vehicle_driver,vehicle_driver,,,False,0,True,,llama3.1-8b,SELECT T2.DESCRIPTIVE_ATTRIBUTE_9 FROM T2 JOIN T3 ON T3.IDENTIFIER_PRIMARY_12 = T2.IDENTIFIER_PRIMARY_8,SELECT driver.Name FROM driver JOIN vehicle_driver ON vehicle_driver.Driver_ID = driver.Driver_ID
44,193,online_exams,online_exams,,,False,0,True,,llama3.1-8b,SELECT count(*) FROM T1 WHERE DESCRIPTIVE_ATTRIBUTE_4 = 'exams',SELECT count(*) FROM Exams WHERE Exam_Name = 'exams'
45,194,online_exams,online_exams,,,False,0,True,,llama3.1-8b,SELECT count(*) FROM T1 WHERE DESCRIPTIVE_ATTRIBUTE_4 = 'exams',SELECT count(*) FROM Exams WHERE Exam_Name = 'exams'
46,195,online_exams,online_exams,,,False,0,True,,llama3.1-8b,SELECT DISTINCT TEXT_FIELD_2 FROM T1 ORDER BY TEXT_FIELD_2 ASC,SELECT DISTINCT Subject_Code FROM Exams ORDER BY Subject_Code ASC
47,196,online_exams,online_exams,,,False,0,True,,llama3.1-8b,SELECT DISTINCT TEXT_FIELD_2 FROM T1 ORDER BY TEXT_FIELD_2,SELECT DISTINCT Subject_Code FROM Exams ORDER BY Subject_Code
48,203,online_exams,online_exams,,,False,0,True,,llama3.1-8b,"SELECT DISTINCT T5.TEXT_FIELD_17 FROM T5 WHERE T5.TEXT_FIELD_18 = ""Normal""","SELECT DISTINCT Student_Assessments.Student_Answer_Text FROM Student_Assessments WHERE Student_Assessments.Satisfactory_YN = ""Normal"""
49,204,online_exams,online_exams,,,False,0,True,,llama3.1-8b,SELECT DISTINCT T5.TEXT_FIELD_17 FROM T5 JOIN T4 ON T5.IDENTIFIER_REFERENCE_16 = T4.IDENTIFIER_REFERENCE_11 JOIN T2 ON T4.IDENTIFIER_REFERENCE_10 = T2.IDENTIFIER_PRIMARY_4 JOIN T1 ON T2.IDENTIFIER_REFERENCE_5 = T1.IDENTIFIER_PRIMARY_1 WHERE T4.CHRONOLOGICAL_MARKER_13 = 'Normal',SELECT DISTINCT Student_Assessments.Student_Answer_Text FROM Student_Assessments JOIN Student_Answers ON Student_Assessments.Valid_Answer_ID = Student_Answers.Question_ID JOIN Questions_in_Exams ON Student_Answers.Exam_ID = Questions_in_Exams.Exam_ID JOIN Questions ON Questions_in_Exams.Question_ID = Questions.Question_ID WHERE Student_Answers.Date_of_Answer = 'Normal'
50,205,online_exams,online_exams,,,False,0,True,,llama3.1-8b,SELECT COUNT(DISTINCT T2.TEXT_FIELD_11) FROM T2 JOIN T1 ON T2.IDENTIFIER_REFERENCE_9 = T1.IDENTIFIER_PRIMARY_1,SELECT COUNT(DISTINCT Student_Answers.Comments) FROM Student_Answers JOIN Students ON Student_Answers.Student_ID = Students.Student_ID
51,206,online_exams,online_exams,,,False,0,True,,llama3.1-8b,SELECT COUNT(DISTINCT T5.TEXT_FIELD_19) FROM T5 INNER JOIN T3 ON T5.IDENTIFIER_REFERENCE_17 = T3.IDENTIFIER_PRIMARY_10 INNER JOIN T2 ON T3.IDENTIFIER_REFERENCE_11 = T2.IDENTIFIER_PRIMARY_7 WHERE T2.DESCRIPTIVE_ATTRIBUTE_8 = 'student',SELECT COUNT(DISTINCT Student_Answers.Comments) FROM Student_Answers INNER JOIN Questions_in_Exams ON Student_Answers.Question_ID = Questions_in_Exams.Exam_ID INNER JOIN Questions ON Questions_in_Exams.Question_ID = Questions.Question_ID WHERE Questions.Type_of_Question_Code = 'student'
52,219,online_exams,online_exams,,,False,3,False,,llama3.1-8b,"SELECT T1.DESCRIPITIVE_ATTRIBUTE_2 FROM T1 WHERE T1.DESCRIPITIVE_ATTRIBUTE_4 != ""M""","SELECT Students.DESCRIPITIVE_ATTRIBUTE_2 FROM Students WHERE Students.DESCRIPITIVE_ATTRIBUTE_4 != ""M"""
53,220,online_exams,online_exams,,,False,3,False,,llama3.1-8b,"SELECT T3.TEXT_FIELD_15 FROM T1 AS T1 INNER JOIN T3 ON T1.IDENTIFIER_PRIMARY_1 = T3.IDENTIFIER_REFERENCE_14 WHERE T1.DESCRIPITIVE_ATTRIBUTE_2 != ""M""","SELECT Student_Assessments.Student_Answer_Text FROM Students AS Students INNER JOIN Student_Assessments ON Students.Student_ID = Student_Assessments.Valid_Answer_ID WHERE Students.DESCRIPITIVE_ATTRIBUTE_2 != ""M"""
54,229,online_exams,online_exams,,,False,0,True,,llama3.1-8b,SELECT T1.DESCRIPTIVE_ATTRIBUTE_2 FROM T1 AS T1 JOIN T2 AS T2 ON T2.IDENTIFIER_REFERENCE_5 = T1.IDENTIFIER_PRIMARY_1 GROUP BY T1.DESCRIPTIVE_ATTRIBUTE_2 HAVING COUNT(T1.TEXT_FIELD_3) >= 3,SELECT Questions.Type_of_Question_Code FROM Questions AS Questions JOIN Questions_in_Exams AS Questions_in_Exams ON Questions_in_Exams.Question_ID = Questions.Question_ID GROUP BY Questions.Type_of_Question_Code HAVING COUNT(Questions.Question_Text) >= 3
55,230,online_exams,online_exams,,,False,0,True,,llama3.1-8b,SELECT T1.DESCRIPTIVE_ATTRIBUTE_2 FROM T1 AS T1 JOIN T2 AS T2 ON T2.IDENTIFIER_REFERENCE_5 = T1.IDENTIFIER_PRIMARY_1 GROUP BY T1.DESCRIPTIVE_ATTRIBUTE_2 HAVING COUNT(T1.DESCRIPTIVE_ATTRIBUTE_2) >= 3,SELECT Questions.Type_of_Question_Code FROM Questions AS Questions JOIN Questions_in_Exams AS Questions_in_Exams ON Questions_in_Exams.Question_ID = Questions.Question_ID GROUP BY Questions.Type_of_Question_Code HAVING COUNT(Questions.Type_of_Question_Code) >= 3
56,231,online_exams,online_exams,,,False,3,False,,llama3.1-8b,"SELECT T1.IDENTIFIER_PRIMARY_1 , T1.DESCRIPITIVE_ATTRIBUTE_2 , T1.DESCRIPITIVE_ATTRIBUTE_3 , T1.DESCRIPITIVE_ATTRIBUTE_4 , T1.DESCRIPITIVE_ATTRIBUTE_5 , T1.DESCRIPITIVE_ATTRIBUTE_6 FROM T1","SELECT Students.Student_ID , Students.DESCRIPITIVE_ATTRIBUTE_2 , Students.DESCRIPITIVE_ATTRIBUTE_3 , Students.DESCRIPITIVE_ATTRIBUTE_4 , Students.DESCRIPITIVE_ATTRIBUTE_5 , Students.DESCRIPITIVE_ATTRIBUTE_6 FROM Students"
57,232,online_exams,online_exams,,,False,0,True,,llama3.1-8b,"SELECT T1.DESCRIPTIVE_ATTRIBUTE_2, T1.DESCRIPTIVE_ATTRIBUTE_3, T1.DESCRIPTIVE_ATTRIBUTE_4, T1.DESCRIPTIVE_ATTRIBUTE_5, T1.DESCRIPTIVE_ATTRIBUTE_6, T2.CHRONOLOGICAL_MARKER_11, T2.TEXT_FIELD_12 FROM T1 JOIN T2 ON T2.IDENTIFIER_REFERENCE_10 = T1.IDENTIFIER_PRIMARY_1","SELECT Students.First_Name, Students.Middle_Name, Students.Last_Name, Students.Gender_MFU, Students.Student_Address, Student_Answers.Date_of_Answer, Student_Answers.Student_Answer_Text FROM Students JOIN Student_Answers ON Student_Answers.Student_ID = Students.Student_ID"
58,233,customers_and_orders,customers_and_orders,,,False,0,True,,llama3.1-8b,SELECT COUNT(T1.IDENTIFIER_PRIMARY_1) FROM T1,SELECT COUNT(Addresses.address_id) FROM Addresses
59,234,customers_and_orders,customers_and_orders,,,False,0,True,,llama3.1-8b,SELECT COUNT(IDENTIFIER_PRIMARY_1) FROM T1,SELECT COUNT(address_id) FROM Addresses
60,237,customers_and_orders,customers_and_orders,,,False,0,True,,llama3.1-8b,SELECT COUNT(DESCRIPTIVE_ATTRIBUTE_3) FROM T1,SELECT COUNT(product_name) FROM Products
61,238,customers_and_orders,customers_and_orders,,,False,0,True,,llama3.1-8b,SELECT COUNT(*) FROM T1,SELECT COUNT(*) FROM Products
62,241,customers_and_orders,customers_and_orders,,,False,0,True,,llama3.1-8b,SELECT CURRENCY_AMOUNT_4 FROM T1 WHERE DESCRIPTIVE_ATTRIBUTE_3 = 'Monitor',SELECT product_price FROM Products WHERE product_name = 'Monitor'
63,242,customers_and_orders,customers_and_orders,,,False,0,True,,llama3.1-8b,SELECT CURRENCY_AMOUNT_4 FROM T1 WHERE DESCRIPTIVE_ATTRIBUTE_3 = 'Monitor',SELECT product_price FROM Products WHERE product_name = 'Monitor'
64,245,customers_and_orders,customers_and_orders,,,False,0,True,,llama3.1-8b,"SELECT avg(CURRENCY_AMOUNT_4) FROM T1 WHERE DESCRIPTIVE_ATTRIBUTE_2 = ""Clothes""","SELECT avg(product_price) FROM Products WHERE product_type_code = ""Clothes"""
65,246,customers_and_orders,customers_and_orders,,,False,0,True,,llama3.1-8b,SELECT AVG(CURRENCY_AMOUNT_4) FROM T1 WHERE DESCRIPTIVE_ATTRIBUTE_2 = 'Clothes',SELECT AVG(product_price) FROM Products WHERE product_type_code = 'Clothes'
66,247,customers_and_orders,customers_and_orders,,,False,0,True,,llama3.1-8b,"SELECT COUNT(*) FROM T1 WHERE DESCRIPTIVE_ATTRIBUTE_3 = ""hardware type""","SELECT COUNT(*) FROM Products WHERE product_name = ""hardware type"""
67,248,customers_and_orders,customers_and_orders,,,False,0,True,,llama3.1-8b,"SELECT COUNT(*) FROM T1 WHERE DESCRIPTIVE_ATTRIBUTE_2 = ""Hardware""","SELECT COUNT(*) FROM Products WHERE product_type_code = ""Hardware"""
68,257,customers_and_orders,customers_and_orders,,,False,3,False,,llama3.1-8b,SELECT T1.DESCRIPITIVE_ATTRIBUTE_2 FROM T1 INNER JOIN T3 ON T3.IDENTIFIER_REFERENCE_11 = T1.IDENTIFIER_PRIMARY_1 ORDER BY T1.CURRENCY_AMOUNT_4 DESC,SELECT Products.DESCRIPITIVE_ATTRIBUTE_2 FROM Products INNER JOIN Order_Items ON Order_Items.product_id = Products.product_id ORDER BY Products.product_price DESC
69,258,customers_and_orders,customers_and_orders,,,False,0,True,,llama3.1-8b,SELECT DESCRIPTIVE_ATTRIBUTE_3 FROM T1 ORDER BY CURRENCY_AMOUNT_4 DESC,SELECT product_name FROM Products ORDER BY product_price DESC
70,265,customers_and_orders,customers_and_orders,,,False,0,True,,llama3.1-8b,SELECT DESCRIPTIVE_ATTRIBUTE_2 FROM T1 GROUP BY DESCRIPTIVE_ATTRIBUTE_2 HAVING COUNT(DESCRIPTIVE_ATTRIBUTE_3) >= 2,SELECT product_type_code FROM Products GROUP BY product_type_code HAVING COUNT(product_name) >= 2
71,266,customers_and_orders,customers_and_orders,,,False,0,True,,llama3.1-8b,SELECT DESCRIPTIVE_ATTRIBUTE_2 FROM T1 GROUP BY DESCRIPTIVE_ATTRIBUTE_2 HAVING COUNT(DESCRIPTIVE_ATTRIBUTE_3) > 1,SELECT product_type_code FROM Products GROUP BY product_type_code HAVING COUNT(product_name) > 1
72,269,customers_and_orders,customers_and_orders,,,False,0,True,,llama3.1-8b,SELECT COUNT(DISTINCT DESCRIPTIVE_ATTRIBUTE_5) FROM T1,SELECT COUNT(DISTINCT customer_phone) FROM Customers
73,270,customers_and_orders,customers_and_orders,,,False,0,True,,llama3.1-8b,SELECT COUNT(DISTINCT DESCRIPTIVE_ATTRIBUTE_5) FROM T1,SELECT COUNT(DISTINCT customer_phone) FROM Customers
74,283,customers_and_orders,customers_and_orders,,,False,0,True,,llama3.1-8b,SELECT DISTINCT DESCRIPTIVE_ATTRIBUTE_6 FROM T1,SELECT DISTINCT customer_phone FROM Customers
75,284,customers_and_orders,customers_and_orders,,,False,0,True,,llama3.1-8b,SELECT DESCRIPTIVE_ATTRIBUTE_6 FROM T1,SELECT customer_phone FROM Customers
76,289,customers_and_orders,customers_and_orders,,,False,0,True,,llama3.1-8b,SELECT COUNT(T2.IDENTIFIER_PRIMARY_7) FROM T2 WHERE T2.IDENTIFIER_REFERENCE_8 IS NOT NULL,SELECT COUNT(Customer_Orders.order_id) FROM Customer_Orders WHERE Customer_Orders.customer_id IS NOT NULL
77,290,customers_and_orders,customers_and_orders,,,False,0,True,,llama3.1-8b,SELECT COUNT(T2.IDENTIFIER_PRIMARY_7) FROM T2 JOIN T1 ON T2.IDENTIFIER_REFERENCE_8 = T1.IDENTIFIER_PRIMARY_1,SELECT COUNT(Customer_Orders.order_id) FROM Customer_Orders JOIN Customers ON Customer_Orders.customer_id = Customers.customer_id
78,309,customers_and_orders,customers_and_orders,,,False,0,True,,llama3.1-8b,SELECT COUNT(T1.DESCRIPTIVE_ATTRIBUTE_5) FROM T1 AS T1 JOIN T3 AS T2 ON T1.IDENTIFIER_PRIMARY_1 = T2.IDENTIFIER_REFERENCE_12 WHERE T2.MEASUREMENT_VALUE_14 IS NOT NULL,SELECT COUNT(Customers.customer_phone) FROM Customers AS Customers JOIN Order_Items AS Customer_Orders ON Customers.customer_id = Customer_Orders.order_id WHERE Customer_Orders.order_quantity IS NOT NULL
79,310,customers_and_orders,customers_and_orders,,,False,3,False,,llama3.1-8b,SELECT COUNT(DISTINCT T1.DESCRIPITIVE_ATTRIBUTE_5) FROM T1 AS T1 INNER JOIN T2 AS T2 ON T1.IDENTIFIER_PRIMARY_1 = T2.IDENTIFIER_REFERENCE_8 INNER JOIN T3 AS T3 ON T2.IDENTIFIER_PRIMARY_7 = T3.IDENTIFIER_REFERENCE_12 WHERE T3.MEASUREMENT_VALUE_14 IS NOT NULL,SELECT COUNT(DISTINCT Customers.DESCRIPITIVE_ATTRIBUTE_5) FROM Customers AS Customers INNER JOIN Customer_Orders AS Customer_Orders ON Customers.customer_id = Customer_Orders.customer_id INNER JOIN Order_Items AS Order_Items ON Customer_Orders.order_id = Order_Items.order_id WHERE Order_Items.order_quantity IS NOT NULL
80,4,soccer_3,soccer_3,,,False,0,True,,llama3.1-8b,"SELECT T1.TEXT_FIELD_3, T1.TEXT_FIELD_4 FROM T1","SELECT club.Manager, club.Captain FROM club"
81,5,soccer_3,soccer_3,,,False,0,True,,llama3.1-8b,"SELECT T1.TEXT_FIELD_3, T1.TEXT_FIELD_4 FROM T1","SELECT club.Manager, club.Captain FROM club"
82,10,soccer_3,soccer_3,,,False,0,True,,llama3.1-8b,SELECT T1.DESCRIPTIVE_ATTRIBUTE_2 FROM T1 JOIN T2 ON T1.IDENTIFIER_PRIMARY_1 = T2.IDENTIFIER_REFERENCE_13 ORDER BY T2.NUMERIC_FIELD_10 DESC LIMIT 1,SELECT club.Name FROM club JOIN player ON club.Club_ID = player.Club_ID ORDER BY player.Earnings DESC LIMIT 1
83,11,soccer_3,soccer_3,,,False,0,True,,llama3.1-8b,SELECT T1.DESCRIPTIVE_ATTRIBUTE_2 FROM T1 INNER JOIN T2 ON T1.IDENTIFIER_PRIMARY_1 = T2.IDENTIFIER_REFERENCE_13 ORDER BY T2.NUMERIC_FIELD_10 DESC LIMIT 1,SELECT club.Name FROM club INNER JOIN player ON club.Club_ID = player.Club_ID ORDER BY player.Earnings DESC LIMIT 1
84,16,soccer_3,soccer_3,,,False,0,True,,llama3.1-8b,"SELECT T1.DESCRIPTIVE_ATTRIBUTE_2 , T2.DESCRIPTIVE_ATTRIBUTE_8 FROM T2 AS T1 JOIN T1 AS T2 ON T2.IDENTIFIER_REFERENCE_13 = T1.IDENTIFIER_PRIMARY_1","SELECT club.Name , player.Name FROM player AS club JOIN club AS player ON player.Club_ID = club.Club_ID"
85,17,soccer_3,soccer_3,,,False,0,True,,llama3.1-8b,"SELECT T2.DESCRIPTIVE_ATTRIBUTE_8, T1.DESCRIPTIVE_ATTRIBUTE_2 FROM T2 INNER JOIN T1 ON T2.IDENTIFIER_REFERENCE_13 = T1.IDENTIFIER_PRIMARY_1","SELECT player.Name, club.Name FROM player INNER JOIN club ON player.Club_ID = club.Club_ID"
86,18,soccer_3,soccer_3,,,False,1,True,,llama3.1-8b,SELECT T1.DESCRIPTIVE_ATTRIBUTE_2 FROM T1 INNER JOIN T2 ON T1.IDENTIFIER_PRIMARY_1 = T2.IDENTIFIER_REFERENCE_13 WHERE T2.MEASUREMENT_VALUE_12 > 2,SELECT club.Name FROM club INNER JOIN player ON club.Club_ID = player.Club_ID WHERE player.Wins_count > 2
87,19,soccer_3,soccer_3,,,False,0,True,,llama3.1-8b,SELECT T1.DESCRIPTIVE_ATTRIBUTE_2 FROM T1 AS T1 JOIN T2 AS T2 ON T2.IDENTIFIER_REFERENCE_13 = T1.IDENTIFIER_PRIMARY_1 WHERE T2.MEASUREMENT_VALUE_11 > 2,SELECT club.Name FROM club AS club JOIN player AS player ON player.Club_ID = club.Club_ID WHERE player.Events_number > 2
88,20,soccer_3,soccer_3,,,False,0,True,,llama3.1-8b,"SELECT T2.DESCRIPTIVE_ATTRIBUTE_9 FROM T2 WHERE T2.DESCRIPTIVE_ATTRIBUTE_8 = (SELECT T1.TEXT_FIELD_4 FROM T1 WHERE T1.TEXT_FIELD_3 = ""Sam Allardyce"")","SELECT player.Country FROM player WHERE player.Name = (SELECT club.Captain FROM club WHERE club.Manager = ""Sam Allardyce"")"
89,21,soccer_3,soccer_3,,,False,0,True,,llama3.1-8b,"SELECT T1.DESCRIPTIVE_ATTRIBUTE_2 FROM T1 AS T1 JOIN T2 AS T2 ON T2.IDENTIFIER_REFERENCE_13 = T1.IDENTIFIER_PRIMARY_1 WHERE T1.TEXT_FIELD_4 = ""Sam Allardyce""","SELECT club.Name FROM club AS club JOIN player AS player ON player.Club_ID = club.Club_ID WHERE club.Captain = ""Sam Allardyce"""
90,24,soccer_3,soccer_3,,,False,0,True,,llama3.1-8b,"SELECT T1.TEXT_FIELD_5 , count(*) FROM T1 JOIN T2 ON T1.IDENTIFIER_PRIMARY_1 = T2.IDENTIFIER_REFERENCE_13 GROUP BY T1.TEXT_FIELD_5","SELECT club.Manufacturer , count(*) FROM club JOIN player ON club.Club_ID = player.Club_ID GROUP BY club.Manufacturer"
91,25,soccer_3,soccer_3,,,False,0,True,,llama3.1-8b,"SELECT T1.TEXT_FIELD_5, COUNT(T1.IDENTIFIER_PRIMARY_1) FROM T1 GROUP BY T1.TEXT_FIELD_5","SELECT club.Manufacturer, COUNT(club.Club_ID) FROM club GROUP BY club.Manufacturer"
92,38,soccer_3,soccer_3,,,False,0,True,,llama3.1-8b,"SELECT T2.NUMERIC_FIELD_10 FROM T2 WHERE T2.DESCRIPTIVE_ATTRIBUTE_9 = ""Australia"" OR T2.DESCRIPTIVE_ATTRIBUTE_9 = ""Zimbabwe""","SELECT player.Earnings FROM player WHERE player.Country = ""Australia"" OR player.Country = ""Zimbabwe"""
93,39,soccer_3,soccer_3,,,False,3,False,,llama3.1-8b,"SELECT T2.NUMERIC_FIELD_10 FROM T2 JOIN T1 ON T2.IDENTIFIER_REFERENCE_13 = T1.IDENTIFIER_PRIMARY_1 WHERE T1.DESCRIPTIVE_ATTRIBUTE_9 = ""Australia"" OR T1.DESCRIPTIVE_ATTRIBUTE_9 = ""Zimbabwe""","SELECT player.Earnings FROM player JOIN club ON player.Club_ID = club.Club_ID WHERE club.Country = ""Australia"" OR club.Country = ""Zimbabwe"""
94,42,e_commerce,e_commerce,,,False,1,True,,llama3.1-8b,"SELECT T1.IDENTIFIER_PRIMARY_1 , T1.DESCRIPTIVE_ATTRIBUTE_3 , COUNT(T3.DESCRIPTIVE_ATTRIBUTE_12) FROM T1 JOIN T4 ON T1.IDENTIFIER_PRIMARY_1 = T4.IDENTIFIER_REFERENCE_15 JOIN T3 ON T4.IDENTIFIER_REFERENCE_16 = T3.IDENTIFIER_PRIMARY_10 GROUP BY T1.IDENTIFIER_PRIMARY_1","SELECT Products.product_id , Products.product_name , COUNT(Orders.order_status_code) FROM Products JOIN Order_Items ON Products.product_id = Order_Items.product_id JOIN Orders ON Order_Items.order_id = Orders.order_id GROUP BY Products.product_id"
95,43,e_commerce,e_commerce,,,False,0,True,,llama3.1-8b,"SELECT T1.DESCRIPTIVE_ATTRIBUTE_3, COUNT(T1.DESCRIPTIVE_ATTRIBUTE_3) AS count, T2.DESCRIPTIVE_ATTRIBUTE_8, T1.IDENTIFIER_PRIMARY_1 FROM T1 JOIN T3 ON T1.IDENTIFIER_PRIMARY_1 = T3.IDENTIFIER_REFERENCE_11 JOIN T2 ON T3.IDENTIFIER_PRIMARY_10 = T2.IDENTIFIER_PRIMARY_7 GROUP BY T1.IDENTIFIER_PRIMARY_1","SELECT Products.product_name, COUNT(Products.product_name) AS count, Invoices.invoice_status_code, Products.product_id FROM Products JOIN Orders ON Products.product_id = Orders.customer_id JOIN Invoices ON Orders.order_id = Invoices.invoice_number GROUP BY Products.product_id"
96,50,e_commerce,e_commerce,,,False,0,True,,llama3.1-8b,"SELECT T3.IDENTIFIER_PRIMARY_10 , T3.CHRONOLOGICAL_MARKER_13 FROM T3 JOIN T4 ON T3.IDENTIFIER_PRIMARY_10 = T4.IDENTIFIER_REFERENCE_16 WHERE T4.IDENTIFIER_REFERENCE_15 IN (SELECT IDENTIFIER_PRIMARY_1 FROM T1 GROUP BY IDENTIFIER_PRIMARY_1 HAVING COUNT(*) >= 2)","SELECT Orders.order_id , Orders.date_order_placed FROM Orders JOIN Order_Items ON Orders.order_id = Order_Items.order_id WHERE Order_Items.product_id IN (SELECT product_id FROM Products GROUP BY product_id HAVING COUNT(*) >= 2)"
97,51,e_commerce,e_commerce,,,False,0,True,,llama3.1-8b,"SELECT T3.IDENTIFIER_PRIMARY_10 , T2.CHRONOLOGICAL_MARKER_9 FROM T3 JOIN T5 ON T3.IDENTIFIER_PRIMARY_10 = T5.IDENTIFIER_REFERENCE_19 JOIN T2 ON T5.IDENTIFIER_REFERENCE_20 = T2.IDENTIFIER_PRIMARY_7 GROUP BY T3.IDENTIFIER_PRIMARY_10 HAVING count(DISTINCT T3.DESCRIPTIVE_ATTRIBUTE_12) >= 2","SELECT Orders.order_id , Invoices.invoice_date FROM Orders JOIN Shipments ON Orders.order_id = Shipments.order_id JOIN Invoices ON Shipments.invoice_number = Invoices.invoice_number GROUP BY Orders.order_id HAVING count(DISTINCT Orders.order_status_code) >= 2"
98,60,e_commerce,e_commerce,,,False,3,False,,llama3.1-8b,"SELECT T1.DESCRIPITIVE_ATTRIBUTE_2 , count(T2.IDENTIFIER_PRIMARY_7) FROM T1 JOIN T2 ON T1.IDENTIFIER_PRIMARY_1 = T2.IDENTIFIER_REFERENCE_8 GROUP BY T1.DESCRIPITIVE_ATTRIBUTE_2","SELECT Customers.DESCRIPITIVE_ATTRIBUTE_2 , count(Orders.order_id) FROM Customers JOIN Orders ON Customers.customer_id = Orders.customer_id GROUP BY Customers.DESCRIPITIVE_ATTRIBUTE_2"
99,61,e_commerce,e_commerce,,,False,0,True,,llama3.1-8b,"SELECT T1.DESCRIPTIVE_ATTRIBUTE_3, count(*) FROM T2 AS T2 JOIN T1 AS T1 ON T2.IDENTIFIER_REFERENCE_7 = T1.IDENTIFIER_PRIMARY_1 GROUP BY T1.DESCRIPTIVE_ATTRIBUTE_3","SELECT Orders.order_status_code, count(*) FROM Order_Items AS Order_Items JOIN Orders AS Orders ON Order_Items.order_id = Orders.order_id GROUP BY Orders.order_status_code"
100,62,e_commerce,e_commerce,,,False,0,True,,llama3.1-8b,"SELECT T1.DESCRIPTIVE_ATTRIBUTE_2, T1.DESCRIPTIVE_ATTRIBUTE_3, T1.DESCRIPTIVE_ATTRIBUTE_5, T2.TEXT_FIELD_8 FROM T1 JOIN T2 ON T1.IDENTIFIER_PRIMARY_1 = T2.IDENTIFIER_REFERENCE_7","SELECT Customers.gender_code, Customers.customer_first_name, Customers.customer_last_name, Customer_Payment_Methods.payment_method_code FROM Customers JOIN Customer_Payment_Methods ON Customers.customer_id = Customer_Payment_Methods.customer_id"
101,63,e_commerce,e_commerce,,,False,0,True,,llama3.1-8b,"SELECT T1.DESCRIPTIVE_ATTRIBUTE_2 , T1.DESCRIPTIVE_ATTRIBUTE_3 , T1.TEXT_FIELD_4 , T2.TEXT_FIELD_8 FROM T1 INNER JOIN T2 ON T1.IDENTIFIER_PRIMARY_1 = T2.IDENTIFIER_REFERENCE_7","SELECT Customers.gender_code , Customers.customer_first_name , Customers.customer_middle_initial , Customer_Payment_Methods.payment_method_code FROM Customers INNER JOIN Customer_Payment_Methods ON Customers.customer_id = Customer_Payment_Methods.customer_id"
102,64,e_commerce,e_commerce,,,False,1,True,,llama3.1-8b,"SELECT T1.DESCRIPTIVE_ATTRIBUTE_2 , T2.CHRONOLOGICAL_MARKER_7 , T4.CHRONOLOGICAL_MARKER_16 FROM T1 INNER JOIN T2 ON T1.IDENTIFIER_PRIMARY_1 = T2.IDENTIFIER_REFERENCE_5 INNER JOIN T4 ON T4.IDENTIFIER_REFERENCE_14 = T1.IDENTIFIER_PRIMARY_1","SELECT Invoices.invoice_status_code , Orders.date_order_placed , Shipments.shipment_date FROM Invoices INNER JOIN Orders ON Invoices.invoice_number = Orders.customer_id INNER JOIN Shipments ON Shipments.invoice_number = Invoices.invoice_number"
103,65,e_commerce,e_commerce,,,False,0,True,,llama3.1-8b,"SELECT T1.DESCRIPTIVE_ATTRIBUTE_2, T1.CHRONOLOGICAL_MARKER_3, T4.CHRONOLOGICAL_MARKER_16 FROM T1 INNER JOIN T4 ON T4.IDENTIFIER_REFERENCE_14 = T1.IDENTIFIER_PRIMARY_1","SELECT Invoices.invoice_status_code, Invoices.invoice_date, Shipments.shipment_date FROM Invoices INNER JOIN Shipments ON Shipments.invoice_number = Invoices.invoice_number"
104,68,e_commerce,e_commerce,,,False,0,True,,llama3.1-8b,"SELECT T3.DESCRIPTIVE_ATTRIBUTE_11, T4.MEASUREMENT_VALUE_15 FROM T3 JOIN T4 ON T4.IDENTIFIER_REFERENCE_14 = T3.IDENTIFIER_REFERENCE_10 JOIN T2 ON T2.IDENTIFIER_PRIMARY_4 = T3.IDENTIFIER_REFERENCE_10 JOIN T1 ON T1.IDENTIFIER_PRIMARY_1 = T4.IDENTIFIER_REFERENCE_14 WHERE T2.CHRONOLOGICAL_MARKER_7 = 'ordered' AND T4.CHRONOLOGICAL_MARKER_16 = 'shipped'","SELECT Order_Items.order_item_status_code, Shipments.shipment_tracking_number FROM Order_Items JOIN Shipments ON Shipments.invoice_number = Order_Items.order_id JOIN Orders ON Orders.order_id = Order_Items.order_id JOIN Invoices ON Invoices.invoice_number = Shipments.invoice_number WHERE Orders.date_order_placed = 'ordered' AND Shipments.shipment_date = 'shipped'"
105,69,e_commerce,e_commerce,,,False,0,True,,llama3.1-8b,"SELECT T3.DESCRIPTIVE_ATTRIBUTE_11 , T4.MEASUREMENT_VALUE_15 FROM T1 AS T1 INNER JOIN T4 AS T4 ON T4.IDENTIFIER_REFERENCE_14 = T1.IDENTIFIER_PRIMARY_1 INNER JOIN T2 AS T2 ON T2.IDENTIFIER_PRIMARY_4 = T4.IDENTIFIER_REFERENCE_13 INNER JOIN T3 AS T3 ON T3.IDENTIFIER_REFERENCE_10 = T2.IDENTIFIER_PRIMARY_4 WHERE T2.CHRONOLOGICAL_MARKER_7 = ""ordered"" AND T4.CHRONOLOGICAL_MARKER_16 = ""shipped""","SELECT Order_Items.order_item_status_code , Shipments.shipment_tracking_number FROM Invoices AS Invoices INNER JOIN Shipments AS Shipments ON Shipments.invoice_number = Invoices.invoice_number INNER JOIN Orders AS Orders ON Orders.order_id = Shipments.order_id INNER JOIN Order_Items AS Order_Items ON Order_Items.order_id = Orders.order_id WHERE Orders.date_order_placed = ""ordered"" AND Shipments.shipment_date = ""shipped"""
106,84,e_commerce,e_commerce,,,False,0,True,,llama3.1-8b,"SELECT DESCRIPTIVE_ATTRIBUTE_4 , TEXT_FIELD_5 FROM T1 WHERE MEASUREMENT_VALUE_6 LIKE '+12%'","SELECT login_name , login_password FROM Customers WHERE phone_number LIKE '+12%'"
107,85,e_commerce,e_commerce,,,False,0,True,,llama3.1-8b,"SELECT T1.DESCRIPTIVE_ATTRIBUTE_2 , T1.TEXT_FIELD_5 FROM T1 AS T1 JOIN T2 AS T2 ON T2.IDENTIFIER_REFERENCE_8 = T1.IDENTIFIER_PRIMARY_1 WHERE T1.MEASUREMENT_VALUE_6 LIKE '+12%'","SELECT Customers.customer_first_name , Customers.login_password FROM Customers AS Customers JOIN Orders AS Orders ON Orders.customer_id = Customers.customer_id WHERE Customers.phone_number LIKE '+12%'"
108,86,e_commerce,e_commerce,,,False,0,True,,llama3.1-8b,SELECT DESCRIPTIVE_ATTRIBUTE_3 FROM T1 WHERE DESCRIPTIVE_ATTRIBUTE_3 LIKE '%Dell%',SELECT product_name FROM Products WHERE product_name LIKE '%Dell%'
109,87,e_commerce,e_commerce,,,False,3,False,,llama3.1-8b,"SELECT T1.MEASUREMENT_VALUE_6 FROM T1 WHERE T1.DESCRIBITIVE_ATTRIBUTE_3 LIKE ""%Dell%""","SELECT Products.product_size FROM Products WHERE Products.DESCRIBITIVE_ATTRIBUTE_3 LIKE ""%Dell%"""
110,94,e_commerce,e_commerce,,,False,0,True,,llama3.1-8b,"SELECT T1.DESCRIPTIVE_ATTRIBUTE_3 , T1.CHRONOLOGICAL_MARKER_4 FROM T1","SELECT Orders.order_status_code , Orders.date_order_placed FROM Orders"
111,95,e_commerce,e_commerce,,,False,0,True,,llama3.1-8b,"SELECT T1.DESCRIPTIVE_ATTRIBUTE_3 , T1.CHRONOLOGICAL_MARKER_4 FROM T1","SELECT Orders.order_status_code , Orders.date_order_placed FROM Orders"
112,96,e_commerce,e_commerce,,,False,0,True,,llama3.1-8b,"SELECT T1.DESCRIPTIVE_ATTRIBUTE_4 , T1.DESCRIPTIVE_ATTRIBUTE_5 , T1.TEXT_FIELD_6 FROM T1 WHERE T1.DESCRIPTIVE_ATTRIBUTE_5 = ""USA""","SELECT Customers.address_line_1 , Customers.town_city , Customers.county FROM Customers WHERE Customers.town_city = ""USA"""
113,97,e_commerce,e_commerce,,,False,0,True,,llama3.1-8b,"SELECT DESCRIPTIVE_ATTRIBUTE_2, DESCRIPTIVE_ATTRIBUTE_5, TEXT_FIELD_6 FROM T1 WHERE DESCRIPTIVE_ATTRIBUTE_5 = 'United States'","SELECT customer_first_name, town_city, county FROM Customers WHERE town_city = 'United States'"
114,112,e_commerce,e_commerce,,,False,0,True,,llama3.1-8b,"SELECT T1.IDENTIFIER_PRIMARY_1, T1.DESCRIPTIVE_ATTRIBUTE_3 FROM T1 WHERE T1.CURRENCY_AMOUNT_4 > 3","SELECT Products.product_id, Products.product_name FROM Products WHERE Products.product_price > 3"
115,113,e_commerce,e_commerce,,,False,0,True,,llama3.1-8b,"SELECT T1.IDENTIFIER_PRIMARY_1, T1.DESCRIPTIVE_ATTRIBUTE_3 FROM T1 AS T1 JOIN T5 AS T2 ON T1.IDENTIFIER_PRIMARY_1 = T2.IDENTIFIER_REFERENCE_21 GROUP BY T2.IDENTIFIER_REFERENCE_21 HAVING count(*) > 3","SELECT Products.product_id, Products.product_name FROM Products AS Products JOIN Shipment_Items AS Orders ON Products.product_id = Orders.order_item_id GROUP BY Orders.order_item_id HAVING count(*) > 3"
116,114,e_commerce,e_commerce,,,False,0,True,,llama3.1-8b,"SELECT T1.DESCRIPTIVE_ATTRIBUTE_2 , T1.IDENTIFIER_PRIMARY_1 FROM T1 JOIN T4 ON T4.IDENTIFIER_REFERENCE_14 = T1.IDENTIFIER_PRIMARY_1 JOIN T5 ON T5.IDENTIFIER_REFERENCE_18 = T4.IDENTIFIER_PRIMARY_12 JOIN T2 ON T2.IDENTIFIER_PRIMARY_4 = T5.IDENTIFIER_REFERENCE_18 GROUP BY T1.IDENTIFIER_PRIMARY_1 HAVING COUNT(T5.IDENTIFIER_PRIMARY_17) >= 2","SELECT Invoices.invoice_status_code , Invoices.invoice_number FROM Invoices JOIN Shipments ON Shipments.invoice_number = Invoices.invoice_number JOIN Shipment_Items ON Shipment_Items.order_item_id = Shipments.shipment_id JOIN Orders ON Orders.order_id = Shipment_Items.order_item_id GROUP BY Invoices.invoice_number HAVING COUNT(Shipment_Items.shipment_id) >= 2"
117,115,e_commerce,e_commerce,,,False,0,True,,llama3.1-8b,"SELECT T1.DESCRIPTIVE_ATTRIBUTE_2 , T1.IDENTIFIER_PRIMARY_1 FROM T1 INNER JOIN T4 ON T4.IDENTIFIER_REFERENCE_14 = T1.IDENTIFIER_PRIMARY_1 INNER JOIN T2 ON T4.IDENTIFIER_REFERENCE_13 = T2.IDENTIFIER_PRIMARY_4 GROUP BY T1.IDENTIFIER_PRIMARY_1 HAVING COUNT(T4.IDENTIFIER_PRIMARY_12) >= 2","SELECT Invoices.invoice_status_code , Invoices.invoice_number FROM Invoices INNER JOIN Shipments ON Shipments.invoice_number = Invoices.invoice_number INNER JOIN Orders ON Shipments.order_id = Orders.order_id GROUP BY Invoices.invoice_number HAVING COUNT(Shipments.shipment_id) >= 2"
118,116,e_commerce,e_commerce,,,False,0,True,,llama3.1-8b,"SELECT T1.MEASUREMENT_VALUE_4 , T1.CHRONOLOGICAL_MARKER_5 FROM T1","SELECT Shipments.shipment_tracking_number , Shipments.shipment_date FROM Shipments"
119,117,e_commerce,e_commerce,,,False,0,True,,llama3.1-8b,"SELECT T3.MEASUREMENT_VALUE_12 , T3.CHRONOLOGICAL_MARKER_13 FROM T3 JOIN T1 ON T3.IDENTIFIER_REFERENCE_10 = T1.IDENTIFIER_PRIMARY_1","SELECT Shipments.shipment_tracking_number , Shipments.shipment_date FROM Shipments JOIN Orders ON Shipments.order_id = Orders.order_id"
120,121,bbc_channels,bbc_channels,,,False,0,True,,llama3.1-8b,SELECT T1.DESCRIPTIVE_ATTRIBUTE_2 FROM T1 JOIN T3 ON T1.IDENTIFIER_PRIMARY_1 = T3.IDENTIFIER_REFERENCE_13 JOIN T2 ON T3.IDENTIFIER_REFERENCE_12 = T2.IDENTIFIER_PRIMARY_6 ORDER BY T2.MEASUREMENT_VALUE_8 DESC LIMIT 1,SELECT channel.Name FROM channel JOIN program ON channel.Channel_ID = program.Channel_ID JOIN director ON program.Director_ID = director.Director_ID ORDER BY director.Age DESC LIMIT 1
121,122,bbc_channels,bbc_channels,,,False,0,True,,llama3.1-8b,SELECT COUNT(*) FROM T1 WHERE TEXT_FIELD_5 LIKE '%bbc%',SELECT COUNT(*) FROM channel WHERE Internet LIKE '%bbc%'
122,127,bbc_channels,bbc_channels,,,False,3,False,,llama3.1-8b,SELECT T1.DESCRIPITIVE_ATTRIBUTE_2 FROM T3 AS T1 JOIN T2 AS T2 ON T1.IDENTIFIER_REFERENCE_12 = T2.IDENTIFIER_PRIMARY_6 ORDER BY T1.CHRONOLOGICAL_MARKER_10 DESC LIMIT 1,SELECT channel.DESCRIPITIVE_ATTRIBUTE_2 FROM program AS channel JOIN director AS director ON channel.Director_ID = director.Director_ID ORDER BY channel.Start_Year DESC LIMIT 1
123,128,bbc_channels,bbc_channels,,,False,0,True,,llama3.1-8b,"SELECT T1.DESCRIPTIVE_ATTRIBUTE_2, T1.TEXT_FIELD_3 FROM T1 INNER JOIN T3 ON T1.IDENTIFIER_PRIMARY_1 = T3.IDENTIFIER_REFERENCE_13 INNER JOIN T2 ON T3.IDENTIFIER_REFERENCE_12 = T2.IDENTIFIER_PRIMARY_6 WHERE T3.IDENTIFIER_PRIMARY_9 > 1","SELECT channel.Name, channel.Analogue_terrestrial_channel FROM channel INNER JOIN program ON channel.Channel_ID = program.Channel_ID INNER JOIN director ON program.Director_ID = director.Director_ID WHERE program.Program_ID > 1"
124,129,bbc_channels,bbc_channels,,,False,0,True,,llama3.1-8b,"SELECT T1.DESCRIPTIVE_ATTRIBUTE_2, COUNT(T3.IDENTIFIER_PRIMARY_9) FROM T1 INNER JOIN T3 ON T3.IDENTIFIER_REFERENCE_13 = T1.IDENTIFIER_PRIMARY_1 INNER JOIN T2 ON T2.IDENTIFIER_PRIMARY_6 = T3.IDENTIFIER_REFERENCE_12 GROUP BY T1.DESCRIPTIVE_ATTRIBUTE_2","SELECT channel.Name, COUNT(program.Program_ID) FROM channel INNER JOIN program ON program.Channel_ID = channel.Channel_ID INNER JOIN director ON director.Director_ID = program.Director_ID GROUP BY channel.Name"
125,131,bbc_channels,bbc_channels,,,False,0,True,,llama3.1-8b,SELECT T1.DESCRIPTIVE_ATTRIBUTE_2 FROM T1 INNER JOIN T3 ON T1.IDENTIFIER_PRIMARY_1 = T3.IDENTIFIER_REFERENCE_13 INNER JOIN T2 ON T3.IDENTIFIER_REFERENCE_12 = T2.IDENTIFIER_PRIMARY_6 WHERE T2.DESCRIPTIVE_ATTRIBUTE_7 = 'Dracula',SELECT channel.Name FROM channel INNER JOIN program ON channel.Channel_ID = program.Channel_ID INNER JOIN director ON program.Director_ID = director.Director_ID WHERE director.Name = 'Dracula'
126,138,tv_shows,tv_shows,,,False,0,True,,llama3.1-8b,"SELECT T1.DESCRIPTIVE_ATTRIBUTE_2, T1.TEXT_FIELD_3 FROM T1 WHERE T1.DESCRIPTIVE_ATTRIBUTE_2 = 'tv shows'","SELECT tv_show.tv_show_name, tv_show.Sub_tittle FROM tv_show WHERE tv_show.tv_show_name = 'tv shows'"
127,140,tv_shows,tv_shows,,,False,0,True,,llama3.1-8b,SELECT T1.TEXT_FIELD_2 FROM T1 JOIN T2 ON T1.IDENTIFIER_PRIMARY_1 = T2.IDENTIFIER_REFERENCE_8 WHERE T2.DESCRIPTIVE_ATTRIBUTE_9 > 150 OR T2.DESCRIPTIVE_ATTRIBUTE_9 < 30,SELECT radio.Transmitter FROM radio JOIN city_channel_radio ON radio.Radio_ID = city_channel_radio.Radio_ID WHERE city_channel_radio.Is_online > 150 OR city_channel_radio.Is_online < 30
128,141,tv_shows,tv_shows,,,False,0,True,,llama3.1-8b,SELECT T1.TEXT_FIELD_2 FROM T1 AS T1 INNER JOIN T2 AS T2 ON T2.IDENTIFIER_REFERENCE_8 = T1.IDENTIFIER_PRIMARY_1 ORDER BY T2.DESCRIPTIVE_ATTRIBUTE_9 DESC LIMIT 1,SELECT radio.Transmitter FROM radio AS radio INNER JOIN city_channel_radio AS city_channel_radio ON city_channel_radio.Radio_ID = radio.Radio_ID ORDER BY city_channel_radio.Is_online DESC LIMIT 1
129,143,tv_shows,tv_shows,,,False,1,True,,llama3.1-8b,"SELECT T2.DESCRIPTIVE_ATTRIBUTE_7 , COUNT(T1.IDENTIFIER_PRIMARY_1) FROM T1 AS T1 JOIN T4 AS T4 ON T1.IDENTIFIER_PRIMARY_1 = T4.IDENTIFIER_PRIMARY_14 JOIN T2 AS T2 ON T4.IDENTIFIER_REFERENCE_15 = T2.IDENTIFIER_PRIMARY_6 GROUP BY T2.DESCRIPTIVE_ATTRIBUTE_7","SELECT tv_show.tv_show_name , COUNT(city_channel.ID) FROM city_channel AS city_channel JOIN city_channel_tv_show AS city_channel_tv_show ON city_channel.ID = city_channel_tv_show.City_channel_ID JOIN tv_show AS tv_show ON city_channel_tv_show.tv_show_ID = tv_show.tv_show_ID GROUP BY tv_show.tv_show_name"
130,146,tv_shows,tv_shows,,,False,3,False,,llama3.1-8b,"SELECT T1.DESCRIPITIVE_ATTRIBUTE_2 , T3.DESCRIPATIVE_ATTRIBUTE_11 FROM T3 AS T3 JOIN T1 AS T1 ON T3.IDENTIFIER_PRIMARY_9 = T1.IDENTIFIER_PRIMARY_1 WHERE T1.DESCRIPITIVE_ATTRIBUTE_2 = 'city' ORDER BY T3.DESCRIPATIVE_ATTRIBUTE_11 ASC","SELECT city_channel.DESCRIPITIVE_ATTRIBUTE_2 , city_channel_tv_show.DESCRIPATIVE_ATTRIBUTE_11 FROM city_channel_tv_show AS city_channel_tv_show JOIN city_channel AS city_channel ON city_channel_tv_show.City_channel_ID = city_channel.ID WHERE city_channel.DESCRIPITIVE_ATTRIBUTE_2 = 'city' ORDER BY city_channel_tv_show.DESCRIPATIVE_ATTRIBUTE_11 ASC"
131,147,tv_shows,tv_shows,,,False,3,False,,llama3.1-8b,"SELECT T2.TEXT_FIELD_7, T1.DESCRIPITIVE_ATTRIBUTE_2 FROM T2 INNER JOIN T3 ON T2.IDENTIFIER_PRIMARY_6 = T3.IDENTIFIER_REFERENCE_13 INNER JOIN T1 ON T3.IDENTIFIER_PRIMARY_12 = T1.IDENTIFIER_PRIMARY_1","SELECT radio.Transmitter, city_channel.DESCRIPITIVE_ATTRIBUTE_2 FROM radio INNER JOIN city_channel_radio ON radio.Radio_ID = city_channel_radio.Radio_ID INNER JOIN city_channel ON city_channel_radio.City_channel_ID = city_channel.ID"
132,149,tv_shows,tv_shows,,,False,0,True,,llama3.1-8b,"SELECT T2.TEXT_FIELD_7 , COUNT(T4.DESCRIPTIVE_ATTRIBUTE_17) FROM T2 JOIN T3 ON T2.IDENTIFIER_PRIMARY_6 = T3.IDENTIFIER_REFERENCE_13 JOIN T4 ON T3.IDENTIFIER_PRIMARY_12 = T4.IDENTIFIER_PRIMARY_15 GROUP BY T2.TEXT_FIELD_7","SELECT radio.Transmitter , COUNT(city_channel_tv_show.Is_online) FROM radio JOIN city_channel_radio ON radio.Radio_ID = city_channel_radio.Radio_ID JOIN city_channel_tv_show ON city_channel_radio.City_channel_ID = city_channel_tv_show.City_channel_ID GROUP BY radio.Transmitter"
133,157,vehicle_driver,vehicle_driver,,,False,0,True,,llama3.1-8b,"SELECT MAX(T1.NUMERIC_FIELD_5), AVG(T1.NUMERIC_FIELD_5) FROM T1 WHERE T1.TEXT_FIELD_6 = 'Zhuzhou'","SELECT MAX(vehicle.Power), AVG(vehicle.Power) FROM vehicle WHERE vehicle.Builder = 'Zhuzhou'"
134,158,vehicle_driver,vehicle_driver,,,False,0,True,,llama3.1-8b,"SELECT MAX(T1.NUMERIC_FIELD_5), AVG(T1.NUMERIC_FIELD_5) FROM T1 JOIN T3 ON T1.IDENTIFIER_PRIMARY_1 = T3.IDENTIFIER_REFERENCE_13 JOIN T2 ON T3.IDENTIFIER_PRIMARY_12 = T2.IDENTIFIER_PRIMARY_8 WHERE T2.DESCRIPTIVE_ATTRIBUTE_9 = 'Zhuzhou' AND T1.TEXT_FIELD_6 = 'built'","SELECT MAX(vehicle.Power), AVG(vehicle.Power) FROM vehicle JOIN vehicle_driver ON vehicle.Vehicle_ID = vehicle_driver.Vehicle_ID JOIN driver ON vehicle_driver.Driver_ID = driver.Driver_ID WHERE driver.Name = 'Zhuzhou' AND vehicle.Builder = 'built'"
135,161,vehicle_driver,vehicle_driver,,,False,0,True,,llama3.1-8b,"SELECT T1.NUMERIC_FIELD_4 , T1.NUMERIC_FIELD_5 FROM T1 WHERE T1.CHRONOLOGICAL_MARKER_3 = ""1996""","SELECT vehicle.Top_Speed , vehicle.Power FROM vehicle WHERE vehicle.Build_Year = ""1996"""
136,162,vehicle_driver,vehicle_driver,,,False,0,True,,llama3.1-8b,"SELECT T1.NUMERIC_FIELD_4 , T1.NUMERIC_FIELD_5 FROM T1 AS T1 JOIN T3 AS T2 ON T1.IDENTIFIER_PRIMARY_1 = T2.IDENTIFIER_REFERENCE_13 WHERE T1.CHRONOLOGICAL_MARKER_3 = ""1996""","SELECT vehicle.Top_Speed , vehicle.Power FROM vehicle AS vehicle JOIN vehicle_driver AS driver ON vehicle.Vehicle_ID = driver.Vehicle_ID WHERE vehicle.Build_Year = ""1996"""
137,163,vehicle_driver,vehicle_driver,,,False,0,True,,llama3.1-8b,"SELECT T1.CHRONOLOGICAL_MARKER_3 , T1.TEXT_FIELD_2 , T1.TEXT_FIELD_6 FROM T1 INNER JOIN T3 ON T1.IDENTIFIER_PRIMARY_1 = T3.IDENTIFIER_REFERENCE_13","SELECT vehicle.Build_Year , vehicle.Model , vehicle.Builder FROM vehicle INNER JOIN vehicle_driver ON vehicle.Vehicle_ID = vehicle_driver.Vehicle_ID"
138,164,vehicle_driver,vehicle_driver,,,False,0,True,,llama3.1-8b,"SELECT T1.NUMERIC_FIELD_5 , T1.TEXT_FIELD_2 , T1.TEXT_FIELD_6 FROM T1","SELECT vehicle.Power , vehicle.Model , vehicle.Builder FROM vehicle"
139,165,vehicle_driver,vehicle_driver,,,False,0,True,,llama3.1-8b,"SELECT COUNT(T3.IDENTIFIER_PRIMARY_12) FROM T1 AS T1 JOIN T3 AS T3 ON T3.IDENTIFIER_REFERENCE_13 = T1.IDENTIFIER_PRIMARY_1 WHERE T1.TEXT_FIELD_6 = ""2012""","SELECT COUNT(vehicle_driver.Driver_ID) FROM vehicle AS vehicle JOIN vehicle_driver AS vehicle_driver ON vehicle_driver.Vehicle_ID = vehicle.Vehicle_ID WHERE vehicle.Builder = ""2012"""
140,166,vehicle_driver,vehicle_driver,,,False,0,True,,llama3.1-8b,SELECT COUNT(DISTINCT T3.IDENTIFIER_PRIMARY_12) FROM T3 JOIN T1 ON T3.IDENTIFIER_REFERENCE_13 = T1.IDENTIFIER_PRIMARY_1 WHERE T1.TEXT_FIELD_6 = '2012',SELECT COUNT(DISTINCT vehicle_driver.Driver_ID) FROM vehicle_driver JOIN vehicle ON vehicle_driver.Vehicle_ID = vehicle.Vehicle_ID WHERE vehicle.Builder = '2012'
141,173,vehicle_driver,vehicle_driver,,,False,0,True,,llama3.1-8b,SELECT T1.TEXT_FIELD_2 FROM T1 WHERE T1.MEASUREMENT_VALUE_7 > 100 OR T1.NUMERIC_FIELD_4 > 150,SELECT vehicle.Model FROM vehicle WHERE vehicle.Total_Production > 100 OR vehicle.Top_Speed > 150
142,174,vehicle_driver,vehicle_driver,,,False,1,True,,llama3.1-8b,SELECT T2.TEXT_FIELD_10 FROM T1 AS T1 JOIN T3 AS T3 ON T1.IDENTIFIER_PRIMARY_1 = T3.IDENTIFIER_REFERENCE_13 JOIN T2 AS T2 ON T3.IDENTIFIER_PRIMARY_12 = T2.IDENTIFIER_PRIMARY_8 WHERE T1.MEASUREMENT_VALUE_7 > 100 OR T1.NUMERIC_FIELD_4 > 150,SELECT driver.Citizenship FROM vehicle AS vehicle JOIN vehicle_driver AS vehicle_driver ON vehicle.Vehicle_ID = vehicle_driver.Vehicle_ID JOIN driver AS driver ON vehicle_driver.Driver_ID = driver.Driver_ID WHERE vehicle.Total_Production > 100 OR vehicle.Top_Speed > 150
143,175,vehicle_driver,vehicle_driver,,,False,0,True,,llama3.1-8b,"SELECT T1.TEXT_FIELD_2, T1.CHRONOLOGICAL_MARKER_3 FROM T1 JOIN T3 ON T1.IDENTIFIER_PRIMARY_1 = T3.IDENTIFIER_REFERENCE_13 JOIN T2 ON T3.IDENTIFIER_PRIMARY_12 = T2.IDENTIFIER_PRIMARY_8 WHERE T2.TEXT_FIELD_11 = 'cars' AND T1.TEXT_FIELD_2 LIKE '%DJ%'","SELECT vehicle.Model, vehicle.Build_Year FROM vehicle JOIN vehicle_driver ON vehicle.Vehicle_ID = vehicle_driver.Vehicle_ID JOIN driver ON vehicle_driver.Driver_ID = driver.Driver_ID WHERE driver.Racing_Series = 'cars' AND vehicle.Model LIKE '%DJ%'"
144,176,vehicle_driver,vehicle_driver,,,False,0,True,,llama3.1-8b,"SELECT T1.TEXT_FIELD_2 , T1.CHRONOLOGICAL_MARKER_3 FROM T1 JOIN T3 ON T3.IDENTIFIER_REFERENCE_13 = T1.IDENTIFIER_PRIMARY_1 WHERE T1.TEXT_FIELD_2 LIKE ""%DJ%""","SELECT vehicle.Model , vehicle.Build_Year FROM vehicle JOIN vehicle_driver ON vehicle_driver.Vehicle_ID = vehicle.Vehicle_ID WHERE vehicle.Model LIKE ""%DJ%"""
145,187,vehicle_driver,vehicle_driver,,,False,3,False,,llama3.1-8b,"SELECT T2.DESCRIPTIVE_ATTRIBUTE_9, COUNT(T3.IDENTIFIER_PRIMARY_12) FROM T3 AS T1 JOIN T2 ON T1.IDENTIFIER_REFERENCE_13 = T2.IDENTIFIER_PRIMARY_8 GROUP BY T2.DESCRIPTIVE_ATTRIBUTE_9","SELECT driver.Name, COUNT(vehicle_driver.Driver_ID) FROM vehicle_driver AS vehicle JOIN driver ON vehicle.Vehicle_ID = driver.Driver_ID GROUP BY driver.Name"
146,188,vehicle_driver,vehicle_driver,,,False,0,True,,llama3.1-8b,"SELECT T1.IDENTIFIER_PRIMARY_1, COUNT(*) FROM T1 JOIN T3 ON T1.IDENTIFIER_PRIMARY_1 = T3.IDENTIFIER_REFERENCE_13 JOIN T2 ON T3.IDENTIFIER_PRIMARY_12 = T2.IDENTIFIER_PRIMARY_8 WHERE T2.DESCRIPTIVE_ATTRIBUTE_9 = ""series"" GROUP BY T1.IDENTIFIER_PRIMARY_1","SELECT vehicle.Vehicle_ID, COUNT(*) FROM vehicle JOIN vehicle_driver ON vehicle.Vehicle_ID = vehicle_driver.Vehicle_ID JOIN driver ON vehicle_driver.Driver_ID = driver.Driver_ID WHERE driver.Name = ""series"" GROUP BY vehicle.Vehicle_ID"
147,197,online_exams,online_exams,,,False,0,True,,llama3.1-8b,"SELECT T2.CHRONOLOGICAL_MARKER_6 , T2.DESCRIPTIVE_ATTRIBUTE_7 FROM T2 WHERE T2.DESCRIPTIVE_ATTRIBUTE_7 NOT LIKE ""Database""","SELECT Exams.Exam_Date , Exams.Exam_Name FROM Exams WHERE Exams.Exam_Name NOT LIKE ""Database"""
148,198,online_exams,online_exams,,,False,0,True,,llama3.1-8b,"SELECT T1.DESCRIPTIVE_ATTRIBUTE_4, T1.CHRONOLOGICAL_MARKER_3 FROM T1 WHERE T1.TEXT_FIELD_2 != ""Database""","SELECT Exams.Exam_Name, Exams.Exam_Date FROM Exams WHERE Exams.Subject_Code != ""Database"""
149,201,online_exams,online_exams,,,False,0,True,,llama3.1-8b,"SELECT T1.DESCRIPTIVE_ATTRIBUTE_2 , COUNT(*) FROM T1 JOIN T2 ON T1.IDENTIFIER_PRIMARY_1 = T2.IDENTIFIER_REFERENCE_5 GROUP BY T1.DESCRIPTIVE_ATTRIBUTE_2","SELECT Questions.Type_of_Question_Code , COUNT(*) FROM Questions JOIN Questions_in_Exams ON Questions.Question_ID = Questions_in_Exams.Question_ID GROUP BY Questions.Type_of_Question_Code"
150,202,online_exams,online_exams,,,False,0,True,,llama3.1-8b,"SELECT DESCRIPTIVE_ATTRIBUTE_2 , COUNT(*) FROM T1 GROUP BY DESCRIPTIVE_ATTRIBUTE_2","SELECT Type_of_Question_Code , COUNT(*) FROM Questions GROUP BY Type_of_Question_Code"
151,207,online_exams,online_exams,,,False,0,True,,llama3.1-8b,SELECT T5.TEXT_FIELD_20 FROM T5 GROUP BY T5.TEXT_FIELD_20 ORDER BY COUNT(*) DESC,SELECT Student_Answers.Student_Answer_Text FROM Student_Answers GROUP BY Student_Answers.Student_Answer_Text ORDER BY COUNT(*) DESC
152,208,online_exams,online_exams,,,False,0,True,,llama3.1-8b,SELECT TEXT_FIELD_15 FROM T3 GROUP BY TEXT_FIELD_15 ORDER BY COUNT(TEXT_FIELD_15) DESC,SELECT Student_Answer_Text FROM Student_Answers GROUP BY Student_Answer_Text ORDER BY COUNT(Student_Answer_Text) DESC
153,209,online_exams,online_exams,,,False,3,False,,llama3.1-8b,"SELECT T5.TEXT_FIELD_21, T4.CHRONOLOGICAL_MARKER_17 FROM T4 AS T1 JOIN T5 AS T2 ON T1.IDENTIFIER_REFERENCE_16 = T2.IDENTIFIER_PRIMARY_19 JOIN T2 AS T3 ON T1.IDENTIFIER_REFERENCE_14 = T3.IDENTIFIER_PRIMARY_7 JOIN T2 AS T4 ON T1.IDENTIFIER_REFERENCE_15 = T4.IDENTIFIER_PRIMARY_7","SELECT Student_Assessments.Student_Answer_Text, Student_Answers.Date_of_Answer FROM Student_Answers AS Students JOIN Student_Assessments AS Exams ON Students.Student_ID = Exams.Student_Answer_ID JOIN Exams AS Questions_in_Exams ON Students.Exam_ID = Questions_in_Exams.Exam_ID JOIN Exams AS Student_Answers ON Students.Question_ID = Student_Answers.Exam_ID"
154,210,online_exams,online_exams,,,False,3,False,,llama3.1-8b,"SELECT T1.DESCRIPITIVE_ATTRIBUTE_2 , T2.CHRONOLOGICAL_MARKER_9 FROM T1 AS T1 INNER JOIN T4 AS T4 ON T1.IDENTIFIER_PRIMARY_1 = T4.IDENTIFIER_REFERENCE_16 INNER JOIN T2 AS T2 ON T4.IDENTIFIER_REFERENCE_14 = T2.IDENTIFIER_PRIMARY_7 WHERE T4.IDENTIFIER_REFERENCE_14 = T4.IDENTIFIER_REFERENCE_15","SELECT Students.DESCRIPITIVE_ATTRIBUTE_2 , Exams.Exam_Date FROM Students AS Students INNER JOIN Student_Answers AS Student_Answers ON Students.Student_ID = Student_Answers.Student_ID INNER JOIN Exams AS Exams ON Student_Answers.Exam_ID = Exams.Exam_ID WHERE Student_Answers.Exam_ID = Student_Answers.Question_ID"
155,211,online_exams,online_exams,,,False,3,False,,llama3.1-8b,"SELECT T1.DESCRIPITIVE_ATTRIBUTE_2 , T2.CHRONOLOGICAL_MARKER_9 FROM T2 AS T2 JOIN T3 AS T3 ON T2.IDENTIFIER_PRIMARY_7 = T3.IDENTIFIER_PRIMARY_7 JOIN T1 AS T1 ON T3.IDENTIFIER_REFERENCE_12 = T1.IDENTIFIER_PRIMARY_1 ORDER BY T2.CHRONOLOGICAL_MARKER_9 DESC","SELECT Students.DESCRIPITIVE_ATTRIBUTE_2 , Exams.Exam_Date FROM Exams AS Exams JOIN Questions_in_Exams AS Questions_in_Exams ON Exams.Exam_ID = Questions_in_Exams.Exam_ID JOIN Students AS Students ON Questions_in_Exams.Question_ID = Students.Student_ID ORDER BY Exams.Exam_Date DESC"
156,212,online_exams,online_exams,,,False,3,False,,llama3.1-8b,"SELECT T1.DESCRIPITIVE_ATTRIBUTE_2 , T2.CHRONOLOGICAL_MARKER_9 FROM T2 AS T2 JOIN T4 AS T4 ON T2.IDENTIFIER_PRIMARY_7 = T4.IDENTIFIER_REFERENCE_14 JOIN T1 AS T1 ON T4.IDENTIFIER_REFERENCE_16 = T1.IDENTIFIER_PRIMARY_1 ORDER BY T2.CHRONOLOGICAL_MARKER_9 DESC","SELECT Students.DESCRIPITIVE_ATTRIBUTE_2 , Exams.Exam_Date FROM Exams AS Exams JOIN Student_Answers AS Student_Answers ON Exams.Exam_ID = Student_Answers.Exam_ID JOIN Students AS Students ON Student_Answers.Student_ID = Students.Student_ID ORDER BY Exams.Exam_Date DESC"
157,215,online_exams,online_exams,,,False,1,True,,llama3.1-8b,SELECT T4.TEXT_FIELD_17 FROM T3 AS T1 INNER JOIN T4 ON T4.IDENTIFIER_REFERENCE_16 = T1.IDENTIFIER_REFERENCE_10 INNER JOIN T2 ON T1.IDENTIFIER_REFERENCE_11 = T2.IDENTIFIER_PRIMARY_7 GROUP BY T4.IDENTIFIER_PRIMARY_15 HAVING COUNT(*) >= 2,SELECT Student_Assessments.Student_Answer_Text FROM Student_Answers AS Students INNER JOIN Student_Assessments ON Student_Assessments.Valid_Answer_ID = Students.Exam_ID INNER JOIN Questions_in_Exams ON Students.Question_ID = Questions_in_Exams.Exam_ID GROUP BY Student_Assessments.Student_Answer_ID HAVING COUNT(*) >= 2
158,216,online_exams,online_exams,,,False,0,True,,llama3.1-8b,SELECT T3.TEXT_FIELD_15 FROM T3 JOIN T2 ON T2.IDENTIFIER_REFERENCE_10 = T3.IDENTIFIER_PRIMARY_13 WHERE T2.IDENTIFIER_REFERENCE_8 = 2,SELECT Student_Assessments.Student_Answer_Text FROM Student_Assessments JOIN Student_Answers ON Student_Answers.Student_ID = Student_Assessments.Student_Answer_ID WHERE Student_Answers.Exam_ID = 2
159,221,online_exams,online_exams,,,False,0,True,,llama3.1-8b,"SELECT DESCRIPTIVE_ATTRIBUTE_5 , COUNT(IDENTIFIER_PRIMARY_1) FROM T1 GROUP BY DESCRIPTIVE_ATTRIBUTE_5","SELECT Gender_MFU , COUNT(Student_ID) FROM Students GROUP BY Gender_MFU"
160,14,soccer_3,soccer_3,,,False,0,True,,llama3.1-8b,SELECT T2.DESCRIPTIVE_ATTRIBUTE_9 FROM T2 JOIN T1 ON T2.IDENTIFIER_REFERENCE_13 = T1.IDENTIFIER_PRIMARY_1 WHERE T2.MEASUREMENT_VALUE_12 > 2 ORDER BY T2.NUMERIC_FIELD_10 DESC LIMIT 1,SELECT player.Country FROM player JOIN club ON player.Club_ID = club.Club_ID WHERE player.Wins_count > 2 ORDER BY player.Earnings DESC LIMIT 1
161,15,soccer_3,soccer_3,,,False,0,True,,llama3.1-8b,SELECT T2.DESCRIPTIVE_ATTRIBUTE_9 FROM T2 JOIN T1 ON T2.IDENTIFIER_REFERENCE_13 = T1.IDENTIFIER_PRIMARY_1 WHERE T2.MEASUREMENT_VALUE_12 > 2 ORDER BY T2.MEASUREMENT_VALUE_12 DESC LIMIT 1,SELECT player.Country FROM player JOIN club ON player.Club_ID = club.Club_ID WHERE player.Wins_count > 2 ORDER BY player.Wins_count DESC LIMIT 1
162,22,soccer_3,soccer_3,,,False,0,True,,llama3.1-8b,SELECT T1.DESCRIPTIVE_ATTRIBUTE_2 FROM T2 AS T1 JOIN T1 AS T2 ON T2.IDENTIFIER_REFERENCE_13 = T1.IDENTIFIER_PRIMARY_1 GROUP BY T1.DESCRIPTIVE_ATTRIBUTE_2 ORDER BY avg(T1.NUMERIC_FIELD_10) DESC,SELECT club.Name FROM player AS club JOIN club AS player ON player.Club_ID = club.Club_ID GROUP BY club.Name ORDER BY avg(club.Earnings) DESC
163,23,soccer_3,soccer_3,,,False,1,True,,llama3.1-8b,SELECT T1.DESCRIPTIVE_ATTRIBUTE_2 FROM T1 INNER JOIN T2 ON T1.IDENTIFIER_PRIMARY_1 = T2.IDENTIFIER_REFERENCE_13 GROUP BY T1.DESCRIPTIVE_ATTRIBUTE_2 ORDER BY AVG(T2.NUMERIC_FIELD_10) DESC,SELECT club.Name FROM club INNER JOIN player ON club.Club_ID = player.Club_ID GROUP BY club.Name ORDER BY AVG(player.Earnings) DESC
164,26,soccer_3,soccer_3,,,False,0,True,,llama3.1-8b,SELECT T1.TEXT_FIELD_5 FROM T1 GROUP BY T1.TEXT_FIELD_5 ORDER BY COUNT(*) DESC LIMIT 1,SELECT club.Manufacturer FROM club GROUP BY club.Manufacturer ORDER BY COUNT(*) DESC LIMIT 1
165,27,soccer_3,soccer_3,,,False,0,True,,llama3.1-8b,SELECT T1.TEXT_FIELD_5 FROM T1 AS T1 JOIN T2 AS T2 ON T2.IDENTIFIER_REFERENCE_13 = T1.IDENTIFIER_PRIMARY_1 GROUP BY T1.TEXT_FIELD_5 ORDER BY count(*) DESC LIMIT 1,SELECT club.Manufacturer FROM club AS club JOIN player AS player ON player.Club_ID = club.Club_ID GROUP BY club.Manufacturer ORDER BY count(*) DESC LIMIT 1
166,32,soccer_3,soccer_3,,,False,0,True,,llama3.1-8b,SELECT T1.DESCRIPTIVE_ATTRIBUTE_2 FROM T1 WHERE T1.IDENTIFIER_PRIMARY_1 NOT IN (SELECT T2.IDENTIFIER_REFERENCE_13 FROM T2),SELECT club.Name FROM club WHERE club.Club_ID NOT IN (SELECT player.Club_ID FROM player)
167,33,soccer_3,soccer_3,,,False,0,True,,llama3.1-8b,SELECT T1.DESCRIPTIVE_ATTRIBUTE_2 FROM T1 WHERE T1.IDENTIFIER_PRIMARY_1 NOT IN ( SELECT T2.IDENTIFIER_REFERENCE_13 FROM T2 ),SELECT club.Name FROM club WHERE club.Club_ID NOT IN ( SELECT player.Club_ID FROM player )
168,34,soccer_3,soccer_3,,,False,0,True,,llama3.1-8b,SELECT T2.DESCRIPTIVE_ATTRIBUTE_9 FROM T2 WHERE T2.NUMERIC_FIELD_10 > 1400000 INTERSECT SELECT T2.DESCRIPTIVE_ATTRIBUTE_9 FROM T2 WHERE T2.NUMERIC_FIELD_10 < 1100000,SELECT player.Country FROM player WHERE player.Earnings > 1400000 INTERSECT SELECT player.Country FROM player WHERE player.Earnings < 1100000
169,35,soccer_3,soccer_3,,,False,3,False,,llama3.1-8b,SELECT T2.DESCRIPITIVE_ATTRIBUTE_8 FROM T2 JOIN T1 ON T2.IDENTIFIER_REFERENCE_13 = T1.IDENTIFIER_PRIMARY_1 WHERE T2.NUMERIC_FIELD_10 > 1400000 INTERSECT SELECT T2.DESCRIPITIVE_ATTRIBUTE_8 FROM T2 JOIN T1 ON T2.IDENTIFIER_REFERENCE_13 = T1.IDENTIFIER_PRIMARY_1 WHERE T2.NUMERIC_FIELD_10 < 1100000,SELECT player.DESCRIPITIVE_ATTRIBUTE_8 FROM player JOIN club ON player.Club_ID = club.Club_ID WHERE player.Earnings > 1400000 INTERSECT SELECT player.DESCRIPITIVE_ATTRIBUTE_8 FROM player JOIN club ON player.Club_ID = club.Club_ID WHERE player.Earnings < 1100000
170,44,e_commerce,e_commerce,,,False,1,True,,llama3.1-8b,"SELECT T1.DESCRIPTIVE_ATTRIBUTE_3 , T1.CHRONOLOGICAL_MARKER_4 FROM T1 WHERE T1.CHRONOLOGICAL_MARKER_4 = ( SELECT MIN(T1.CHRONOLOGICAL_MARKER_4) FROM T1 ) OR T1.IDENTIFIER_PRIMARY_1 IN ( SELECT T2.IDENTIFIER_REFERENCE_7 FROM T2 GROUP BY T2.IDENTIFIER_REFERENCE_7 HAVING COUNT(*) > 1 )","SELECT Orders.order_status_code , Orders.date_order_placed FROM Orders WHERE Orders.date_order_placed = ( SELECT MIN(Orders.date_order_placed) FROM Orders ) OR Orders.order_id IN ( SELECT Order_Items.order_id FROM Order_Items GROUP BY Order_Items.order_id HAVING COUNT(*) > 1 )"
171,45,e_commerce,e_commerce,,,False,0,True,,llama3.1-8b,"SELECT T1.DESCRIPTIVE_ATTRIBUTE_3, T1.CHRONOLOGICAL_MARKER_4 FROM T1 WHERE T1.IDENTIFIER_PRIMARY_1 IN (SELECT T1.IDENTIFIER_PRIMARY_1 FROM T1 GROUP BY T1.IDENTIFIER_PRIMARY_1 HAVING COUNT(T1.IDENTIFIER_PRIMARY_1) > 1)","SELECT Orders.order_status_code, Orders.date_order_placed FROM Orders WHERE Orders.order_id IN (SELECT Orders.order_id FROM Orders GROUP BY Orders.order_id HAVING COUNT(Orders.order_id) > 1)"
172,49,e_commerce,e_commerce,,,False,3,False,,llama3.1-8b,"SELECT T1.IDENTIFIER_PRIMARY_1 , T1.DESCRIBITIVE_ATTRIBUTE_3 , T1.CURRENCY_AMOUNT_4 , T2.DESCRIBITIVE_ATTRIBUTE_10 FROM T1 JOIN T2 ON T2.IDENTIFIER_REFERENCE_8 = T1.IDENTIFIER_PRIMARY_1 WHERE T2.IDENTIFIER_REFERENCE_9 < 2","SELECT Products.product_id , Products.DESCRIBITIVE_ATTRIBUTE_3 , Products.product_price , Order_Items.DESCRIBITIVE_ATTRIBUTE_10 FROM Products JOIN Order_Items ON Order_Items.product_id = Products.product_id WHERE Order_Items.order_id < 2"
173,56,e_commerce,e_commerce,,,False,0,True,,llama3.1-8b,SELECT TEXT_FIELD_2 FROM T1 GROUP BY TEXT_FIELD_2 ORDER BY COUNT(TEXT_FIELD_2) DESC LIMIT 1,SELECT payment_method_code FROM Customer_Payment_Methods GROUP BY payment_method_code ORDER BY COUNT(payment_method_code) DESC LIMIT 1
174,57,e_commerce,e_commerce,,,False,0,True,,llama3.1-8b,SELECT T2.TEXT_FIELD_8 FROM T2 INNER JOIN T1 ON T2.IDENTIFIER_REFERENCE_7 = T1.IDENTIFIER_PRIMARY_1 GROUP BY T2.TEXT_FIELD_8 ORDER BY COUNT(T2.TEXT_FIELD_8) DESC LIMIT 1,SELECT Customer_Payment_Methods.payment_method_code FROM Customer_Payment_Methods INNER JOIN Customers ON Customer_Payment_Methods.customer_id = Customers.customer_id GROUP BY Customer_Payment_Methods.payment_method_code ORDER BY COUNT(Customer_Payment_Methods.payment_method_code) DESC LIMIT 1
175,58,e_commerce,e_commerce,,,False,1,True,,llama3.1-8b,"SELECT T2.DESCRIPTIVE_ATTRIBUTE_8 , COUNT(T1.IDENTIFIER_PRIMARY_1) FROM T1 AS T1 JOIN T2 AS T2 ON T1.DESCRIPTIVE_ATTRIBUTE_3 = T2.DESCRIPTIVE_ATTRIBUTE_8 GROUP BY T2.DESCRIPTIVE_ATTRIBUTE_8","SELECT Customers.gender_code , COUNT(Products.product_id) FROM Products AS Products JOIN Customers AS Customers ON Products.product_name = Customers.gender_code GROUP BY Customers.gender_code"
176,59,e_commerce,e_commerce,,,False,0,True,,llama3.1-8b,"SELECT DESCRIPTIVE_ATTRIBUTE_3, COUNT(*) FROM T1 GROUP BY DESCRIPTIVE_ATTRIBUTE_3","SELECT product_name, COUNT(*) FROM Products GROUP BY product_name"
177,66,e_commerce,e_commerce,,,False,0,True,,llama3.1-8b,"SELECT T1.DESCRIPTIVE_ATTRIBUTE_3, T5.CHRONOLOGICAL_MARKER_22 FROM T5 JOIN T3 ON T5.IDENTIFIER_REFERENCE_19 = T3.IDENTIFIER_PRIMARY_10 JOIN T1 ON T3.IDENTIFIER_REFERENCE_11 = T1.IDENTIFIER_PRIMARY_1","SELECT Products.product_name, Shipments.shipment_date FROM Shipments JOIN Orders ON Shipments.order_id = Orders.order_id JOIN Products ON Orders.customer_id = Products.product_id"
178,67,e_commerce,e_commerce,,,False,0,True,,llama3.1-8b,"SELECT T1.DESCRIPTIVE_ATTRIBUTE_3 , T2.CHRONOLOGICAL_MARKER_10 FROM T2 JOIN T4 ON T2.IDENTIFIER_PRIMARY_7 = T4.IDENTIFIER_REFERENCE_16 JOIN T3 ON T4.IDENTIFIER_REFERENCE_17 = T3.IDENTIFIER_REFERENCE_13 JOIN T1 ON T3.IDENTIFIER_REFERENCE_12 = T1.IDENTIFIER_PRIMARY_1","SELECT Products.product_name , Orders.date_order_placed FROM Orders JOIN Shipments ON Orders.order_id = Shipments.order_id JOIN Order_Items ON Shipments.invoice_number = Order_Items.order_id JOIN Products ON Order_Items.product_id = Products.product_id"
179,70,e_commerce,e_commerce,,,False,3,False,,llama3.1-8b,"SELECT T1.DESCRIPITIVE_ATTRIBUTE_3 , T1.TEXT_FIELD_5 FROM T3 AS T3 JOIN T2 AS T2 ON T3.IDENTIFIER_REFERENCE_13 = T2.IDENTIFIER_PRIMARY_7 JOIN T1 AS T1 ON T3.IDENTIFIER_REFERENCE_12 = T1.IDENTIFIER_PRIMARY_1 WHERE T1.IDENTIFIER_PRIMARY_1 = (SELECT T1.IDENTIFIER_PRIMARY_1 FROM T1 AS T1 JOIN T3 AS T3 ON T1.IDENTIFIER_PRIMARY_1 = T3.IDENTIFIER_REFERENCE_12 JOIN T4 AS T4 ON T3.IDENTIFIER_REFERENCE_13 = T4.IDENTIFIER_REFERENCE_16 WHERE T4.MEASUREMENT_VALUE_18 = 'shipped' GROUP BY T1.IDENTIFIER_PRIMARY_1 ORDER BY SUM(T1.CURRENCY_AMOUNT_4) DESC LIMIT 1)","SELECT Products.DESCRIPITIVE_ATTRIBUTE_3 , Products.product_color FROM Order_Items AS Order_Items JOIN Orders AS Orders ON Order_Items.order_id = Orders.order_id JOIN Products AS Products ON Order_Items.product_id = Products.product_id WHERE Products.product_id = (SELECT Products.product_id FROM Products AS Products JOIN Order_Items AS Order_Items ON Products.product_id = Order_Items.product_id JOIN Shipments AS Shipments ON Order_Items.order_id = Shipments.order_id WHERE Shipments.shipment_tracking_number = 'shipped' GROUP BY Products.product_id ORDER BY SUM(Products.product_price) DESC LIMIT 1)"
180,71,e_commerce,e_commerce,,,False,3,False,,llama3.1-8b,"SELECT T1.DESCRIPTIVE_ATTRIBUTE_3 , T2.DESCRIPTIVE_ATTRIBUTE_9 FROM T1 AS T1 JOIN T3 AS T2 ON T1.IDENTIFIER_PRIMARY_1 = T2.IDENTIFIER_REFERENCE_12 JOIN T4 AS T4 ON T2.IDENTIFIER_REFERENCE_13 = T4.IDENTIFIER_REFERENCE_16 WHERE T4.MEASUREMENT_VALUE_18 = (SELECT T4.MEASUREMENT_VALUE_18 FROM T4 WHERE T4.IDENTIFIER_PRIMARY_15 = (SELECT T4.IDENTIFIER_PRIMARY_15 FROM T4 AS T4A JOIN T5 AS T5 ON T4A.IDENTIFIER_PRIMARY_15 = T5.IDENTIFIER_PRIMARY_20))","SELECT Products.product_name , Orders.order_status_code FROM Products AS Products JOIN Order_Items AS Orders ON Products.product_id = Orders.product_id JOIN Shipments AS Shipments ON Orders.order_id = Shipments.order_id WHERE Shipments.shipment_tracking_number = (SELECT Shipments.shipment_tracking_number FROM Shipments WHERE Shipments.shipment_id = (SELECT Shipments.shipment_id FROM Shipments AS T4A JOIN Shipment_Items AS Shipment_Items ON T4A.shipment_id = Shipment_Items.shipment_id))"
181,74,e_commerce,e_commerce,,,False,0,True,,llama3.1-8b,SELECT T1.DESCRIPTIVE_ATTRIBUTE_2 FROM T1 AS T1 JOIN T2 AS T2 ON T1.IDENTIFIER_PRIMARY_1 = T2.IDENTIFIER_REFERENCE_5 WHERE T2.IDENTIFIER_PRIMARY_4 NOT IN (SELECT T4.IDENTIFIER_PRIMARY_12 FROM T4 WHERE T4.IDENTIFIER_PRIMARY_12 = T4.IDENTIFIER_REFERENCE_13),SELECT Invoices.invoice_status_code FROM Invoices AS Invoices JOIN Orders AS Orders ON Invoices.invoice_number = Orders.customer_id WHERE Orders.order_id NOT IN (SELECT Shipments.shipment_id FROM Shipments WHERE Shipments.shipment_id = Shipments.order_id)
182,75,e_commerce,e_commerce,,,False,0,True,,llama3.1-8b,SELECT T1.DESCRIPTIVE_ATTRIBUTE_2 FROM T1 AS T1 JOIN T4 AS T4 ON T4.IDENTIFIER_REFERENCE_14 = T1.IDENTIFIER_PRIMARY_1 WHERE T4.IDENTIFIER_PRIMARY_12 NOT IN (SELECT IDENTIFIER_PRIMARY_12 FROM T4 WHERE T4.MEASUREMENT_VALUE_15 = 'shipped'),SELECT Invoices.invoice_status_code FROM Invoices AS Invoices JOIN Shipments AS Shipments ON Shipments.invoice_number = Invoices.invoice_number WHERE Shipments.shipment_id NOT IN (SELECT shipment_id FROM Shipments WHERE Shipments.shipment_tracking_number = 'shipped')
183,76,e_commerce,e_commerce,,,False,1,True,,llama3.1-8b,"SELECT T1.IDENTIFIER_PRIMARY_1, T2.CHRONOLOGICAL_MARKER_10, T1.CURRENCY_AMOUNT_4 FROM T1 JOIN T3 ON T1.IDENTIFIER_PRIMARY_1 = T3.IDENTIFIER_REFERENCE_12 JOIN T2 ON T3.IDENTIFIER_REFERENCE_13 = T2.IDENTIFIER_PRIMARY_7","SELECT Products.product_id, Orders.date_order_placed, Products.product_price FROM Products JOIN Order_Items ON Products.product_id = Order_Items.product_id JOIN Orders ON Order_Items.order_id = Orders.order_id"
184,77,e_commerce,e_commerce,,,False,0,True,,llama3.1-8b,"SELECT T1.IDENTIFIER_PRIMARY_1, T5.CHRONOLOGICAL_MARKER_21, SUM(T1.CURRENCY_AMOUNT_4) FROM T1 JOIN T5 ON T5.IDENTIFIER_REFERENCE_19 = T1.IDENTIFIER_PRIMARY_1 GROUP BY T1.IDENTIFIER_PRIMARY_1","SELECT Products.product_id, Orders.date_order_placed, SUM(Products.product_price) FROM Products JOIN Orders ON Orders.customer_id = Products.product_id GROUP BY Products.product_id"
185,98,e_commerce,e_commerce,,,False,1,True,,llama3.1-8b,"SELECT T1.DESCRIPTIVE_ATTRIBUTE_3 , T1.TEXT_FIELD_5 FROM T1","SELECT Products.product_name , Products.product_color FROM Products"
186,99,e_commerce,e_commerce,,,False,1,True,,llama3.1-8b,"SELECT T1.DESCRIPTIVE_ATTRIBUTE_3 , T1.DESCRIPTIVE_ATTRIBUTE_3 FROM T1 AS T1 JOIN T1 AS T2 ON T1.IDENTIFIER_PRIMARY_1 = T2.IDENTIFIER_CODE_2","SELECT Products.product_name , Products.product_name FROM Products AS Products JOIN Products AS T2 ON Products.product_id = T2.parent_product_id"
187,108,e_commerce,e_commerce,,,False,0,True,,llama3.1-8b,SELECT T4.CHRONOLOGICAL_MARKER_15 FROM T1 AS T1 JOIN T2 AS T2 ON T1.IDENTIFIER_PRIMARY_1 = T2.IDENTIFIER_REFERENCE_7 JOIN T4 AS T4 ON T1.IDENTIFIER_PRIMARY_1 = T4.IDENTIFIER_REFERENCE_13 JOIN T5 AS T5 ON T4.IDENTIFIER_PRIMARY_12 = T5.IDENTIFIER_REFERENCE_18 GROUP BY T4.IDENTIFIER_PRIMARY_12 HAVING count(DISTINCT T2.TEXT_FIELD_8) >= 2,SELECT Orders.date_order_placed FROM Customers AS Customers JOIN Customer_Payment_Methods AS Customer_Payment_Methods ON Customers.customer_id = Customer_Payment_Methods.customer_id JOIN Orders AS Orders ON Customers.customer_id = Orders.customer_id JOIN Order_Items AS Order_Items ON Orders.order_id = Order_Items.order_id GROUP BY Orders.order_id HAVING count(DISTINCT Customer_Payment_Methods.payment_method_code) >= 2
188,109,e_commerce,e_commerce,,,False,3,False,,llama3.1-8b,SELECT T3.CHRONOLOGICAL_MARKER_15 FROM T4 AS T1 JOIN T2 AS T2 ON T2.IDENTIFIER_REFERENCE_7 = T1.IDENTIFIER_PRIMARY_12 JOIN T6 AS T3 ON T3.IDENTIFIER_REFERENCE_21 = T1.IDENTIFIER_PRIMARY_12 WHERE T3.IDENTIFIER_REFERENCE_22 IN (SELECT T3.IDENTIFIER_PRIMARY_9 FROM T4 AS T4 JOIN T5 AS T5 ON T5.IDENTIFIER_REFERENCE_18 = T4.IDENTIFIER_PRIMARY_12 JOIN T3 AS T3 ON T3.IDENTIFIER_PRIMARY_9 = T5.IDENTIFIER_REFERENCE_18 JOIN T7 AS T7 ON T7.IDENTIFIER_PRIMARY_25 = T6.IDENTIFIER_PRIMARY_20 JOIN T6 AS T6 ON T6.IDENTIFIER_REFERENCE_22 = T3.IDENTIFIER_PRIMARY_9 GROUP BY T3.IDENTIFIER_PRIMARY_9 HAVING COUNT(T7.IDENTIFIER_PRIMARY_25) >= 2),SELECT Invoices.date_order_placed FROM Orders AS Customers JOIN Customer_Payment_Methods AS Customer_Payment_Methods ON Customer_Payment_Methods.customer_id = Customers.order_id JOIN Shipments AS Invoices ON Invoices.order_id = Customers.order_id WHERE Invoices.invoice_number IN (SELECT Invoices.invoice_number FROM Orders AS Orders JOIN Order_Items AS Order_Items ON Order_Items.order_id = Orders.order_id JOIN Invoices AS Invoices ON Invoices.invoice_number = Order_Items.order_id JOIN Shipment_Items AS Shipment_Items ON Shipment_Items.shipment_id = Shipments.shipment_id JOIN Shipments AS Shipments ON Shipments.invoice_number = Invoices.invoice_number GROUP BY Invoices.invoice_number HAVING COUNT(Shipment_Items.shipment_id) >= 2)
189,110,e_commerce,e_commerce,,,False,0,True,,llama3.1-8b,SELECT T1.DESCRIPTIVE_ATTRIBUTE_3 FROM T1 GROUP BY T1.DESCRIPTIVE_ATTRIBUTE_3 ORDER BY COUNT(T1.DESCRIPTIVE_ATTRIBUTE_3) ASC LIMIT 1,SELECT Orders.order_status_code FROM Orders GROUP BY Orders.order_status_code ORDER BY COUNT(Orders.order_status_code) ASC LIMIT 1
190,111,e_commerce,e_commerce,,,False,0,True,,llama3.1-8b,SELECT MIN(DESCRIPTIVE_ATTRIBUTE_3) FROM T1,SELECT MIN(order_status_code) FROM Orders
191,120,bbc_channels,bbc_channels,,,False,0,True,,llama3.1-8b,SELECT T2.DESCRIPTIVE_ATTRIBUTE_7 FROM T2 INNER JOIN T3 ON T2.IDENTIFIER_PRIMARY_6 = T3.IDENTIFIER_REFERENCE_12 INNER JOIN T1 ON T3.IDENTIFIER_REFERENCE_13 = T1.IDENTIFIER_PRIMARY_1 WHERE T2.MEASUREMENT_VALUE_8 > ( SELECT AVG(MEASUREMENT_VALUE_8) FROM T2 ),SELECT director.Name FROM director INNER JOIN program ON director.Director_ID = program.Director_ID INNER JOIN channel ON program.Channel_ID = channel.Channel_ID WHERE director.Age > ( SELECT AVG(Age) FROM director )
192,135,bbc_channels,bbc_channels,,,False,0,True,,llama3.1-8b,"SELECT T1.IDENTIFIER_PRIMARY_1 , T1.DESCRIPTIVE_ATTRIBUTE_2 FROM T1 INNER JOIN T3 ON T1.IDENTIFIER_PRIMARY_1 = T3.IDENTIFIER_REFERENCE_13 WHERE T3.DESCRIPTIVE_ATTRIBUTE_11 != ""Hank Baskett""","SELECT channel.Channel_ID , channel.Name FROM channel INNER JOIN program ON channel.Channel_ID = program.Channel_ID WHERE program.Title != ""Hank Baskett"""
193,144,tv_shows,tv_shows,,,False,3,False,,llama3.1-8b,SELECT T1.DESCRIPITIVE_ATTRIBUTE_5 FROM T1 JOIN T2 ON T1.IDENTIFIER_PRIMARY_1 = T2.IDENTIFIER_PRIMARY_6 WHERE T1.DESCRIPITIVE_ATTRIBUTE_5 LIKE '%city%' GROUP BY T1.DESCRIPITIVE_ATTRIBUTE_5 ORDER BY COUNT(T1.DESCRIPITIVE_ATTRIBUTE_5) DESC LIMIT 1,SELECT city_channel.DESCRIPITIVE_ATTRIBUTE_5 FROM city_channel JOIN city_channel_radio ON city_channel.ID = city_channel_radio.City_channel_ID WHERE city_channel.DESCRIPITIVE_ATTRIBUTE_5 LIKE '%city%' GROUP BY city_channel.DESCRIPITIVE_ATTRIBUTE_5 ORDER BY COUNT(city_channel.DESCRIPITIVE_ATTRIBUTE_5) DESC LIMIT 1
194,148,tv_shows,tv_shows,,,False,0,True,,llama3.1-8b,"SELECT T2.TEXT_FIELD_7, T2.TEXT_FIELD_8, T4.DESCRIPTIVE_ATTRIBUTE_17 FROM T2 AS T2 INNER JOIN T3 AS T3 ON T2.IDENTIFIER_PRIMARY_6 = T3.IDENTIFIER_REFERENCE_13 INNER JOIN T4 AS T4 ON T4.IDENTIFIER_PRIMARY_15 = T3.IDENTIFIER_PRIMARY_12 ORDER BY T2.TEXT_FIELD_8 DESC","SELECT radio.Transmitter, radio.Radio_MHz, city_channel_tv_show.Is_online FROM radio AS radio INNER JOIN city_channel_radio AS city_channel_radio ON radio.Radio_ID = city_channel_radio.Radio_ID INNER JOIN city_channel_tv_show AS city_channel_tv_show ON city_channel_tv_show.City_channel_ID = city_channel_radio.City_channel_ID ORDER BY radio.Radio_MHz DESC"
195,150,tv_shows,tv_shows,,,False,0,True,,llama3.1-8b,SELECT DISTINCT T2.TEXT_FIELD_7 FROM T2 WHERE T2.TEXT_FIELD_8 NOT IN (SELECT T2.TEXT_FIELD_8 FROM T2 JOIN T1 ON T1.DESCRIPTIVE_ATTRIBUTE_2 = T2.TEXT_FIELD_8 WHERE T1.DESCRIPTIVE_ATTRIBUTE_5 IS NOT NULL),SELECT DISTINCT radio.Transmitter FROM radio WHERE radio.Radio_MHz NOT IN (SELECT radio.Radio_MHz FROM radio JOIN city_channel ON city_channel.City = radio.Radio_MHz WHERE city_channel.Affiliation IS NOT NULL)
196,151,vehicle_driver,vehicle_driver,,,False,0,True,,llama3.1-8b,SELECT T1.TEXT_FIELD_2 FROM T1 INNER JOIN T3 ON T1.IDENTIFIER_PRIMARY_1 = T3.IDENTIFIER_REFERENCE_13 WHERE T1.NUMERIC_FIELD_4 = ( SELECT MAX(NUMERIC_FIELD_4) FROM T1 WHERE NUMERIC_FIELD_5 > 6000 ),SELECT vehicle.Model FROM vehicle INNER JOIN vehicle_driver ON vehicle.Vehicle_ID = vehicle_driver.Vehicle_ID WHERE vehicle.Top_Speed = ( SELECT MAX(Top_Speed) FROM vehicle WHERE Power > 6000 )
197,152,vehicle_driver,vehicle_driver,,,False,3,False,,llama3.1-8b,SELECT T2.TEXT_FIELD_10 FROM T1 AS T1 JOIN T3 AS T2 ON T1.IDENTIFIER_PRIMARY_1 = T2.IDENTIFIER_REFERENCE_13 WHERE T1.NUMERIC_FIELD_5 > 6000 ORDER BY T1.NUMERIC_FIELD_4 DESC LIMIT 1,SELECT driver.Citizenship FROM vehicle AS vehicle JOIN vehicle_driver AS driver ON vehicle.Vehicle_ID = driver.Vehicle_ID WHERE vehicle.Power > 6000 ORDER BY vehicle.Top_Speed DESC LIMIT 1
198,155,vehicle_driver,vehicle_driver,,,False,0,True,,llama3.1-8b,"SELECT T1.NUMERIC_FIELD_5 , T3.IDENTIFIER_PRIMARY_12 FROM T1 JOIN T3 ON T1.IDENTIFIER_PRIMARY_1 = T3.IDENTIFIER_REFERENCE_13 JOIN T2 ON T3.IDENTIFIER_PRIMARY_12 = T2.IDENTIFIER_PRIMARY_8 WHERE T2.TEXT_FIELD_11 = 'driven' GROUP BY T3.IDENTIFIER_PRIMARY_12 ORDER BY COUNT(T3.IDENTIFIER_PRIMARY_12) DESC LIMIT 1","SELECT vehicle.Power , vehicle_driver.Driver_ID FROM vehicle JOIN vehicle_driver ON vehicle.Vehicle_ID = vehicle_driver.Vehicle_ID JOIN driver ON vehicle_driver.Driver_ID = driver.Driver_ID WHERE driver.Racing_Series = 'driven' GROUP BY vehicle_driver.Driver_ID ORDER BY COUNT(vehicle_driver.Driver_ID) DESC LIMIT 1"
199,156,vehicle_driver,vehicle_driver,,,False,0,True,,llama3.1-8b,"SELECT T1.IDENTIFIER_PRIMARY_1 , count(*) FROM T3 AS T1 JOIN T2 AS T2 ON T1.IDENTIFIER_REFERENCE_13 = T2.IDENTIFIER_PRIMARY_8 GROUP BY T1.IDENTIFIER_PRIMARY_1 ORDER BY count(*) DESC LIMIT 1","SELECT vehicle.Vehicle_ID , count(*) FROM vehicle_driver AS vehicle JOIN driver AS driver ON vehicle.Vehicle_ID = driver.Driver_ID GROUP BY vehicle.Vehicle_ID ORDER BY count(*) DESC LIMIT 1"
200,159,vehicle_driver,vehicle_driver,,,False,0,True,,llama3.1-8b,SELECT T1.IDENTIFIER_PRIMARY_1 FROM T1 WHERE T1.NUMERIC_FIELD_5 = (SELECT MIN(T1.NUMERIC_FIELD_5) FROM T1),SELECT vehicle.Vehicle_ID FROM vehicle WHERE vehicle.Power = (SELECT MIN(vehicle.Power) FROM vehicle)
201,160,vehicle_driver,vehicle_driver,,,False,0,True,,llama3.1-8b,SELECT T3.IDENTIFIER_PRIMARY_12 FROM T3 JOIN T2 ON T3.IDENTIFIER_PRIMARY_12 = T2.IDENTIFIER_PRIMARY_8 JOIN T1 ON T2.IDENTIFIER_PRIMARY_8 = T1.IDENTIFIER_PRIMARY_1 ORDER BY T1.NUMERIC_FIELD_5 LIMIT 1,SELECT vehicle_driver.Driver_ID FROM vehicle_driver JOIN driver ON vehicle_driver.Driver_ID = driver.Driver_ID JOIN vehicle ON driver.Driver_ID = vehicle.Vehicle_ID ORDER BY vehicle.Power LIMIT 1
202,171,vehicle_driver,vehicle_driver,,,False,3,True,,llama3.1-8b,SELECT DISTINCT T2.DESCRIPTIVE_ATTRIBUTE_9 FROM T3 AS T3 JOIN T2 ON T3.IDENTIFIER_REFERENCE_13 = T2.IDENTIFIER_PRIMARY_8 JOIN T1 ON T3.IDENTIFIER_REFERENCE_13 = T1.IDENTIFIER_PRIMARY_1 WHERE T1.NUMERIC_FIELD_4 > 5000,SELECT DISTINCT driver.Name FROM vehicle_driver AS vehicle_driver JOIN driver ON vehicle_driver.Vehicle_ID = driver.Driver_ID JOIN vehicle ON vehicle_driver.Vehicle_ID = vehicle.Vehicle_ID WHERE vehicle.Top_Speed > 5000
203,172,vehicle_driver,vehicle_driver,,,False,0,True,,llama3.1-8b,SELECT T2.DESCRIPTIVE_ATTRIBUTE_9 FROM T2 INNER JOIN T3 ON T2.IDENTIFIER_PRIMARY_8 = T3.IDENTIFIER_PRIMARY_12 INNER JOIN T1 ON T3.IDENTIFIER_REFERENCE_13 = T1.IDENTIFIER_PRIMARY_1 WHERE T1.NUMERIC_FIELD_5 > 5000,SELECT driver.Name FROM driver INNER JOIN vehicle_driver ON driver.Driver_ID = vehicle_driver.Driver_ID INNER JOIN vehicle ON vehicle_driver.Vehicle_ID = vehicle.Vehicle_ID WHERE vehicle.Power > 5000
204,177,vehicle_driver,vehicle_driver,,,False,1,True,,llama3.1-8b,SELECT T2.TEXT_FIELD_10 FROM T2 WHERE T2.TEXT_FIELD_11 NOT IN (SELECT T1.TEXT_FIELD_6 FROM T1 WHERE T1.IDENTIFIER_PRIMARY_1 IN (SELECT T3.IDENTIFIER_REFERENCE_13 FROM T3)),SELECT driver.Citizenship FROM driver WHERE driver.Racing_Series NOT IN (SELECT vehicle.Builder FROM vehicle WHERE vehicle.Vehicle_ID IN (SELECT vehicle_driver.Vehicle_ID FROM vehicle_driver))
205,178,vehicle_driver,vehicle_driver,,,False,0,True,,llama3.1-8b,SELECT T2.DESCRIPTIVE_ATTRIBUTE_9 FROM T2 INNER JOIN T3 ON T2.IDENTIFIER_PRIMARY_8 = T3.IDENTIFIER_PRIMARY_12 INNER JOIN T1 ON T3.IDENTIFIER_REFERENCE_13 = T1.IDENTIFIER_PRIMARY_1 WHERE T1.NUMERIC_FIELD_5 = 0,SELECT driver.Name FROM driver INNER JOIN vehicle_driver ON driver.Driver_ID = vehicle_driver.Driver_ID INNER JOIN vehicle ON vehicle_driver.Vehicle_ID = vehicle.Vehicle_ID WHERE vehicle.Power = 0
206,179,vehicle_driver,vehicle_driver,,,False,1,True,,llama3.1-8b,"SELECT T1.NUMERIC_FIELD_5, T1.TEXT_FIELD_2 FROM T1 INNER JOIN T2 ON T1.IDENTIFIER_PRIMARY_1 = T2.IDENTIFIER_PRIMARY_8 WHERE T1.NUMERIC_FIELD_5 > 1 OR T2.TEXT_FIELD_10 = 'Ziyang'","SELECT vehicle.Power, vehicle.Model FROM vehicle INNER JOIN driver ON vehicle.Vehicle_ID = driver.Driver_ID WHERE vehicle.Power > 1 OR driver.Citizenship = 'Ziyang'"
207,180,vehicle_driver,vehicle_driver,,,False,0,True,,llama3.1-8b,"SELECT T1.IDENTIFIER_PRIMARY_1, T1.TEXT_FIELD_2 FROM T1 JOIN T3 ON T3.IDENTIFIER_PRIMARY_12 = T1.IDENTIFIER_PRIMARY_1 WHERE T1.NUMERIC_FIELD_5 = 2 OR T1.TEXT_FIELD_6 = ""Ziyang""","SELECT vehicle.Vehicle_ID, vehicle.Model FROM vehicle JOIN vehicle_driver ON vehicle_driver.Driver_ID = vehicle.Vehicle_ID WHERE vehicle.Power = 2 OR vehicle.Builder = ""Ziyang"""
208,183,vehicle_driver,vehicle_driver,,,False,0,True,,llama3.1-8b,SELECT T1.NUMERIC_FIELD_5 FROM T1 WHERE T1.NUMERIC_FIELD_4 = ( SELECT MAX(T1.NUMERIC_FIELD_4) FROM T1 ),SELECT vehicle.Power FROM vehicle WHERE vehicle.Top_Speed = ( SELECT MAX(vehicle.Top_Speed) FROM vehicle )
209,184,vehicle_driver,vehicle_driver,,,False,0,True,,llama3.1-8b,SELECT COUNT(T1.NUMERIC_FIELD_5) FROM T1 WHERE T1.NUMERIC_FIELD_5 = (SELECT MAX(T1.NUMERIC_FIELD_5) FROM T1),SELECT COUNT(vehicle.Power) FROM vehicle WHERE vehicle.Power = (SELECT MAX(vehicle.Power) FROM vehicle)
210,189,vehicle_driver,vehicle_driver,,,False,1,True,,llama3.1-8b,"SELECT T2.DESCRIPTIVE_ATTRIBUTE_9 , T2.TEXT_FIELD_10 FROM T2 INNER JOIN T3 ON T2.IDENTIFIER_PRIMARY_8 = T3.IDENTIFIER_PRIMARY_12 INNER JOIN T1 ON T3.IDENTIFIER_REFERENCE_13 = T1.IDENTIFIER_PRIMARY_1 WHERE T1.TEXT_FIELD_6 = 'DJ1' AND T1.CHRONOLOGICAL_MARKER_3 = 'driven'","SELECT driver.Name , driver.Citizenship FROM driver INNER JOIN vehicle_driver ON driver.Driver_ID = vehicle_driver.Driver_ID INNER JOIN vehicle ON vehicle_driver.Vehicle_ID = vehicle.Vehicle_ID WHERE vehicle.Builder = 'DJ1' AND vehicle.Build_Year = 'driven'"
211,190,vehicle_driver,vehicle_driver,,,False,0,True,,llama3.1-8b,"SELECT T2.DESCRIPTIVE_ATTRIBUTE_9, T2.TEXT_FIELD_10 FROM T3 JOIN T1 ON T3.IDENTIFIER_REFERENCE_13 = T1.IDENTIFIER_PRIMARY_1 JOIN T2 ON T3.IDENTIFIER_PRIMARY_12 = T2.IDENTIFIER_PRIMARY_8 WHERE T1.TEXT_FIELD_2 = 'DJ1'","SELECT driver.Name, driver.Citizenship FROM vehicle_driver JOIN vehicle ON vehicle_driver.Vehicle_ID = vehicle.Vehicle_ID JOIN driver ON vehicle_driver.Driver_ID = driver.Driver_ID WHERE vehicle.Model = 'DJ1'"
212,199,online_exams,online_exams,,,False,0,True,,llama3.1-8b,"SELECT CHRONOLOGICAL_MARKER_3 FROM T1 WHERE TEXT_FIELD_2 LIKE ""%data%"" ORDER BY CHRONOLOGICAL_MARKER_3 DESC","SELECT Exam_Date FROM Exams WHERE Subject_Code LIKE ""%data%"" ORDER BY Exam_Date DESC"
213,200,online_exams,online_exams,,,False,0,True,,llama3.1-8b,SELECT CHRONOLOGICAL_MARKER_3 FROM T1 WHERE DESCRIPTIVE_ATTRIBUTE_4 LIKE '%data%' ORDER BY CHRONOLOGICAL_MARKER_3 DESC,SELECT Exam_Date FROM Exams WHERE Exam_Name LIKE '%data%' ORDER BY Exam_Date DESC
214,213,online_exams,online_exams,,,False,0,True,,llama3.1-8b,SELECT T3.TEXT_FIELD_17 FROM T3 GROUP BY T3.TEXT_FIELD_17 ORDER BY COUNT(T3.TEXT_FIELD_17) LIMIT 1,SELECT Student_Assessments.Assessment FROM Student_Assessments GROUP BY Student_Assessments.Assessment ORDER BY COUNT(Student_Assessments.Assessment) LIMIT 1
215,214,online_exams,online_exams,,,False,0,True,,llama3.1-8b,SELECT TEXT_FIELD_5 FROM T1 ORDER BY TEXT_FIELD_3 LIMIT 1,SELECT Assessment FROM Student_Assessments ORDER BY Student_Answer_Text LIMIT 1
216,217,online_exams,online_exams,,,False,0,True,,llama3.1-8b,SELECT T3.TEXT_FIELD_12 FROM T1 AS T1 JOIN T3 AS T3 ON T1.IDENTIFIER_PRIMARY_1 = T3.IDENTIFIER_REFERENCE_11 GROUP BY T3.TEXT_FIELD_12 ORDER BY COUNT(*) DESC LIMIT 1,SELECT Student_Assessments.Student_Answer_Text FROM Valid_Answers AS Valid_Answers JOIN Student_Assessments AS Student_Assessments ON Valid_Answers.Valid_Answer_ID = Student_Assessments.Valid_Answer_ID GROUP BY Student_Assessments.Student_Answer_Text ORDER BY COUNT(*) DESC LIMIT 1
217,218,online_exams,online_exams,,,False,0,True,,llama3.1-8b,SELECT TEXT_FIELD_3 FROM T1 GROUP BY TEXT_FIELD_3 ORDER BY COUNT(TEXT_FIELD_3) DESC LIMIT 1,SELECT Valid_Answer_Text FROM Valid_Answers GROUP BY Valid_Answer_Text ORDER BY COUNT(Valid_Answer_Text) DESC LIMIT 1
218,225,online_exams,online_exams,,,False,1,True,,llama3.1-8b,SELECT T1.DESCRIPTIVE_ATTRIBUTE_2 FROM T1 WHERE T1.DESCRIPTIVE_ATTRIBUTE_2 IS NULL,SELECT Students.First_Name FROM Students WHERE Students.First_Name IS NULL
219,226,online_exams,online_exams,,,False,3,False,,llama3.1-8b,SELECT T1.DESCRIPITIVE_ATTRIBUTE_2 FROM T1 WHERE T1.IDENTIFIER_PRIMARY_1 NOT IN (SELECT T2.IDENTIFIER_REFERENCE_10 FROM T2),SELECT Students.DESCRIPITIVE_ATTRIBUTE_2 FROM Students WHERE Students.Student_ID NOT IN (SELECT Student_Answers.Student_ID FROM Student_Answers)
220,227,online_exams,online_exams,,,False,0,True,,llama3.1-8b,SELECT T2.TEXT_FIELD_9 FROM T2 JOIN T1 ON T2.IDENTIFIER_REFERENCE_6 = T1.IDENTIFIER_REFERENCE_2 WHERE T2.TEXT_FIELD_8 = 'Normal' INTERSECT SELECT T2.TEXT_FIELD_9 FROM T2 JOIN T1 ON T2.IDENTIFIER_REFERENCE_6 = T1.IDENTIFIER_REFERENCE_2 WHERE T2.TEXT_FIELD_8 = 'Absent',SELECT Student_Answers.Student_Answer_Text FROM Student_Answers JOIN Valid_Answers ON Student_Answers.Student_ID = Valid_Answers.Question_ID WHERE Student_Answers.Comments = 'Normal' INTERSECT SELECT Student_Answers.Student_Answer_Text FROM Student_Answers JOIN Valid_Answers ON Student_Answers.Student_ID = Valid_Answers.Question_ID WHERE Student_Answers.Comments = 'Absent'
221,228,online_exams,online_exams,,,False,0,True,,llama3.1-8b,SELECT T3.TEXT_FIELD_12 FROM T3 WHERE T3.TEXT_FIELD_9 = 'Normal' INTERSECT SELECT T3.TEXT_FIELD_12 FROM T3 WHERE T3.TEXT_FIELD_9 = 'Absent',SELECT Student_Assessments.Student_Answer_Text FROM Student_Assessments WHERE Student_Assessments.Student_Answer_Text = 'Normal' INTERSECT SELECT Student_Assessments.Student_Answer_Text FROM Student_Assessments WHERE Student_Assessments.Student_Answer_Text = 'Absent'
222,249,customers_and_orders,customers_and_orders,,,False,3,False,,llama3.1-8b,"SELECT T1.DESCRIPITIVE_ATTRIBUTE_2 , T1.CURRENCY_AMOUNT_4 FROM T1 WHERE T1.CURRENCY_AMOUNT_4 > ( SELECT AVG(CURRENCY_AMOUNT_4) FROM T1 )","SELECT Products.DESCRIPITIVE_ATTRIBUTE_2 , Products.product_price FROM Products WHERE Products.product_price > ( SELECT AVG(product_price) FROM Products )"
223,250,customers_and_orders,customers_and_orders,,,False,0,True,,llama3.1-8b,SELECT DESCRIPTIVE_ATTRIBUTE_2 FROM T1 WHERE CURRENCY_AMOUNT_4 > ( SELECT avg(CURRENCY_AMOUNT_4) FROM T1 ),SELECT product_type_code FROM Products WHERE product_price > ( SELECT avg(product_price) FROM Products )
224,253,customers_and_orders,customers_and_orders,,,False,0,True,,llama3.1-8b,SELECT DESCRIPTIVE_ATTRIBUTE_3 FROM T1 WHERE DESCRIPTIVE_ATTRIBUTE_2 = 'Clothes' ORDER BY CURRENCY_AMOUNT_4 DESC LIMIT 1,SELECT product_name FROM Products WHERE product_type_code = 'Clothes' ORDER BY product_price DESC LIMIT 1
225,254,customers_and_orders,customers_and_orders,,,False,3,False,,llama3.1-8b,SELECT T1.DESCRIPITIVE_ATTRIBUTE_2 FROM T1 WHERE T1.CURRENCY_AMOUNT_4 = (SELECT max(CURRENCY_AMOUNT_4) FROM T1),SELECT Products.DESCRIPITIVE_ATTRIBUTE_2 FROM Products WHERE Products.product_price = (SELECT max(product_price) FROM Products)
226,255,customers_and_orders,customers_and_orders,,,False,3,False,,llama3.1-8b,"SELECT T1.IDENTIFIER_PRIMARY_1 , T1.DESCRIPITIVE_ATTRIBUTE_2 FROM T1 WHERE T1.DESCRIPITIVE_ATTRIBUTE_2 = ""Hardware"" ORDER BY T1.CURRENCY_AMOUNT_4 ASC LIMIT 1","SELECT Products.product_id , Products.DESCRIPITIVE_ATTRIBUTE_2 FROM Products WHERE Products.DESCRIPITIVE_ATTRIBUTE_2 = ""Hardware"" ORDER BY Products.product_price ASC LIMIT 1"
227,256,customers_and_orders,customers_and_orders,,,False,3,False,,llama3.1-8b,"SELECT T1.IDENTIFIER_PRIMARY_1 , T1.DESCRIPITIVE_ATTRIBUTE_2 FROM T1 WHERE T1.DESCRIPITIVE_ATTRIBUTE_3 = ""Hardware"" ORDER BY T1.CURRENCY_AMOUNT_4 ASC LIMIT 1","SELECT Products.product_id , Products.DESCRIPITIVE_ATTRIBUTE_2 FROM Products WHERE Products.DESCRIPITIVE_ATTRIBUTE_3 = ""Hardware"" ORDER BY Products.product_price ASC LIMIT 1"
228,267,customers_and_orders,customers_and_orders,,,False,0,True,,llama3.1-8b,SELECT T1.DESCRIPTIVE_ATTRIBUTE_2 FROM T1 GROUP BY T1.DESCRIPTIVE_ATTRIBUTE_2 ORDER BY COUNT(T1.DESCRIPTIVE_ATTRIBUTE_3) DESC LIMIT 1,SELECT Products.product_type_code FROM Products GROUP BY Products.product_type_code ORDER BY COUNT(Products.product_name) DESC LIMIT 1
229,268,customers_and_orders,customers_and_orders,,,False,0,True,,llama3.1-8b,SELECT DESCRIPTIVE_ATTRIBUTE_2 FROM T1 GROUP BY DESCRIPTIVE_ATTRIBUTE_2 ORDER BY COUNT(DESCRIPTIVE_ATTRIBUTE_2) DESC LIMIT 1,SELECT product_type_code FROM Products GROUP BY product_type_code ORDER BY COUNT(product_type_code) DESC LIMIT 1
230,277,customers_and_orders,customers_and_orders,,,False,0,True,,llama3.1-8b,SELECT DESCRIPTIVE_ATTRIBUTE_6 FROM T1 GROUP BY DESCRIPTIVE_ATTRIBUTE_6 ORDER BY COUNT(*) DESC LIMIT 1,SELECT customer_phone FROM Customers GROUP BY customer_phone ORDER BY COUNT(*) DESC LIMIT 1
231,278,customers_and_orders,customers_and_orders,,,False,0,True,,llama3.1-8b,SELECT IDENTIFIER_CODE_2 FROM T1 GROUP BY IDENTIFIER_CODE_2 ORDER BY COUNT(IDENTIFIER_CODE_2) DESC LIMIT 1,SELECT address_id FROM Customers GROUP BY address_id ORDER BY COUNT(address_id) DESC LIMIT 1
232,279,customers_and_orders,customers_and_orders,,,False,0,True,,llama3.1-8b,SELECT DESCRIPTIVE_ATTRIBUTE_6 FROM T1 GROUP BY DESCRIPTIVE_ATTRIBUTE_6 ORDER BY COUNT(DESCRIPTIVE_ATTRIBUTE_6) LIMIT 1,SELECT customer_phone FROM Customers GROUP BY customer_phone ORDER BY COUNT(customer_phone) LIMIT 1
233,280,customers_and_orders,customers_and_orders,,,False,0,True,,llama3.1-8b,SELECT DESCRIPTIVE_ATTRIBUTE_6 FROM T1 GROUP BY DESCRIPTIVE_ATTRIBUTE_6 ORDER BY COUNT(*) ASC LIMIT 1,SELECT customer_phone FROM Customers GROUP BY customer_phone ORDER BY COUNT(*) ASC LIMIT 1
234,287,customers_and_orders,customers_and_orders,,,False,0,True,,llama3.1-8b,SELECT DESCRIPTIVE_ATTRIBUTE_2 FROM T1 GROUP BY DESCRIPTIVE_ATTRIBUTE_2 ORDER BY COUNT(DESCRIPTIVE_ATTRIBUTE_3) LIMIT 1,SELECT product_type_code FROM Products GROUP BY product_type_code ORDER BY COUNT(product_name) LIMIT 1
235,288,customers_and_orders,customers_and_orders,,,False,0,True,,llama3.1-8b,SELECT DESCRIPTIVE_ATTRIBUTE_2 FROM T1 GROUP BY DESCRIPTIVE_ATTRIBUTE_2 ORDER BY COUNT(DESCRIPTIVE_ATTRIBUTE_2) ASC LIMIT 1,SELECT product_type_code FROM Products GROUP BY product_type_code ORDER BY COUNT(product_type_code) ASC LIMIT 1
236,299,customers_and_orders,customers_and_orders,,,False,0,True,,llama3.1-8b,SELECT T2.IDENTIFIER_CODE_5 FROM T2 GROUP BY T2.IDENTIFIER_CODE_5 ORDER BY COUNT(*) DESC LIMIT 1,SELECT Order_Items.order_item_id FROM Order_Items GROUP BY Order_Items.order_item_id ORDER BY COUNT(*) DESC LIMIT 1
237,300,customers_and_orders,customers_and_orders,,,False,0,True,,llama3.1-8b,SELECT T3.MEASUREMENT_VALUE_14 FROM T3 JOIN T2 ON T3.IDENTIFIER_REFERENCE_12 = T2.IDENTIFIER_PRIMARY_7 JOIN T1 ON T2.IDENTIFIER_REFERENCE_8 = T1.IDENTIFIER_PRIMARY_1 GROUP BY T3.MEASUREMENT_VALUE_14 ORDER BY COUNT(*) DESC LIMIT 1,SELECT Order_Items.order_quantity FROM Order_Items JOIN Customer_Orders ON Order_Items.order_id = Customer_Orders.order_id JOIN Customers ON Customer_Orders.customer_id = Customers.customer_id GROUP BY Order_Items.order_quantity ORDER BY COUNT(*) DESC LIMIT 1
238,303,customers_and_orders,customers_and_orders,,,False,3,False,,llama3.1-8b,SELECT T1.DESCRIPITIVE_ATTRIBUTE_2 FROM T1 WHERE T1.IDENTIFIER_PRIMARY_1 NOT IN (SELECT T3.IDENTIFIER_REFERENCE_11 FROM T3 WHERE T3.MEASUREMENT_VALUE_12 != ''),SELECT Products.DESCRIPITIVE_ATTRIBUTE_2 FROM Products WHERE Products.product_id NOT IN (SELECT Order_Items.product_id FROM Order_Items WHERE Order_Items.order_quantity != '')
239,304,customers_and_orders,customers_and_orders,,,False,3,False,,llama3.1-8b,SELECT T1.DESCRIPITIVE_ATTRIBUTE_2 FROM T1 LEFT JOIN T3 ON T1.IDENTIFIER_PRIMARY_1 = T3.IDENTIFIER_REFERENCE_11 WHERE T3.MEASUREMENT_VALUE_12 IS NULL,SELECT Products.DESCRIPITIVE_ATTRIBUTE_2 FROM Products LEFT JOIN Order_Items ON Products.product_id = Order_Items.product_id WHERE Order_Items.order_quantity IS NULL
240,40,e_commerce,e_commerce,,,False,0,True,,llama3.1-8b,"SELECT T2.DESCRIPTIVE_ATTRIBUTE_8 , T2.DESCRIPTIVE_ATTRIBUTE_9 FROM T2 INNER JOIN T4 ON T2.IDENTIFIER_PRIMARY_7 = T4.IDENTIFIER_REFERENCE_16 INNER JOIN T5 ON T4.IDENTIFIER_PRIMARY_15 = T5.IDENTIFIER_REFERENCE_21 INNER JOIN T7 ON T5.IDENTIFIER_PRIMARY_19 = T7.IDENTIFIER_PRIMARY_28 WHERE T7.IDENTIFIER_PRIMARY_28 IN (SELECT T5.IDENTIFIER_PRIMARY_19 FROM T5 INNER JOIN T6 ON T5.IDENTIFIER_REFERENCE_21 = T6.IDENTIFIER_REFERENCE_24 WHERE T6.MEASUREMENT_VALUE_26 > 3) AND T4.IDENTIFIER_PRIMARY_15 IN (SELECT T4.IDENTIFIER_PRIMARY_15 FROM T4 INNER JOIN T5 ON T4.IDENTIFIER_PRIMARY_15 = T5.IDENTIFIER_REFERENCE_21 WHERE T5.IDENTIFIER_REFERENCE_20 IN (SELECT T1.IDENTIFIER_PRIMARY_1 FROM T1 WHERE T1.CURRENCY_AMOUNT_4 > 2))","SELECT Customers.gender_code , Customers.customer_first_name FROM Customers INNER JOIN Orders ON Customers.customer_id = Orders.customer_id INNER JOIN Order_Items ON Orders.order_id = Order_Items.order_id INNER JOIN Shipment_Items ON Order_Items.order_item_id = Shipment_Items.shipment_id WHERE Shipment_Items.shipment_id IN (SELECT Order_Items.order_item_id FROM Order_Items INNER JOIN Shipments ON Order_Items.order_id = Shipments.order_id WHERE Shipments.shipment_tracking_number > 3) AND Orders.order_id IN (SELECT Orders.order_id FROM Orders INNER JOIN Order_Items ON Orders.order_id = Order_Items.order_id WHERE Order_Items.product_id IN (SELECT Products.product_id FROM Products WHERE Products.product_price > 2))"
241,41,e_commerce,e_commerce,,,False,0,True,,llama3.1-8b,"SELECT T1.IDENTIFIER_PRIMARY_1, T2.DESCRIPTIVE_ATTRIBUTE_8, T2.DESCRIPTIVE_ATTRIBUTE_9 FROM T1 AS T1 JOIN T4 AS T3 ON T1.IDENTIFIER_PRIMARY_1 = T3.IDENTIFIER_REFERENCE_16 JOIN T2 AS T2 ON T3.IDENTIFIER_REFERENCE_13 = T2.IDENTIFIER_PRIMARY_7 WHERE T3.CHRONOLOGICAL_MARKER_18 > 2 AND T3.IDENTIFIER_REFERENCE_13 > 2","SELECT Products.product_id, Customers.gender_code, Customers.customer_first_name FROM Products AS Products JOIN Orders AS Customer_Payment_Methods ON Products.product_id = Customer_Payment_Methods.customer_id JOIN Customers AS Customers ON Customer_Payment_Methods.customer_id = Customers.customer_id WHERE Customer_Payment_Methods.date_order_placed > 2 AND Customer_Payment_Methods.customer_id > 2"
242,46,e_commerce,e_commerce,,,False,0,True,,llama3.1-8b,"SELECT T1.DESCRIPTIVE_ATTRIBUTE_2 , T1.DESCRIPTIVE_ATTRIBUTE_3 , T1.DESCRIPTIVE_ATTRIBUTE_5 FROM T1 WHERE T1.IDENTIFIER_PRIMARY_1 NOT IN (SELECT T2.IDENTIFIER_REFERENCE_8 FROM T2)","SELECT Customers.gender_code , Customers.customer_first_name , Customers.customer_last_name FROM Customers WHERE Customers.customer_id NOT IN (SELECT Orders.customer_id FROM Orders)"
243,47,e_commerce,e_commerce,,,False,0,True,,llama3.1-8b,"SELECT T1.DESCRIPTIVE_ATTRIBUTE_2, T1.DESCRIPTIVE_ATTRIBUTE_3, T1.TEXT_FIELD_4 FROM T1 WHERE T1.IDENTIFIER_PRIMARY_1 NOT IN (SELECT T2.IDENTIFIER_REFERENCE_8 FROM T2)","SELECT Customers.gender_code, Customers.customer_first_name, Customers.customer_middle_initial FROM Customers WHERE Customers.customer_id NOT IN (SELECT Orders.customer_id FROM Orders)"
244,48,e_commerce,e_commerce,,,False,0,True,,llama3.1-8b,"SELECT T1.IDENTIFIER_PRIMARY_1 , T1.DESCRIPTIVE_ATTRIBUTE_3 , T1.CURRENCY_AMOUNT_4 , T1.TEXT_FIELD_5 FROM T1 JOIN T3 ON T1.IDENTIFIER_PRIMARY_1 = T3.IDENTIFIER_REFERENCE_12 JOIN T2 ON T3.IDENTIFIER_REFERENCE_13 = T2.IDENTIFIER_PRIMARY_7 WHERE T2.CHRONOLOGICAL_MARKER_10 = '0000-00-00 00:00:00'","SELECT Products.product_id , Products.product_name , Products.product_price , Products.product_color FROM Products JOIN Order_Items ON Products.product_id = Order_Items.product_id JOIN Orders ON Order_Items.order_id = Orders.order_id WHERE Orders.date_order_placed = '0000-00-00 00:00:00'"
245,52,e_commerce,e_commerce,,,False,3,False,,llama3.1-8b,"SELECT T1.IDENTIFIER_PRIMARY_1 , T2.DESCRIPITIVE_ATTRIBUTE_8 , T1.CURRENCY_AMOUNT_4 FROM T1 AS T1 JOIN T4 AS T4 ON T1.IDENTIFIER_PRIMARY_1 = T4.IDENTIFIER_REFERENCE_16 JOIN T2 AS T2 ON T4.IDENTIFIER_REFERENCE_16 = T2.IDENTIFIER_PRIMARY_7 GROUP BY T2.DESCRIPITIVE_ATTRIBUTE_8 ORDER BY COUNT(T4.IDENTIFIER_PRIMARY_15) DESC LIMIT 1","SELECT Products.product_id , Customers.DESCRIPITIVE_ATTRIBUTE_8 , Products.product_price FROM Products AS Products JOIN Orders AS Orders ON Products.product_id = Orders.customer_id JOIN Customers AS Customers ON Orders.customer_id = Customers.customer_id GROUP BY Customers.DESCRIPITIVE_ATTRIBUTE_8 ORDER BY COUNT(Orders.order_id) DESC LIMIT 1"
246,53,e_commerce,e_commerce,,,False,0,True,,llama3.1-8b,"SELECT T1.IDENTIFIER_PRIMARY_1 , T1.DESCRIPTIVE_ATTRIBUTE_3 , T1.CURRENCY_AMOUNT_4 FROM T1 AS T1 JOIN T4 AS T2 ON T1.IDENTIFIER_PRIMARY_1 = T2.IDENTIFIER_REFERENCE_17 JOIN T3 AS T3 ON T2.IDENTIFIER_PRIMARY_7 = T3.IDENTIFIER_PRIMARY_11 GROUP BY T1.DESCRIPTIVE_ATTRIBUTE_3 ORDER BY COUNT(*) DESC LIMIT 1","SELECT Products.product_id , Products.product_name , Products.product_price FROM Products AS Products JOIN Shipment_Items AS Order_Items ON Products.product_id = Order_Items.order_item_id JOIN Shipments AS Shipments ON Order_Items.order_item_id = Shipments.shipment_id GROUP BY Products.product_name ORDER BY COUNT(*) DESC LIMIT 1"
247,54,e_commerce,e_commerce,,,False,0,True,,llama3.1-8b,"SELECT T2.IDENTIFIER_PRIMARY_7 , SUM(T1.CURRENCY_AMOUNT_4) FROM T1 AS T1 JOIN T3 AS T2 ON T1.IDENTIFIER_PRIMARY_1 = T2.IDENTIFIER_REFERENCE_12 GROUP BY T2.IDENTIFIER_PRIMARY_7 ORDER BY SUM(T1.CURRENCY_AMOUNT_4) ASC LIMIT 1","SELECT Orders.order_id , SUM(Products.product_price) FROM Products AS Products JOIN Order_Items AS Orders ON Products.product_id = Orders.product_id GROUP BY Orders.order_id ORDER BY SUM(Products.product_price) ASC LIMIT 1"
248,55,e_commerce,e_commerce,,,False,0,True,,llama3.1-8b,"SELECT T1.DESCRIPTIVE_ATTRIBUTE_3, MIN(T1.CHRONOLOGICAL_MARKER_4) FROM T1 INNER JOIN T2 ON T1.IDENTIFIER_PRIMARY_1 = T2.IDENTIFIER_REFERENCE_7 GROUP BY T1.DESCRIPTIVE_ATTRIBUTE_3 ORDER BY MIN(T1.CHRONOLOGICAL_MARKER_4) ASC LIMIT 1","SELECT Orders.order_status_code, MIN(Orders.date_order_placed) FROM Orders INNER JOIN Order_Items ON Orders.order_id = Order_Items.order_id GROUP BY Orders.order_status_code ORDER BY MIN(Orders.date_order_placed) ASC LIMIT 1"
249,72,e_commerce,e_commerce,,,False,1,True,,llama3.1-8b,"SELECT DISTINCT T1.DESCRIPTIVE_ATTRIBUTE_3 , T1.CURRENCY_AMOUNT_4 , T2.DESCRIPTIVE_ATTRIBUTE_9 FROM T1 JOIN T4 ON T1.IDENTIFIER_PRIMARY_1 = T4.IDENTIFIER_REFERENCE_18 JOIN T3 ON T3.IDENTIFIER_PRIMARY_13 = T4.IDENTIFIER_REFERENCE_19 JOIN T2 ON T2.IDENTIFIER_PRIMARY_7 = T3.IDENTIFIER_REFERENCE_14 WHERE T2.DESCRIPTIVE_ATTRIBUTE_8 = 'female'","SELECT DISTINCT Products.product_name , Products.product_price , Customers.customer_first_name FROM Products JOIN Order_Items ON Products.product_id = Order_Items.product_id JOIN Orders ON Orders.order_id = Order_Items.order_id JOIN Customers ON Customers.customer_id = Orders.customer_id WHERE Customers.gender_code = 'female'"
250,73,e_commerce,e_commerce,,,False,0,True,,llama3.1-8b,"SELECT T1.DESCRIPTIVE_ATTRIBUTE_3, T1.CURRENCY_AMOUNT_4, T1.TEXTUAL_CONTENT_6 FROM T1 JOIN T2 ON T2.DESCRIPTIVE_ATTRIBUTE_8 = 'female'","SELECT Products.product_name, Products.product_price, Products.product_description FROM Products JOIN Customers ON Customers.gender_code = 'female'"
251,88,e_commerce,e_commerce,,,False,0,True,,llama3.1-8b,"SELECT DESCRIPTIVE_ATTRIBUTE_3 , CURRENCY_AMOUNT_4 , MEASUREMENT_VALUE_6 FROM T1 WHERE CURRENCY_AMOUNT_4 > ( SELECT AVG(CURRENCY_AMOUNT_4) FROM T1 )","SELECT product_name , product_price , product_size FROM Products WHERE product_price > ( SELECT AVG(product_price) FROM Products )"
252,89,e_commerce,e_commerce,,,False,0,True,,llama3.1-8b,"SELECT CURRENCY_AMOUNT_4 , MEASUREMENT_VALUE_6 FROM T1 WHERE CURRENCY_AMOUNT_4 > ( SELECT AVG(CURRENCY_AMOUNT_4) FROM T1 )","SELECT product_price , product_size FROM Products WHERE product_price > ( SELECT AVG(product_price) FROM Products )"
253,90,e_commerce,e_commerce,,,False,0,True,,llama3.1-8b,SELECT COUNT(*) FROM T1 WHERE CURRENCY_AMOUNT_4 = 0,SELECT COUNT(*) FROM Products WHERE product_price = 0
254,91,e_commerce,e_commerce,,,False,0,True,,llama3.1-8b,SELECT COUNT(*) FROM T1 WHERE IDENTIFIER_REFERENCE_8 IS NULL,SELECT COUNT(*) FROM Products WHERE product_id IS NULL
255,92,e_commerce,e_commerce,,,False,0,True,,llama3.1-8b,SELECT COUNT(T1.IDENTIFIER_PRIMARY_1) FROM T1 LEFT JOIN T2 ON T1.IDENTIFIER_PRIMARY_1 = T2.IDENTIFIER_REFERENCE_7 WHERE T2.TEXT_FIELD_8 IS NULL,SELECT COUNT(Customers.customer_id) FROM Customers LEFT JOIN Customer_Payment_Methods ON Customers.customer_id = Customer_Payment_Methods.customer_id WHERE Customer_Payment_Methods.payment_method_code IS NULL
256,93,e_commerce,e_commerce,,,False,0,True,,llama3.1-8b,SELECT COUNT(T1.IDENTIFIER_PRIMARY_1) FROM T1 LEFT JOIN T2 ON T1.IDENTIFIER_PRIMARY_1 = T2.IDENTIFIER_REFERENCE_7 WHERE T2.TEXT_FIELD_8 IS NULL,SELECT COUNT(Customers.customer_id) FROM Customers LEFT JOIN Customer_Payment_Methods ON Customers.customer_id = Customer_Payment_Methods.customer_id WHERE Customer_Payment_Methods.payment_method_code IS NULL
257,106,e_commerce,e_commerce,,,False,0,True,,llama3.1-8b,"SELECT DESCRIPTIVE_ATTRIBUTE_3 , DESCRIPTIVE_ATTRIBUTE_5 , TEXT_FIELD_6 FROM T1 WHERE DESCRIPTIVE_ATTRIBUTE_2 IN ( SELECT DESCRIPTIVE_ATTRIBUTE_2 FROM T1 GROUP BY DESCRIPTIVE_ATTRIBUTE_2 ORDER BY COUNT(*) ASC LIMIT 1 )","SELECT email_address , town_city , county FROM Customers WHERE gender_code IN ( SELECT gender_code FROM Customers GROUP BY gender_code ORDER BY COUNT(*) ASC LIMIT 1 )"
258,107,e_commerce,e_commerce,,,False,0,True,,llama3.1-8b,"SELECT T1.DESCRIPTIVE_ATTRIBUTE_2, T1.DESCRIPTIVE_ATTRIBUTE_5, T1.TEXT_FIELD_6 FROM T1 WHERE T1.DESCRIPTIVE_ATTRIBUTE_2 IN (SELECT T2.DESCRIPTIVE_ATTRIBUTE_9 FROM T2 GROUP BY T2.DESCRIPTIVE_ATTRIBUTE_9 ORDER BY COUNT(T2.IDENTIFIER_PRIMARY_7) ASC LIMIT 1)","SELECT Customers.gender_code, Customers.town_city, Customers.county FROM Customers WHERE Customers.gender_code IN (SELECT Orders.order_status_code FROM Orders GROUP BY Orders.order_status_code ORDER BY COUNT(Orders.order_id) ASC LIMIT 1)"
259,118,e_commerce,e_commerce,,,False,0,True,,llama3.1-8b,"SELECT TEXT_FIELD_4 , TEXTUAL_CONTENT_6 , MEASUREMENT_VALUE_5 FROM T1 WHERE CURRENCY_AMOUNT_3 < ( SELECT MAX(CURRENCY_AMOUNT_3) FROM T1 )","SELECT product_color , product_description , product_size FROM Products WHERE product_price < ( SELECT MAX(product_price) FROM Products )"
260,119,e_commerce,e_commerce,,,False,0,True,,llama3.1-8b,"SELECT TEXTUAL_CONTENT_6 , TEXT_FIELD_4 , MEASUREMENT_VALUE_5 FROM T1 WHERE CURRENCY_AMOUNT_3 < ( SELECT MAX(CURRENCY_AMOUNT_3) FROM T1 )","SELECT product_description , product_color , product_size FROM Products WHERE product_price < ( SELECT MAX(product_price) FROM Products )"
261,125,bbc_channels,bbc_channels,,,False,1,True,,llama3.1-8b,SELECT T2.DESCRIPTIVE_ATTRIBUTE_7 FROM T2 AS T2 GROUP BY T2.DESCRIPTIVE_ATTRIBUTE_7 ORDER BY COUNT(*) DESC LIMIT 1,SELECT director.Name FROM director AS director GROUP BY director.Name ORDER BY COUNT(*) DESC LIMIT 1
262,126,bbc_channels,bbc_channels,,,False,0,True,,llama3.1-8b,"SELECT T2.DESCRIPTIVE_ATTRIBUTE_7, T2.MEASUREMENT_VALUE_8 FROM T3 JOIN T2 ON T3.IDENTIFIER_REFERENCE_12 = T2.IDENTIFIER_PRIMARY_6 JOIN T1 ON T3.IDENTIFIER_REFERENCE_13 = T1.IDENTIFIER_PRIMARY_1 JOIN T4 ON T4.IDENTIFIER_REFERENCE_15 = T1.IDENTIFIER_PRIMARY_1 GROUP BY T2.DESCRIPTIVE_ATTRIBUTE_7 ORDER BY COUNT(T3.IDENTIFIER_PRIMARY_9) DESC LIMIT 1","SELECT director.Name, director.Age FROM program JOIN director ON program.Director_ID = director.Director_ID JOIN channel ON program.Channel_ID = channel.Channel_ID JOIN director_admin ON director_admin.Channel_ID = channel.Channel_ID GROUP BY director.Name ORDER BY COUNT(program.Program_ID) DESC LIMIT 1"
263,130,bbc_channels,bbc_channels,,,False,0,True,,llama3.1-8b,SELECT COUNT(T1.TEXT_FIELD_5) FROM T1 WHERE T1.IDENTIFIER_PRIMARY_1 NOT IN (SELECT T3.IDENTIFIER_REFERENCE_13 FROM T3),SELECT COUNT(channel.Internet) FROM channel WHERE channel.Channel_ID NOT IN (SELECT program.Channel_ID FROM program)
264,132,bbc_channels,bbc_channels,,,False,0,True,,llama3.1-8b,"SELECT T1.DESCRIPTIVE_ATTRIBUTE_2, T1.TEXT_FIELD_5 FROM T1 INNER JOIN T4 ON T4.IDENTIFIER_REFERENCE_15 = T1.IDENTIFIER_PRIMARY_1 GROUP BY T1.DESCRIPTIVE_ATTRIBUTE_2, T1.TEXT_FIELD_5 ORDER BY COUNT(T4.IDENTIFIER_PRIMARY_14) DESC LIMIT 1","SELECT channel.Name, channel.Internet FROM channel INNER JOIN director_admin ON director_admin.Channel_ID = channel.Channel_ID GROUP BY channel.Name, channel.Internet ORDER BY COUNT(director_admin.Director_ID) DESC LIMIT 1"
265,134,bbc_channels,bbc_channels,,,False,0,True,,llama3.1-8b,SELECT T1.TEXT_FIELD_5 FROM T1 AS T1 JOIN T3 AS T2 ON T1.IDENTIFIER_PRIMARY_1 = T2.IDENTIFIER_REFERENCE_13 JOIN T2 AS T3 ON T2.IDENTIFIER_PRIMARY_6 = T3.IDENTIFIER_PRIMARY_6 WHERE T3.MEASUREMENT_VALUE_8 < 40 AND T3.MEASUREMENT_VALUE_8 > 60,SELECT channel.Internet FROM channel AS channel JOIN program AS director ON channel.Channel_ID = director.Channel_ID JOIN director AS program ON director.Director_ID = program.Director_ID WHERE program.Age < 40 AND program.Age > 60
266,181,vehicle_driver,vehicle_driver,,,False,0,True,,llama3.1-8b,"SELECT T1.NUMERIC_FIELD_5, T1.TEXT_FIELD_2 FROM T1 JOIN T3 ON T1.IDENTIFIER_PRIMARY_1 = T3.IDENTIFIER_REFERENCE_13 JOIN T2 ON T3.IDENTIFIER_PRIMARY_12 = T2.IDENTIFIER_PRIMARY_8 WHERE T2.TEXT_FIELD_11 = 'Jeff Gordon' OR T2.DESCRIPTIVE_ATTRIBUTE_9 = 'more than 2'","SELECT vehicle.Power, vehicle.Model FROM vehicle JOIN vehicle_driver ON vehicle.Vehicle_ID = vehicle_driver.Vehicle_ID JOIN driver ON vehicle_driver.Driver_ID = driver.Driver_ID WHERE driver.Racing_Series = 'Jeff Gordon' OR driver.Name = 'more than 2'"
267,182,vehicle_driver,vehicle_driver,,,False,0,True,,llama3.1-8b,"SELECT T1.IDENTIFIER_PRIMARY_1 , T1.TEXT_FIELD_2 FROM T1 INNER JOIN T3 ON T1.IDENTIFIER_PRIMARY_1 = T3.IDENTIFIER_REFERENCE_13 INNER JOIN T2 ON T3.IDENTIFIER_PRIMARY_12 = T2.IDENTIFIER_PRIMARY_8 WHERE T2.TEXT_FIELD_11 = 'Jeff Gordon' OR T3.IDENTIFIER_PRIMARY_12 IN (SELECT IDENTIFIER_PRIMARY_12 FROM T3 GROUP BY IDENTIFIER_PRIMARY_12 HAVING count(*) > 2)","SELECT vehicle.Vehicle_ID , vehicle.Model FROM vehicle INNER JOIN vehicle_driver ON vehicle.Vehicle_ID = vehicle_driver.Vehicle_ID INNER JOIN driver ON vehicle_driver.Driver_ID = driver.Driver_ID WHERE driver.Racing_Series = 'Jeff Gordon' OR vehicle_driver.Driver_ID IN (SELECT Driver_ID FROM vehicle_driver GROUP BY Driver_ID HAVING count(*) > 2)"
268,191,vehicle_driver,vehicle_driver,,,False,0,True,,llama3.1-8b,SELECT COUNT(T3.IDENTIFIER_PRIMARY_12) FROM T3 WHERE T3.IDENTIFIER_REFERENCE_13 NOT IN (SELECT IDENTIFIER_PRIMARY_1 FROM T1),SELECT COUNT(vehicle_driver.Driver_ID) FROM vehicle_driver WHERE vehicle_driver.Vehicle_ID NOT IN (SELECT Vehicle_ID FROM vehicle)
269,192,vehicle_driver,vehicle_driver,,,False,3,False,,llama3.1-8b,SELECT COUNT(T2.IDENTIFIER_PRIMARY_8) FROM T3 AS T1 JOIN T2 ON T1.IDENTIFIER_REFERENCE_13 = T2.IDENTIFIER_PRIMARY_8 WHERE T1.NUMERIC_FIELD_5 = 0,SELECT COUNT(driver.Driver_ID) FROM vehicle_driver AS vehicle JOIN driver ON vehicle.Vehicle_ID = driver.Driver_ID WHERE vehicle.Power = 0
270,251,customers_and_orders,customers_and_orders,,,False,0,True,,llama3.1-8b,SELECT DESCRIPTIVE_ATTRIBUTE_3 FROM T1 WHERE CURRENCY_AMOUNT_4 > (SELECT AVG(CURRENCY_AMOUNT_4) FROM T1 WHERE DESCRIPTIVE_ATTRIBUTE_2 = DESCRIPTIVE_ATTRIBUTE_2),SELECT product_name FROM Products WHERE product_price > (SELECT AVG(product_price) FROM Products WHERE product_type_code = product_type_code)
271,252,customers_and_orders,customers_and_orders,,,False,3,False,,llama3.1-8b,SELECT T1.DESCRIPITIVE_ATTRIBUTE_2 FROM T1 WHERE T1.CURRENCY_AMOUNT_4 > ( SELECT AVG(CURRENCY_AMOUNT_4) FROM T1 WHERE T1.DESCRIPITIVE_ATTRIBUTE_3 = 'Hardware' ),SELECT Products.DESCRIPITIVE_ATTRIBUTE_2 FROM Products WHERE Products.product_price > ( SELECT AVG(product_price) FROM Products WHERE Products.DESCRIPITIVE_ATTRIBUTE_3 = 'Hardware' )
272,295,customers_and_orders,customers_and_orders,,,False,0,True,,llama3.1-8b,"SELECT T1.DESCRIPTIVE_ATTRIBUTE_5 , T1.DESCRIPTIVE_ATTRIBUTE_4 , T1.DESCRIPTIVE_ATTRIBUTE_6 , T1.DESCRIPTIVE_ATTRIBUTE_4 FROM T1 INNER JOIN T2 ON T1.IDENTIFIER_PRIMARY_1 = T2.IDENTIFIER_REFERENCE_8 INNER JOIN T3 ON T2.IDENTIFIER_PRIMARY_7 = T3.IDENTIFIER_REFERENCE_12 WHERE T3.MEASUREMENT_VALUE_14 = (SELECT max(MEASUREMENT_VALUE_14) FROM T3)","SELECT Customers.customer_phone , Customers.customer_name , Customers.customer_email , Customers.customer_name FROM Customers INNER JOIN Customer_Orders ON Customers.customer_id = Customer_Orders.customer_id INNER JOIN Order_Items ON Customer_Orders.order_id = Order_Items.order_id WHERE Order_Items.order_quantity = (SELECT max(order_quantity) FROM Order_Items)"
273,296,customers_and_orders,customers_and_orders,,,False,3,False,,llama3.1-8b,"SELECT T1.IDENTIFIER_PRIMARY_1, T1.DESRIPTIVE_ATTRIBUTE_4 AS name, T1.DESRIPTIVE_ATTRIBUTE_5 AS phone, T1.DESRIPTIVE_ATTRIBUTE_6 AS email FROM T1 JOIN T3 ON T3.IDENTIFIER_REFERENCE_12 = T1.IDENTIFIER_PRIMARY_1 JOIN T2 ON T2.IDENTIFIER_REFERENCE_8 = T1.IDENTIFIER_PRIMARY_1 GROUP BY T1.IDENTIFIER_PRIMARY_1 ORDER BY COUNT(T3.IDENTIFIER_REFERENCE_12) DESC LIMIT 1","SELECT Customers.customer_id, Customers.DESRIPTIVE_ATTRIBUTE_4 AS name, Customers.DESRIPTIVE_ATTRIBUTE_5 AS phone, Customers.DESRIPTIVE_ATTRIBUTE_6 AS email FROM Customers JOIN Order_Items ON Order_Items.order_id = Customers.customer_id JOIN Customer_Orders ON Customer_Orders.customer_id = Customers.customer_id GROUP BY Customers.customer_id ORDER BY COUNT(Order_Items.order_id) DESC LIMIT 1"
274,301,customers_and_orders,customers_and_orders,,,False,0,True,,llama3.1-8b,SELECT COUNT(T1.DESCRIPTIVE_ATTRIBUTE_5) FROM T1 WHERE T1.DESCRIPTIVE_ATTRIBUTE_6 = 'TRUE',SELECT COUNT(Customers.customer_phone) FROM Customers WHERE Customers.customer_email = 'TRUE'
275,302,customers_and_orders,customers_and_orders,,,False,0,True,,llama3.1-8b,SELECT COUNT(T1.DESCRIPTIVE_ATTRIBUTE_5) FROM T1 WHERE T1.DESCRIPTIVE_ATTRIBUTE_5 = 'customers' AND T1.IDENTIFIER_PRIMARY_1 NOT IN (SELECT T2.IDENTIFIER_REFERENCE_8 FROM T2 WHERE T2.DESCRIPTIVE_ATTRIBUTE_10 LIKE '%order%'),SELECT COUNT(Customers.customer_phone) FROM Customers WHERE Customers.customer_phone = 'customers' AND Customers.customer_id NOT IN (SELECT Customer_Orders.customer_id FROM Customer_Orders WHERE Customer_Orders.order_status_code LIKE '%order%')
276,313,customers_and_orders,customers_and_orders,,,False,3,False,,llama3.1-8b,"SELECT T2.CHRONOLOGICAL_MARKER_7, T2.IDENTIFIER_PRIMARY_5 FROM T3 JOIN T2 ON T3.IDENTIFIER_REFERENCE_10 = T2.IDENTIFIER_PRIMARY_5 JOIN T1 ON T3.IDENTIFIER_REFERENCE_11 = T1.IDENTIFIER_PRIMARY_1 WHERE T3.MEASUREMENT_VALUE_12 > 6 OR T1.DESCRIPITIVE_ATTRIBUTE_3 > 3","SELECT Customer_Orders.order_date, Customer_Orders.order_id FROM Order_Items JOIN Customer_Orders ON Order_Items.order_id = Customer_Orders.order_id JOIN Products ON Order_Items.product_id = Products.product_id WHERE Order_Items.order_quantity > 6 OR Products.DESCRIPITIVE_ATTRIBUTE_3 > 3"
277,314,customers_and_orders,customers_and_orders,,,False,0,True,,llama3.1-8b,"SELECT T3.IDENTIFIER_CODE_9 , T2.CHRONOLOGICAL_MARKER_7 FROM T3 JOIN T2 ON T3.IDENTIFIER_REFERENCE_11 = T2.IDENTIFIER_PRIMARY_5 WHERE T3.MEASUREMENT_VALUE_12 > 6 OR T3.MEASUREMENT_VALUE_12 > 3","SELECT Order_Items.order_item_id , Customer_Orders.order_date FROM Order_Items JOIN Customer_Orders ON Order_Items.product_id = Customer_Orders.order_id WHERE Order_Items.order_quantity > 6 OR Order_Items.order_quantity > 3"
278,337,region_building,region_building,,,False,1,True,,llama3.1-8b,SELECT T2.LOCATION_ATTRIBUTE_9 FROM T2 AS T2 JOIN T1 AS T1 ON T1.IDENTIFIER_REFERENCE_2 = T2.IDENTIFIER_PRIMARY_7 GROUP BY T2.LOCATION_ATTRIBUTE_9 ORDER BY COUNT(T1.DESCRIPTIVE_ATTRIBUTE_3) DESC LIMIT 1,SELECT region.Capital FROM region AS region JOIN building AS building ON building.Region_ID = region.Region_ID GROUP BY region.Capital ORDER BY COUNT(building.Name) DESC LIMIT 1
279,338,region_building,region_building,,,False,0,True,,llama3.1-8b,"SELECT T2.LOCATION_ATTRIBUTE_9, T2.LOCATION_ATTRIBUTE_10 FROM T2 JOIN T1 ON T1.IDENTIFIER_REFERENCE_2 = T2.IDENTIFIER_PRIMARY_7 GROUP BY T2.LOCATION_ATTRIBUTE_10 ORDER BY COUNT(T1.DESCRIPTIVE_ATTRIBUTE_3) DESC LIMIT 1","SELECT region.Capital, region.Area FROM region JOIN building ON building.Region_ID = region.Region_ID GROUP BY region.Area ORDER BY COUNT(building.Name) DESC LIMIT 1"
280,365,government_shift,government_shift,,,False,0,True,,llama3.1-8b,"SELECT T4.DESCRIPTIVE_ATTRIBUTE_13, T4.TEXT_FIELD_14, T4.IDENTIFIER_PRIMARY_9 FROM T4 INNER JOIN T2 ON T4.IDENTIFIER_REFERENCE_10 = T2.IDENTIFIER_PRIMARY_3 INNER JOIN T1 ON T4.IDENTIFIER_REFERENCE_12 = T1.IDENTIFIER_PRIMARY_1 GROUP BY T4.IDENTIFIER_PRIMARY_9 ORDER BY COUNT(T4.IDENTIFIER_PRIMARY_9) DESC LIMIT 1","SELECT Customer_Interactions.Status_Code, Customer_Interactions.Services_and_Channels_Details, Customer_Interactions.Customer_Interaction_ID FROM Customer_Interactions INNER JOIN Customers ON Customer_Interactions.Channel_ID = Customers.Customer_ID INNER JOIN Services ON Customer_Interactions.Service_ID = Services.Service_ID GROUP BY Customer_Interactions.Customer_Interaction_ID ORDER BY COUNT(Customer_Interactions.Customer_Interaction_ID) DESC LIMIT 1"
281,366,government_shift,government_shift,,,False,0,True,,llama3.1-8b,SELECT T2.TEXT_FIELD_4 FROM T3 JOIN T2 ON T3.IDENTIFIER_REFERENCE_6 = T2.IDENTIFIER_PRIMARY_3 JOIN T1 ON T3.IDENTIFIER_REFERENCE_7 = T1.IDENTIFIER_PRIMARY_1 GROUP BY T2.TEXT_FIELD_4 ORDER BY COUNT(T1.IDENTIFIER_PRIMARY_1) DESC LIMIT 1,SELECT Customers.Customer_Details FROM Customers_and_Services JOIN Customers ON Customers_and_Services.Customer_ID = Customers.Customer_ID JOIN Services ON Customers_and_Services.Service_ID = Services.Service_ID GROUP BY Customers.Customer_Details ORDER BY COUNT(Services.Service_ID) DESC LIMIT 1
282,367,government_shift,government_shift,,,False,1,True,,llama3.1-8b,SELECT T2.TEXT_FIELD_4 FROM T3 AS T1 JOIN T2 ON T1.IDENTIFIER_REFERENCE_6 = T2.IDENTIFIER_PRIMARY_3 GROUP BY T2.TEXT_FIELD_4 ORDER BY COUNT(DISTINCT T1.IDENTIFIER_REFERENCE_7) DESC LIMIT 1,SELECT Customers.Customer_Details FROM Customers_and_Services AS Services JOIN Customers ON Services.Customer_ID = Customers.Customer_ID GROUP BY Customers.Customer_Details ORDER BY COUNT(DISTINCT Services.Service_ID) DESC LIMIT 1
283,368,government_shift,government_shift,,,False,0,True,,llama3.1-8b,"SELECT T1.TEXT_FIELD_2 , T1.IDENTIFIER_PRIMARY_1 , T2.TEXT_FIELD_4 FROM T1 AS T1 JOIN T4 AS T4 ON T1.IDENTIFIER_PRIMARY_1 = T4.IDENTIFIER_REFERENCE_12 JOIN T2 AS T2 ON T4.IDENTIFIER_REFERENCE_10 = T2.IDENTIFIER_PRIMARY_3 GROUP BY T1.IDENTIFIER_PRIMARY_1 ORDER BY COUNT(T4.IDENTIFIER_REFERENCE_10) DESC LIMIT 1","SELECT Services.Service_Details , Services.Service_ID , Customers.Customer_Details FROM Services AS Services JOIN Customer_Interactions AS Customer_Interactions ON Services.Service_ID = Customer_Interactions.Service_ID JOIN Customers AS Customers ON Customer_Interactions.Channel_ID = Customers.Customer_ID GROUP BY Services.Service_ID ORDER BY COUNT(Customer_Interactions.Channel_ID) DESC LIMIT 1"
284,371,government_shift,government_shift,,,False,0,True,,llama3.1-8b,SELECT T3.TEXT_FIELD_8 FROM T3 INNER JOIN T1 ON T3.IDENTIFIER_REFERENCE_7 = T1.IDENTIFIER_PRIMARY_1 GROUP BY T3.TEXT_FIELD_8 ORDER BY COUNT(T3.TEXT_FIELD_8) LIMIT 1,SELECT Customers_and_Services.Customers_and_Services_Details FROM Customers_and_Services INNER JOIN Services ON Customers_and_Services.Service_ID = Services.Service_ID GROUP BY Customers_and_Services.Customers_and_Services_Details ORDER BY COUNT(Customers_and_Services.Customers_and_Services_Details) LIMIT 1
285,372,government_shift,government_shift,,,False,0,True,,llama3.1-8b,SELECT DISTINCT T2.TEXT_FIELD_4 FROM T3 AS T1 JOIN T2 ON T1.IDENTIFIER_REFERENCE_6 = T2.IDENTIFIER_PRIMARY_3 JOIN T1 AS T3 ON T1.IDENTIFIER_PRIMARY_1 = T3.IDENTIFIER_PRIMARY_1 WHERE T1.TEXT_FIELD_8 = (SELECT TEXT_FIELD_8 FROM T3 GROUP BY TEXT_FIELD_8 ORDER BY COUNT(TEXT_FIELD_8) LIMIT 1),SELECT DISTINCT Customers.Customer_Details FROM Customers_and_Services AS Services JOIN Customers ON Services.Customer_ID = Customers.Customer_ID JOIN Services AS Customers_and_Services ON Services.Service_ID = Customers_and_Services.Service_ID WHERE Services.Customers_and_Services_Details = (SELECT Customers_and_Services_Details FROM Customers_and_Services GROUP BY Customers_and_Services_Details ORDER BY COUNT(Customers_and_Services_Details) LIMIT 1)
286,377,government_shift,government_shift,,,False,1,True,,llama3.1-8b,"SELECT T2.TEXT_FIELD_4 FROM T3 AS T1 JOIN T2 ON T1.IDENTIFIER_REFERENCE_6 = T2.IDENTIFIER_PRIMARY_3 WHERE T2.TEXT_FIELD_4 = ""Hardy Kutch"" OR T1.TEXT_FIELD_8 = ""good""","SELECT Customers.Customer_Details FROM Customers_and_Services AS Services JOIN Customers ON Services.Customer_ID = Customers.Customer_ID WHERE Customers.Customer_Details = ""Hardy Kutch"" OR Services.Customers_and_Services_Details = ""good"""
287,378,government_shift,government_shift,,,False,3,False,,llama3.1-8b,"SELECT T2.TEXT_FIELD_4, T1.TEXT_FIELD_2 FROM T1 AS T1 JOIN T3 AS T3 ON T1.IDENTIFIER_PRIMARY_1 = T3.IDENTIFIER_REFERENCE_7 JOIN T2 AS T2 ON T3.IDENTIFIER_REFERENCE_6 = T2.IDENTIFIER_PRIMARY_3 WHERE T2.TEXT_FIELD_4 = 'Hardy Kutch' INTERSECT SELECT T1.TEXT_FIELD_2 FROM T1 AS T1 JOIN T4 AS T4 ON T1.IDENTIFIER_PRIMARY_1 = T4.IDENTIFIER_REFERENCE_12 WHERE T4.DESCRIBITIVE_ATTRIBUTE_13 = 'good'","SELECT Customers.Customer_Details, Services.Service_Details FROM Services AS Services JOIN Customers_and_Services AS Customers_and_Services ON Services.Service_ID = Customers_and_Services.Service_ID JOIN Customers AS Customers ON Customers_and_Services.Customer_ID = Customers.Customer_ID WHERE Customers.Customer_Details = 'Hardy Kutch' INTERSECT SELECT Services.Service_Details FROM Services AS Services JOIN Customer_Interactions AS Customer_Interactions ON Services.Service_ID = Customer_Interactions.Service_ID WHERE Customer_Interactions.DESCRIBITIVE_ATTRIBUTE_13 = 'good'"
288,379,government_shift,government_shift,,,False,3,False,,llama3.1-8b,SELECT T2.TEXT_FIELD_4 FROM T3 AS T1 JOIN T2 ON T1.IDENTIFIER_REFERENCE_6 = T2.IDENTIFIER_PRIMARY_3 JOIN T4 AS T3 ON T3.IDENTIFIER_REFERENCE_11 = T2.IDENTIFIER_PRIMARY_3 JOIN T1 AS T4 ON T4.IDENTIFIER_PRIMARY_1 = T3.IDENTIFIER_REFERENCE_12 WHERE T2.TEXT_FIELD_4 = 'Hardy Kutch' AND T4.DESCRIPTIVE_ATTRIBUTE_13 = 'bad',SELECT Customers.Customer_Details FROM Customers_and_Services AS Services JOIN Customers ON Services.Customer_ID = Customers.Customer_ID JOIN Customer_Interactions AS Customers_and_Services ON Customers_and_Services.Customer_ID = Customers.Customer_ID JOIN Services AS Customer_Interactions ON Customer_Interactions.Service_ID = Customers_and_Services.Service_ID WHERE Customers.Customer_Details = 'Hardy Kutch' AND Customer_Interactions.Status_Code = 'bad'
289,380,government_shift,government_shift,,,False,0,True,,llama3.1-8b,SELECT T3.TEXT_FIELD_8 FROM T3 INNER JOIN T2 ON T3.IDENTIFIER_REFERENCE_6 = T2.IDENTIFIER_PRIMARY_3 INNER JOIN T1 ON T3.IDENTIFIER_REFERENCE_7 = T1.IDENTIFIER_PRIMARY_1 WHERE T2.TEXT_FIELD_4 = 'Hardy Kutch' AND T3.TEXT_FIELD_8 = 'bad',SELECT Customers_and_Services.Customers_and_Services_Details FROM Customers_and_Services INNER JOIN Customers ON Customers_and_Services.Customer_ID = Customers.Customer_ID INNER JOIN Services ON Customers_and_Services.Service_ID = Services.Service_ID WHERE Customers.Customer_Details = 'Hardy Kutch' AND Customers_and_Services.Customers_and_Services_Details = 'bad'
290,401,vehicle_rent,vehicle_rent,,,False,3,False,,llama3.1-8b,"SELECT T3.DESCRIPTIVE_ATTRIBUTE_9 , T2.DESCRIPITIVE_ATTRIBUTE_6 , T3.STATISTICAL_VALUE_13 FROM T3 JOIN T2 ON T3.IDENTIFIER_REFERENCE_21 = T2.IDENTIFIER_PRIMARY_5 JOIN T4 ON T4.IDENTIFIER_REFERENCE_21 = T3.IDENTIFIER_PRIMARY_8 JOIN T1 ON T4.IDENTIFIER_REFERENCE_19 = T1.IDENTIFIER_PRIMARY_1 WHERE T3.CHRONOLOGICAL_MARKER_10 = 2013 OR T3.CHRONOLOGICAL_MARKER_10 = 2014","SELECT Vehicles.name , Discount.DESCRIPITIVE_ATTRIBUTE_6 , Vehicles.City_fuel_economy_rate FROM Vehicles JOIN Discount ON Vehicles.vehicles_id = Discount.id JOIN Renting_history ON Renting_history.vehicles_id = Vehicles.id JOIN Customers ON Renting_history.customer_id = Customers.id WHERE Vehicles.Model_year = 2013 OR Vehicles.Model_year = 2014"
291,402,vehicle_rent,vehicle_rent,,,False,3,False,,llama3.1-8b,"SELECT T1.DESCRIPITIVE_ATTRIBUTE_2 , T2.DESCRIPATIVE_ATTRIBUTE_6 , T3.CURRENCY_AMOUNT_15 FROM T1 AS T1 JOIN T4 AS T4 ON T1.IDENTIFIER_PRIMARY_1 = T4.IDENTIFIER_REFERENCE_19 JOIN T3 AS T3 ON T4.IDENTIFIER_REFERENCE_21 = T3.IDENTIFIER_PRIMARY_8 JOIN T2 AS T2 ON T4.IDENTIFIER_REFERENCE_20 = T2.IDENTIFIER_PRIMARY_5 WHERE T1.MEASUREMENT_VALUE_3 = 2013 OR T1.MEASUREMENT_VALUE_3 = 2014","SELECT Customers.DESCRIPITIVE_ATTRIBUTE_2 , Discount.DESCRIPATIVE_ATTRIBUTE_6 , Vehicles.Cost_per_25_miles FROM Customers AS Customers JOIN Renting_history AS Renting_history ON Customers.id = Renting_history.customer_id JOIN Vehicles AS Vehicles ON Renting_history.vehicles_id = Vehicles.id JOIN Discount AS Discount ON Renting_history.discount_id = Discount.id WHERE Customers.age = 2013 OR Customers.age = 2014"
292,429,vehicle_rent,vehicle_rent,,,False,0,True,,llama3.1-8b,"SELECT T3.DESCRIPTIVE_ATTRIBUTE_9, T3.CHRONOLOGICAL_MARKER_10 FROM T4 AS T4 JOIN T3 ON T4.IDENTIFIER_REFERENCE_21 = T3.IDENTIFIER_PRIMARY_8 JOIN T1 ON T4.IDENTIFIER_REFERENCE_19 = T1.IDENTIFIER_PRIMARY_1 GROUP BY T3.IDENTIFIER_PRIMARY_8 ORDER BY COUNT(T4.IDENTIFIER_PRIMARY_18) DESC LIMIT 1","SELECT Vehicles.name, Vehicles.Model_year FROM Renting_history AS Renting_history JOIN Vehicles ON Renting_history.vehicles_id = Vehicles.id JOIN Customers ON Renting_history.customer_id = Customers.id GROUP BY Vehicles.id ORDER BY COUNT(Renting_history.id) DESC LIMIT 1"
293,430,vehicle_rent,vehicle_rent,,,False,0,True,,llama3.1-8b,"SELECT T3.DESCRIPTIVE_ATTRIBUTE_9 , T3.CHRONOLOGICAL_MARKER_10 FROM T4 AS T4 JOIN T3 ON T4.IDENTIFIER_REFERENCE_21 = T3.IDENTIFIER_PRIMARY_8 JOIN T1 ON T4.IDENTIFIER_REFERENCE_19 = T1.IDENTIFIER_PRIMARY_1 ORDER BY T4.MEASUREMENT_VALUE_22 DESC LIMIT 1","SELECT Vehicles.name , Vehicles.Model_year FROM Renting_history AS Renting_history JOIN Vehicles ON Renting_history.vehicles_id = Vehicles.id JOIN Customers ON Renting_history.customer_id = Customers.id ORDER BY Renting_history.total_hours DESC LIMIT 1"
294,433,vehicle_rent,vehicle_rent,,,False,3,False,,llama3.1-8b,SELECT T2.DESCRIPITIVE_ATTRIBUTE_6 FROM T4 AS T1 JOIN T2 AS T2 ON T1.IDENTIFIER_REFERENCE_20 = T2.IDENTIFIER_PRIMARY_5 GROUP BY T2.DESCRIPITIVE_ATTRIBUTE_6 ORDER BY COUNT(T1.IDENTIFIER_PRIMARY_18) DESC LIMIT 1,SELECT Discount.DESCRIPITIVE_ATTRIBUTE_6 FROM Renting_history AS Customers JOIN Discount AS Discount ON Customers.discount_id = Discount.id GROUP BY Discount.DESCRIPITIVE_ATTRIBUTE_6 ORDER BY COUNT(Customers.id) DESC LIMIT 1
295,434,vehicle_rent,vehicle_rent,,,False,3,False,,llama3.1-8b,SELECT T2.DESCRIPITIVE_ATTRIBUTE_6 FROM T4 AS T4 JOIN T2 AS T2 ON T4.IDENTIFIER_REFERENCE_20 = T2.IDENTIFIER_PRIMARY_5 GROUP BY T2.DESCRIPITIVE_ATTRIBUTE_6 ORDER BY COUNT(T4.IDENTIFIER_PRIMARY_18) DESC LIMIT 1,SELECT Discount.DESCRIPITIVE_ATTRIBUTE_6 FROM Renting_history AS Renting_history JOIN Discount AS Discount ON Renting_history.discount_id = Discount.id GROUP BY Discount.DESCRIPITIVE_ATTRIBUTE_6 ORDER BY COUNT(Renting_history.id) DESC LIMIT 1
296,441,cre_Students_Information_Systems,cre_Students_Information_Systems,,,False,1,True,,llama3.1-8b,"SELECT T1.TEXT_FIELD_2, T1.IDENTIFIER_PRIMARY_1 FROM T1 AS T1 JOIN T8 AS T8 ON T1.IDENTIFIER_PRIMARY_1 = T8.IDENTIFIER_REFERENCE_26 JOIN T6 AS T6 ON T8.IDENTIFIER_REFERENCE_27 = T6.IDENTIFIER_PRIMARY_18 WHERE T8.DESCRIPTIVE_ATTRIBUTE_28 = '2' OR T1.IDENTIFIER_REFERENCE_37 IN (SELECT IDENTIFIER_REFERENCE_37 FROM T10 WHERE IDENTIFIER_REFERENCE_37 IN (SELECT IDENTIFIER_PRIMARY_1 FROM T1 GROUP BY IDENTIFIER_PRIMARY_1 HAVING COUNT(IDENTIFIER_PRIMARY_1) > 2) AND CHRONOLOGICAL_MARKER_39 IS NULL)","SELECT Students.bio_data, Students.student_id FROM Students AS Students JOIN Classes AS Classes ON Students.student_id = Classes.student_id JOIN Teachers AS Teachers ON Classes.teacher_id = Teachers.teacher_id WHERE Classes.class_details = '2' OR Students.student_id IN (SELECT student_id FROM Detention WHERE student_id IN (SELECT student_id FROM Students GROUP BY student_id HAVING COUNT(student_id) > 2) AND datetime_detention_end IS NULL)"
297,442,cre_Students_Information_Systems,cre_Students_Information_Systems,,,False,1,True,,llama3.1-8b,"SELECT T1.TEXT_FIELD_2 , T1.IDENTIFIER_PRIMARY_1 FROM T1 JOIN T8 ON T1.IDENTIFIER_PRIMARY_1 = T8.IDENTIFIER_REFERENCE_26 JOIN T6 ON T8.IDENTIFIER_REFERENCE_27 = T6.IDENTIFIER_PRIMARY_18 WHERE T8.DESCRIPTIVE_ATTRIBUTE_28 = 'classes' AND (T1.IDENTIFIER_PRIMARY_1 IN (SELECT T1.IDENTIFIER_PRIMARY_1 FROM T1 JOIN T8 ON T1.IDENTIFIER_PRIMARY_1 = T8.IDENTIFIER_REFERENCE_26 GROUP BY T1.IDENTIFIER_PRIMARY_1 HAVING COUNT(*) > 1) OR T1.IDENTIFIER_PRIMARY_1 IN (SELECT T1.IDENTIFIER_PRIMARY_1 FROM T1 JOIN T8 ON T1.IDENTIFIER_PRIMARY_1 = T8.IDENTIFIER_REFERENCE_26 WHERE T8.DESCRIPTIVE_ATTRIBUTE_28 = 'detentions' GROUP BY T1.IDENTIFIER_PRIMARY_1 HAVING COUNT(*) < 2))","SELECT Students.bio_data , Students.student_id FROM Students JOIN Classes ON Students.student_id = Classes.student_id JOIN Teachers ON Classes.teacher_id = Teachers.teacher_id WHERE Classes.class_details = 'classes' AND (Students.student_id IN (SELECT Students.student_id FROM Students JOIN Classes ON Students.student_id = Classes.student_id GROUP BY Students.student_id HAVING COUNT(*) > 1) OR Students.student_id IN (SELECT Students.student_id FROM Students JOIN Classes ON Students.student_id = Classes.student_id WHERE Classes.class_details = 'detentions' GROUP BY Students.student_id HAVING COUNT(*) < 2))"
298,443,cre_Students_Information_Systems,cre_Students_Information_Systems,,,False,3,False,,llama3.1-8b,SELECT T2.TEXT_FIELD_5 FROM T3 AS T3 JOIN T2 AS T2 ON T3.IDENTIFIER_REFERENCE_8 = T2.IDENTIFIER_PRIMARY_4 WHERE T3.DESCRIBITIVE_ATTRIBUTE_9 LIKE '%data%' AND T3.IDENTIFIER_REFERENCE_7 NOT IN (SELECT IDENTIFIER_PRIMARY_1 FROM T1 WHERE TEXT_FIELD_2 LIKE 'net%'),SELECT Teachers.teacher_details FROM Classes AS Classes JOIN Teachers AS Teachers ON Classes.teacher_id = Teachers.teacher_id WHERE Classes.DESCRIBITIVE_ATTRIBUTE_9 LIKE '%data%' AND Classes.student_id NOT IN (SELECT student_id FROM Students WHERE bio_data LIKE 'net%')
299,444,cre_Students_Information_Systems,cre_Students_Information_Systems,,,False,3,False,,llama3.1-8b,SELECT T2.TEXT_FIELD_5 FROM T2 JOIN T3 ON T2.IDENTIFIER_PRIMARY_4 = T3.IDENTIFIER_REFERENCE_8 JOIN T1 ON T3.IDENTIFIER_REFERENCE_7 = T1.IDENTIFIER_PRIMARY_1 WHERE T3.DESCRITIVE_ATTRIBUTE_9 LIKE '%data%' AND T3.DESCRITIVE_ATTRIBUTE_9 NOT LIKE 'net%',SELECT Teachers.teacher_details FROM Teachers JOIN Classes ON Teachers.teacher_id = Classes.teacher_id JOIN Students ON Classes.student_id = Students.student_id WHERE Classes.DESCRITIVE_ATTRIBUTE_9 LIKE '%data%' AND Classes.DESCRITIVE_ATTRIBUTE_9 NOT LIKE 'net%'
300,447,cre_Students_Information_Systems,cre_Students_Information_Systems,,,False,0,True,,llama3.1-8b,"SELECT T4.CURRENCY_AMOUNT_13 , T4.CHRONOLOGICAL_MARKER_12 FROM T1 AS T1 JOIN T4 ON T4.IDENTIFIER_REFERENCE_11 = T1.IDENTIFIER_PRIMARY_1 JOIN T6 ON T6.IDENTIFIER_REFERENCE_23 = T1.IDENTIFIER_PRIMARY_1 GROUP BY T1.IDENTIFIER_PRIMARY_1 HAVING Count(T6.TEXT_FIELD_26) >= 2","SELECT Student_Loans.amount_of_loan , Student_Loans.date_of_loan FROM Students AS Students JOIN Student_Loans ON Student_Loans.student_id = Students.student_id JOIN Achievements ON Achievements.student_id = Students.student_id GROUP BY Students.student_id HAVING Count(Achievements.other_details) >= 2"
301,448,cre_Students_Information_Systems,cre_Students_Information_Systems,,,False,1,True,,llama3.1-8b,"SELECT T5.CURRENCY_AMOUNT_18, T2.CHRONOLOGICAL_MARKER_6 FROM T2 JOIN T1 ON T2.IDENTIFIER_REFERENCE_5 = T1.IDENTIFIER_PRIMARY_1 JOIN T7 ON T7.IDENTIFIER_REFERENCE_28 = T1.IDENTIFIER_PRIMARY_1 JOIN T3 ON T7.IDENTIFIER_REFERENCE_27 = T3.IDENTIFIER_PRIMARY_8 JOIN T5 ON T5.IDENTIFIER_REFERENCE_16 = T1.IDENTIFIER_PRIMARY_1 WHERE T7.TEXT_FIELD_31 LIKE '%achievements%' AND T1.TEXT_FIELD_3 = 'students' AND T1.IDENTIFIER_PRIMARY_1 IN (SELECT IDENTIFIER_PRIMARY_1 FROM T1 GROUP BY IDENTIFIER_PRIMARY_1 HAVING COUNT(TEXT_FIELD_3) > 1)","SELECT Student_Loans.amount_of_loan, Transcripts.date_of_transcript FROM Transcripts JOIN Students ON Transcripts.student_id = Students.student_id JOIN Achievements ON Achievements.student_id = Students.student_id JOIN Ref_Achievement_Type ON Achievements.achievement_type_code = Ref_Achievement_Type.achievement_type_code JOIN Student_Loans ON Student_Loans.student_id = Students.student_id WHERE Achievements.other_details LIKE '%achievements%' AND Students.student_details = 'students' AND Students.student_id IN (SELECT student_id FROM Students GROUP BY student_id HAVING COUNT(student_details) > 1)"
302,449,cre_Students_Information_Systems,cre_Students_Information_Systems,,,False,0,True,,llama3.1-8b,"SELECT T5.TEXT_FIELD_17, T1.IDENTIFIER_PRIMARY_1 FROM T1 INNER JOIN T3 ON T1.IDENTIFIER_PRIMARY_1 = T3.IDENTIFIER_REFERENCE_9 INNER JOIN T5 ON T3.IDENTIFIER_REFERENCE_9 = T5.IDENTIFIER_PRIMARY_16 GROUP BY T1.IDENTIFIER_PRIMARY_1 ORDER BY COUNT(T3.IDENTIFIER_REFERENCE_9) DESC LIMIT 1","SELECT Teachers.teacher_details, Students.student_id FROM Students INNER JOIN Behaviour_Monitoring ON Students.student_id = Behaviour_Monitoring.student_id INNER JOIN Teachers ON Behaviour_Monitoring.student_id = Teachers.teacher_id GROUP BY Students.student_id ORDER BY COUNT(Behaviour_Monitoring.student_id) DESC LIMIT 1"
303,450,cre_Students_Information_Systems,cre_Students_Information_Systems,,,False,0,True,,llama3.1-8b,"SELECT T3.TEXT_FIELD_9 , T1.IDENTIFIER_PRIMARY_1 FROM T1 AS T1 JOIN T4 AS T4 ON T1.IDENTIFIER_PRIMARY_1 = T4.IDENTIFIER_REFERENCE_11 JOIN T3 AS T3 ON T4.IDENTIFIER_REFERENCE_12 = T3.IDENTIFIER_PRIMARY_8 GROUP BY T1.IDENTIFIER_PRIMARY_1 ORDER BY COUNT(T4.IDENTIFIER_REFERENCE_12) DESC LIMIT 1","SELECT Teachers.teacher_details , Students.student_id FROM Students AS Students JOIN Classes AS Classes ON Students.student_id = Classes.student_id JOIN Teachers AS Teachers ON Classes.teacher_id = Teachers.teacher_id GROUP BY Students.student_id ORDER BY COUNT(Classes.teacher_id) DESC LIMIT 1"
304,461,cre_Students_Information_Systems,cre_Students_Information_Systems,,,False,0,True,,llama3.1-8b,"SELECT T1.TEXT_FIELD_2, T1.TEXT_FIELD_3 FROM T1 JOIN T3 ON T3.IDENTIFIER_REFERENCE_9 = T1.IDENTIFIER_PRIMARY_1 WHERE T3.TEXT_FIELD_10 = (SELECT TEXT_FIELD_10 FROM T3 GROUP BY TEXT_FIELD_10 ORDER BY COUNT(*) DESC LIMIT 1) AND T3.TEXT_FIELD_10 IN (SELECT TEXT_FIELD_10 FROM T3 GROUP BY TEXT_FIELD_10 ORDER BY COUNT(*) DESC LIMIT 1 OFFSET 1)","SELECT Students.bio_data, Students.student_details FROM Students JOIN Behaviour_Monitoring ON Behaviour_Monitoring.student_id = Students.student_id WHERE Behaviour_Monitoring.behaviour_monitoring_details = (SELECT behaviour_monitoring_details FROM Behaviour_Monitoring GROUP BY behaviour_monitoring_details ORDER BY COUNT(*) DESC LIMIT 1) AND Behaviour_Monitoring.behaviour_monitoring_details IN (SELECT behaviour_monitoring_details FROM Behaviour_Monitoring GROUP BY behaviour_monitoring_details ORDER BY COUNT(*) DESC LIMIT 1 OFFSET 1)"
305,462,cre_Students_Information_Systems,cre_Students_Information_Systems,,,False,0,True,,llama3.1-8b,"SELECT T1.TEXT_FIELD_2 , T1.TEXT_FIELD_3 FROM T1 JOIN T3 ON T1.IDENTIFIER_PRIMARY_1 = T3.IDENTIFIER_REFERENCE_9 WHERE T3.TEXT_FIELD_10 = ( SELECT TEXT_FIELD_10 FROM T3 GROUP BY TEXT_FIELD_10 ORDER BY COUNT(*) DESC LIMIT 1 ) INTERSECT SELECT T1.TEXT_FIELD_2 , T1.TEXT_FIELD_3 FROM T1 JOIN T3 ON T1.IDENTIFIER_PRIMARY_1 = T3.IDENTIFIER_REFERENCE_9 WHERE T3.TEXT_FIELD_10 = ( SELECT TEXT_FIELD_10 FROM T3 GROUP BY TEXT_FIELD_10 ORDER BY COUNT(*) DESC LIMIT 2 OFFSET 1 )","SELECT Students.bio_data , Students.student_details FROM Students JOIN Behaviour_Monitoring ON Students.student_id = Behaviour_Monitoring.student_id WHERE Behaviour_Monitoring.behaviour_monitoring_details = ( SELECT behaviour_monitoring_details FROM Behaviour_Monitoring GROUP BY behaviour_monitoring_details ORDER BY COUNT(*) DESC LIMIT 1 ) INTERSECT SELECT Students.bio_data , Students.student_details FROM Students JOIN Behaviour_Monitoring ON Students.student_id = Behaviour_Monitoring.student_id WHERE Behaviour_Monitoring.behaviour_monitoring_details = ( SELECT behaviour_monitoring_details FROM Behaviour_Monitoring GROUP BY behaviour_monitoring_details ORDER BY COUNT(*) DESC LIMIT 2 OFFSET 1 )"
306,463,cre_Students_Information_Systems,cre_Students_Information_Systems,,,False,0,True,,llama3.1-8b,"SELECT T1.TEXT_FIELD_2 , T1.TEXT_FIELD_3 FROM T1 AS T1 JOIN T2 AS T2 ON T1.IDENTIFIER_PRIMARY_1 = T2.IDENTIFIER_REFERENCE_5 WHERE T2.CHRONOLOGICAL_MARKER_6 = (SELECT CHRONOLOGICAL_MARKER_6 FROM T2 GROUP BY CHRONOLOGICAL_MARKER_6 ORDER BY COUNT(*) DESC LIMIT 1)","SELECT Students.bio_data , Students.student_details FROM Students AS Students JOIN Transcripts AS Transcripts ON Students.student_id = Transcripts.student_id WHERE Transcripts.date_of_transcript = (SELECT date_of_transcript FROM Transcripts GROUP BY date_of_transcript ORDER BY COUNT(*) DESC LIMIT 1)"
307,464,cre_Students_Information_Systems,cre_Students_Information_Systems,,,False,0,True,,llama3.1-8b,"SELECT T1.TEXT_FIELD_2 , T1.TEXT_FIELD_3 FROM T1 JOIN T3 ON T3.IDENTIFIER_REFERENCE_9 = T1.IDENTIFIER_PRIMARY_1 WHERE T3.TEXT_FIELD_10 = ( SELECT TEXT_FIELD_10 FROM T3 GROUP BY TEXT_FIELD_10 ORDER BY COUNT(*) DESC LIMIT 1 )","SELECT Students.bio_data , Students.student_details FROM Students JOIN Behaviour_Monitoring ON Behaviour_Monitoring.student_id = Students.student_id WHERE Behaviour_Monitoring.behaviour_monitoring_details = ( SELECT behaviour_monitoring_details FROM Behaviour_Monitoring GROUP BY behaviour_monitoring_details ORDER BY COUNT(*) DESC LIMIT 1 )"
308,467,cre_Students_Information_Systems,cre_Students_Information_Systems,,,False,3,False,,llama3.1-8b,"SELECT count(*) , T3.DESCRIPITIVE_ATTRIBUTE_8 , T3.DESCRIPITIVE_ATTRIBUTE_8 FROM T6 AS T1 JOIN T3 AS T2 ON T1.IDENTIFIER_REFERENCE_14 = T2.IDENTIFIER_PRIMARY_7 JOIN T1 AS T3 ON T3.IDENTIFIER_PRIMARY_1 = T1.IDENTIFIER_REFERENCE_15 GROUP BY T3.DESCRIPITIVE_ATTRIBUTE_8 ORDER BY count(*) DESC LIMIT 1","SELECT count(*) , Ref_Event_Types.DESCRIPITIVE_ATTRIBUTE_8 , Ref_Event_Types.DESCRIPITIVE_ATTRIBUTE_8 FROM Student_Events AS Students JOIN Ref_Event_Types AS Behaviour_Monitoring ON Students.event_type_code = Behaviour_Monitoring.event_type_code JOIN Students AS Ref_Event_Types ON Ref_Event_Types.student_id = Students.student_id GROUP BY Ref_Event_Types.DESCRIPITIVE_ATTRIBUTE_8 ORDER BY count(*) DESC LIMIT 1"
309,468,cre_Students_Information_Systems,cre_Students_Information_Systems,,,False,3,False,,llama3.1-8b,"SELECT T1.DESCRIPTIVE_ATTRIBUTE_12, COUNT(T2.TEXT_FIELD_7) FROM T1 AS T1 JOIN T2 AS T2 ON T1.IDENTIFIER_PRIMARY_1 = T2.IDENTIFIER_REFERENCE_5 GROUP BY T1.DESCRIPTIVE_ATTRIBUTE_12 ORDER BY COUNT(T2.TEXT_FIELD_7) DESC LIMIT 1","SELECT Students.event_type_description, COUNT(Transcripts.transcript_details) FROM Students AS Students JOIN Transcripts AS Transcripts ON Students.student_id = Transcripts.student_id GROUP BY Students.event_type_description ORDER BY COUNT(Transcripts.transcript_details) DESC LIMIT 1"
310,471,cre_Students_Information_Systems,cre_Students_Information_Systems,,,False,0,True,,llama3.1-8b,SELECT COUNT(T1.IDENTIFIER_PRIMARY_1) FROM T1 AS T1 LEFT JOIN T4 AS T4 ON T1.IDENTIFIER_PRIMARY_1 = T4.IDENTIFIER_REFERENCE_17 WHERE T4.TEXT_FIELD_20 IS NULL,SELECT COUNT(Students.student_id) FROM Students AS Students LEFT JOIN Achievements AS Achievements ON Students.student_id = Achievements.student_id WHERE Achievements.other_details IS NULL
311,472,cre_Students_Information_Systems,cre_Students_Information_Systems,,,False,3,False,,llama3.1-8b,SELECT COUNT(T3.TEXT_FIELD_7) FROM T3 AS T1 JOIN T5 AS T2 ON T1.IDENTIFIER_PRIMARY_1 = T2.IDENTIFIER_REFERENCE_14 JOIN T6 AS T3 ON T2.IDENTIFIER_REFERENCE_15 = T3.IDENTIFIER_REFERENCE_19 WHERE T3.IDENTIFIER_REFERENCE_18 NOT IN (SELECT T6.IDENTIFIER_REFERENCE_18 FROM T6 AS T4 JOIN T1 AS T5 ON T4.IDENTIFIER_REFERENCE_19 = T5.IDENTIFIER_PRIMARY_1 WHERE T4.TEXT_FIELD_21 IS NOT NULL),SELECT COUNT(Teachers.teacher_details) FROM Teachers AS Students JOIN Classes AS Ref_Achievement_Type ON Students.student_id = Ref_Achievement_Type.student_id JOIN Achievements AS Teachers ON Ref_Achievement_Type.teacher_id = Teachers.student_id WHERE Teachers.achievement_type_code NOT IN (SELECT Achievements.achievement_type_code FROM Achievements AS Student_Loans JOIN Students AS Classes ON Student_Loans.student_id = Classes.student_id WHERE Student_Loans.achievement_details IS NOT NULL)
312,489,cre_Students_Information_Systems,cre_Students_Information_Systems,,,False,0,True,,llama3.1-8b,"SELECT T1.DESCRIPTIVE_ATTRIBUTE_2, T1.DESCRIPTIVE_ATTRIBUTE_2 FROM T1 GROUP BY T1.DESCRIPTIVE_ATTRIBUTE_2 ORDER BY COUNT(*) ASC LIMIT 1","SELECT Ref_Event_Types.event_type_description, Ref_Event_Types.event_type_description FROM Ref_Event_Types GROUP BY Ref_Event_Types.event_type_description ORDER BY COUNT(*) ASC LIMIT 1"
313,490,cre_Students_Information_Systems,cre_Students_Information_Systems,,,False,3,False,,llama3.1-8b,"SELECT T1.DESCRIPTIVE_ATTRIBUTE_2 , T1.DESCRIPTIVE_ATTRIBUTE_6 FROM T1 AS T1 JOIN T3 AS T3 ON T1.IDENTIFIER_PRIMARY_1 = T3.IDENTIFIER_PRIMARY_5 GROUP BY T1.DESCRIPTIVE_ATTRIBUTE_2 ORDER BY COUNT(T1.DESCRIPTIVE_ATTRIBUTE_2) LIMIT 1","SELECT Ref_Event_Types.event_type_description , Ref_Event_Types.address_type_description FROM Ref_Event_Types AS Ref_Event_Types JOIN Ref_Address_Types AS Ref_Address_Types ON Ref_Event_Types.event_type_code = Ref_Address_Types.address_type_code GROUP BY Ref_Event_Types.event_type_description ORDER BY COUNT(Ref_Event_Types.event_type_description) LIMIT 1"
314,491,cre_Students_Information_Systems,cre_Students_Information_Systems,,,False,0,True,,llama3.1-8b,"SELECT T1.TEXT_FIELD_2 , T1.TEXT_FIELD_3 , T3.CURRENCY_AMOUNT_11 FROM T1 INNER JOIN T3 ON T1.IDENTIFIER_PRIMARY_1 = T3.IDENTIFIER_REFERENCE_9 WHERE T3.CURRENCY_AMOUNT_11 > ( SELECT AVG(CURRENCY_AMOUNT_11) FROM T3 )","SELECT Students.bio_data , Students.student_details , Student_Loans.amount_of_loan FROM Students INNER JOIN Student_Loans ON Students.student_id = Student_Loans.student_id WHERE Student_Loans.amount_of_loan > ( SELECT AVG(amount_of_loan) FROM Student_Loans )"
315,492,cre_Students_Information_Systems,cre_Students_Information_Systems,,,False,0,True,,llama3.1-8b,"SELECT T1.TEXT_FIELD_2, T1.TEXT_FIELD_3 FROM T1 INNER JOIN T3 ON T1.IDENTIFIER_PRIMARY_1 = T3.IDENTIFIER_REFERENCE_9 WHERE T3.CURRENCY_AMOUNT_11 > ( SELECT AVG(CURRENCY_AMOUNT_11) FROM T3 )","SELECT Students.bio_data, Students.student_details FROM Students INNER JOIN Student_Loans ON Students.student_id = Student_Loans.student_id WHERE Student_Loans.amount_of_loan > ( SELECT AVG(amount_of_loan) FROM Student_Loans )"
316,499,cre_Students_Information_Systems,cre_Students_Information_Systems,,,False,0,True,,llama3.1-8b,SELECT T3.TEXT_FIELD_9 FROM T3 JOIN T5 ON T5.IDENTIFIER_REFERENCE_17 = T3.IDENTIFIER_PRIMARY_8 JOIN T2 ON T2.IDENTIFIER_PRIMARY_4 = T5.IDENTIFIER_REFERENCE_16 JOIN T1 ON T1.IDENTIFIER_PRIMARY_1 = T2.IDENTIFIER_REFERENCE_5 ORDER BY T2.CHRONOLOGICAL_MARKER_6 ASC LIMIT 1,SELECT Teachers.teacher_details FROM Teachers JOIN Classes ON Classes.teacher_id = Teachers.teacher_id JOIN Transcripts ON Transcripts.transcript_id = Classes.student_id JOIN Students ON Students.student_id = Transcripts.student_id ORDER BY Transcripts.date_of_transcript ASC LIMIT 1
317,500,cre_Students_Information_Systems,cre_Students_Information_Systems,,,False,0,True,,llama3.1-8b,SELECT T4.TEXT_FIELD_14 FROM T4 INNER JOIN T2 ON T4.IDENTIFIER_PRIMARY_13 = T2.IDENTIFIER_REFERENCE_5 INNER JOIN T1 ON T2.IDENTIFIER_PRIMARY_1 = T1.IDENTIFIER_PRIMARY_1 ORDER BY T2.CHRONOLOGICAL_MARKER_6 ASC LIMIT 1,SELECT Teachers.teacher_details FROM Teachers INNER JOIN Transcripts ON Teachers.teacher_id = Transcripts.student_id INNER JOIN Students ON Transcripts.student_id = Students.student_id ORDER BY Transcripts.date_of_transcript ASC LIMIT 1
318,507,cre_Students_Information_Systems,cre_Students_Information_Systems,,,False,3,False,,llama3.1-8b,"SELECT T3.DESCRIPITIVE_ATTRIBUTE_9 , T1.TEXT_FIELD_2 FROM T1 INNER JOIN T2 ON T2.IDENTIFIER_REFERENCE_5 = T1.IDENTIFIER_PRIMARY_1 INNER JOIN T3 ON T3.IDENTIFIER_PRIMARY_8 = T2.IDENTIFIER_REFERENCE_22 GROUP BY T1.TEXT_FIELD_2 ORDER BY COUNT(*) DESC LIMIT 1","SELECT Addresses.DESCRIPITIVE_ATTRIBUTE_9 , Students.bio_data FROM Students INNER JOIN Transcripts ON Transcripts.student_id = Students.student_id INNER JOIN Addresses ON Addresses.address_id = Transcripts.address_id GROUP BY Students.bio_data ORDER BY COUNT(*) DESC LIMIT 1"
319,508,cre_Students_Information_Systems,cre_Students_Information_Systems,,,False,0,True,,llama3.1-8b,"SELECT T2.DESCRIPTIVE_ATTRIBUTE_5, T2.DESCRIPTIVE_ATTRIBUTE_5 FROM T2 INNER JOIN T7 ON T2.IDENTIFIER_PRIMARY_4 = T7.IDENTIFIER_REFERENCE_18 INNER JOIN T6 ON T6.IDENTIFIER_REFERENCE_14 = T7.IDENTIFIER_REFERENCE_20 INNER JOIN T1 ON T1.IDENTIFIER_PRIMARY_1 = T6.IDENTIFIER_REFERENCE_14 GROUP BY T2.DESCRIPTIVE_ATTRIBUTE_5 ORDER BY COUNT(T2.DESCRIPTIVE_ATTRIBUTE_5) DESC LIMIT 1","SELECT Addresses.address_details, Addresses.address_details FROM Addresses INNER JOIN Students_Addresses ON Addresses.address_id = Students_Addresses.address_id INNER JOIN Student_Events ON Student_Events.student_id = Students_Addresses.student_id INNER JOIN Students ON Students.student_id = Student_Events.student_id GROUP BY Addresses.address_details ORDER BY COUNT(Addresses.address_details) DESC LIMIT 1"
